#    time(ps)      <J(t,x=L)>        rms        <phi(t,x=L)>       rms  
   0.000000E+00   0.647991E-04   0.797708E-07   0.851126E-02   0.747597E-07
   0.100000E+00   0.645965E-04   0.207501E-06   0.844866E-02   0.270511E-06
   0.200000E+00   0.642930E-04   0.344286E-06   0.838671E-02   0.599763E-06
   0.300000E+00   0.639056E-04   0.475782E-06   0.832533E-02   0.106037E-05
   0.400000E+00   0.634520E-04   0.603668E-06   0.826446E-02   0.163803E-05
   0.500000E+00   0.629491E-04   0.733866E-06   0.820404E-02   0.232292E-05
   0.600000E+00   0.624132E-04   0.870004E-06   0.814403E-02   0.311437E-05
   0.700000E+00   0.618578E-04   0.101239E-05   0.808440E-02   0.400913E-05
   0.800000E+00   0.612933E-04   0.115925E-05   0.802512E-02   0.500688E-05
   0.900000E+00   0.607277E-04   0.130674E-05   0.796618E-02   0.611406E-05
   0.100000E+01   0.601646E-04   0.145188E-05   0.790757E-02   0.732136E-05
   0.110000E+01   0.596070E-04   0.159193E-05   0.784929E-02   0.862678E-05
   0.120000E+01   0.590573E-04   0.172524E-05   0.779133E-02   0.100292E-04
   0.130000E+01   0.585185E-04   0.185106E-05   0.773369E-02   0.115179E-04
   0.140000E+01   0.579995E-04   0.196844E-05   0.767637E-02   0.130957E-04
   0.150000E+01   0.575245E-04   0.207635E-05   0.761941E-02   0.147491E-04
   0.160000E+01   0.571603E-04   0.217376E-05   0.756286E-02   0.164752E-04
   0.170000E+01   0.570896E-04   0.226421E-05   0.750688E-02   0.182641E-04
   0.180000E+01   0.577929E-04   0.238715E-05   0.745189E-02   0.201068E-04
   0.190000E+01   0.604747E-04   0.282530E-05   0.739897E-02   0.219934E-04
   0.200000E+01   0.680114E-04   0.474926E-05   0.735070E-02   0.240272E-04
   0.210000E+01   0.869351E-04   0.106718E-04   0.731311E-02   0.269321E-04
   0.220000E+01   0.131418E-03   0.252713E-04   0.729961E-02   0.343751E-04
   0.230000E+01   0.230855E-03   0.582659E-04   0.733893E-02   0.578125E-04
   0.240000E+01   0.443657E-03   0.129228E-03   0.748997E-02   0.118943E-03
   0.250000E+01   0.881166E-03   0.275651E-03   0.786906E-02   0.255549E-03
   0.260000E+01   0.174732E-02   0.566265E-03   0.869730E-02   0.539101E-03
   0.270000E+01   0.340148E-02   0.112224E-02   0.103800E-01   0.110208E-02
   0.280000E+01   0.645251E-02   0.214820E-02   0.136341E-01   0.217950E-02
   0.290000E+01   0.118952E-01   0.397705E-02   0.196843E-01   0.417269E-02
   0.300000E+01   0.212967E-01   0.713102E-02   0.305548E-01   0.774367E-02
   0.310000E+01   0.370383E-01   0.123971E-01   0.494831E-01   0.139463E-01
   0.320000E+01   0.626142E-01   0.209199E-01   0.814849E-01   0.244035E-01
   0.330000E+01   0.102978E+00   0.343078E-01   0.134096E+00   0.415366E-01
   0.340000E+01   0.164917E+00   0.547378E-01   0.218302E+00   0.688463E-01
   0.350000E+01   0.257418E+00   0.850530E-01   0.349658E+00   0.111239E+00
   0.360000E+01   0.391993E+00   0.128837E+00   0.549569E+00   0.175393E+00
   0.370000E+01   0.582890E+00   0.190438E+00   0.846681E+00   0.270124E+00
   0.380000E+01   0.847154E+00   0.274946E+00   0.127831E+01   0.406756E+00
   0.390000E+01   0.120447E+01   0.388074E+00   0.189178E+01   0.599404E+00
   0.400000E+01   0.167678E+01   0.535971E+00   0.274559E+01   0.865189E+00
   0.410000E+01   0.228758E+01   0.724950E+00   0.391021E+01   0.122430E+01
   0.420000E+01   0.306110E+01   0.961161E+00   0.546846E+01   0.169987E+01
   0.430000E+01   0.402112E+01   0.125021E+01   0.751534E+01   0.231776E+01
   0.440000E+01   0.518981E+01   0.159678E+01   0.101572E+02   0.310599E+01
   0.450000E+01   0.658651E+01   0.200425E+01   0.135103E+02   0.409414E+01
   0.460000E+01   0.822650E+01   0.247444E+01   0.176988E+02   0.531258E+01
   0.470000E+01   0.101201E+02   0.300732E+01   0.228523E+02   0.679150E+01
   0.480000E+01   0.122721E+02   0.360101E+01   0.291031E+02   0.855999E+01
   0.490000E+01   0.146811E+02   0.425181E+01   0.365826E+02   0.106453E+02
   0.500000E+01   0.173399E+02   0.495432E+01   0.454191E+02   0.130716E+02
   0.510000E+01   0.202358E+02   0.570169E+01   0.557342E+02   0.158598E+02
   0.520000E+01   0.233511E+02   0.648602E+01   0.676407E+02   0.190267E+02
   0.530000E+01   0.266643E+02   0.729874E+01   0.812403E+02   0.225849E+02
   0.540000E+01   0.301511E+02   0.813095E+01   0.966225E+02   0.265421E+02
   0.550000E+01   0.337855E+02   0.897392E+01   0.113863E+03   0.309025E+02
   0.560000E+01   0.375409E+02   0.981933E+01   0.133024E+03   0.356650E+02
   0.570000E+01   0.413915E+02   0.106596E+02   0.154153E+03   0.408257E+02
   0.580000E+01   0.453126E+02   0.114879E+02   0.177287E+03   0.463772E+02
   0.590000E+01   0.492819E+02   0.122985E+02   0.202448E+03   0.523089E+02
   0.600000E+01   0.532793E+02   0.130865E+02   0.229650E+03   0.586075E+02
   0.610000E+01   0.572878E+02   0.138482E+02   0.258894E+03   0.652588E+02
   0.620000E+01   0.612933E+02   0.145807E+02   0.290178E+03   0.722467E+02
   0.630000E+01   0.652844E+02   0.152821E+02   0.323488E+03   0.795533E+02
   0.640000E+01   0.692526E+02   0.159509E+02   0.358810E+03   0.871610E+02
   0.650000E+01   0.731916E+02   0.165866E+02   0.396122E+03   0.950509E+02
   0.660000E+01   0.770976E+02   0.171889E+02   0.435403E+03   0.103204E+03
   0.670000E+01   0.809685E+02   0.177579E+02   0.476627E+03   0.111603E+03
   0.680000E+01   0.848036E+02   0.182943E+02   0.519770E+03   0.120227E+03
   0.690000E+01   0.886039E+02   0.187992E+02   0.564808E+03   0.129058E+03
   0.700000E+01   0.923706E+02   0.192736E+02   0.611714E+03   0.138079E+03
   0.710000E+01   0.961062E+02   0.197191E+02   0.660465E+03   0.147271E+03
   0.720000E+01   0.998131E+02   0.201368E+02   0.711039E+03   0.156619E+03
   0.730000E+01   0.103494E+03   0.205286E+02   0.763412E+03   0.166102E+03
   0.740000E+01   0.107152E+03   0.208958E+02   0.817564E+03   0.175710E+03
   0.750000E+01   0.110788E+03   0.212401E+02   0.873475E+03   0.185426E+03
   0.760000E+01   0.114405E+03   0.215631E+02   0.931124E+03   0.195235E+03
   0.770000E+01   0.118004E+03   0.218664E+02   0.990493E+03   0.205125E+03
   0.780000E+01   0.121587E+03   0.221512E+02   0.105156E+04   0.215082E+03
   0.790000E+01   0.125154E+03   0.224192E+02   0.111431E+04   0.225097E+03
   0.800000E+01   0.128706E+03   0.226715E+02   0.117871E+04   0.235155E+03
   0.810000E+01   0.132242E+03   0.229092E+02   0.124475E+04   0.245251E+03
   0.820000E+01   0.135762E+03   0.231338E+02   0.131240E+04   0.255373E+03
   0.830000E+01   0.139266E+03   0.233459E+02   0.138165E+04   0.265512E+03
   0.840000E+01   0.142754E+03   0.235469E+02   0.145247E+04   0.275659E+03
   0.850000E+01   0.146226E+03   0.237369E+02   0.152483E+04   0.285810E+03
   0.860000E+01   0.149683E+03   0.239171E+02   0.159872E+04   0.295957E+03
   0.870000E+01   0.153124E+03   0.240884E+02   0.167411E+04   0.306091E+03
   0.880000E+01   0.156551E+03   0.242516E+02   0.175097E+04   0.316211E+03
   0.890000E+01   0.159964E+03   0.244066E+02   0.182930E+04   0.326308E+03
   0.900000E+01   0.163366E+03   0.245548E+02   0.190907E+04   0.336380E+03
   0.910000E+01   0.166758E+03   0.246967E+02   0.199026E+04   0.346420E+03
   0.920000E+01   0.170142E+03   0.248327E+02   0.207285E+04   0.356427E+03
   0.930000E+01   0.173519E+03   0.249639E+02   0.215684E+04   0.366398E+03
   0.940000E+01   0.176892E+03   0.250902E+02   0.224221E+04   0.376329E+03
   0.950000E+01   0.180262E+03   0.252130E+02   0.232894E+04   0.386217E+03
   0.960000E+01   0.183632E+03   0.253324E+02   0.241703E+04   0.396061E+03
   0.970000E+01   0.187002E+03   0.254488E+02   0.250648E+04   0.405863E+03
   0.980000E+01   0.190375E+03   0.255628E+02   0.259726E+04   0.415618E+03
   0.990000E+01   0.193752E+03   0.256750E+02   0.268938E+04   0.425328E+03
   0.100000E+02   0.197131E+03   0.257855E+02   0.278282E+04   0.434987E+03
   0.101000E+02   0.200515E+03   0.258944E+02   0.287760E+04   0.444600E+03
   0.102000E+02   0.203904E+03   0.260023E+02   0.297369E+04   0.454167E+03
   0.103000E+02   0.207295E+03   0.261093E+02   0.307108E+04   0.463686E+03
   0.104000E+02   0.210690E+03   0.262156E+02   0.316979E+04   0.473158E+03
   0.105000E+02   0.214086E+03   0.263210E+02   0.326977E+04   0.482584E+03
   0.106000E+02   0.217482E+03   0.264257E+02   0.337104E+04   0.491963E+03
   0.107000E+02   0.220877E+03   0.265298E+02   0.347358E+04   0.501299E+03
   0.108000E+02   0.224269E+03   0.266327E+02   0.357737E+04   0.510589E+03
   0.109000E+02   0.227656E+03   0.267350E+02   0.368239E+04   0.519830E+03
   0.110000E+02   0.231037E+03   0.268363E+02   0.378864E+04   0.529028E+03
   0.111000E+02   0.234410E+03   0.269366E+02   0.389608E+04   0.538178E+03
   0.112000E+02   0.237772E+03   0.270356E+02   0.400470E+04   0.547282E+03
   0.113000E+02   0.241123E+03   0.271330E+02   0.411448E+04   0.556342E+03
   0.114000E+02   0.244460E+03   0.272293E+02   0.422538E+04   0.565356E+03
   0.115000E+02   0.247783E+03   0.273238E+02   0.433739E+04   0.574320E+03
   0.116000E+02   0.251091E+03   0.274165E+02   0.445048E+04   0.583239E+03
   0.117000E+02   0.254382E+03   0.275075E+02   0.456462E+04   0.592108E+03
   0.118000E+02   0.257657E+03   0.275968E+02   0.467978E+04   0.600929E+03
   0.119000E+02   0.260915E+03   0.276842E+02   0.479595E+04   0.609699E+03
   0.120000E+02   0.264156E+03   0.277695E+02   0.491308E+04   0.618420E+03
   0.121000E+02   0.267380E+03   0.278531E+02   0.503116E+04   0.627088E+03
   0.122000E+02   0.270586E+03   0.279350E+02   0.515016E+04   0.635705E+03
   0.123000E+02   0.273776E+03   0.280150E+02   0.527005E+04   0.644269E+03
   0.124000E+02   0.276950E+03   0.280931E+02   0.539081E+04   0.652778E+03
   0.125000E+02   0.280108E+03   0.281697E+02   0.551241E+04   0.661233E+03
   0.126000E+02   0.283251E+03   0.282445E+02   0.563484E+04   0.669633E+03
   0.127000E+02   0.286380E+03   0.283180E+02   0.575806E+04   0.677980E+03
   0.128000E+02   0.289496E+03   0.283902E+02   0.588207E+04   0.686270E+03
   0.129000E+02   0.292597E+03   0.284610E+02   0.600683E+04   0.694503E+03
   0.130000E+02   0.295688E+03   0.285304E+02   0.613232E+04   0.702679E+03
   0.131000E+02   0.298765E+03   0.285986E+02   0.625854E+04   0.710798E+03
   0.132000E+02   0.301832E+03   0.286658E+02   0.638546E+04   0.718861E+03
   0.133000E+02   0.304889E+03   0.287321E+02   0.651307E+04   0.726867E+03
   0.134000E+02   0.307935E+03   0.287974E+02   0.664134E+04   0.734816E+03
   0.135000E+02   0.310971E+03   0.288620E+02   0.677026E+04   0.742710E+03
   0.136000E+02   0.313999E+03   0.289257E+02   0.689982E+04   0.750545E+03
   0.137000E+02   0.317017E+03   0.289887E+02   0.703001E+04   0.758325E+03
   0.138000E+02   0.320027E+03   0.290512E+02   0.716080E+04   0.766047E+03
   0.139000E+02   0.323029E+03   0.291126E+02   0.729219E+04   0.773714E+03
   0.140000E+02   0.326023E+03   0.291737E+02   0.742415E+04   0.781325E+03
   0.141000E+02   0.329009E+03   0.292343E+02   0.755669E+04   0.788879E+03
   0.142000E+02   0.331987E+03   0.292943E+02   0.768978E+04   0.796379E+03
   0.143000E+02   0.334958E+03   0.293536E+02   0.782341E+04   0.803823E+03
   0.144000E+02   0.337922E+03   0.294125E+02   0.795757E+04   0.811213E+03
   0.145000E+02   0.340878E+03   0.294708E+02   0.809226E+04   0.818551E+03
   0.146000E+02   0.343828E+03   0.295290E+02   0.822744E+04   0.825834E+03
   0.147000E+02   0.346771E+03   0.295863E+02   0.836313E+04   0.833052E+03
   0.148000E+02   0.349707E+03   0.296435E+02   0.849930E+04   0.840246E+03
   0.149000E+02   0.352636E+03   0.296998E+02   0.863594E+04   0.847360E+03
   0.150000E+02   0.355558E+03   0.297562E+02   0.877305E+04   0.854438E+03
   0.151000E+02   0.358474E+03   0.298119E+02   0.891060E+04   0.861443E+03
   0.152000E+02   0.361383E+03   0.298672E+02   0.904860E+04   0.868418E+03
   0.153000E+02   0.364286E+03   0.299222E+02   0.918702E+04   0.875324E+03
   0.154000E+02   0.367183E+03   0.299766E+02   0.932587E+04   0.882182E+03
   0.155000E+02   0.370073E+03   0.300308E+02   0.946513E+04   0.888996E+03
   0.156000E+02   0.372956E+03   0.300844E+02   0.960480E+04   0.895769E+03
   0.157000E+02   0.375834E+03   0.301379E+02   0.974485E+04   0.902477E+03
   0.158000E+02   0.378705E+03   0.301907E+02   0.988529E+04   0.909136E+03
   0.159000E+02   0.381570E+03   0.302434E+02   0.100261E+05   0.915749E+03
   0.160000E+02   0.384429E+03   0.302958E+02   0.101673E+05   0.922314E+03
   0.161000E+02   0.387282E+03   0.303475E+02   0.103088E+05   0.928822E+03
   0.162000E+02   0.390128E+03   0.303992E+02   0.104507E+05   0.935307E+03
   0.163000E+02   0.392969E+03   0.304504E+02   0.105929E+05   0.941719E+03
   0.164000E+02   0.395803E+03   0.305015E+02   0.107354E+05   0.948083E+03
   0.165000E+02   0.398632E+03   0.305521E+02   0.108783E+05   0.954435E+03
   0.166000E+02   0.401455E+03   0.306025E+02   0.110214E+05   0.960706E+03
   0.167000E+02   0.404271E+03   0.306525E+02   0.111649E+05   0.966930E+03
   0.168000E+02   0.407082E+03   0.307022E+02   0.113087E+05   0.973130E+03
   0.169000E+02   0.409887E+03   0.307518E+02   0.114527E+05   0.979275E+03
   0.170000E+02   0.412686E+03   0.308008E+02   0.115970E+05   0.985371E+03
   0.171000E+02   0.415479E+03   0.308498E+02   0.117416E+05   0.991424E+03
   0.172000E+02   0.418266E+03   0.308982E+02   0.118865E+05   0.997437E+03
   0.173000E+02   0.421048E+03   0.309466E+02   0.120316E+05   0.100338E+04
   0.174000E+02   0.423824E+03   0.309947E+02   0.121770E+05   0.100931E+04
   0.175000E+02   0.426594E+03   0.310423E+02   0.123226E+05   0.101522E+04
   0.176000E+02   0.429358E+03   0.310898E+02   0.124685E+05   0.102104E+04
   0.177000E+02   0.432117E+03   0.311370E+02   0.126145E+05   0.102684E+04
   0.178000E+02   0.434870E+03   0.311842E+02   0.127608E+05   0.103260E+04
   0.179000E+02   0.437617E+03   0.312309E+02   0.129073E+05   0.103833E+04
   0.180000E+02   0.440358E+03   0.312774E+02   0.130540E+05   0.104400E+04
   0.181000E+02   0.443094E+03   0.313237E+02   0.132010E+05   0.104965E+04
   0.182000E+02   0.445824E+03   0.313696E+02   0.133480E+05   0.105522E+04
   0.183000E+02   0.448549E+03   0.314153E+02   0.134953E+05   0.106079E+04
   0.184000E+02   0.451268E+03   0.314608E+02   0.136428E+05   0.106632E+04
   0.185000E+02   0.453981E+03   0.315061E+02   0.137905E+05   0.107180E+04
   0.186000E+02   0.456688E+03   0.315510E+02   0.139383E+05   0.107724E+04
   0.187000E+02   0.459390E+03   0.315959E+02   0.140862E+05   0.108266E+04
   0.188000E+02   0.462087E+03   0.316407E+02   0.142344E+05   0.108803E+04
   0.189000E+02   0.464778E+03   0.316849E+02   0.143826E+05   0.109335E+04
   0.190000E+02   0.467463E+03   0.317290E+02   0.145311E+05   0.109864E+04
   0.191000E+02   0.470142E+03   0.317731E+02   0.146796E+05   0.110393E+04
   0.192000E+02   0.472817E+03   0.318167E+02   0.148283E+05   0.110913E+04
   0.193000E+02   0.475485E+03   0.318603E+02   0.149771E+05   0.111434E+04
   0.194000E+02   0.478148E+03   0.319036E+02   0.151261E+05   0.111951E+04
   0.195000E+02   0.480805E+03   0.319466E+02   0.152751E+05   0.112462E+04
   0.196000E+02   0.483457E+03   0.319895E+02   0.154243E+05   0.112972E+04
   0.197000E+02   0.486103E+03   0.320321E+02   0.155735E+05   0.113476E+04
   0.198000E+02   0.488744E+03   0.320744E+02   0.157229E+05   0.113979E+04
   0.199000E+02   0.491379E+03   0.321168E+02   0.158723E+05   0.114479E+04
   0.200000E+02   0.494009E+03   0.321590E+02   0.160219E+05   0.114974E+04
   0.201000E+02   0.496633E+03   0.322006E+02   0.161715E+05   0.115469E+04
   0.202000E+02   0.499252E+03   0.322422E+02   0.163212E+05   0.115960E+04
   0.203000E+02   0.501865E+03   0.322836E+02   0.164710E+05   0.116444E+04
   0.204000E+02   0.504473E+03   0.323246E+02   0.166208E+05   0.116928E+04
   0.205000E+02   0.507075E+03   0.323657E+02   0.167707E+05   0.117409E+04
   0.206000E+02   0.509671E+03   0.324065E+02   0.169207E+05   0.117886E+04
   0.207000E+02   0.512262E+03   0.324471E+02   0.170707E+05   0.118361E+04
   0.208000E+02   0.514847E+03   0.324875E+02   0.172207E+05   0.118833E+04
   0.209000E+02   0.517427E+03   0.325274E+02   0.173708E+05   0.119303E+04
   0.210000E+02   0.520001E+03   0.325675E+02   0.175210E+05   0.119769E+04
   0.211000E+02   0.522570E+03   0.326072E+02   0.176711E+05   0.120233E+04
   0.212000E+02   0.525134E+03   0.326468E+02   0.178213E+05   0.120691E+04
   0.213000E+02   0.527691E+03   0.326863E+02   0.179716E+05   0.121149E+04
   0.214000E+02   0.530244E+03   0.327254E+02   0.181218E+05   0.121606E+04
   0.215000E+02   0.532790E+03   0.327643E+02   0.182721E+05   0.122058E+04
   0.216000E+02   0.535332E+03   0.328031E+02   0.184224E+05   0.122507E+04
   0.217000E+02   0.537867E+03   0.328418E+02   0.185726E+05   0.122954E+04
   0.218000E+02   0.540397E+03   0.328803E+02   0.187229E+05   0.123400E+04
   0.219000E+02   0.542922E+03   0.329186E+02   0.188732E+05   0.123844E+04
   0.220000E+02   0.545441E+03   0.329567E+02   0.190235E+05   0.124281E+04
   0.221000E+02   0.547954E+03   0.329943E+02   0.191738E+05   0.124717E+04
   0.222000E+02   0.550463E+03   0.330319E+02   0.193241E+05   0.125152E+04
   0.223000E+02   0.552965E+03   0.330695E+02   0.194743E+05   0.125584E+04
   0.224000E+02   0.555462E+03   0.331067E+02   0.196245E+05   0.126014E+04
   0.225000E+02   0.557953E+03   0.331437E+02   0.197747E+05   0.126441E+04
   0.226000E+02   0.560439E+03   0.331807E+02   0.199249E+05   0.126867E+04
   0.227000E+02   0.562920E+03   0.332172E+02   0.200750E+05   0.127289E+04
   0.228000E+02   0.565394E+03   0.332536E+02   0.202251E+05   0.127709E+04
   0.229000E+02   0.567864E+03   0.332899E+02   0.203752E+05   0.128128E+04
   0.230000E+02   0.570327E+03   0.333260E+02   0.205252E+05   0.128542E+04
   0.231000E+02   0.572786E+03   0.333618E+02   0.206752E+05   0.128957E+04
   0.232000E+02   0.575238E+03   0.333973E+02   0.208251E+05   0.129367E+04
   0.233000E+02   0.577685E+03   0.334330E+02   0.209750E+05   0.129776E+04
   0.234000E+02   0.580127E+03   0.334682E+02   0.211248E+05   0.130183E+04
   0.235000E+02   0.582563E+03   0.335033E+02   0.212746E+05   0.130589E+04
   0.236000E+02   0.584993E+03   0.335381E+02   0.214242E+05   0.130990E+04
   0.237000E+02   0.587418E+03   0.335729E+02   0.215739E+05   0.131393E+04
   0.238000E+02   0.589838E+03   0.336072E+02   0.217234E+05   0.131792E+04
   0.239000E+02   0.592251E+03   0.336415E+02   0.218729E+05   0.132186E+04
   0.240000E+02   0.594660E+03   0.336757E+02   0.220223E+05   0.132580E+04
   0.241000E+02   0.597062E+03   0.337095E+02   0.221716E+05   0.132973E+04
   0.242000E+02   0.599459E+03   0.337431E+02   0.223209E+05   0.133363E+04
   0.243000E+02   0.601851E+03   0.337766E+02   0.224700E+05   0.133752E+04
   0.244000E+02   0.604237E+03   0.338097E+02   0.226191E+05   0.134137E+04
   0.245000E+02   0.606618E+03   0.338428E+02   0.227680E+05   0.134523E+04
   0.246000E+02   0.608992E+03   0.338757E+02   0.229169E+05   0.134905E+04
   0.247000E+02   0.611362E+03   0.339085E+02   0.230657E+05   0.135286E+04
   0.248000E+02   0.613726E+03   0.339408E+02   0.232144E+05   0.135663E+04
   0.249000E+02   0.616084E+03   0.339732E+02   0.233630E+05   0.136040E+04
   0.250000E+02   0.618437E+03   0.340054E+02   0.235114E+05   0.136414E+04
   0.251000E+02   0.620784E+03   0.340374E+02   0.236598E+05   0.136787E+04
   0.252000E+02   0.623125E+03   0.340688E+02   0.238080E+05   0.137158E+04
   0.253000E+02   0.625461E+03   0.341005E+02   0.239561E+05   0.137528E+04
   0.254000E+02   0.627792E+03   0.341319E+02   0.241042E+05   0.137896E+04
   0.255000E+02   0.630116E+03   0.341630E+02   0.242520E+05   0.138260E+04
   0.256000E+02   0.632436E+03   0.341939E+02   0.243998E+05   0.138623E+04
   0.257000E+02   0.634749E+03   0.342247E+02   0.245475E+05   0.138986E+04
   0.258000E+02   0.637058E+03   0.342555E+02   0.246950E+05   0.139346E+04
   0.259000E+02   0.639360E+03   0.342859E+02   0.248424E+05   0.139704E+04
   0.260000E+02   0.641657E+03   0.343161E+02   0.249896E+05   0.140060E+04
   0.261000E+02   0.643949E+03   0.343461E+02   0.251367E+05   0.140415E+04
   0.262000E+02   0.646235E+03   0.343761E+02   0.252837E+05   0.140769E+04
   0.263000E+02   0.648515E+03   0.344058E+02   0.254305E+05   0.141118E+04
   0.264000E+02   0.650790E+03   0.344354E+02   0.255772E+05   0.141470E+04
   0.265000E+02   0.653059E+03   0.344647E+02   0.257238E+05   0.141816E+04
   0.266000E+02   0.655322E+03   0.344939E+02   0.258702E+05   0.142163E+04
   0.267000E+02   0.657581E+03   0.345228E+02   0.260164E+05   0.142506E+04
   0.268000E+02   0.659833E+03   0.345519E+02   0.261625E+05   0.142849E+04
   0.269000E+02   0.662080E+03   0.345805E+02   0.263084E+05   0.143191E+04
   0.270000E+02   0.664321E+03   0.346092E+02   0.264542E+05   0.143530E+04
   0.271000E+02   0.666557E+03   0.346376E+02   0.265999E+05   0.143871E+04
   0.272000E+02   0.668788E+03   0.346656E+02   0.267453E+05   0.144205E+04
   0.273000E+02   0.671012E+03   0.346938E+02   0.268906E+05   0.144539E+04
   0.274000E+02   0.673231E+03   0.347214E+02   0.270358E+05   0.144874E+04
   0.275000E+02   0.675445E+03   0.347493E+02   0.271807E+05   0.145204E+04
   0.276000E+02   0.677653E+03   0.347768E+02   0.273255E+05   0.145534E+04
   0.277000E+02   0.679856E+03   0.348042E+02   0.274702E+05   0.145864E+04
   0.278000E+02   0.682053E+03   0.348311E+02   0.276146E+05   0.146189E+04
   0.279000E+02   0.684244E+03   0.348584E+02   0.277589E+05   0.146516E+04
   0.280000E+02   0.686430E+03   0.348850E+02   0.279030E+05   0.146838E+04
   0.281000E+02   0.688610E+03   0.349120E+02   0.280469E+05   0.147163E+04
   0.282000E+02   0.690785E+03   0.349387E+02   0.281907E+05   0.147482E+04
   0.283000E+02   0.692955E+03   0.349648E+02   0.283342E+05   0.147802E+04
   0.284000E+02   0.695118E+03   0.349913E+02   0.284776E+05   0.148121E+04
   0.285000E+02   0.697277E+03   0.350172E+02   0.286208E+05   0.148437E+04
   0.286000E+02   0.699429E+03   0.350431E+02   0.287638E+05   0.148750E+04
   0.287000E+02   0.701577E+03   0.350690E+02   0.289066E+05   0.149064E+04
   0.288000E+02   0.703718E+03   0.350945E+02   0.290492E+05   0.149375E+04
   0.289000E+02   0.705854E+03   0.351202E+02   0.291916E+05   0.149687E+04
   0.290000E+02   0.707985E+03   0.351455E+02   0.293339E+05   0.149996E+04
   0.291000E+02   0.710110E+03   0.351708E+02   0.294759E+05   0.150306E+04
   0.292000E+02   0.712229E+03   0.351958E+02   0.296178E+05   0.150610E+04
   0.293000E+02   0.714343E+03   0.352206E+02   0.297594E+05   0.150916E+04
   0.294000E+02   0.716452E+03   0.352451E+02   0.299008E+05   0.151220E+04
   0.295000E+02   0.718555E+03   0.352695E+02   0.300420E+05   0.151520E+04
   0.296000E+02   0.720652E+03   0.352940E+02   0.301831E+05   0.151823E+04
   0.297000E+02   0.722745E+03   0.353183E+02   0.303239E+05   0.152122E+04
   0.298000E+02   0.724831E+03   0.353425E+02   0.304645E+05   0.152421E+04
   0.299000E+02   0.726912E+03   0.353664E+02   0.306049E+05   0.152716E+04
   0.300000E+02   0.728987E+03   0.353901E+02   0.307451E+05   0.153011E+04
   0.301000E+02   0.731057E+03   0.354137E+02   0.308851E+05   0.153304E+04
   0.302000E+02   0.733122E+03   0.354373E+02   0.310248E+05   0.153599E+04
   0.303000E+02   0.735181E+03   0.354606E+02   0.311644E+05   0.153892E+04
   0.304000E+02   0.737234E+03   0.354840E+02   0.313037E+05   0.154181E+04
   0.305000E+02   0.739282E+03   0.355068E+02   0.314428E+05   0.154470E+04
   0.306000E+02   0.741325E+03   0.355299E+02   0.315817E+05   0.154756E+04
   0.307000E+02   0.743362E+03   0.355525E+02   0.317204E+05   0.155044E+04
   0.308000E+02   0.745393E+03   0.355751E+02   0.318589E+05   0.155328E+04
   0.309000E+02   0.747420E+03   0.355975E+02   0.319971E+05   0.155611E+04
   0.310000E+02   0.749440E+03   0.356198E+02   0.321351E+05   0.155893E+04
   0.311000E+02   0.751455E+03   0.356421E+02   0.322729E+05   0.156175E+04
   0.312000E+02   0.753465E+03   0.356639E+02   0.324104E+05   0.156454E+04
   0.313000E+02   0.755470E+03   0.356857E+02   0.325477E+05   0.156734E+04
   0.314000E+02   0.757469E+03   0.357075E+02   0.326848E+05   0.157011E+04
   0.315000E+02   0.759462E+03   0.357292E+02   0.328217E+05   0.157288E+04
   0.316000E+02   0.761450E+03   0.357504E+02   0.329583E+05   0.157562E+04
   0.317000E+02   0.763432E+03   0.357719E+02   0.330947E+05   0.157837E+04
   0.318000E+02   0.765409E+03   0.357929E+02   0.332308E+05   0.158108E+04
   0.319000E+02   0.767381E+03   0.358138E+02   0.333668E+05   0.158380E+04
   0.320000E+02   0.769348E+03   0.358348E+02   0.335024E+05   0.158652E+04
   0.321000E+02   0.771309E+03   0.358554E+02   0.336379E+05   0.158919E+04
   0.322000E+02   0.773264E+03   0.358760E+02   0.337731E+05   0.159188E+04
   0.323000E+02   0.775214E+03   0.358963E+02   0.339081E+05   0.159453E+04
   0.324000E+02   0.777159E+03   0.359166E+02   0.340428E+05   0.159718E+04
   0.325000E+02   0.779098E+03   0.359368E+02   0.341772E+05   0.159983E+04
   0.326000E+02   0.781033E+03   0.359567E+02   0.343115E+05   0.160245E+04
   0.327000E+02   0.782961E+03   0.359766E+02   0.344455E+05   0.160505E+04
   0.328000E+02   0.784885E+03   0.359962E+02   0.345792E+05   0.160766E+04
   0.329000E+02   0.786802E+03   0.360157E+02   0.347127E+05   0.161025E+04
   0.330000E+02   0.788715E+03   0.360351E+02   0.348460E+05   0.161284E+04
   0.331000E+02   0.790623E+03   0.360544E+02   0.349790E+05   0.161540E+04
   0.332000E+02   0.792524E+03   0.360735E+02   0.351117E+05   0.161797E+04
   0.333000E+02   0.794421E+03   0.360927E+02   0.352442E+05   0.162049E+04
   0.334000E+02   0.796312E+03   0.361115E+02   0.353765E+05   0.162301E+04
   0.335000E+02   0.798198E+03   0.361302E+02   0.355085E+05   0.162555E+04
   0.336000E+02   0.800079E+03   0.361489E+02   0.356402E+05   0.162805E+04
   0.337000E+02   0.801954E+03   0.361673E+02   0.357717E+05   0.163055E+04
   0.338000E+02   0.803825E+03   0.361856E+02   0.359029E+05   0.163304E+04
   0.339000E+02   0.805690E+03   0.362039E+02   0.360339E+05   0.163551E+04
   0.340000E+02   0.807549E+03   0.362219E+02   0.361647E+05   0.163800E+04
   0.341000E+02   0.809404E+03   0.362399E+02   0.362951E+05   0.164042E+04
   0.342000E+02   0.811253E+03   0.362577E+02   0.364253E+05   0.164288E+04
   0.343000E+02   0.813097E+03   0.362753E+02   0.365553E+05   0.164528E+04
   0.344000E+02   0.814935E+03   0.362929E+02   0.366850E+05   0.164771E+04
   0.345000E+02   0.816769E+03   0.363103E+02   0.368144E+05   0.165012E+04
   0.346000E+02   0.818597E+03   0.363276E+02   0.369436E+05   0.165250E+04
   0.347000E+02   0.820420E+03   0.363447E+02   0.370725E+05   0.165489E+04
   0.348000E+02   0.822238E+03   0.363618E+02   0.372012E+05   0.165728E+04
   0.349000E+02   0.824051E+03   0.363787E+02   0.373296E+05   0.165961E+04
   0.350000E+02   0.825858E+03   0.363957E+02   0.374577E+05   0.166197E+04
   0.351000E+02   0.827660E+03   0.364123E+02   0.375856E+05   0.166431E+04
   0.352000E+02   0.829457E+03   0.364287E+02   0.377132E+05   0.166664E+04
   0.353000E+02   0.831249E+03   0.364453E+02   0.378405E+05   0.166895E+04
   0.354000E+02   0.833036E+03   0.364615E+02   0.379676E+05   0.167126E+04
   0.355000E+02   0.834818E+03   0.364777E+02   0.380944E+05   0.167353E+04
   0.356000E+02   0.836594E+03   0.364940E+02   0.382210E+05   0.167581E+04
   0.357000E+02   0.838366E+03   0.365099E+02   0.383472E+05   0.167810E+04
   0.358000E+02   0.840132E+03   0.365256E+02   0.384732E+05   0.168035E+04
   0.359000E+02   0.841893E+03   0.365415E+02   0.385990E+05   0.168260E+04
   0.360000E+02   0.843649E+03   0.365572E+02   0.387244E+05   0.168483E+04
   0.361000E+02   0.845400E+03   0.365725E+02   0.388496E+05   0.168706E+04
   0.362000E+02   0.847146E+03   0.365879E+02   0.389746E+05   0.168929E+04
   0.363000E+02   0.848887E+03   0.366031E+02   0.390993E+05   0.169150E+04
   0.364000E+02   0.850623E+03   0.366183E+02   0.392237E+05   0.169369E+04
   0.365000E+02   0.852353E+03   0.366334E+02   0.393478E+05   0.169588E+04
   0.366000E+02   0.854079E+03   0.366482E+02   0.394717E+05   0.169806E+04
   0.367000E+02   0.855799E+03   0.366631E+02   0.395952E+05   0.170022E+04
   0.368000E+02   0.857515E+03   0.366777E+02   0.397185E+05   0.170236E+04
   0.369000E+02   0.859226E+03   0.366923E+02   0.398416E+05   0.170450E+04
   0.370000E+02   0.860931E+03   0.367066E+02   0.399643E+05   0.170665E+04
   0.371000E+02   0.862631E+03   0.367211E+02   0.400868E+05   0.170875E+04
   0.372000E+02   0.864327E+03   0.367353E+02   0.402091E+05   0.171087E+04
   0.373000E+02   0.866018E+03   0.367494E+02   0.403311E+05   0.171296E+04
   0.374000E+02   0.867703E+03   0.367633E+02   0.404527E+05   0.171505E+04
   0.375000E+02   0.869383E+03   0.367774E+02   0.405741E+05   0.171714E+04
   0.376000E+02   0.871059E+03   0.367910E+02   0.406952E+05   0.171921E+04
   0.377000E+02   0.872730E+03   0.368047E+02   0.408161E+05   0.172126E+04
   0.378000E+02   0.874395E+03   0.368182E+02   0.409367E+05   0.172330E+04
   0.379000E+02   0.876056E+03   0.368318E+02   0.410570E+05   0.172533E+04
   0.380000E+02   0.877712E+03   0.368451E+02   0.411770E+05   0.172736E+04
   0.381000E+02   0.879363E+03   0.368583E+02   0.412968E+05   0.172939E+04
   0.382000E+02   0.881009E+03   0.368715E+02   0.414163E+05   0.173140E+04
   0.383000E+02   0.882650E+03   0.368844E+02   0.415355E+05   0.173339E+04
   0.384000E+02   0.884286E+03   0.368973E+02   0.416544E+05   0.173537E+04
   0.385000E+02   0.885918E+03   0.369102E+02   0.417731E+05   0.173733E+04
   0.386000E+02   0.887544E+03   0.369229E+02   0.418915E+05   0.173929E+04
   0.387000E+02   0.889166E+03   0.369354E+02   0.420096E+05   0.174129E+04
   0.388000E+02   0.890783E+03   0.369480E+02   0.421274E+05   0.174323E+04
   0.389000E+02   0.892394E+03   0.369605E+02   0.422450E+05   0.174515E+04
   0.390000E+02   0.894002E+03   0.369728E+02   0.423622E+05   0.174708E+04
   0.391000E+02   0.895604E+03   0.369846E+02   0.424792E+05   0.174897E+04
   0.392000E+02   0.897202E+03   0.369967E+02   0.425960E+05   0.175089E+04
   0.393000E+02   0.898794E+03   0.370088E+02   0.427124E+05   0.175280E+04
   0.394000E+02   0.900382E+03   0.370209E+02   0.428285E+05   0.175467E+04
   0.395000E+02   0.901965E+03   0.370324E+02   0.429444E+05   0.175655E+04
   0.396000E+02   0.903543E+03   0.370444E+02   0.430601E+05   0.175840E+04
   0.397000E+02   0.905117E+03   0.370559E+02   0.431754E+05   0.176027E+04
   0.398000E+02   0.906686E+03   0.370673E+02   0.432904E+05   0.176211E+04
   0.399000E+02   0.908250E+03   0.370788E+02   0.434052E+05   0.176393E+04
   0.400000E+02   0.909809E+03   0.370899E+02   0.435197E+05   0.176578E+04
   0.401000E+02   0.911364E+03   0.371012E+02   0.436340E+05   0.176758E+04
   0.402000E+02   0.912914E+03   0.371123E+02   0.437479E+05   0.176939E+04
   0.403000E+02   0.914459E+03   0.371234E+02   0.438616E+05   0.177120E+04
   0.404000E+02   0.915999E+03   0.371341E+02   0.439749E+05   0.177298E+04
   0.405000E+02   0.917535E+03   0.371450E+02   0.440881E+05   0.177475E+04
   0.406000E+02   0.919067E+03   0.371557E+02   0.442009E+05   0.177652E+04
   0.407000E+02   0.920593E+03   0.371664E+02   0.443135E+05   0.177828E+04
   0.408000E+02   0.922114E+03   0.371769E+02   0.444257E+05   0.178004E+04
   0.409000E+02   0.923632E+03   0.371873E+02   0.445378E+05   0.178177E+04
   0.410000E+02   0.925144E+03   0.371977E+02   0.446495E+05   0.178350E+04
   0.411000E+02   0.926652E+03   0.372079E+02   0.447609E+05   0.178521E+04
   0.412000E+02   0.928155E+03   0.372179E+02   0.448721E+05   0.178693E+04
   0.413000E+02   0.929654E+03   0.372281E+02   0.449830E+05   0.178864E+04
   0.414000E+02   0.931148E+03   0.372381E+02   0.450936E+05   0.179031E+04
   0.415000E+02   0.932638E+03   0.372479E+02   0.452039E+05   0.179201E+04
   0.416000E+02   0.934122E+03   0.372573E+02   0.453140E+05   0.179365E+04
   0.417000E+02   0.935603E+03   0.372671E+02   0.454237E+05   0.179532E+04
   0.418000E+02   0.937079E+03   0.372779E+02   0.455332E+05   0.179697E+04
   0.419000E+02   0.938550E+03   0.372873E+02   0.456425E+05   0.179861E+04
   0.420000E+02   0.940016E+03   0.372958E+02   0.457514E+05   0.180026E+04
   0.421000E+02   0.941478E+03   0.373051E+02   0.458601E+05   0.180189E+04
   0.422000E+02   0.942936E+03   0.373150E+02   0.459685E+05   0.180352E+04
   0.423000E+02   0.944389E+03   0.373238E+02   0.460766E+05   0.180512E+04
   0.424000E+02   0.945838E+03   0.373333E+02   0.461844E+05   0.180672E+04
   0.425000E+02   0.947282E+03   0.373419E+02   0.462920E+05   0.180828E+04
   0.426000E+02   0.948722E+03   0.373510E+02   0.463993E+05   0.180987E+04
   0.427000E+02   0.950157E+03   0.373590E+02   0.465063E+05   0.181145E+04
   0.428000E+02   0.951588E+03   0.373676E+02   0.466130E+05   0.181302E+04
   0.429000E+02   0.953014E+03   0.373773E+02   0.467195E+05   0.181455E+04
   0.430000E+02   0.954436E+03   0.373855E+02   0.468257E+05   0.181610E+04
   0.431000E+02   0.955854E+03   0.373951E+02   0.469315E+05   0.181764E+04
   0.432000E+02   0.957267E+03   0.374030E+02   0.470372E+05   0.181915E+04
   0.433000E+02   0.958675E+03   0.374112E+02   0.471425E+05   0.182068E+04
   0.434000E+02   0.960079E+03   0.374185E+02   0.472476E+05   0.182218E+04
   0.435000E+02   0.961480E+03   0.374273E+02   0.473524E+05   0.182369E+04
   0.436000E+02   0.962875E+03   0.374361E+02   0.474569E+05   0.182519E+04
   0.437000E+02   0.964267E+03   0.374444E+02   0.475612E+05   0.182665E+04
   0.438000E+02   0.965653E+03   0.374512E+02   0.476651E+05   0.182813E+04
   0.439000E+02   0.967035E+03   0.374594E+02   0.477688E+05   0.182957E+04
   0.440000E+02   0.968413E+03   0.374668E+02   0.478723E+05   0.183103E+04
   0.441000E+02   0.969787E+03   0.374746E+02   0.479754E+05   0.183248E+04
   0.442000E+02   0.971157E+03   0.374831E+02   0.480783E+05   0.183391E+04
   0.443000E+02   0.972522E+03   0.374900E+02   0.481809E+05   0.183535E+04
   0.444000E+02   0.973883E+03   0.374968E+02   0.482832E+05   0.183673E+04
   0.445000E+02   0.975240E+03   0.375048E+02   0.483853E+05   0.183817E+04
   0.446000E+02   0.976591E+03   0.375113E+02   0.484871E+05   0.183955E+04
   0.447000E+02   0.977939E+03   0.375187E+02   0.485886E+05   0.184097E+04
   0.448000E+02   0.979285E+03   0.375274E+02   0.486898E+05   0.184233E+04
   0.449000E+02   0.980624E+03   0.375345E+02   0.487908E+05   0.184371E+04
   0.450000E+02   0.981958E+03   0.375397E+02   0.488915E+05   0.184509E+04
   0.451000E+02   0.983289E+03   0.375460E+02   0.489919E+05   0.184643E+04
   0.452000E+02   0.984616E+03   0.375537E+02   0.490921E+05   0.184780E+04
   0.453000E+02   0.985940E+03   0.375613E+02   0.491919E+05   0.184910E+04
   0.454000E+02   0.987259E+03   0.375686E+02   0.492915E+05   0.185047E+04
   0.455000E+02   0.988573E+03   0.375750E+02   0.493909E+05   0.185180E+04
   0.456000E+02   0.989882E+03   0.375803E+02   0.494899E+05   0.185309E+04
   0.457000E+02   0.991189E+03   0.375878E+02   0.495888E+05   0.185440E+04
   0.458000E+02   0.992491E+03   0.375940E+02   0.496873E+05   0.185569E+04
   0.459000E+02   0.993788E+03   0.375999E+02   0.497856E+05   0.185698E+04
   0.460000E+02   0.995082E+03   0.376065E+02   0.498835E+05   0.185828E+04
   0.461000E+02   0.996373E+03   0.376135E+02   0.499812E+05   0.185954E+04
   0.462000E+02   0.997656E+03   0.376181E+02   0.500787E+05   0.186082E+04
   0.463000E+02   0.998939E+03   0.376258E+02   0.501759E+05   0.186208E+04
   0.464000E+02   0.100022E+04   0.376315E+02   0.502728E+05   0.186331E+04
   0.465000E+02   0.100149E+04   0.376367E+02   0.503694E+05   0.186453E+04
   0.466000E+02   0.100276E+04   0.376427E+02   0.504658E+05   0.186577E+04
   0.467000E+02   0.100402E+04   0.376493E+02   0.505619E+05   0.186700E+04
   0.468000E+02   0.100528E+04   0.376537E+02   0.506578E+05   0.186822E+04
   0.469000E+02   0.100654E+04   0.376595E+02   0.507534E+05   0.186943E+04
   0.470000E+02   0.100779E+04   0.376664E+02   0.508487E+05   0.187063E+04
   0.471000E+02   0.100904E+04   0.376714E+02   0.509437E+05   0.187180E+04
   0.472000E+02   0.101029E+04   0.376776E+02   0.510385E+05   0.187301E+04
   0.473000E+02   0.101153E+04   0.376831E+02   0.511330E+05   0.187416E+04
   0.474000E+02   0.101277E+04   0.376885E+02   0.512273E+05   0.187532E+04
   0.475000E+02   0.101400E+04   0.376939E+02   0.513213E+05   0.187651E+04
   0.476000E+02   0.101523E+04   0.376989E+02   0.514150E+05   0.187764E+04
   0.477000E+02   0.101645E+04   0.377047E+02   0.515085E+05   0.187878E+04
   0.478000E+02   0.101767E+04   0.377086E+02   0.516017E+05   0.187991E+04
   0.479000E+02   0.101889E+04   0.377143E+02   0.516946E+05   0.188104E+04
   0.480000E+02   0.102011E+04   0.377199E+02   0.517873E+05   0.188218E+04
   0.481000E+02   0.102131E+04   0.377249E+02   0.518797E+05   0.188329E+04
   0.482000E+02   0.102252E+04   0.377290E+02   0.519718E+05   0.188439E+04
   0.483000E+02   0.102372E+04   0.377341E+02   0.520637E+05   0.188548E+04
   0.484000E+02   0.102492E+04   0.377379E+02   0.521553E+05   0.188655E+04
   0.485000E+02   0.102611E+04   0.377438E+02   0.522467E+05   0.188765E+04
   0.486000E+02   0.102730E+04   0.377475E+02   0.523378E+05   0.188869E+04
   0.487000E+02   0.102849E+04   0.377516E+02   0.524287E+05   0.188978E+04
   0.488000E+02   0.102967E+04   0.377569E+02   0.525192E+05   0.189084E+04
   0.489000E+02   0.103085E+04   0.377611E+02   0.526096E+05   0.189188E+04
   0.490000E+02   0.103202E+04   0.377656E+02   0.526996E+05   0.189293E+04
   0.491000E+02   0.103320E+04   0.377705E+02   0.527895E+05   0.189396E+04
   0.492000E+02   0.103436E+04   0.377756E+02   0.528790E+05   0.189500E+04
   0.493000E+02   0.103553E+04   0.377805E+02   0.529683E+05   0.189600E+04
   0.494000E+02   0.103669E+04   0.377829E+02   0.530573E+05   0.189704E+04
   0.495000E+02   0.103784E+04   0.377878E+02   0.531461E+05   0.189803E+04
   0.496000E+02   0.103899E+04   0.377929E+02   0.532347E+05   0.189902E+04
   0.497000E+02   0.104014E+04   0.377957E+02   0.533229E+05   0.190000E+04
   0.498000E+02   0.104129E+04   0.377999E+02   0.534109E+05   0.190099E+04
   0.499000E+02   0.104243E+04   0.378033E+02   0.534987E+05   0.190198E+04
   0.500000E+02   0.104356E+04   0.378083E+02   0.535862E+05   0.190291E+04
   0.501000E+02   0.104470E+04   0.378107E+02   0.536735E+05   0.190391E+04
   0.502000E+02   0.104583E+04   0.378149E+02   0.537605E+05   0.190485E+04
   0.503000E+02   0.104695E+04   0.378188E+02   0.538472E+05   0.190579E+04
   0.504000E+02   0.104808E+04   0.378226E+02   0.539337E+05   0.190673E+04
   0.505000E+02   0.104919E+04   0.378258E+02   0.540199E+05   0.190767E+04
   0.506000E+02   0.105031E+04   0.378290E+02   0.541059E+05   0.190857E+04
   0.507000E+02   0.105142E+04   0.378335E+02   0.541917E+05   0.190951E+04
   0.508000E+02   0.105253E+04   0.378363E+02   0.542771E+05   0.191039E+04
   0.509000E+02   0.105363E+04   0.378400E+02   0.543624E+05   0.191130E+04
   0.510000E+02   0.105473E+04   0.378439E+02   0.544474E+05   0.191222E+04
   0.511000E+02   0.105583E+04   0.378471E+02   0.545321E+05   0.191310E+04
   0.512000E+02   0.105692E+04   0.378511E+02   0.546166E+05   0.191398E+04
   0.513000E+02   0.105802E+04   0.378540E+02   0.547008E+05   0.191486E+04
   0.514000E+02   0.105910E+04   0.378572E+02   0.547848E+05   0.191572E+04
   0.515000E+02   0.106018E+04   0.378600E+02   0.548686E+05   0.191659E+04
   0.516000E+02   0.106126E+04   0.378625E+02   0.549521E+05   0.191746E+04
   0.517000E+02   0.106234E+04   0.378675E+02   0.550353E+05   0.191831E+04
   0.518000E+02   0.106341E+04   0.378686E+02   0.551183E+05   0.191911E+04
   0.519000E+02   0.106448E+04   0.378729E+02   0.552011E+05   0.191997E+04
   0.520000E+02   0.106554E+04   0.378750E+02   0.552836E+05   0.192078E+04
   0.521000E+02   0.106660E+04   0.378790E+02   0.553658E+05   0.192161E+04
   0.522000E+02   0.106766E+04   0.378805E+02   0.554478E+05   0.192242E+04
   0.523000E+02   0.106872E+04   0.378827E+02   0.555296E+05   0.192321E+04
   0.524000E+02   0.106977E+04   0.378854E+02   0.556111E+05   0.192400E+04
   0.525000E+02   0.107082E+04   0.378899E+02   0.556924E+05   0.192481E+04
   0.526000E+02   0.107186E+04   0.378929E+02   0.557735E+05   0.192560E+04
   0.527000E+02   0.107290E+04   0.378949E+02   0.558543E+05   0.192637E+04
   0.528000E+02   0.107394E+04   0.378972E+02   0.559348E+05   0.192716E+04
   0.529000E+02   0.107497E+04   0.378992E+02   0.560152E+05   0.192792E+04
   0.530000E+02   0.107600E+04   0.379019E+02   0.560952E+05   0.192869E+04
   0.531000E+02   0.107703E+04   0.379063E+02   0.561751E+05   0.192944E+04
   0.532000E+02   0.107805E+04   0.379089E+02   0.562547E+05   0.193019E+04
   0.533000E+02   0.107907E+04   0.379093E+02   0.563340E+05   0.193090E+04
   0.534000E+02   0.108009E+04   0.379125E+02   0.564132E+05   0.193165E+04
   0.535000E+02   0.108110E+04   0.379148E+02   0.564920E+05   0.193238E+04
   0.536000E+02   0.108211E+04   0.379176E+02   0.565707E+05   0.193310E+04
   0.537000E+02   0.108312E+04   0.379169E+02   0.566491E+05   0.193382E+04
   0.538000E+02   0.108412E+04   0.379216E+02   0.567272E+05   0.193452E+04
   0.539000E+02   0.108512E+04   0.379221E+02   0.568052E+05   0.193523E+04
   0.540000E+02   0.108612E+04   0.379268E+02   0.568829E+05   0.193593E+04
   0.541000E+02   0.108711E+04   0.379262E+02   0.569603E+05   0.193663E+04
   0.542000E+02   0.108810E+04   0.379305E+02   0.570376E+05   0.193729E+04
   0.543000E+02   0.108909E+04   0.379337E+02   0.571146E+05   0.193799E+04
   0.544000E+02   0.109007E+04   0.379343E+02   0.571913E+05   0.193864E+04
   0.545000E+02   0.109105E+04   0.379370E+02   0.572678E+05   0.193931E+04
   0.546000E+02   0.109203E+04   0.379369E+02   0.573441E+05   0.193996E+04
   0.547000E+02   0.109301E+04   0.379410E+02   0.574202E+05   0.194064E+04
   0.548000E+02   0.109398E+04   0.379425E+02   0.574960E+05   0.194129E+04
   0.549000E+02   0.109494E+04   0.379435E+02   0.575716E+05   0.194193E+04
   0.550000E+02   0.109591E+04   0.379454E+02   0.576470E+05   0.194255E+04
   0.551000E+02   0.109687E+04   0.379484E+02   0.577221E+05   0.194319E+04
   0.552000E+02   0.109782E+04   0.379497E+02   0.577970E+05   0.194382E+04
   0.553000E+02   0.109878E+04   0.379506E+02   0.578717E+05   0.194442E+04
   0.554000E+02   0.109973E+04   0.379521E+02   0.579461E+05   0.194503E+04
   0.555000E+02   0.110068E+04   0.379552E+02   0.580204E+05   0.194563E+04
   0.556000E+02   0.110162E+04   0.379533E+02   0.580943E+05   0.194624E+04
   0.557000E+02   0.110257E+04   0.379560E+02   0.581681E+05   0.194684E+04
   0.558000E+02   0.110350E+04   0.379577E+02   0.582416E+05   0.194744E+04
   0.559000E+02   0.110444E+04   0.379606E+02   0.583149E+05   0.194798E+04
   0.560000E+02   0.110537E+04   0.379607E+02   0.583880E+05   0.194858E+04
   0.561000E+02   0.110630E+04   0.379634E+02   0.584609E+05   0.194915E+04
   0.562000E+02   0.110723E+04   0.379625E+02   0.585335E+05   0.194971E+04
   0.563000E+02   0.110815E+04   0.379667E+02   0.586059E+05   0.195029E+04
   0.564000E+02   0.110907E+04   0.379667E+02   0.586781E+05   0.195083E+04
   0.565000E+02   0.110999E+04   0.379705E+02   0.587501E+05   0.195136E+04
   0.566000E+02   0.111090E+04   0.379699E+02   0.588218E+05   0.195194E+04
   0.567000E+02   0.111181E+04   0.379713E+02   0.588933E+05   0.195246E+04
   0.568000E+02   0.111272E+04   0.379728E+02   0.589646E+05   0.195301E+04
   0.569000E+02   0.111363E+04   0.379733E+02   0.590357E+05   0.195352E+04
   0.570000E+02   0.111453E+04   0.379745E+02   0.591065E+05   0.195404E+04
   0.571000E+02   0.111543E+04   0.379763E+02   0.591772E+05   0.195456E+04
   0.572000E+02   0.111632E+04   0.379784E+02   0.592476E+05   0.195506E+04
   0.573000E+02   0.111721E+04   0.379783E+02   0.593178E+05   0.195556E+04
   0.574000E+02   0.111810E+04   0.379787E+02   0.593877E+05   0.195607E+04
   0.575000E+02   0.111899E+04   0.379802E+02   0.594575E+05   0.195655E+04
   0.576000E+02   0.111987E+04   0.379814E+02   0.595270E+05   0.195706E+04
   0.577000E+02   0.112075E+04   0.379835E+02   0.595963E+05   0.195753E+04
   0.578000E+02   0.112163E+04   0.379826E+02   0.596654E+05   0.195803E+04
   0.579000E+02   0.112251E+04   0.379843E+02   0.597343E+05   0.195849E+04
   0.580000E+02   0.112338E+04   0.379856E+02   0.598030E+05   0.195897E+04
   0.581000E+02   0.112425E+04   0.379874E+02   0.598714E+05   0.195944E+04
   0.582000E+02   0.112511E+04   0.379863E+02   0.599397E+05   0.195987E+04
   0.583000E+02   0.112598E+04   0.379869E+02   0.600077E+05   0.196032E+04
   0.584000E+02   0.112684E+04   0.379885E+02   0.600755E+05   0.196077E+04
   0.585000E+02   0.112769E+04   0.379908E+02   0.601432E+05   0.196124E+04
   0.586000E+02   0.112855E+04   0.379910E+02   0.602105E+05   0.196165E+04
   0.587000E+02   0.112940E+04   0.379915E+02   0.602777E+05   0.196208E+04
   0.588000E+02   0.113025E+04   0.379912E+02   0.603447E+05   0.196250E+04
   0.589000E+02   0.113109E+04   0.379919E+02   0.604114E+05   0.196297E+04
   0.590000E+02   0.113194E+04   0.379943E+02   0.604779E+05   0.196337E+04
   0.591000E+02   0.113278E+04   0.379944E+02   0.605443E+05   0.196379E+04
   0.592000E+02   0.113361E+04   0.379960E+02   0.606104E+05   0.196419E+04
   0.593000E+02   0.113445E+04   0.379964E+02   0.606763E+05   0.196459E+04
   0.594000E+02   0.113528E+04   0.379976E+02   0.607420E+05   0.196499E+04
   0.595000E+02   0.113611E+04   0.379965E+02   0.608075E+05   0.196537E+04
   0.596000E+02   0.113693E+04   0.379981E+02   0.608728E+05   0.196577E+04
   0.597000E+02   0.113776E+04   0.379984E+02   0.609379E+05   0.196616E+04
   0.598000E+02   0.113858E+04   0.379983E+02   0.610028E+05   0.196654E+04
   0.599000E+02   0.113939E+04   0.380000E+02   0.610674E+05   0.196691E+04
   0.600000E+02   0.114021E+04   0.380005E+02   0.611319E+05   0.196729E+04
   0.601000E+02   0.114102E+04   0.379992E+02   0.611962E+05   0.196765E+04
   0.602000E+02   0.114183E+04   0.380003E+02   0.612602E+05   0.196804E+04
   0.603000E+02   0.114264E+04   0.380009E+02   0.613240E+05   0.196837E+04
   0.604000E+02   0.114344E+04   0.379996E+02   0.613877E+05   0.196871E+04
   0.605000E+02   0.114424E+04   0.380025E+02   0.614511E+05   0.196908E+04
   0.606000E+02   0.114504E+04   0.380027E+02   0.615144E+05   0.196943E+04
   0.607000E+02   0.114584E+04   0.380018E+02   0.615774E+05   0.196976E+04
   0.608000E+02   0.114663E+04   0.380035E+02   0.616403E+05   0.197008E+04
   0.609000E+02   0.114742E+04   0.380036E+02   0.617029E+05   0.197044E+04
   0.610000E+02   0.114821E+04   0.380023E+02   0.617654E+05   0.197075E+04
   0.611000E+02   0.114899E+04   0.380018E+02   0.618276E+05   0.197106E+04
   0.612000E+02   0.114977E+04   0.380050E+02   0.618896E+05   0.197140E+04
   0.613000E+02   0.115055E+04   0.380043E+02   0.619514E+05   0.197170E+04
   0.614000E+02   0.115133E+04   0.380066E+02   0.620131E+05   0.197202E+04
   0.615000E+02   0.115210E+04   0.380062E+02   0.620746E+05   0.197231E+04
   0.616000E+02   0.115287E+04   0.380054E+02   0.621358E+05   0.197262E+04
   0.617000E+02   0.115364E+04   0.380044E+02   0.621969E+05   0.197290E+04
   0.618000E+02   0.115441E+04   0.380050E+02   0.622577E+05   0.197321E+04
   0.619000E+02   0.115517E+04   0.380065E+02   0.623184E+05   0.197348E+04
   0.620000E+02   0.115593E+04   0.380056E+02   0.623788E+05   0.197377E+04
   0.621000E+02   0.115669E+04   0.380065E+02   0.624391E+05   0.197405E+04
   0.622000E+02   0.115745E+04   0.380061E+02   0.624992E+05   0.197431E+04
   0.623000E+02   0.115820E+04   0.380070E+02   0.625591E+05   0.197460E+04
   0.624000E+02   0.115895E+04   0.380074E+02   0.626188E+05   0.197486E+04
   0.625000E+02   0.115970E+04   0.380067E+02   0.626783E+05   0.197513E+04
   0.626000E+02   0.116045E+04   0.380062E+02   0.627376E+05   0.197540E+04
   0.627000E+02   0.116119E+04   0.380060E+02   0.627967E+05   0.197566E+04
   0.628000E+02   0.116193E+04   0.380078E+02   0.628556E+05   0.197590E+04
   0.629000E+02   0.116267E+04   0.380079E+02   0.629143E+05   0.197616E+04
   0.630000E+02   0.116340E+04   0.380086E+02   0.629729E+05   0.197638E+04
   0.631000E+02   0.116414E+04   0.380080E+02   0.630312E+05   0.197663E+04
   0.632000E+02   0.116487E+04   0.380091E+02   0.630894E+05   0.197687E+04
   0.633000E+02   0.116560E+04   0.380075E+02   0.631474E+05   0.197710E+04
   0.634000E+02   0.116632E+04   0.380081E+02   0.632052E+05   0.197733E+04
   0.635000E+02   0.116704E+04   0.380076E+02   0.632628E+05   0.197756E+04
   0.636000E+02   0.116777E+04   0.380082E+02   0.633202E+05   0.197778E+04
   0.637000E+02   0.116848E+04   0.380087E+02   0.633774E+05   0.197801E+04
   0.638000E+02   0.116920E+04   0.380072E+02   0.634345E+05   0.197822E+04
   0.639000E+02   0.116991E+04   0.380071E+02   0.634913E+05   0.197842E+04
   0.640000E+02   0.117062E+04   0.380071E+02   0.635480E+05   0.197863E+04
   0.641000E+02   0.117133E+04   0.380084E+02   0.636045E+05   0.197883E+04
   0.642000E+02   0.117204E+04   0.380077E+02   0.636608E+05   0.197901E+04
   0.643000E+02   0.117274E+04   0.380075E+02   0.637169E+05   0.197922E+04
   0.644000E+02   0.117344E+04   0.380070E+02   0.637728E+05   0.197941E+04
   0.645000E+02   0.117414E+04   0.380082E+02   0.638286E+05   0.197960E+04
   0.646000E+02   0.117484E+04   0.380062E+02   0.638842E+05   0.197979E+04
   0.647000E+02   0.117553E+04   0.380076E+02   0.639396E+05   0.197997E+04
   0.648000E+02   0.117622E+04   0.380074E+02   0.639948E+05   0.198016E+04
   0.649000E+02   0.117691E+04   0.380068E+02   0.640498E+05   0.198032E+04
   0.650000E+02   0.117760E+04   0.380067E+02   0.641046E+05   0.198051E+04
   0.651000E+02   0.117828E+04   0.380049E+02   0.641593E+05   0.198065E+04
   0.652000E+02   0.117896E+04   0.380057E+02   0.642138E+05   0.198082E+04
   0.653000E+02   0.117964E+04   0.380075E+02   0.642681E+05   0.198098E+04
   0.654000E+02   0.118032E+04   0.380055E+02   0.643222E+05   0.198114E+04
   0.655000E+02   0.118100E+04   0.380072E+02   0.643762E+05   0.198130E+04
   0.656000E+02   0.118167E+04   0.380063E+02   0.644300E+05   0.198144E+04
   0.657000E+02   0.118234E+04   0.380069E+02   0.644836E+05   0.198160E+04
   0.658000E+02   0.118301E+04   0.380066E+02   0.645370E+05   0.198176E+04
   0.659000E+02   0.118367E+04   0.380029E+02   0.645903E+05   0.198189E+04
   0.660000E+02   0.118434E+04   0.380042E+02   0.646434E+05   0.198203E+04
   0.661000E+02   0.118500E+04   0.380041E+02   0.646963E+05   0.198216E+04
   0.662000E+02   0.118566E+04   0.380041E+02   0.647490E+05   0.198232E+04
   0.663000E+02   0.118631E+04   0.380039E+02   0.648016E+05   0.198243E+04
   0.664000E+02   0.118697E+04   0.380062E+02   0.648539E+05   0.198257E+04
   0.665000E+02   0.118762E+04   0.380039E+02   0.649062E+05   0.198268E+04
   0.666000E+02   0.118827E+04   0.380039E+02   0.649582E+05   0.198280E+04
   0.667000E+02   0.118892E+04   0.380037E+02   0.650101E+05   0.198293E+04
   0.668000E+02   0.118956E+04   0.380022E+02   0.650618E+05   0.198303E+04
   0.669000E+02   0.119021E+04   0.380041E+02   0.651133E+05   0.198314E+04
   0.670000E+02   0.119085E+04   0.380037E+02   0.651647E+05   0.198327E+04
   0.671000E+02   0.119148E+04   0.380023E+02   0.652158E+05   0.198337E+04
   0.672000E+02   0.119212E+04   0.380040E+02   0.652669E+05   0.198348E+04
   0.673000E+02   0.119275E+04   0.380019E+02   0.653177E+05   0.198357E+04
   0.674000E+02   0.119339E+04   0.380013E+02   0.653684E+05   0.198368E+04
   0.675000E+02   0.119402E+04   0.380009E+02   0.654189E+05   0.198376E+04
   0.676000E+02   0.119465E+04   0.380008E+02   0.654693E+05   0.198385E+04
   0.677000E+02   0.119527E+04   0.380009E+02   0.655194E+05   0.198393E+04
   0.678000E+02   0.119590E+04   0.380010E+02   0.655695E+05   0.198404E+04
   0.679000E+02   0.119652E+04   0.379995E+02   0.656193E+05   0.198409E+04
   0.680000E+02   0.119714E+04   0.380011E+02   0.656690E+05   0.198419E+04
   0.681000E+02   0.119775E+04   0.379999E+02   0.657185E+05   0.198428E+04
   0.682000E+02   0.119837E+04   0.379998E+02   0.657679E+05   0.198434E+04
   0.683000E+02   0.119898E+04   0.379987E+02   0.658171E+05   0.198440E+04
   0.684000E+02   0.119959E+04   0.379986E+02   0.658661E+05   0.198449E+04
   0.685000E+02   0.120020E+04   0.379984E+02   0.659149E+05   0.198456E+04
   0.686000E+02   0.120080E+04   0.379995E+02   0.659637E+05   0.198461E+04
   0.687000E+02   0.120141E+04   0.379991E+02   0.660122E+05   0.198466E+04
   0.688000E+02   0.120201E+04   0.379977E+02   0.660606E+05   0.198474E+04
   0.689000E+02   0.120261E+04   0.379979E+02   0.661088E+05   0.198479E+04
   0.690000E+02   0.120321E+04   0.379968E+02   0.661569E+05   0.198485E+04
   0.691000E+02   0.120381E+04   0.379963E+02   0.662048E+05   0.198490E+04
   0.692000E+02   0.120440E+04   0.379973E+02   0.662525E+05   0.198496E+04
   0.693000E+02   0.120499E+04   0.379974E+02   0.663001E+05   0.198499E+04
   0.694000E+02   0.120558E+04   0.379969E+02   0.663475E+05   0.198506E+04
   0.695000E+02   0.120617E+04   0.379959E+02   0.663948E+05   0.198509E+04
   0.696000E+02   0.120676E+04   0.379950E+02   0.664419E+05   0.198512E+04
   0.697000E+02   0.120734E+04   0.379945E+02   0.664888E+05   0.198516E+04
   0.698000E+02   0.120792E+04   0.379960E+02   0.665356E+05   0.198520E+04
   0.699000E+02   0.120850E+04   0.379965E+02   0.665823E+05   0.198523E+04
   0.700000E+02   0.120908E+04   0.379953E+02   0.666287E+05   0.198525E+04
   0.701000E+02   0.120965E+04   0.379936E+02   0.666751E+05   0.198530E+04
   0.702000E+02   0.121023E+04   0.379939E+02   0.667212E+05   0.198531E+04
   0.703000E+02   0.121080E+04   0.379919E+02   0.667672E+05   0.198533E+04
   0.704000E+02   0.121137E+04   0.379915E+02   0.668131E+05   0.198536E+04
   0.705000E+02   0.121194E+04   0.379938E+02   0.668588E+05   0.198537E+04
   0.706000E+02   0.121250E+04   0.379923E+02   0.669044E+05   0.198540E+04
   0.707000E+02   0.121307E+04   0.379910E+02   0.669498E+05   0.198540E+04
   0.708000E+02   0.121363E+04   0.379933E+02   0.669950E+05   0.198545E+04
   0.709000E+02   0.121419E+04   0.379921E+02   0.670401E+05   0.198543E+04
   0.710000E+02   0.121475E+04   0.379906E+02   0.670851E+05   0.198543E+04
   0.711000E+02   0.121530E+04   0.379901E+02   0.671299E+05   0.198544E+04
   0.712000E+02   0.121586E+04   0.379918E+02   0.671745E+05   0.198545E+04
   0.713000E+02   0.121641E+04   0.379921E+02   0.672190E+05   0.198545E+04
   0.714000E+02   0.121696E+04   0.379881E+02   0.672634E+05   0.198547E+04
   0.715000E+02   0.121751E+04   0.379904E+02   0.673076E+05   0.198545E+04
   0.716000E+02   0.121805E+04   0.379897E+02   0.673516E+05   0.198545E+04
   0.717000E+02   0.121860E+04   0.379894E+02   0.673955E+05   0.198546E+04
   0.718000E+02   0.121914E+04   0.379888E+02   0.674393E+05   0.198543E+04
   0.719000E+02   0.121968E+04   0.379911E+02   0.674829E+05   0.198543E+04
   0.720000E+02   0.122022E+04   0.379905E+02   0.675264E+05   0.198541E+04
   0.721000E+02   0.122076E+04   0.379886E+02   0.675697E+05   0.198540E+04
   0.722000E+02   0.122129E+04   0.379881E+02   0.676128E+05   0.198539E+04
   0.723000E+02   0.122183E+04   0.379867E+02   0.676559E+05   0.198538E+04
   0.724000E+02   0.122236E+04   0.379873E+02   0.676988E+05   0.198534E+04
   0.725000E+02   0.122289E+04   0.379866E+02   0.677415E+05   0.198532E+04
   0.726000E+02   0.122341E+04   0.379853E+02   0.677841E+05   0.198532E+04
   0.727000E+02   0.122394E+04   0.379866E+02   0.678265E+05   0.198527E+04
   0.728000E+02   0.122447E+04   0.379866E+02   0.678688E+05   0.198526E+04
   0.729000E+02   0.122499E+04   0.379855E+02   0.679110E+05   0.198525E+04
   0.730000E+02   0.122551E+04   0.379844E+02   0.679530E+05   0.198520E+04
   0.731000E+02   0.122603E+04   0.379839E+02   0.679949E+05   0.198518E+04
   0.732000E+02   0.122654E+04   0.379860E+02   0.680366E+05   0.198513E+04
   0.733000E+02   0.122706E+04   0.379852E+02   0.680782E+05   0.198509E+04
   0.734000E+02   0.122757E+04   0.379828E+02   0.681197E+05   0.198506E+04
   0.735000E+02   0.122808E+04   0.379846E+02   0.681610E+05   0.198503E+04
   0.736000E+02   0.122859E+04   0.379830E+02   0.682022E+05   0.198497E+04
   0.737000E+02   0.122910E+04   0.379834E+02   0.682432E+05   0.198494E+04
   0.738000E+02   0.122961E+04   0.379830E+02   0.682841E+05   0.198491E+04
   0.739000E+02   0.123011E+04   0.379824E+02   0.683249E+05   0.198486E+04
   0.740000E+02   0.123061E+04   0.379825E+02   0.683655E+05   0.198481E+04
   0.741000E+02   0.123111E+04   0.379820E+02   0.684060E+05   0.198477E+04
   0.742000E+02   0.123161E+04   0.379827E+02   0.684463E+05   0.198471E+04
   0.743000E+02   0.123211E+04   0.379825E+02   0.684865E+05   0.198467E+04
   0.744000E+02   0.123261E+04   0.379823E+02   0.685266E+05   0.198459E+04
   0.745000E+02   0.123310E+04   0.379820E+02   0.685666E+05   0.198455E+04
   0.746000E+02   0.123359E+04   0.379824E+02   0.686064E+05   0.198449E+04
   0.747000E+02   0.123408E+04   0.379810E+02   0.686460E+05   0.198443E+04
   0.748000E+02   0.123457E+04   0.379808E+02   0.686856E+05   0.198438E+04
   0.749000E+02   0.123505E+04   0.379807E+02   0.687249E+05   0.198432E+04
   0.750000E+02   0.123554E+04   0.379809E+02   0.687642E+05   0.198426E+04
   0.751000E+02   0.123603E+04   0.379807E+02   0.688034E+05   0.198419E+04
   0.752000E+02   0.123651E+04   0.379812E+02   0.688424E+05   0.198415E+04
   0.753000E+02   0.123699E+04   0.379796E+02   0.688812E+05   0.198404E+04
   0.754000E+02   0.123746E+04   0.379803E+02   0.689200E+05   0.198399E+04
   0.755000E+02   0.123794E+04   0.379796E+02   0.689586E+05   0.198393E+04
   0.756000E+02   0.123842E+04   0.379790E+02   0.689970E+05   0.198386E+04
   0.757000E+02   0.123889E+04   0.379796E+02   0.690354E+05   0.198379E+04
   0.758000E+02   0.123936E+04   0.379793E+02   0.690736E+05   0.198370E+04
   0.759000E+02   0.123983E+04   0.379788E+02   0.691117E+05   0.198365E+04
   0.760000E+02   0.124030E+04   0.379788E+02   0.691496E+05   0.198355E+04
   0.761000E+02   0.124077E+04   0.379787E+02   0.691874E+05   0.198347E+04
   0.762000E+02   0.124123E+04   0.379777E+02   0.692251E+05   0.198343E+04
   0.763000E+02   0.124170E+04   0.379800E+02   0.692627E+05   0.198333E+04
   0.764000E+02   0.124216E+04   0.379774E+02   0.693001E+05   0.198324E+04
   0.765000E+02   0.124262E+04   0.379790E+02   0.693374E+05   0.198317E+04
   0.766000E+02   0.124308E+04   0.379801E+02   0.693746E+05   0.198309E+04
   0.767000E+02   0.124354E+04   0.379786E+02   0.694117E+05   0.198302E+04
   0.768000E+02   0.124399E+04   0.379777E+02   0.694486E+05   0.198293E+04
   0.769000E+02   0.124444E+04   0.379769E+02   0.694854E+05   0.198285E+04
   0.770000E+02   0.124490E+04   0.379782E+02   0.695221E+05   0.198276E+04
   0.771000E+02   0.124535E+04   0.379756E+02   0.695586E+05   0.198266E+04
   0.772000E+02   0.124580E+04   0.379766E+02   0.695951E+05   0.198256E+04
   0.773000E+02   0.124625E+04   0.379784E+02   0.696314E+05   0.198249E+04
   0.774000E+02   0.124669E+04   0.379757E+02   0.696675E+05   0.198237E+04
   0.775000E+02   0.124714E+04   0.379785E+02   0.697036E+05   0.198229E+04
   0.776000E+02   0.124758E+04   0.379778E+02   0.697395E+05   0.198221E+04
   0.777000E+02   0.124802E+04   0.379767E+02   0.697754E+05   0.198211E+04
   0.778000E+02   0.124846E+04   0.379766E+02   0.698110E+05   0.198203E+04
   0.779000E+02   0.124890E+04   0.379777E+02   0.698466E+05   0.198191E+04
   0.780000E+02   0.124934E+04   0.379777E+02   0.698820E+05   0.198181E+04
   0.781000E+02   0.124977E+04   0.379773E+02   0.699174E+05   0.198171E+04
   0.782000E+02   0.125020E+04   0.379769E+02   0.699526E+05   0.198163E+04
   0.783000E+02   0.125064E+04   0.379765E+02   0.699876E+05   0.198152E+04
   0.784000E+02   0.125107E+04   0.379763E+02   0.700226E+05   0.198143E+04
   0.785000E+02   0.125150E+04   0.379791E+02   0.700574E+05   0.198132E+04
   0.786000E+02   0.125192E+04   0.379782E+02   0.700922E+05   0.198122E+04
   0.787000E+02   0.125235E+04   0.379784E+02   0.701268E+05   0.198110E+04
   0.788000E+02   0.125278E+04   0.379777E+02   0.701612E+05   0.198100E+04
   0.789000E+02   0.125320E+04   0.379757E+02   0.701956E+05   0.198089E+04
   0.790000E+02   0.125362E+04   0.379768E+02   0.702299E+05   0.198080E+04
   0.791000E+02   0.125404E+04   0.379780E+02   0.702640E+05   0.198068E+04
   0.792000E+02   0.125446E+04   0.379768E+02   0.702980E+05   0.198058E+04
   0.793000E+02   0.125488E+04   0.379770E+02   0.703319E+05   0.198047E+04
   0.794000E+02   0.125529E+04   0.379765E+02   0.703657E+05   0.198036E+04
   0.795000E+02   0.125570E+04   0.379762E+02   0.703994E+05   0.198025E+04
   0.796000E+02   0.125612E+04   0.379758E+02   0.704329E+05   0.198012E+04
   0.797000E+02   0.125653E+04   0.379783E+02   0.704663E+05   0.198003E+04
   0.798000E+02   0.125694E+04   0.379765E+02   0.704996E+05   0.197994E+04
   0.799000E+02   0.125735E+04   0.379779E+02   0.705328E+05   0.197979E+04
   0.800000E+02   0.125776E+04   0.379758E+02   0.705659E+05   0.197970E+04
   0.801000E+02   0.125816E+04   0.379755E+02   0.705989E+05   0.197954E+04
   0.802000E+02   0.125856E+04   0.379777E+02   0.706318E+05   0.197945E+04
   0.803000E+02   0.125897E+04   0.379784E+02   0.706645E+05   0.197934E+04
   0.804000E+02   0.125937E+04   0.379776E+02   0.706972E+05   0.197922E+04
   0.805000E+02   0.125977E+04   0.379778E+02   0.707297E+05   0.197909E+04
   0.806000E+02   0.126017E+04   0.379776E+02   0.707621E+05   0.197897E+04
   0.807000E+02   0.126057E+04   0.379785E+02   0.707944E+05   0.197888E+04
   0.808000E+02   0.126096E+04   0.379784E+02   0.708266E+05   0.197874E+04
   0.809000E+02   0.126136E+04   0.379781E+02   0.708587E+05   0.197861E+04
   0.810000E+02   0.126175E+04   0.379794E+02   0.708906E+05   0.197848E+04
   0.811000E+02   0.126214E+04   0.379792E+02   0.709225E+05   0.197837E+04
   0.812000E+02   0.126253E+04   0.379789E+02   0.709542E+05   0.197823E+04
   0.813000E+02   0.126292E+04   0.379785E+02   0.709859E+05   0.197813E+04
   0.814000E+02   0.126331E+04   0.379796E+02   0.710174E+05   0.197801E+04
   0.815000E+02   0.126369E+04   0.379796E+02   0.710488E+05   0.197788E+04
   0.816000E+02   0.126408E+04   0.379826E+02   0.710801E+05   0.197773E+04
   0.817000E+02   0.126446E+04   0.379805E+02   0.711114E+05   0.197761E+04
   0.818000E+02   0.126485E+04   0.379802E+02   0.711424E+05   0.197751E+04
   0.819000E+02   0.126522E+04   0.379799E+02   0.711734E+05   0.197737E+04
   0.820000E+02   0.126560E+04   0.379814E+02   0.712043E+05   0.197725E+04
   0.821000E+02   0.126598E+04   0.379815E+02   0.712351E+05   0.197712E+04
   0.822000E+02   0.126636E+04   0.379810E+02   0.712657E+05   0.197698E+04
   0.823000E+02   0.126673E+04   0.379805E+02   0.712963E+05   0.197685E+04
   0.824000E+02   0.126711E+04   0.379807E+02   0.713268E+05   0.197673E+04
   0.825000E+02   0.126748E+04   0.379800E+02   0.713571E+05   0.197658E+04
   0.826000E+02   0.126785E+04   0.379821E+02   0.713874E+05   0.197648E+04
   0.827000E+02   0.126822E+04   0.379818E+02   0.714175E+05   0.197633E+04
   0.828000E+02   0.126859E+04   0.379831E+02   0.714476E+05   0.197621E+04
   0.829000E+02   0.126896E+04   0.379831E+02   0.714775E+05   0.197609E+04
   0.830000E+02   0.126933E+04   0.379826E+02   0.715073E+05   0.197593E+04
   0.831000E+02   0.126969E+04   0.379844E+02   0.715371E+05   0.197580E+04
   0.832000E+02   0.127005E+04   0.379838E+02   0.715667E+05   0.197566E+04
   0.833000E+02   0.127042E+04   0.379859E+02   0.715962E+05   0.197553E+04
   0.834000E+02   0.127078E+04   0.379832E+02   0.716256E+05   0.197540E+04
   0.835000E+02   0.127114E+04   0.379852E+02   0.716549E+05   0.197526E+04
   0.836000E+02   0.127150E+04   0.379855E+02   0.716842E+05   0.197514E+04
   0.837000E+02   0.127185E+04   0.379861E+02   0.717133E+05   0.197499E+04
   0.838000E+02   0.127221E+04   0.379857E+02   0.717423E+05   0.197486E+04
   0.839000E+02   0.127256E+04   0.379861E+02   0.717712E+05   0.197473E+04
   0.840000E+02   0.127292E+04   0.379860E+02   0.718000E+05   0.197461E+04
   0.841000E+02   0.127327E+04   0.379873E+02   0.718288E+05   0.197446E+04
   0.842000E+02   0.127362E+04   0.379875E+02   0.718574E+05   0.197432E+04
   0.843000E+02   0.127397E+04   0.379882E+02   0.718859E+05   0.197419E+04
   0.844000E+02   0.127432E+04   0.379871E+02   0.719143E+05   0.197404E+04
   0.845000E+02   0.127467E+04   0.379883E+02   0.719426E+05   0.197391E+04
   0.846000E+02   0.127501E+04   0.379884E+02   0.719709E+05   0.197376E+04
   0.847000E+02   0.127536E+04   0.379915E+02   0.719989E+05   0.197362E+04
   0.848000E+02   0.127570E+04   0.379907E+02   0.720270E+05   0.197349E+04
   0.849000E+02   0.127604E+04   0.379892E+02   0.720549E+05   0.197335E+04
   0.850000E+02   0.127639E+04   0.379912E+02   0.720828E+05   0.197321E+04
   0.851000E+02   0.127673E+04   0.379914E+02   0.721105E+05   0.197309E+04
   0.852000E+02   0.127707E+04   0.379907E+02   0.721381E+05   0.197294E+04
   0.853000E+02   0.127740E+04   0.379915E+02   0.721657E+05   0.197279E+04
   0.854000E+02   0.127774E+04   0.379931E+02   0.721931E+05   0.197268E+04
   0.855000E+02   0.127807E+04   0.379931E+02   0.722205E+05   0.197251E+04
   0.856000E+02   0.127841E+04   0.379938E+02   0.722477E+05   0.197238E+04
   0.857000E+02   0.127874E+04   0.379942E+02   0.722749E+05   0.197225E+04
   0.858000E+02   0.127907E+04   0.379949E+02   0.723020E+05   0.197209E+04
   0.859000E+02   0.127940E+04   0.379967E+02   0.723289E+05   0.197196E+04
   0.860000E+02   0.127973E+04   0.379936E+02   0.723558E+05   0.197181E+04
   0.861000E+02   0.128006E+04   0.379968E+02   0.723826E+05   0.197169E+04
   0.862000E+02   0.128039E+04   0.379971E+02   0.724093E+05   0.197151E+04
   0.863000E+02   0.128071E+04   0.379966E+02   0.724359E+05   0.197139E+04
   0.864000E+02   0.128104E+04   0.379967E+02   0.724624E+05   0.197124E+04
   0.865000E+02   0.128136E+04   0.379968E+02   0.724888E+05   0.197112E+04
   0.866000E+02   0.128168E+04   0.380004E+02   0.725151E+05   0.197095E+04
   0.867000E+02   0.128201E+04   0.379997E+02   0.725414E+05   0.197084E+04
   0.868000E+02   0.128233E+04   0.379997E+02   0.725675E+05   0.197069E+04
   0.869000E+02   0.128265E+04   0.380009E+02   0.725936E+05   0.197054E+04
   0.870000E+02   0.128296E+04   0.380009E+02   0.726195E+05   0.197039E+04
   0.871000E+02   0.128328E+04   0.380010E+02   0.726454E+05   0.197026E+04
   0.872000E+02   0.128359E+04   0.380010E+02   0.726712E+05   0.197010E+04
   0.873000E+02   0.128391E+04   0.380016E+02   0.726969E+05   0.196997E+04
   0.874000E+02   0.128422E+04   0.380041E+02   0.727225E+05   0.196983E+04
   0.875000E+02   0.128454E+04   0.380041E+02   0.727480E+05   0.196969E+04
   0.876000E+02   0.128485E+04   0.380040E+02   0.727734E+05   0.196954E+04
   0.877000E+02   0.128516E+04   0.380047E+02   0.727987E+05   0.196940E+04
   0.878000E+02   0.128547E+04   0.380072E+02   0.728240E+05   0.196924E+04
   0.879000E+02   0.128577E+04   0.380058E+02   0.728492E+05   0.196911E+04
   0.880000E+02   0.128608E+04   0.380072E+02   0.728742E+05   0.196897E+04
   0.881000E+02   0.128639E+04   0.380079E+02   0.728992E+05   0.196881E+04
   0.882000E+02   0.128669E+04   0.380099E+02   0.729241E+05   0.196868E+04
   0.883000E+02   0.128700E+04   0.380106E+02   0.729489E+05   0.196854E+04
   0.884000E+02   0.128730E+04   0.380099E+02   0.729736E+05   0.196841E+04
   0.885000E+02   0.128760E+04   0.380106E+02   0.729983E+05   0.196826E+04
   0.886000E+02   0.128790E+04   0.380117E+02   0.730228E+05   0.196811E+04
   0.887000E+02   0.128820E+04   0.380119E+02   0.730473E+05   0.196797E+04
   0.888000E+02   0.128850E+04   0.380141E+02   0.730716E+05   0.196780E+04
   0.889000E+02   0.128880E+04   0.380137E+02   0.730959E+05   0.196768E+04
   0.890000E+02   0.128909E+04   0.380127E+02   0.731201E+05   0.196753E+04
   0.891000E+02   0.128939E+04   0.380170E+02   0.731443E+05   0.196739E+04
   0.892000E+02   0.128968E+04   0.380171E+02   0.731683E+05   0.196724E+04
   0.893000E+02   0.128997E+04   0.380156E+02   0.731923E+05   0.196709E+04
   0.894000E+02   0.129027E+04   0.380160E+02   0.732161E+05   0.196696E+04
   0.895000E+02   0.129056E+04   0.380179E+02   0.732399E+05   0.196680E+04
   0.896000E+02   0.129085E+04   0.380202E+02   0.732636E+05   0.196669E+04
   0.897000E+02   0.129114E+04   0.380187E+02   0.732872E+05   0.196653E+04
   0.898000E+02   0.129142E+04   0.380214E+02   0.733108E+05   0.196639E+04
   0.899000E+02   0.129171E+04   0.380211E+02   0.733343E+05   0.196626E+04
   0.900000E+02   0.129200E+04   0.380221E+02   0.733577E+05   0.196609E+04
   0.901000E+02   0.129228E+04   0.380220E+02   0.733809E+05   0.196596E+04
   0.902000E+02   0.129257E+04   0.380233E+02   0.734041E+05   0.196582E+04
   0.903000E+02   0.129285E+04   0.380246E+02   0.734273E+05   0.196569E+04
   0.904000E+02   0.129313E+04   0.380252E+02   0.734503E+05   0.196555E+04
   0.905000E+02   0.129341E+04   0.380245E+02   0.734733E+05   0.196539E+04
   0.906000E+02   0.129369E+04   0.380265E+02   0.734962E+05   0.196525E+04
   0.907000E+02   0.129397E+04   0.380281E+02   0.735190E+05   0.196510E+04
   0.908000E+02   0.129425E+04   0.380294E+02   0.735417E+05   0.196496E+04
   0.909000E+02   0.129452E+04   0.380302E+02   0.735644E+05   0.196482E+04
   0.910000E+02   0.129480E+04   0.380315E+02   0.735870E+05   0.196467E+04
   0.911000E+02   0.129508E+04   0.380317E+02   0.736094E+05   0.196453E+04
   0.912000E+02   0.129535E+04   0.380323E+02   0.736319E+05   0.196439E+04
   0.913000E+02   0.129562E+04   0.380331E+02   0.736542E+05   0.196425E+04
   0.914000E+02   0.129589E+04   0.380311E+02   0.736764E+05   0.196408E+04
   0.915000E+02   0.129616E+04   0.380345E+02   0.736986E+05   0.196399E+04
   0.916000E+02   0.129643E+04   0.380368E+02   0.737207E+05   0.196383E+04
   0.917000E+02   0.129670E+04   0.380343E+02   0.737428E+05   0.196370E+04
   0.918000E+02   0.129697E+04   0.380379E+02   0.737647E+05   0.196356E+04
   0.919000E+02   0.129724E+04   0.380394E+02   0.737866E+05   0.196342E+04
   0.920000E+02   0.129751E+04   0.380383E+02   0.738084E+05   0.196327E+04
   0.921000E+02   0.129777E+04   0.380413E+02   0.738301E+05   0.196315E+04
   0.922000E+02   0.129804E+04   0.380409E+02   0.738517E+05   0.196299E+04
   0.923000E+02   0.129830E+04   0.380413E+02   0.738733E+05   0.196283E+04
   0.924000E+02   0.129856E+04   0.380445E+02   0.738948E+05   0.196271E+04
   0.925000E+02   0.129882E+04   0.380425E+02   0.739162E+05   0.196256E+04
   0.926000E+02   0.129908E+04   0.380467E+02   0.739375E+05   0.196243E+04
   0.927000E+02   0.129935E+04   0.380459E+02   0.739588E+05   0.196230E+04
   0.928000E+02   0.129960E+04   0.380477E+02   0.739800E+05   0.196218E+04
   0.929000E+02   0.129986E+04   0.380493E+02   0.740011E+05   0.196202E+04
   0.930000E+02   0.130012E+04   0.380495E+02   0.740221E+05   0.196187E+04
   0.931000E+02   0.130037E+04   0.380497E+02   0.740431E+05   0.196174E+04
   0.932000E+02   0.130063E+04   0.380511E+02   0.740640E+05   0.196159E+04
   0.933000E+02   0.130088E+04   0.380529E+02   0.740848E+05   0.196145E+04
   0.934000E+02   0.130113E+04   0.380513E+02   0.741056E+05   0.196132E+04
   0.935000E+02   0.130139E+04   0.380524E+02   0.741262E+05   0.196119E+04
   0.936000E+02   0.130164E+04   0.380549E+02   0.741468E+05   0.196106E+04
   0.937000E+02   0.130189E+04   0.380559E+02   0.741674E+05   0.196090E+04
   0.938000E+02   0.130214E+04   0.380576E+02   0.741878E+05   0.196077E+04
   0.939000E+02   0.130239E+04   0.380584E+02   0.742082E+05   0.196063E+04
   0.940000E+02   0.130264E+04   0.380589E+02   0.742285E+05   0.196050E+04
   0.941000E+02   0.130289E+04   0.380602E+02   0.742488E+05   0.196037E+04
   0.942000E+02   0.130313E+04   0.380608E+02   0.742689E+05   0.196024E+04
   0.943000E+02   0.130338E+04   0.380605E+02   0.742890E+05   0.196012E+04
   0.944000E+02   0.130362E+04   0.380608E+02   0.743091E+05   0.195997E+04
   0.945000E+02   0.130386E+04   0.380660E+02   0.743290E+05   0.195983E+04
   0.946000E+02   0.130411E+04   0.380645E+02   0.743489E+05   0.195969E+04
   0.947000E+02   0.130435E+04   0.380665E+02   0.743687E+05   0.195956E+04
   0.948000E+02   0.130459E+04   0.380688E+02   0.743885E+05   0.195942E+04
   0.949000E+02   0.130483E+04   0.380682E+02   0.744082E+05   0.195928E+04
   0.950000E+02   0.130507E+04   0.380696E+02   0.744278E+05   0.195915E+04
   0.951000E+02   0.130531E+04   0.380720E+02   0.744473E+05   0.195902E+04
   0.952000E+02   0.130555E+04   0.380735E+02   0.744668E+05   0.195887E+04
   0.953000E+02   0.130579E+04   0.380735E+02   0.744862E+05   0.195878E+04
   0.954000E+02   0.130602E+04   0.380732E+02   0.745055E+05   0.195863E+04
   0.955000E+02   0.130625E+04   0.380766E+02   0.745248E+05   0.195850E+04
   0.956000E+02   0.130649E+04   0.380772E+02   0.745440E+05   0.195836E+04
   0.957000E+02   0.130672E+04   0.380781E+02   0.745631E+05   0.195824E+04
   0.958000E+02   0.130695E+04   0.380781E+02   0.745822E+05   0.195810E+04
   0.959000E+02   0.130719E+04   0.380812E+02   0.746012E+05   0.195798E+04
   0.960000E+02   0.130742E+04   0.380815E+02   0.746201E+05   0.195784E+04
   0.961000E+02   0.130765E+04   0.380830E+02   0.746390E+05   0.195773E+04
   0.962000E+02   0.130788E+04   0.380825E+02   0.746578E+05   0.195758E+04
   0.963000E+02   0.130811E+04   0.380861E+02   0.746765E+05   0.195744E+04
   0.964000E+02   0.130833E+04   0.380863E+02   0.746952E+05   0.195734E+04
   0.965000E+02   0.130856E+04   0.380879E+02   0.747138E+05   0.195719E+04
   0.966000E+02   0.130879E+04   0.380912E+02   0.747323E+05   0.195707E+04
   0.967000E+02   0.130901E+04   0.380896E+02   0.747508E+05   0.195694E+04
   0.968000E+02   0.130924E+04   0.380909E+02   0.747692E+05   0.195680E+04
   0.969000E+02   0.130946E+04   0.380922E+02   0.747876E+05   0.195668E+04
   0.970000E+02   0.130968E+04   0.380915E+02   0.748059E+05   0.195656E+04
   0.971000E+02   0.130990E+04   0.380962E+02   0.748241E+05   0.195641E+04
   0.972000E+02   0.131013E+04   0.380967E+02   0.748422E+05   0.195629E+04
   0.973000E+02   0.131035E+04   0.380961E+02   0.748603E+05   0.195619E+04
   0.974000E+02   0.131057E+04   0.380974E+02   0.748783E+05   0.195606E+04
   0.975000E+02   0.131079E+04   0.381007E+02   0.748963E+05   0.195594E+04
   0.976000E+02   0.131101E+04   0.381005E+02   0.749142E+05   0.195579E+04
   0.977000E+02   0.131122E+04   0.381019E+02   0.749320E+05   0.195566E+04
   0.978000E+02   0.131144E+04   0.381052E+02   0.749498E+05   0.195555E+04
   0.979000E+02   0.131165E+04   0.381057E+02   0.749675E+05   0.195542E+04
   0.980000E+02   0.131187E+04   0.381059E+02   0.749851E+05   0.195532E+04
   0.981000E+02   0.131208E+04   0.381068E+02   0.750027E+05   0.195518E+04
   0.982000E+02   0.131230E+04   0.381070E+02   0.750202E+05   0.195506E+04
   0.983000E+02   0.131251E+04   0.381078E+02   0.750377E+05   0.195493E+04
   0.984000E+02   0.131272E+04   0.381121E+02   0.750551E+05   0.195482E+04
   0.985000E+02   0.131293E+04   0.381123E+02   0.750724E+05   0.195469E+04
   0.986000E+02   0.131315E+04   0.381153E+02   0.750897E+05   0.195457E+04
   0.987000E+02   0.131336E+04   0.381135E+02   0.751069E+05   0.195445E+04
   0.988000E+02   0.131356E+04   0.381164E+02   0.751241E+05   0.195432E+04
   0.989000E+02   0.131377E+04   0.381182E+02   0.751411E+05   0.195419E+04
   0.990000E+02   0.131398E+04   0.381199E+02   0.751582E+05   0.195408E+04
   0.991000E+02   0.131418E+04   0.381217E+02   0.751751E+05   0.195397E+04
   0.992000E+02   0.131439E+04   0.381226E+02   0.751921E+05   0.195385E+04
   0.993000E+02   0.131460E+04   0.381238E+02   0.752089E+05   0.195374E+04
   0.994000E+02   0.131480E+04   0.381255E+02   0.752257E+05   0.195360E+04
   0.995000E+02   0.131501E+04   0.381256E+02   0.752424E+05   0.195349E+04
   0.996000E+02   0.131521E+04   0.381273E+02   0.752591E+05   0.195337E+04
   0.997000E+02   0.131541E+04   0.381285E+02   0.752757E+05   0.195325E+04
   0.998000E+02   0.131561E+04   0.381313E+02   0.752923E+05   0.195315E+04
   0.999000E+02   0.131582E+04   0.381314E+02   0.753087E+05   0.195301E+04
   0.100000E+03   0.131602E+04   0.381327E+02   0.753252E+05   0.195291E+04
   0.100100E+03   0.131621E+04   0.381357E+02   0.753416E+05   0.195279E+04
   0.100200E+03   0.131641E+04   0.381357E+02   0.753579E+05   0.195267E+04
   0.100300E+03   0.131661E+04   0.381367E+02   0.753742E+05   0.195256E+04
   0.100400E+03   0.131681E+04   0.381372E+02   0.753904E+05   0.195244E+04
   0.100500E+03   0.131701E+04   0.381401E+02   0.754065E+05   0.195233E+04
   0.100600E+03   0.131720E+04   0.381419E+02   0.754226E+05   0.195222E+04
   0.100700E+03   0.131740E+04   0.381419E+02   0.754387E+05   0.195211E+04
   0.100800E+03   0.131759E+04   0.381428E+02   0.754547E+05   0.195199E+04
   0.100900E+03   0.131779E+04   0.381455E+02   0.754706E+05   0.195188E+04
   0.101000E+03   0.131798E+04   0.381480E+02   0.754864E+05   0.195175E+04
   0.101100E+03   0.131817E+04   0.381490E+02   0.755022E+05   0.195165E+04
   0.101200E+03   0.131836E+04   0.381485E+02   0.755180E+05   0.195154E+04
   0.101300E+03   0.131856E+04   0.381513E+02   0.755337E+05   0.195143E+04
   0.101400E+03   0.131874E+04   0.381517E+02   0.755494E+05   0.195132E+04
   0.101500E+03   0.131893E+04   0.381556E+02   0.755649E+05   0.195123E+04
   0.101600E+03   0.131913E+04   0.381553E+02   0.755805E+05   0.195111E+04
   0.101700E+03   0.131931E+04   0.381570E+02   0.755960E+05   0.195100E+04
   0.101800E+03   0.131950E+04   0.381577E+02   0.756114E+05   0.195089E+04
   0.101900E+03   0.131969E+04   0.381612E+02   0.756268E+05   0.195077E+04
   0.102000E+03   0.131988E+04   0.381625E+02   0.756421E+05   0.195067E+04
   0.102100E+03   0.132006E+04   0.381623E+02   0.756573E+05   0.195053E+04
   0.102200E+03   0.132025E+04   0.381643E+02   0.756725E+05   0.195043E+04
   0.102300E+03   0.132043E+04   0.381658E+02   0.756877E+05   0.195034E+04
   0.102400E+03   0.132062E+04   0.381665E+02   0.757028E+05   0.195023E+04
   0.102500E+03   0.132080E+04   0.381701E+02   0.757179E+05   0.195014E+04
   0.102600E+03   0.132098E+04   0.381714E+02   0.757329E+05   0.195003E+04
   0.102700E+03   0.132116E+04   0.381693E+02   0.757478E+05   0.194991E+04
   0.102800E+03   0.132134E+04   0.381738E+02   0.757626E+05   0.194981E+04
   0.102900E+03   0.132153E+04   0.381736E+02   0.757775E+05   0.194969E+04
   0.103000E+03   0.132171E+04   0.381767E+02   0.757923E+05   0.194962E+04
   0.103100E+03   0.132188E+04   0.381781E+02   0.758070E+05   0.194950E+04
   0.103200E+03   0.132206E+04   0.381778E+02   0.758217E+05   0.194939E+04
   0.103300E+03   0.132224E+04   0.381797E+02   0.758363E+05   0.194929E+04
   0.103400E+03   0.132242E+04   0.381834E+02   0.758509E+05   0.194918E+04
   0.103500E+03   0.132260E+04   0.381835E+02   0.758654E+05   0.194907E+04
   0.103600E+03   0.132277E+04   0.381840E+02   0.758799E+05   0.194898E+04
   0.103700E+03   0.132295E+04   0.381878E+02   0.758943E+05   0.194888E+04
   0.103800E+03   0.132312E+04   0.381883E+02   0.759087E+05   0.194879E+04
   0.103900E+03   0.132330E+04   0.381901E+02   0.759230E+05   0.194869E+04
   0.104000E+03   0.132347E+04   0.381905E+02   0.759373E+05   0.194857E+04
   0.104100E+03   0.132364E+04   0.381936E+02   0.759515E+05   0.194849E+04
   0.104200E+03   0.132382E+04   0.381942E+02   0.759657E+05   0.194837E+04
   0.104300E+03   0.132399E+04   0.381966E+02   0.759798E+05   0.194828E+04
   0.104400E+03   0.132416E+04   0.381980E+02   0.759938E+05   0.194820E+04
   0.104500E+03   0.132433E+04   0.381992E+02   0.760079E+05   0.194808E+04
   0.104600E+03   0.132450E+04   0.382000E+02   0.760218E+05   0.194799E+04
   0.104700E+03   0.132467E+04   0.382016E+02   0.760357E+05   0.194790E+04
   0.104800E+03   0.132484E+04   0.382046E+02   0.760496E+05   0.194780E+04
   0.104900E+03   0.132501E+04   0.382057E+02   0.760634E+05   0.194771E+04
   0.105000E+03   0.132517E+04   0.382058E+02   0.760772E+05   0.194759E+04
   0.105100E+03   0.132534E+04   0.382084E+02   0.760909E+05   0.194751E+04
   0.105200E+03   0.132551E+04   0.382111E+02   0.761046E+05   0.194740E+04
   0.105300E+03   0.132567E+04   0.382113E+02   0.761182E+05   0.194731E+04
   0.105400E+03   0.132584E+04   0.382119E+02   0.761318E+05   0.194724E+04
   0.105500E+03   0.132600E+04   0.382125E+02   0.761453E+05   0.194712E+04
   0.105600E+03   0.132617E+04   0.382175E+02   0.761588E+05   0.194705E+04
   0.105700E+03   0.132633E+04   0.382188E+02   0.761722E+05   0.194695E+04
   0.105800E+03   0.132649E+04   0.382197E+02   0.761856E+05   0.194685E+04
   0.105900E+03   0.132665E+04   0.382216E+02   0.761990E+05   0.194677E+04
   0.106000E+03   0.132682E+04   0.382226E+02   0.762123E+05   0.194667E+04
   0.106100E+03   0.132698E+04   0.382232E+02   0.762255E+05   0.194659E+04
   0.106200E+03   0.132714E+04   0.382251E+02   0.762387E+05   0.194649E+04
   0.106300E+03   0.132730E+04   0.382272E+02   0.762519E+05   0.194637E+04
   0.106400E+03   0.132746E+04   0.382288E+02   0.762650E+05   0.194631E+04
   0.106500E+03   0.132762E+04   0.382318E+02   0.762780E+05   0.194623E+04
   0.106600E+03   0.132778E+04   0.382312E+02   0.762910E+05   0.194611E+04
   0.106700E+03   0.132793E+04   0.382352E+02   0.763040E+05   0.194605E+04
   0.106800E+03   0.132809E+04   0.382368E+02   0.763169E+05   0.194596E+04
   0.106900E+03   0.132825E+04   0.382344E+02   0.763298E+05   0.194587E+04
   0.107000E+03   0.132841E+04   0.382385E+02   0.763426E+05   0.194577E+04
   0.107100E+03   0.132856E+04   0.382416E+02   0.763554E+05   0.194569E+04
   0.107200E+03   0.132871E+04   0.382430E+02   0.763681E+05   0.194559E+04
   0.107300E+03   0.132887E+04   0.382440E+02   0.763808E+05   0.194551E+04
   0.107400E+03   0.132902E+04   0.382447E+02   0.763935E+05   0.194543E+04
   0.107500E+03   0.132918E+04   0.382460E+02   0.764061E+05   0.194533E+04
   0.107600E+03   0.132933E+04   0.382489E+02   0.764186E+05   0.194526E+04
   0.107700E+03   0.132948E+04   0.382496E+02   0.764312E+05   0.194518E+04
   0.107800E+03   0.132963E+04   0.382535E+02   0.764436E+05   0.194510E+04
   0.107900E+03   0.132978E+04   0.382537E+02   0.764560E+05   0.194501E+04
   0.108000E+03   0.132993E+04   0.382545E+02   0.764684E+05   0.194492E+04
   0.108100E+03   0.133008E+04   0.382562E+02   0.764808E+05   0.194484E+04
   0.108200E+03   0.133023E+04   0.382587E+02   0.764931E+05   0.194476E+04
   0.108300E+03   0.133038E+04   0.382608E+02   0.765053E+05   0.194468E+04
   0.108400E+03   0.133053E+04   0.382611E+02   0.765175E+05   0.194458E+04
   0.108500E+03   0.133068E+04   0.382630E+02   0.765297E+05   0.194451E+04
   0.108600E+03   0.133083E+04   0.382644E+02   0.765418E+05   0.194445E+04
   0.108700E+03   0.133098E+04   0.382662E+02   0.765539E+05   0.194435E+04
   0.108800E+03   0.133112E+04   0.382677E+02   0.765659E+05   0.194427E+04
   0.108900E+03   0.133127E+04   0.382705E+02   0.765779E+05   0.194418E+04
   0.109000E+03   0.133141E+04   0.382727E+02   0.765898E+05   0.194412E+04
   0.109100E+03   0.133156E+04   0.382741E+02   0.766017E+05   0.194402E+04
   0.109200E+03   0.133170E+04   0.382764E+02   0.766136E+05   0.194396E+04
   0.109300E+03   0.133184E+04   0.382772E+02   0.766254E+05   0.194387E+04
   0.109400E+03   0.133199E+04   0.382795E+02   0.766372E+05   0.194380E+04
   0.109500E+03   0.133213E+04   0.382804E+02   0.766489E+05   0.194372E+04
   0.109600E+03   0.133227E+04   0.382830E+02   0.766606E+05   0.194363E+04
   0.109700E+03   0.133242E+04   0.382832E+02   0.766723E+05   0.194357E+04
   0.109800E+03   0.133256E+04   0.382850E+02   0.766839E+05   0.194349E+04
   0.109900E+03   0.133270E+04   0.382859E+02   0.766955E+05   0.194343E+04
   0.110000E+03   0.133284E+04   0.382887E+02   0.767070E+05   0.194336E+04
   0.110100E+03   0.133298E+04   0.382923E+02   0.767185E+05   0.194326E+04
   0.110200E+03   0.133312E+04   0.382911E+02   0.767300E+05   0.194320E+04
   0.110300E+03   0.133326E+04   0.382937E+02   0.767414E+05   0.194312E+04
   0.110400E+03   0.133339E+04   0.382960E+02   0.767527E+05   0.194306E+04
   0.110500E+03   0.133353E+04   0.382975E+02   0.767640E+05   0.194298E+04
   0.110600E+03   0.133367E+04   0.382998E+02   0.767753E+05   0.194291E+04
   0.110700E+03   0.133380E+04   0.383006E+02   0.767866E+05   0.194283E+04
   0.110800E+03   0.133394E+04   0.383033E+02   0.767978E+05   0.194277E+04
   0.110900E+03   0.133408E+04   0.383045E+02   0.768090E+05   0.194269E+04
   0.111000E+03   0.133421E+04   0.383053E+02   0.768201E+05   0.194263E+04
   0.111100E+03   0.133435E+04   0.383070E+02   0.768312E+05   0.194255E+04
   0.111200E+03   0.133448E+04   0.383089E+02   0.768422E+05   0.194250E+04
   0.111300E+03   0.133462E+04   0.383098E+02   0.768533E+05   0.194241E+04
   0.111400E+03   0.133475E+04   0.383118E+02   0.768642E+05   0.194235E+04
   0.111500E+03   0.133488E+04   0.383130E+02   0.768751E+05   0.194227E+04
   0.111600E+03   0.133501E+04   0.383170E+02   0.768860E+05   0.194220E+04
   0.111700E+03   0.133515E+04   0.383179E+02   0.768969E+05   0.194215E+04
   0.111800E+03   0.133528E+04   0.383182E+02   0.769077E+05   0.194209E+04
   0.111900E+03   0.133541E+04   0.383202E+02   0.769185E+05   0.194199E+04
   0.112000E+03   0.133554E+04   0.383229E+02   0.769292E+05   0.194194E+04
   0.112100E+03   0.133567E+04   0.383238E+02   0.769399E+05   0.194187E+04
   0.112200E+03   0.133580E+04   0.383262E+02   0.769506E+05   0.194180E+04
   0.112300E+03   0.133593E+04   0.383279E+02   0.769612E+05   0.194171E+04
   0.112400E+03   0.133606E+04   0.383298E+02   0.769718E+05   0.194168E+04
   0.112500E+03   0.133618E+04   0.383317E+02   0.769824E+05   0.194162E+04
   0.112600E+03   0.133631E+04   0.383319E+02   0.769929E+05   0.194155E+04
   0.112700E+03   0.133644E+04   0.383348E+02   0.770033E+05   0.194147E+04
   0.112800E+03   0.133657E+04   0.383372E+02   0.770138E+05   0.194142E+04
   0.112900E+03   0.133669E+04   0.383371E+02   0.770242E+05   0.194135E+04
   0.113000E+03   0.133682E+04   0.383396E+02   0.770345E+05   0.194128E+04
   0.113100E+03   0.133695E+04   0.383412E+02   0.770449E+05   0.194125E+04
   0.113200E+03   0.133707E+04   0.383433E+02   0.770552E+05   0.194118E+04
   0.113300E+03   0.133720E+04   0.383442E+02   0.770654E+05   0.194111E+04
   0.113400E+03   0.133732E+04   0.383464E+02   0.770756E+05   0.194104E+04
   0.113500E+03   0.133744E+04   0.383488E+02   0.770858E+05   0.194098E+04
   0.113600E+03   0.133757E+04   0.383491E+02   0.770959E+05   0.194094E+04
   0.113700E+03   0.133769E+04   0.383535E+02   0.771061E+05   0.194087E+04
   0.113800E+03   0.133781E+04   0.383545E+02   0.771162E+05   0.194080E+04
   0.113900E+03   0.133793E+04   0.383555E+02   0.771262E+05   0.194073E+04
   0.114000E+03   0.133806E+04   0.383570E+02   0.771362E+05   0.194068E+04
   0.114100E+03   0.133818E+04   0.383594E+02   0.771461E+05   0.194064E+04
   0.114200E+03   0.133830E+04   0.383607E+02   0.771561E+05   0.194056E+04
   0.114300E+03   0.133842E+04   0.383635E+02   0.771660E+05   0.194052E+04
   0.114400E+03   0.133854E+04   0.383629E+02   0.771758E+05   0.194044E+04
   0.114500E+03   0.133866E+04   0.383670E+02   0.771856E+05   0.194040E+04
   0.114600E+03   0.133878E+04   0.383675E+02   0.771954E+05   0.194034E+04
   0.114700E+03   0.133889E+04   0.383710E+02   0.772052E+05   0.194027E+04
   0.114800E+03   0.133901E+04   0.383718E+02   0.772149E+05   0.194023E+04
   0.114900E+03   0.133913E+04   0.383717E+02   0.772246E+05   0.194016E+04
   0.115000E+03   0.133925E+04   0.383745E+02   0.772343E+05   0.194012E+04
   0.115100E+03   0.133936E+04   0.383763E+02   0.772439E+05   0.194003E+04
   0.115200E+03   0.133948E+04   0.383774E+02   0.772534E+05   0.194001E+04
   0.115300E+03   0.133960E+04   0.383796E+02   0.772630E+05   0.193995E+04
   0.115400E+03   0.133971E+04   0.383800E+02   0.772725E+05   0.193989E+04
   0.115500E+03   0.133983E+04   0.383842E+02   0.772820E+05   0.193984E+04
   0.115600E+03   0.133994E+04   0.383846E+02   0.772915E+05   0.193981E+04
   0.115700E+03   0.134006E+04   0.383885E+02   0.773009E+05   0.193973E+04
   0.115800E+03   0.134017E+04   0.383889E+02   0.773102E+05   0.193969E+04
   0.115900E+03   0.134028E+04   0.383918E+02   0.773196E+05   0.193964E+04
   0.116000E+03   0.134040E+04   0.383919E+02   0.773289E+05   0.193957E+04
   0.116100E+03   0.134051E+04   0.383943E+02   0.773382E+05   0.193955E+04
   0.116200E+03   0.134062E+04   0.383958E+02   0.773474E+05   0.193949E+04
   0.116300E+03   0.134074E+04   0.383970E+02   0.773566E+05   0.193943E+04
   0.116400E+03   0.134085E+04   0.384012E+02   0.773658E+05   0.193939E+04
   0.116500E+03   0.134096E+04   0.384020E+02   0.773750E+05   0.193934E+04
   0.116600E+03   0.134107E+04   0.384022E+02   0.773841E+05   0.193929E+04
   0.116700E+03   0.134118E+04   0.384065E+02   0.773932E+05   0.193924E+04
   0.116800E+03   0.134129E+04   0.384069E+02   0.774022E+05   0.193918E+04
   0.116900E+03   0.134140E+04   0.384087E+02   0.774112E+05   0.193913E+04
   0.117000E+03   0.134151E+04   0.384110E+02   0.774202E+05   0.193907E+04
   0.117100E+03   0.134162E+04   0.384114E+02   0.774292E+05   0.193903E+04
   0.117200E+03   0.134172E+04   0.384147E+02   0.774381E+05   0.193901E+04
   0.117300E+03   0.134183E+04   0.384149E+02   0.774470E+05   0.193895E+04
   0.117400E+03   0.134194E+04   0.384171E+02   0.774559E+05   0.193889E+04
   0.117500E+03   0.134205E+04   0.384199E+02   0.774647E+05   0.193885E+04
   0.117600E+03   0.134216E+04   0.384211E+02   0.774735E+05   0.193881E+04
   0.117700E+03   0.134226E+04   0.384210E+02   0.774823E+05   0.193878E+04
   0.117800E+03   0.134237E+04   0.384239E+02   0.774910E+05   0.193870E+04
   0.117900E+03   0.134247E+04   0.384262E+02   0.774997E+05   0.193867E+04
   0.118000E+03   0.134258E+04   0.384277E+02   0.775084E+05   0.193864E+04
   0.118100E+03   0.134268E+04   0.384282E+02   0.775170E+05   0.193858E+04
   0.118200E+03   0.134279E+04   0.384319E+02   0.775256E+05   0.193855E+04
   0.118300E+03   0.134289E+04   0.384331E+02   0.775342E+05   0.193849E+04
   0.118400E+03   0.134300E+04   0.384336E+02   0.775428E+05   0.193845E+04
   0.118500E+03   0.134310E+04   0.384366E+02   0.775513E+05   0.193841E+04
   0.118600E+03   0.134320E+04   0.384392E+02   0.775598E+05   0.193836E+04
   0.118700E+03   0.134331E+04   0.384403E+02   0.775682E+05   0.193834E+04
   0.118800E+03   0.134341E+04   0.384434E+02   0.775766E+05   0.193828E+04
   0.118900E+03   0.134351E+04   0.384439E+02   0.775850E+05   0.193825E+04
   0.119000E+03   0.134361E+04   0.384458E+02   0.775934E+05   0.193821E+04
   0.119100E+03   0.134372E+04   0.384464E+02   0.776018E+05   0.193817E+04
   0.119200E+03   0.134381E+04   0.384504E+02   0.776101E+05   0.193813E+04
   0.119300E+03   0.134392E+04   0.384510E+02   0.776184E+05   0.193810E+04
   0.119400E+03   0.134402E+04   0.384519E+02   0.776266E+05   0.193806E+04
   0.119500E+03   0.134412E+04   0.384553E+02   0.776348E+05   0.193800E+04
   0.119600E+03   0.134421E+04   0.384572E+02   0.776430E+05   0.193797E+04
   0.119700E+03   0.134431E+04   0.384570E+02   0.776511E+05   0.193793E+04
   0.119800E+03   0.134441E+04   0.384590E+02   0.776593E+05   0.193789E+04
   0.119900E+03   0.134451E+04   0.384610E+02   0.776674E+05   0.193784E+04
   0.120000E+03   0.134461E+04   0.384626E+02   0.776755E+05   0.193782E+04
   0.120100E+03   0.134471E+04   0.384642E+02   0.776835E+05   0.193777E+04
   0.120200E+03   0.134480E+04   0.384683E+02   0.776916E+05   0.193775E+04
   0.120300E+03   0.134490E+04   0.384679E+02   0.776995E+05   0.193771E+04
   0.120400E+03   0.134500E+04   0.384699E+02   0.777075E+05   0.193768E+04
   0.120500E+03   0.134509E+04   0.384715E+02   0.777154E+05   0.193764E+04
   0.120600E+03   0.134519E+04   0.384742E+02   0.777233E+05   0.193760E+04
   0.120700E+03   0.134529E+04   0.384754E+02   0.777312E+05   0.193755E+04
   0.120800E+03   0.134538E+04   0.384767E+02   0.777390E+05   0.193754E+04
   0.120900E+03   0.134548E+04   0.384784E+02   0.777469E+05   0.193750E+04
   0.121000E+03   0.134557E+04   0.384811E+02   0.777547E+05   0.193747E+04
   0.121100E+03   0.134567E+04   0.384824E+02   0.777624E+05   0.193742E+04
   0.121200E+03   0.134576E+04   0.384830E+02   0.777702E+05   0.193739E+04
   0.121300E+03   0.134585E+04   0.384861E+02   0.777779E+05   0.193735E+04
   0.121400E+03   0.134595E+04   0.384888E+02   0.777856E+05   0.193731E+04
   0.121500E+03   0.134604E+04   0.384887E+02   0.777932E+05   0.193728E+04
   0.121600E+03   0.134613E+04   0.384918E+02   0.778009E+05   0.193727E+04
   0.121700E+03   0.134623E+04   0.384924E+02   0.778085E+05   0.193721E+04
   0.121800E+03   0.134632E+04   0.384951E+02   0.778160E+05   0.193720E+04
   0.121900E+03   0.134641E+04   0.384957E+02   0.778236E+05   0.193716E+04
   0.122000E+03   0.134650E+04   0.384985E+02   0.778311E+05   0.193711E+04
   0.122100E+03   0.134659E+04   0.384984E+02   0.778386E+05   0.193711E+04
   0.122200E+03   0.134668E+04   0.385008E+02   0.778461E+05   0.193706E+04
   0.122300E+03   0.134677E+04   0.385046E+02   0.778535E+05   0.193703E+04
   0.122400E+03   0.134686E+04   0.385032E+02   0.778609E+05   0.193700E+04
   0.122500E+03   0.134695E+04   0.385076E+02   0.778683E+05   0.193699E+04
   0.122600E+03   0.134704E+04   0.385090E+02   0.778756E+05   0.193694E+04
   0.122700E+03   0.134713E+04   0.385107E+02   0.778830E+05   0.193691E+04
   0.122800E+03   0.134722E+04   0.385117E+02   0.778903E+05   0.193690E+04
   0.122900E+03   0.134731E+04   0.385141E+02   0.778976E+05   0.193687E+04
   0.123000E+03   0.134740E+04   0.385151E+02   0.779049E+05   0.193684E+04
   0.123100E+03   0.134749E+04   0.385165E+02   0.779121E+05   0.193679E+04
   0.123200E+03   0.134757E+04   0.385196E+02   0.779193E+05   0.193678E+04
   0.123300E+03   0.134766E+04   0.385206E+02   0.779264E+05   0.193674E+04
   0.123400E+03   0.134775E+04   0.385217E+02   0.779336E+05   0.193671E+04
   0.123500E+03   0.134783E+04   0.385244E+02   0.779408E+05   0.193668E+04
   0.123600E+03   0.134792E+04   0.385258E+02   0.779479E+05   0.193666E+04
   0.123700E+03   0.134801E+04   0.385268E+02   0.779549E+05   0.193664E+04
   0.123800E+03   0.134809E+04   0.385300E+02   0.779620E+05   0.193661E+04
   0.123900E+03   0.134818E+04   0.385317E+02   0.779690E+05   0.193658E+04
   0.124000E+03   0.134826E+04   0.385328E+02   0.779760E+05   0.193657E+04
   0.124100E+03   0.134835E+04   0.385335E+02   0.779830E+05   0.193654E+04
   0.124200E+03   0.134843E+04   0.385356E+02   0.779899E+05   0.193652E+04
   0.124300E+03   0.134851E+04   0.385377E+02   0.779969E+05   0.193649E+04
   0.124400E+03   0.134860E+04   0.385404E+02   0.780038E+05   0.193645E+04
   0.124500E+03   0.134868E+04   0.385411E+02   0.780106E+05   0.193645E+04
   0.124600E+03   0.134876E+04   0.385440E+02   0.780175E+05   0.193640E+04
   0.124700E+03   0.134885E+04   0.385446E+02   0.780243E+05   0.193639E+04
   0.124800E+03   0.134893E+04   0.385485E+02   0.780311E+05   0.193638E+04
   0.124900E+03   0.134901E+04   0.385475E+02   0.780379E+05   0.193636E+04
   0.125000E+03   0.134910E+04   0.385503E+02   0.780447E+05   0.193633E+04
   0.125100E+03   0.134918E+04   0.385523E+02   0.780514E+05   0.193631E+04
   0.125200E+03   0.134926E+04   0.385545E+02   0.780581E+05   0.193627E+04
   0.125300E+03   0.134934E+04   0.385541E+02   0.780648E+05   0.193626E+04
   0.125400E+03   0.134942E+04   0.385577E+02   0.780715E+05   0.193623E+04
   0.125500E+03   0.134950E+04   0.385598E+02   0.780781E+05   0.193622E+04
   0.125600E+03   0.134958E+04   0.385595E+02   0.780847E+05   0.193618E+04
   0.125700E+03   0.134966E+04   0.385637E+02   0.780913E+05   0.193617E+04
   0.125800E+03   0.134974E+04   0.385638E+02   0.780979E+05   0.193615E+04
   0.125900E+03   0.134982E+04   0.385673E+02   0.781044E+05   0.193613E+04
   0.126000E+03   0.134990E+04   0.385656E+02   0.781109E+05   0.193610E+04
   0.126100E+03   0.134998E+04   0.385687E+02   0.781174E+05   0.193610E+04
   0.126200E+03   0.135006E+04   0.385716E+02   0.781239E+05   0.193607E+04
   0.126300E+03   0.135014E+04   0.385727E+02   0.781303E+05   0.193604E+04
   0.126400E+03   0.135021E+04   0.385745E+02   0.781368E+05   0.193604E+04
   0.126500E+03   0.135029E+04   0.385760E+02   0.781432E+05   0.193599E+04
   0.126600E+03   0.135037E+04   0.385785E+02   0.781496E+05   0.193599E+04
   0.126700E+03   0.135045E+04   0.385806E+02   0.781559E+05   0.193599E+04
   0.126800E+03   0.135052E+04   0.385824E+02   0.781622E+05   0.193594E+04
   0.126900E+03   0.135060E+04   0.385835E+02   0.781686E+05   0.193594E+04
   0.127000E+03   0.135068E+04   0.385836E+02   0.781749E+05   0.193591E+04
   0.127100E+03   0.135075E+04   0.385847E+02   0.781811E+05   0.193589E+04
   0.127200E+03   0.135083E+04   0.385862E+02   0.781874E+05   0.193590E+04
   0.127300E+03   0.135090E+04   0.385908E+02   0.781936E+05   0.193586E+04
   0.127400E+03   0.135098E+04   0.385926E+02   0.781998E+05   0.193584E+04
   0.127500E+03   0.135105E+04   0.385943E+02   0.782060E+05   0.193583E+04
   0.127600E+03   0.135113E+04   0.385958E+02   0.782121E+05   0.193582E+04
   0.127700E+03   0.135120E+04   0.385973E+02   0.782182E+05   0.193579E+04
   0.127800E+03   0.135128E+04   0.385995E+02   0.782244E+05   0.193579E+04
   0.127900E+03   0.135135E+04   0.386010E+02   0.782305E+05   0.193577E+04
   0.128000E+03   0.135142E+04   0.385997E+02   0.782365E+05   0.193575E+04
   0.128100E+03   0.135150E+04   0.386032E+02   0.782426E+05   0.193575E+04
   0.128200E+03   0.135157E+04   0.386047E+02   0.782486E+05   0.193572E+04
   0.128300E+03   0.135164E+04   0.386073E+02   0.782546E+05   0.193572E+04
   0.128400E+03   0.135172E+04   0.386081E+02   0.782606E+05   0.193568E+04
   0.128500E+03   0.135179E+04   0.386120E+02   0.782666E+05   0.193570E+04
   0.128600E+03   0.135186E+04   0.386103E+02   0.782725E+05   0.193567E+04
   0.128700E+03   0.135193E+04   0.386149E+02   0.782784E+05   0.193564E+04
   0.128800E+03   0.135201E+04   0.386144E+02   0.782843E+05   0.193565E+04
   0.128900E+03   0.135208E+04   0.386156E+02   0.782902E+05   0.193563E+04
   0.129000E+03   0.135215E+04   0.386202E+02   0.782961E+05   0.193560E+04
   0.129100E+03   0.135222E+04   0.386196E+02   0.783019E+05   0.193559E+04
   0.129200E+03   0.135229E+04   0.386221E+02   0.783077E+05   0.193561E+04
   0.129300E+03   0.135236E+04   0.386233E+02   0.783135E+05   0.193557E+04
   0.129400E+03   0.135243E+04   0.386241E+02   0.783193E+05   0.193556E+04
   0.129500E+03   0.135250E+04   0.386273E+02   0.783251E+05   0.193557E+04
   0.129600E+03   0.135257E+04   0.386278E+02   0.783308E+05   0.193553E+04
   0.129700E+03   0.135264E+04   0.386311E+02   0.783365E+05   0.193551E+04
   0.129800E+03   0.135271E+04   0.386329E+02   0.783422E+05   0.193552E+04
   0.129900E+03   0.135278E+04   0.386331E+02   0.783478E+05   0.193551E+04
   0.130000E+03   0.135285E+04   0.386352E+02   0.783535E+05   0.193549E+04
   0.130100E+03   0.135291E+04   0.386364E+02   0.783591E+05   0.193550E+04
   0.130200E+03   0.135298E+04   0.386389E+02   0.783647E+05   0.193548E+04
   0.130300E+03   0.135305E+04   0.386402E+02   0.783703E+05   0.193545E+04
   0.130400E+03   0.135312E+04   0.386417E+02   0.783759E+05   0.193544E+04
   0.130500E+03   0.135318E+04   0.386422E+02   0.783815E+05   0.193545E+04
   0.130600E+03   0.135325E+04   0.386461E+02   0.783870E+05   0.193542E+04
   0.130700E+03   0.135332E+04   0.386484E+02   0.783925E+05   0.193543E+04
   0.130800E+03   0.135339E+04   0.386481E+02   0.783980E+05   0.193540E+04
   0.130900E+03   0.135345E+04   0.386493E+02   0.784035E+05   0.193542E+04
   0.131000E+03   0.135352E+04   0.386508E+02   0.784089E+05   0.193540E+04
   0.131100E+03   0.135359E+04   0.386538E+02   0.784144E+05   0.193539E+04
   0.131200E+03   0.135365E+04   0.386542E+02   0.784198E+05   0.193538E+04
   0.131300E+03   0.135371E+04   0.386558E+02   0.784252E+05   0.193537E+04
   0.131400E+03   0.135378E+04   0.386587E+02   0.784306E+05   0.193536E+04
   0.131500E+03   0.135385E+04   0.386596E+02   0.784359E+05   0.193536E+04
   0.131600E+03   0.135391E+04   0.386626E+02   0.784412E+05   0.193533E+04
   0.131700E+03   0.135397E+04   0.386610E+02   0.784466E+05   0.193533E+04
   0.131800E+03   0.135404E+04   0.386634E+02   0.784519E+05   0.193532E+04
   0.131900E+03   0.135410E+04   0.386661E+02   0.784571E+05   0.193534E+04
   0.132000E+03   0.135417E+04   0.386677E+02   0.784624E+05   0.193532E+04
   0.132100E+03   0.135423E+04   0.386681E+02   0.784676E+05   0.193533E+04
   0.132200E+03   0.135430E+04   0.386708E+02   0.784729E+05   0.193531E+04
   0.132300E+03   0.135436E+04   0.386726E+02   0.784781E+05   0.193531E+04
   0.132400E+03   0.135442E+04   0.386739E+02   0.784833E+05   0.193529E+04
   0.132500E+03   0.135448E+04   0.386748E+02   0.784884E+05   0.193529E+04
   0.132600E+03   0.135455E+04   0.386787E+02   0.784936E+05   0.193528E+04
   0.132700E+03   0.135461E+04   0.386789E+02   0.784987E+05   0.193530E+04
   0.132800E+03   0.135467E+04   0.386811E+02   0.785038E+05   0.193528E+04
   0.132900E+03   0.135473E+04   0.386820E+02   0.785089E+05   0.193528E+04
   0.133000E+03   0.135479E+04   0.386836E+02   0.785140E+05   0.193525E+04
   0.133100E+03   0.135486E+04   0.386865E+02   0.785191E+05   0.193525E+04
   0.133200E+03   0.135492E+04   0.386864E+02   0.785241E+05   0.193524E+04
   0.133300E+03   0.135498E+04   0.386899E+02   0.785291E+05   0.193524E+04
   0.133400E+03   0.135504E+04   0.386915E+02   0.785341E+05   0.193526E+04
   0.133500E+03   0.135510E+04   0.386920E+02   0.785391E+05   0.193523E+04
   0.133600E+03   0.135516E+04   0.386942E+02   0.785441E+05   0.193523E+04
   0.133700E+03   0.135522E+04   0.386952E+02   0.785491E+05   0.193524E+04
   0.133800E+03   0.135528E+04   0.386967E+02   0.785540E+05   0.193524E+04
   0.133900E+03   0.135534E+04   0.386993E+02   0.785589E+05   0.193524E+04
   0.134000E+03   0.135540E+04   0.386989E+02   0.785638E+05   0.193523E+04
   0.134100E+03   0.135546E+04   0.387007E+02   0.785687E+05   0.193522E+04
   0.134200E+03   0.135552E+04   0.387037E+02   0.785735E+05   0.193523E+04
   0.134300E+03   0.135558E+04   0.387040E+02   0.785784E+05   0.193522E+04
   0.134400E+03   0.135564E+04   0.387083E+02   0.785832E+05   0.193521E+04
   0.134500E+03   0.135569E+04   0.387088E+02   0.785880E+05   0.193521E+04
   0.134600E+03   0.135575E+04   0.387104E+02   0.785929E+05   0.193520E+04
   0.134700E+03   0.135581E+04   0.387123E+02   0.785976E+05   0.193520E+04
   0.134800E+03   0.135587E+04   0.387152E+02   0.786024E+05   0.193520E+04
   0.134900E+03   0.135592E+04   0.387149E+02   0.786071E+05   0.193520E+04
   0.135000E+03   0.135598E+04   0.387154E+02   0.786118E+05   0.193519E+04
   0.135100E+03   0.135604E+04   0.387177E+02   0.786166E+05   0.193518E+04
   0.135200E+03   0.135610E+04   0.387182E+02   0.786212E+05   0.193520E+04
   0.135300E+03   0.135616E+04   0.387218E+02   0.786259E+05   0.193519E+04
   0.135400E+03   0.135621E+04   0.387235E+02   0.786306E+05   0.193519E+04
   0.135500E+03   0.135627E+04   0.387240E+02   0.786352E+05   0.193519E+04
   0.135600E+03   0.135632E+04   0.387252E+02   0.786399E+05   0.193519E+04
   0.135700E+03   0.135638E+04   0.387261E+02   0.786444E+05   0.193520E+04
   0.135800E+03   0.135643E+04   0.387284E+02   0.786491E+05   0.193519E+04
   0.135900E+03   0.135649E+04   0.387304E+02   0.786536E+05   0.193519E+04
   0.136000E+03   0.135655E+04   0.387313E+02   0.786582E+05   0.193519E+04
   0.136100E+03   0.135660E+04   0.387331E+02   0.786627E+05   0.193519E+04
   0.136200E+03   0.135666E+04   0.387369E+02   0.786673E+05   0.193519E+04
   0.136300E+03   0.135671E+04   0.387370E+02   0.786718E+05   0.193520E+04
   0.136400E+03   0.135677E+04   0.387369E+02   0.786763E+05   0.193519E+04
   0.136500E+03   0.135682E+04   0.387404E+02   0.786808E+05   0.193520E+04
   0.136600E+03   0.135687E+04   0.387422E+02   0.786852E+05   0.193518E+04
   0.136700E+03   0.135693E+04   0.387418E+02   0.786897E+05   0.193521E+04
   0.136800E+03   0.135698E+04   0.387440E+02   0.786941E+05   0.193519E+04
   0.136900E+03   0.135704E+04   0.387449E+02   0.786985E+05   0.193520E+04
   0.137000E+03   0.135709E+04   0.387486E+02   0.787029E+05   0.193520E+04
   0.137100E+03   0.135714E+04   0.387496E+02   0.787073E+05   0.193520E+04
   0.137200E+03   0.135719E+04   0.387498E+02   0.787117E+05   0.193519E+04
   0.137300E+03   0.135725E+04   0.387528E+02   0.787161E+05   0.193522E+04
   0.137400E+03   0.135730E+04   0.387548E+02   0.787204E+05   0.193521E+04
   0.137500E+03   0.135736E+04   0.387543E+02   0.787247E+05   0.193521E+04
   0.137600E+03   0.135741E+04   0.387565E+02   0.787290E+05   0.193521E+04
   0.137700E+03   0.135746E+04   0.387564E+02   0.787333E+05   0.193521E+04
   0.137800E+03   0.135751E+04   0.387600E+02   0.787376E+05   0.193521E+04
   0.137900E+03   0.135756E+04   0.387593E+02   0.787419E+05   0.193522E+04
   0.138000E+03   0.135761E+04   0.387630E+02   0.787461E+05   0.193524E+04
   0.138100E+03   0.135766E+04   0.387629E+02   0.787503E+05   0.193522E+04
   0.138200E+03   0.135772E+04   0.387648E+02   0.787545E+05   0.193524E+04
   0.138300E+03   0.135777E+04   0.387651E+02   0.787588E+05   0.193525E+04
   0.138400E+03   0.135782E+04   0.387687E+02   0.787629E+05   0.193524E+04
   0.138500E+03   0.135787E+04   0.387707E+02   0.787671E+05   0.193526E+04
   0.138600E+03   0.135792E+04   0.387706E+02   0.787712E+05   0.193525E+04
   0.138700E+03   0.135797E+04   0.387722E+02   0.787754E+05   0.193525E+04
   0.138800E+03   0.135802E+04   0.387759E+02   0.787795E+05   0.193526E+04
   0.138900E+03   0.135807E+04   0.387762E+02   0.787837E+05   0.193526E+04
   0.139000E+03   0.135812E+04   0.387774E+02   0.787877E+05   0.193526E+04
   0.139100E+03   0.135817E+04   0.387790E+02   0.787918E+05   0.193525E+04
   0.139200E+03   0.135822E+04   0.387786E+02   0.787959E+05   0.193528E+04
   0.139300E+03   0.135827E+04   0.387816E+02   0.787999E+05   0.193528E+04
   0.139400E+03   0.135832E+04   0.387835E+02   0.788040E+05   0.193529E+04
   0.139500E+03   0.135837E+04   0.387851E+02   0.788080E+05   0.193528E+04
   0.139600E+03   0.135841E+04   0.387862E+02   0.788120E+05   0.193529E+04
   0.139700E+03   0.135846E+04   0.387881E+02   0.788160E+05   0.193532E+04
   0.139800E+03   0.135851E+04   0.387894E+02   0.788200E+05   0.193531E+04
   0.139900E+03   0.135856E+04   0.387920E+02   0.788240E+05   0.193531E+04
   0.140000E+03   0.135861E+04   0.387940E+02   0.788279E+05   0.193533E+04
   0.140100E+03   0.135865E+04   0.387945E+02   0.788318E+05   0.193533E+04
   0.140200E+03   0.135870E+04   0.387951E+02   0.788358E+05   0.193531E+04
   0.140300E+03   0.135875E+04   0.387978E+02   0.788397E+05   0.193532E+04
   0.140400E+03   0.135880E+04   0.388000E+02   0.788436E+05   0.193534E+04
   0.140500E+03   0.135885E+04   0.387997E+02   0.788475E+05   0.193534E+04
   0.140600E+03   0.135889E+04   0.388014E+02   0.788513E+05   0.193534E+04
   0.140700E+03   0.135894E+04   0.388020E+02   0.788552E+05   0.193535E+04
   0.140800E+03   0.135899E+04   0.388033E+02   0.788591E+05   0.193536E+04
   0.140900E+03   0.135903E+04   0.388051E+02   0.788629E+05   0.193537E+04
   0.141000E+03   0.135908E+04   0.388082E+02   0.788667E+05   0.193538E+04
   0.141100E+03   0.135912E+04   0.388088E+02   0.788705E+05   0.193540E+04
   0.141200E+03   0.135917E+04   0.388100E+02   0.788743E+05   0.193540E+04
   0.141300E+03   0.135922E+04   0.388110E+02   0.788781E+05   0.193542E+04
   0.141400E+03   0.135926E+04   0.388115E+02   0.788818E+05   0.193541E+04
   0.141500E+03   0.135931E+04   0.388147E+02   0.788856E+05   0.193542E+04
   0.141600E+03   0.135935E+04   0.388152E+02   0.788893E+05   0.193542E+04
   0.141700E+03   0.135940E+04   0.388166E+02   0.788930E+05   0.193542E+04
   0.141800E+03   0.135944E+04   0.388188E+02   0.788967E+05   0.193542E+04
   0.141900E+03   0.135949E+04   0.388201E+02   0.789004E+05   0.193545E+04
   0.142000E+03   0.135953E+04   0.388218E+02   0.789041E+05   0.193546E+04
   0.142100E+03   0.135958E+04   0.388224E+02   0.789078E+05   0.193545E+04
   0.142200E+03   0.135962E+04   0.388243E+02   0.789114E+05   0.193547E+04
   0.142300E+03   0.135967E+04   0.388249E+02   0.789151E+05   0.193547E+04
   0.142400E+03   0.135971E+04   0.388273E+02   0.789187E+05   0.193547E+04
   0.142500E+03   0.135975E+04   0.388279E+02   0.789223E+05   0.193550E+04
   0.142600E+03   0.135980E+04   0.388312E+02   0.789259E+05   0.193550E+04
   0.142700E+03   0.135984E+04   0.388305E+02   0.789295E+05   0.193550E+04
   0.142800E+03   0.135988E+04   0.388333E+02   0.789331E+05   0.193551E+04
   0.142900E+03   0.135993E+04   0.388344E+02   0.789367E+05   0.193549E+04
   0.143000E+03   0.135997E+04   0.388354E+02   0.789402E+05   0.193552E+04
   0.143100E+03   0.136001E+04   0.388369E+02   0.789438E+05   0.193553E+04
   0.143200E+03   0.136006E+04   0.388397E+02   0.789473E+05   0.193554E+04
   0.143300E+03   0.136010E+04   0.388386E+02   0.789508E+05   0.193556E+04
   0.143400E+03   0.136014E+04   0.388417E+02   0.789543E+05   0.193556E+04
   0.143500E+03   0.136019E+04   0.388423E+02   0.789578E+05   0.193557E+04
   0.143600E+03   0.136022E+04   0.388442E+02   0.789613E+05   0.193557E+04
   0.143700E+03   0.136027E+04   0.388441E+02   0.789647E+05   0.193559E+04
   0.143800E+03   0.136031E+04   0.388471E+02   0.789682E+05   0.193559E+04
   0.143900E+03   0.136035E+04   0.388478E+02   0.789716E+05   0.193561E+04
   0.144000E+03   0.136039E+04   0.388491E+02   0.789750E+05   0.193561E+04
   0.144100E+03   0.136044E+04   0.388497E+02   0.789785E+05   0.193565E+04
   0.144200E+03   0.136048E+04   0.388528E+02   0.789819E+05   0.193565E+04
   0.144300E+03   0.136052E+04   0.388540E+02   0.789852E+05   0.193565E+04
   0.144400E+03   0.136056E+04   0.388538E+02   0.789886E+05   0.193566E+04
   0.144500E+03   0.136060E+04   0.388562E+02   0.789920E+05   0.193568E+04
   0.144600E+03   0.136064E+04   0.388579E+02   0.789954E+05   0.193570E+04
   0.144700E+03   0.136068E+04   0.388574E+02   0.789987E+05   0.193569E+04
   0.144800E+03   0.136072E+04   0.388611E+02   0.790020E+05   0.193570E+04
   0.144900E+03   0.136076E+04   0.388624E+02   0.790054E+05   0.193570E+04
   0.145000E+03   0.136080E+04   0.388624E+02   0.790086E+05   0.193571E+04
   0.145100E+03   0.136084E+04   0.388654E+02   0.790119E+05   0.193573E+04
   0.145200E+03   0.136088E+04   0.388649E+02   0.790152E+05   0.193573E+04
   0.145300E+03   0.136092E+04   0.388670E+02   0.790185E+05   0.193574E+04
   0.145400E+03   0.136096E+04   0.388686E+02   0.790218E+05   0.193576E+04
   0.145500E+03   0.136100E+04   0.388692E+02   0.790250E+05   0.193578E+04
   0.145600E+03   0.136104E+04   0.388726E+02   0.790282E+05   0.193577E+04
   0.145700E+03   0.136108E+04   0.388726E+02   0.790315E+05   0.193580E+04
   0.145800E+03   0.136112E+04   0.388732E+02   0.790347E+05   0.193580E+04
   0.145900E+03   0.136116E+04   0.388741E+02   0.790379E+05   0.193582E+04
   0.146000E+03   0.136120E+04   0.388775E+02   0.790411E+05   0.193584E+04
   0.146100E+03   0.136123E+04   0.388780E+02   0.790443E+05   0.193584E+04
   0.146200E+03   0.136127E+04   0.388793E+02   0.790474E+05   0.193586E+04
   0.146300E+03   0.136131E+04   0.388821E+02   0.790506E+05   0.193585E+04
   0.146400E+03   0.136135E+04   0.388844E+02   0.790537E+05   0.193587E+04
   0.146500E+03   0.136139E+04   0.388844E+02   0.790569E+05   0.193588E+04
   0.146600E+03   0.136143E+04   0.388847E+02   0.790600E+05   0.193591E+04
   0.146700E+03   0.136146E+04   0.388856E+02   0.790631E+05   0.193592E+04
   0.146800E+03   0.136150E+04   0.388861E+02   0.790662E+05   0.193591E+04
   0.146900E+03   0.136154E+04   0.388875E+02   0.790693E+05   0.193593E+04
   0.147000E+03   0.136158E+04   0.388888E+02   0.790724E+05   0.193596E+04
   0.147100E+03   0.136161E+04   0.388895E+02   0.790754E+05   0.193596E+04
   0.147200E+03   0.136165E+04   0.388917E+02   0.790785E+05   0.193597E+04
   0.147300E+03   0.136169E+04   0.388931E+02   0.790815E+05   0.193598E+04
   0.147400E+03   0.136173E+04   0.388936E+02   0.790846E+05   0.193599E+04
   0.147500E+03   0.136176E+04   0.388968E+02   0.790876E+05   0.193600E+04
   0.147600E+03   0.136180E+04   0.388974E+02   0.790906E+05   0.193601E+04
   0.147700E+03   0.136183E+04   0.388999E+02   0.790936E+05   0.193604E+04
   0.147800E+03   0.136187E+04   0.389006E+02   0.790966E+05   0.193604E+04
   0.147900E+03   0.136191E+04   0.389012E+02   0.790996E+05   0.193606E+04
   0.148000E+03   0.136194E+04   0.389047E+02   0.791026E+05   0.193608E+04
   0.148100E+03   0.136198E+04   0.389052E+02   0.791055E+05   0.193607E+04
   0.148200E+03   0.136201E+04   0.389059E+02   0.791085E+05   0.193610E+04
   0.148300E+03   0.136205E+04   0.389069E+02   0.791114E+05   0.193611E+04
   0.148400E+03   0.136208E+04   0.389081E+02   0.791143E+05   0.193612E+04
   0.148500E+03   0.136212E+04   0.389087E+02   0.791173E+05   0.193613E+04
   0.148600E+03   0.136216E+04   0.389093E+02   0.791202E+05   0.193615E+04
   0.148700E+03   0.136219E+04   0.389125E+02   0.791231E+05   0.193615E+04
   0.148800E+03   0.136223E+04   0.389134E+02   0.791260E+05   0.193617E+04
   0.148900E+03   0.136226E+04   0.389146E+02   0.791288E+05   0.193617E+04
   0.149000E+03   0.136230E+04   0.389167E+02   0.791317E+05   0.193620E+04
   0.149100E+03   0.136233E+04   0.389163E+02   0.791346E+05   0.193621E+04
   0.149200E+03   0.136237E+04   0.389170E+02   0.791374E+05   0.193623E+04
   0.149300E+03   0.136240E+04   0.389209E+02   0.791402E+05   0.193625E+04
   0.149400E+03   0.136243E+04   0.389198E+02   0.791431E+05   0.193624E+04
   0.149500E+03   0.136247E+04   0.389229E+02   0.791459E+05   0.193627E+04
   0.149600E+03   0.136250E+04   0.389224E+02   0.791487E+05   0.193629E+04
   0.149700E+03   0.136254E+04   0.389226E+02   0.791515E+05   0.193630E+04
   0.149800E+03   0.136257E+04   0.389247E+02   0.791543E+05   0.193630E+04
   0.149900E+03   0.136261E+04   0.389281E+02   0.791570E+05   0.193633E+04
   0.150000E+03   0.136264E+04   0.389270E+02   0.791598E+05   0.193632E+04
   0.150100E+03   0.136267E+04   0.389300E+02   0.791626E+05   0.193637E+04
   0.150200E+03   0.136271E+04   0.389317E+02   0.791653E+05   0.193638E+04
   0.150300E+03   0.136274E+04   0.389302E+02   0.791681E+05   0.193637E+04
   0.150400E+03   0.136277E+04   0.389336E+02   0.791708E+05   0.193639E+04
   0.150500E+03   0.136280E+04   0.389354E+02   0.791735E+05   0.193640E+04
   0.150600E+03   0.136284E+04   0.389351E+02   0.791762E+05   0.193641E+04
   0.150700E+03   0.136287E+04   0.389380E+02   0.791789E+05   0.193643E+04
   0.150800E+03   0.136290E+04   0.389378E+02   0.791816E+05   0.193647E+04
   0.150900E+03   0.136294E+04   0.389395E+02   0.791843E+05   0.193645E+04
   0.151000E+03   0.136297E+04   0.389400E+02   0.791869E+05   0.193649E+04
   0.151100E+03   0.136300E+04   0.389406E+02   0.791896E+05   0.193649E+04
   0.151200E+03   0.136303E+04   0.389437E+02   0.791923E+05   0.193651E+04
   0.151300E+03   0.136307E+04   0.389433E+02   0.791949E+05   0.193653E+04
   0.151400E+03   0.136310E+04   0.389452E+02   0.791975E+05   0.193652E+04
   0.151500E+03   0.136313E+04   0.389464E+02   0.792001E+05   0.193656E+04
   0.151600E+03   0.136316E+04   0.389479E+02   0.792028E+05   0.193657E+04
   0.151700E+03   0.136319E+04   0.389488E+02   0.792054E+05   0.193657E+04
   0.151800E+03   0.136322E+04   0.389502E+02   0.792080E+05   0.193658E+04
   0.151900E+03   0.136325E+04   0.389501E+02   0.792106E+05   0.193661E+04
   0.152000E+03   0.136329E+04   0.389534E+02   0.792131E+05   0.193662E+04
   0.152100E+03   0.136332E+04   0.389538E+02   0.792157E+05   0.193665E+04
   0.152200E+03   0.136335E+04   0.389565E+02   0.792182E+05   0.193666E+04
   0.152300E+03   0.136338E+04   0.389546E+02   0.792208E+05   0.193667E+04
   0.152400E+03   0.136341E+04   0.389559E+02   0.792233E+05   0.193668E+04
   0.152500E+03   0.136344E+04   0.389597E+02   0.792258E+05   0.193671E+04
   0.152600E+03   0.136347E+04   0.389599E+02   0.792284E+05   0.193671E+04
   0.152700E+03   0.136350E+04   0.389619E+02   0.792309E+05   0.193672E+04
   0.152800E+03   0.136353E+04   0.389611E+02   0.792334E+05   0.193676E+04
   0.152900E+03   0.136356E+04   0.389632E+02   0.792359E+05   0.193676E+04
   0.153000E+03   0.136359E+04   0.389646E+02   0.792384E+05   0.193679E+04
   0.153100E+03   0.136362E+04   0.389648E+02   0.792408E+05   0.193678E+04
   0.153200E+03   0.136365E+04   0.389674E+02   0.792433E+05   0.193681E+04
   0.153300E+03   0.136368E+04   0.389693E+02   0.792458E+05   0.193682E+04
   0.153400E+03   0.136371E+04   0.389693E+02   0.792482E+05   0.193682E+04
   0.153500E+03   0.136374E+04   0.389686E+02   0.792507E+05   0.193686E+04
   0.153600E+03   0.136377E+04   0.389696E+02   0.792531E+05   0.193686E+04
   0.153700E+03   0.136380E+04   0.389726E+02   0.792555E+05   0.193689E+04
   0.153800E+03   0.136383E+04   0.389736E+02   0.792579E+05   0.193690E+04
   0.153900E+03   0.136386E+04   0.389751E+02   0.792604E+05   0.193691E+04
   0.154000E+03   0.136389E+04   0.389757E+02   0.792628E+05   0.193692E+04
   0.154100E+03   0.136392E+04   0.389776E+02   0.792651E+05   0.193694E+04
   0.154200E+03   0.136394E+04   0.389777E+02   0.792675E+05   0.193696E+04
   0.154300E+03   0.136397E+04   0.389798E+02   0.792699E+05   0.193698E+04
   0.154400E+03   0.136400E+04   0.389800E+02   0.792722E+05   0.193700E+04
   0.154500E+03   0.136403E+04   0.389809E+02   0.792746E+05   0.193701E+04
   0.154600E+03   0.136406E+04   0.389832E+02   0.792770E+05   0.193703E+04
   0.154700E+03   0.136409E+04   0.389846E+02   0.792793E+05   0.193703E+04
   0.154800E+03   0.136412E+04   0.389852E+02   0.792816E+05   0.193706E+04
   0.154900E+03   0.136415E+04   0.389862E+02   0.792839E+05   0.193706E+04
   0.155000E+03   0.136417E+04   0.389868E+02   0.792863E+05   0.193709E+04
   0.155100E+03   0.136420E+04   0.389874E+02   0.792886E+05   0.193710E+04
   0.155200E+03   0.136423E+04   0.389893E+02   0.792908E+05   0.193713E+04
   0.155300E+03   0.136426E+04   0.389899E+02   0.792931E+05   0.193713E+04
   0.155400E+03   0.136429E+04   0.389926E+02   0.792954E+05   0.193717E+04
   0.155500E+03   0.136431E+04   0.389950E+02   0.792977E+05   0.193718E+04
   0.155600E+03   0.136434E+04   0.389955E+02   0.793000E+05   0.193717E+04
   0.155700E+03   0.136437E+04   0.389963E+02   0.793022E+05   0.193719E+04
   0.155800E+03   0.136439E+04   0.389969E+02   0.793045E+05   0.193721E+04
   0.155900E+03   0.136442E+04   0.389971E+02   0.793067E+05   0.193723E+04
   0.156000E+03   0.136445E+04   0.389985E+02   0.793089E+05   0.193725E+04
   0.156100E+03   0.136448E+04   0.389991E+02   0.793112E+05   0.193727E+04
   0.156200E+03   0.136450E+04   0.390014E+02   0.793134E+05   0.193727E+04
   0.156300E+03   0.136453E+04   0.390028E+02   0.793156E+05   0.193730E+04
   0.156400E+03   0.136456E+04   0.390034E+02   0.793178E+05   0.193729E+04
   0.156500E+03   0.136458E+04   0.390040E+02   0.793200E+05   0.193733E+04
   0.156600E+03   0.136461E+04   0.390058E+02   0.793222E+05   0.193733E+04
   0.156700E+03   0.136464E+04   0.390085E+02   0.793243E+05   0.193736E+04
   0.156800E+03   0.136466E+04   0.390067E+02   0.793265E+05   0.193739E+04
   0.156900E+03   0.136469E+04   0.390073E+02   0.793287E+05   0.193739E+04
   0.157000E+03   0.136471E+04   0.390083E+02   0.793308E+05   0.193743E+04
   0.157100E+03   0.136474E+04   0.390101E+02   0.793330E+05   0.193742E+04
   0.157200E+03   0.136477E+04   0.390127E+02   0.793351E+05   0.193744E+04
   0.157300E+03   0.136479E+04   0.390133E+02   0.793373E+05   0.193745E+04
   0.157400E+03   0.136482E+04   0.390132E+02   0.793394E+05   0.193748E+04
   0.157500E+03   0.136484E+04   0.390155E+02   0.793415E+05   0.193750E+04
   0.157600E+03   0.136487E+04   0.390158E+02   0.793436E+05   0.193753E+04
   0.157700E+03   0.136489E+04   0.390167E+02   0.793457E+05   0.193752E+04
   0.157800E+03   0.136492E+04   0.390184E+02   0.793478E+05   0.193755E+04
   0.157900E+03   0.136495E+04   0.390191E+02   0.793499E+05   0.193757E+04
   0.158000E+03   0.136497E+04   0.390197E+02   0.793520E+05   0.193756E+04
   0.158100E+03   0.136500E+04   0.390230E+02   0.793540E+05   0.193759E+04
   0.158200E+03   0.136502E+04   0.390236E+02   0.793561E+05   0.193761E+04
   0.158300E+03   0.136505E+04   0.390219E+02   0.793582E+05   0.193762E+04
   0.158400E+03   0.136507E+04   0.390255E+02   0.793602E+05   0.193765E+04
   0.158500E+03   0.136510E+04   0.390257E+02   0.793622E+05   0.193765E+04
   0.158600E+03   0.136512E+04   0.390274E+02   0.793643E+05   0.193768E+04
   0.158700E+03   0.136515E+04   0.390269E+02   0.793663E+05   0.193771E+04
   0.158800E+03   0.136517E+04   0.390297E+02   0.793683E+05   0.193770E+04
   0.158900E+03   0.136520E+04   0.390296E+02   0.793703E+05   0.193773E+04
   0.159000E+03   0.136522E+04   0.390314E+02   0.793723E+05   0.193773E+04
   0.159100E+03   0.136524E+04   0.390311E+02   0.793744E+05   0.193777E+04
   0.159200E+03   0.136527E+04   0.390322E+02   0.793763E+05   0.193778E+04
   0.159300E+03   0.136529E+04   0.390358E+02   0.793783E+05   0.193779E+04
   0.159400E+03   0.136532E+04   0.390343E+02   0.793803E+05   0.193781E+04
   0.159500E+03   0.136534E+04   0.390366E+02   0.793823E+05   0.193782E+04
   0.159600E+03   0.136537E+04   0.390380E+02   0.793842E+05   0.193784E+04
   0.159700E+03   0.136539E+04   0.390376E+02   0.793862E+05   0.193786E+04
   0.159800E+03   0.136541E+04   0.390388E+02   0.793881E+05   0.193787E+04
   0.159900E+03   0.136543E+04   0.390408E+02   0.793901E+05   0.193790E+04
   0.160000E+03   0.136546E+04   0.390406E+02   0.793920E+05   0.193793E+04
   0.160100E+03   0.136548E+04   0.390420E+02   0.793939E+05   0.193793E+04
   0.160200E+03   0.136550E+04   0.390422E+02   0.793958E+05   0.193795E+04
   0.160300E+03   0.136553E+04   0.390446E+02   0.793978E+05   0.193796E+04
   0.160400E+03   0.136555E+04   0.390448E+02   0.793997E+05   0.193799E+04
   0.160500E+03   0.136558E+04   0.390462E+02   0.794016E+05   0.193799E+04
   0.160600E+03   0.136560E+04   0.390484E+02   0.794035E+05   0.193800E+04
   0.160700E+03   0.136562E+04   0.390466E+02   0.794054E+05   0.193802E+04
   0.160800E+03   0.136564E+04   0.390500E+02   0.794072E+05   0.193805E+04
   0.160900E+03   0.136567E+04   0.390489E+02   0.794091E+05   0.193807E+04
   0.161000E+03   0.136569E+04   0.390512E+02   0.794110E+05   0.193808E+04
   0.161100E+03   0.136571E+04   0.390526E+02   0.794128E+05   0.193811E+04
   0.161200E+03   0.136573E+04   0.390520E+02   0.794147E+05   0.193812E+04
   0.161300E+03   0.136576E+04   0.390564E+02   0.794166E+05   0.193814E+04
   0.161400E+03   0.136578E+04   0.390560E+02   0.794184E+05   0.193814E+04
   0.161500E+03   0.136580E+04   0.390570E+02   0.794202E+05   0.193817E+04
   0.161600E+03   0.136582E+04   0.390572E+02   0.794221E+05   0.193818E+04
   0.161700E+03   0.136584E+04   0.390574E+02   0.794239E+05   0.193821E+04
   0.161800E+03   0.136587E+04   0.390592E+02   0.794257E+05   0.193823E+04
   0.161900E+03   0.136589E+04   0.390587E+02   0.794275E+05   0.193824E+04
   0.162000E+03   0.136591E+04   0.390623E+02   0.794293E+05   0.193824E+04
   0.162100E+03   0.136593E+04   0.390603E+02   0.794311E+05   0.193827E+04
   0.162200E+03   0.136595E+04   0.390632E+02   0.794329E+05   0.193829E+04
   0.162300E+03   0.136598E+04   0.390651E+02   0.794347E+05   0.193830E+04
   0.162400E+03   0.136600E+04   0.390658E+02   0.794364E+05   0.193832E+04
   0.162500E+03   0.136602E+04   0.390664E+02   0.794382E+05   0.193833E+04
   0.162600E+03   0.136604E+04   0.390665E+02   0.794400E+05   0.193836E+04
   0.162700E+03   0.136606E+04   0.390686E+02   0.794417E+05   0.193836E+04
   0.162800E+03   0.136608E+04   0.390688E+02   0.794435E+05   0.193838E+04
   0.162900E+03   0.136611E+04   0.390711E+02   0.794452E+05   0.193840E+04
   0.163000E+03   0.136613E+04   0.390701E+02   0.794470E+05   0.193843E+04
   0.163100E+03   0.136615E+04   0.390717E+02   0.794487E+05   0.193844E+04
   0.163200E+03   0.136617E+04   0.390736E+02   0.794504E+05   0.193847E+04
   0.163300E+03   0.136619E+04   0.390734E+02   0.794521E+05   0.193848E+04
   0.163400E+03   0.136621E+04   0.390728E+02   0.794539E+05   0.193850E+04
   0.163500E+03   0.136623E+04   0.390759E+02   0.794556E+05   0.193852E+04
   0.163600E+03   0.136625E+04   0.390770E+02   0.794573E+05   0.193852E+04
   0.163700E+03   0.136627E+04   0.390780E+02   0.794590E+05   0.193854E+04
   0.163800E+03   0.136629E+04   0.390789E+02   0.794607E+05   0.193856E+04
   0.163900E+03   0.136631E+04   0.390786E+02   0.794623E+05   0.193857E+04
   0.164000E+03   0.136633E+04   0.390794E+02   0.794640E+05   0.193861E+04
   0.164100E+03   0.136635E+04   0.390807E+02   0.794657E+05   0.193862E+04
   0.164200E+03   0.136637E+04   0.390836E+02   0.794674E+05   0.193864E+04
   0.164300E+03   0.136639E+04   0.390830E+02   0.794690E+05   0.193864E+04
   0.164400E+03   0.136641E+04   0.390832E+02   0.794707E+05   0.193867E+04
   0.164500E+03   0.136644E+04   0.390847E+02   0.794723E+05   0.193868E+04
   0.164600E+03   0.136645E+04   0.390871E+02   0.794740E+05   0.193870E+04
   0.164700E+03   0.136647E+04   0.390890E+02   0.794756E+05   0.193873E+04
   0.164800E+03   0.136649E+04   0.390859E+02   0.794772E+05   0.193874E+04
   0.164900E+03   0.136651E+04   0.390869E+02   0.794788E+05   0.193876E+04
   0.165000E+03   0.136653E+04   0.390891E+02   0.794805E+05   0.193877E+04
   0.165100E+03   0.136655E+04   0.390901E+02   0.794821E+05   0.193878E+04
   0.165200E+03   0.136657E+04   0.390914E+02   0.794837E+05   0.193881E+04
   0.165300E+03   0.136659E+04   0.390918E+02   0.794853E+05   0.193881E+04
   0.165400E+03   0.136661E+04   0.390932E+02   0.794869E+05   0.193883E+04
   0.165500E+03   0.136663E+04   0.390958E+02   0.794885E+05   0.193885E+04
   0.165600E+03   0.136665E+04   0.390964E+02   0.794901E+05   0.193888E+04
   0.165700E+03   0.136667E+04   0.390954E+02   0.794916E+05   0.193890E+04
   0.165800E+03   0.136669E+04   0.390966E+02   0.794932E+05   0.193891E+04
   0.165900E+03   0.136671E+04   0.390968E+02   0.794948E+05   0.193891E+04
   0.166000E+03   0.136672E+04   0.390974E+02   0.794963E+05   0.193896E+04
   0.166100E+03   0.136674E+04   0.390982E+02   0.794979E+05   0.193896E+04
   0.166200E+03   0.136676E+04   0.391013E+02   0.794995E+05   0.193898E+04
   0.166300E+03   0.136678E+04   0.391019E+02   0.795010E+05   0.193899E+04
   0.166400E+03   0.136680E+04   0.391025E+02   0.795025E+05   0.193900E+04
   0.166500E+03   0.136682E+04   0.391038E+02   0.795041E+05   0.193902E+04
   0.166600E+03   0.136684E+04   0.391040E+02   0.795056E+05   0.193905E+04
   0.166700E+03   0.136686E+04   0.391046E+02   0.795071E+05   0.193906E+04
   0.166800E+03   0.136688E+04   0.391054E+02   0.795086E+05   0.193907E+04
   0.166900E+03   0.136689E+04   0.391061E+02   0.795102E+05   0.193909E+04
   0.167000E+03   0.136691E+04   0.391063E+02   0.795117E+05   0.193910E+04
   0.167100E+03   0.136693E+04   0.391069E+02   0.795132E+05   0.193912E+04
   0.167200E+03   0.136695E+04   0.391099E+02   0.795147E+05   0.193914E+04
   0.167300E+03   0.136697E+04   0.391101E+02   0.795162E+05   0.193916E+04
   0.167400E+03   0.136698E+04   0.391108E+02   0.795177E+05   0.193918E+04
   0.167500E+03   0.136700E+04   0.391110E+02   0.795191E+05   0.193920E+04
   0.167600E+03   0.136702E+04   0.391139E+02   0.795206E+05   0.193922E+04
   0.167700E+03   0.136704E+04   0.391146E+02   0.795220E+05   0.193925E+04
   0.167800E+03   0.136706E+04   0.391141E+02   0.795235E+05   0.193924E+04
   0.167900E+03   0.136707E+04   0.391147E+02   0.795250E+05   0.193927E+04
   0.168000E+03   0.136709E+04   0.391160E+02   0.795264E+05   0.193929E+04
   0.168100E+03   0.136711E+04   0.391179E+02   0.795279E+05   0.193930E+04
   0.168200E+03   0.136713E+04   0.391181E+02   0.795294E+05   0.193930E+04
   0.168300E+03   0.136714E+04   0.391184E+02   0.795308E+05   0.193934E+04
   0.168400E+03   0.136716E+04   0.391184E+02   0.795322E+05   0.193933E+04
   0.168500E+03   0.136718E+04   0.391190E+02   0.795337E+05   0.193939E+04
   0.168600E+03   0.136720E+04   0.391205E+02   0.795351E+05   0.193940E+04
   0.168700E+03   0.136721E+04   0.391224E+02   0.795365E+05   0.193940E+04
   0.168800E+03   0.136723E+04   0.391231E+02   0.795379E+05   0.193942E+04
   0.168900E+03   0.136725E+04   0.391222E+02   0.795393E+05   0.193945E+04
   0.169000E+03   0.136727E+04   0.391242E+02   0.795407E+05   0.193944E+04
   0.169100E+03   0.136728E+04   0.391249E+02   0.795421E+05   0.193946E+04
   0.169200E+03   0.136730E+04   0.391273E+02   0.795435E+05   0.193949E+04
   0.169300E+03   0.136732E+04   0.391271E+02   0.795449E+05   0.193951E+04
   0.169400E+03   0.136733E+04   0.391286E+02   0.795462E+05   0.193952E+04
   0.169500E+03   0.136735E+04   0.391284E+02   0.795476E+05   0.193954E+04
   0.169600E+03   0.136737E+04   0.391319E+02   0.795490E+05   0.193956E+04
   0.169700E+03   0.136738E+04   0.391304E+02   0.795504E+05   0.193958E+04
   0.169800E+03   0.136740E+04   0.391311E+02   0.795517E+05   0.193960E+04
   0.169900E+03   0.136742E+04   0.391313E+02   0.795531E+05   0.193959E+04
   0.170000E+03   0.136743E+04   0.391333E+02   0.795545E+05   0.193962E+04
   0.170100E+03   0.136745E+04   0.391324E+02   0.795558E+05   0.193963E+04
   0.170200E+03   0.136746E+04   0.391343E+02   0.795572E+05   0.193968E+04
   0.170300E+03   0.136748E+04   0.391355E+02   0.795585E+05   0.193968E+04
   0.170400E+03   0.136750E+04   0.391354E+02   0.795598E+05   0.193970E+04
   0.170500E+03   0.136751E+04   0.391361E+02   0.795612E+05   0.193969E+04
   0.170600E+03   0.136753E+04   0.391372E+02   0.795625E+05   0.193974E+04
   0.170700E+03   0.136755E+04   0.391396E+02   0.795638E+05   0.193975E+04
   0.170800E+03   0.136756E+04   0.391403E+02   0.795651E+05   0.193978E+04
   0.170900E+03   0.136758E+04   0.391384E+02   0.795664E+05   0.193978E+04
   0.171000E+03   0.136759E+04   0.391405E+02   0.795678E+05   0.193980E+04
   0.171100E+03   0.136761E+04   0.391412E+02   0.795691E+05   0.193980E+04
   0.171200E+03   0.136763E+04   0.391418E+02   0.795704E+05   0.193982E+04
   0.171300E+03   0.136764E+04   0.391450E+02   0.795716E+05   0.193985E+04
   0.171400E+03   0.136766E+04   0.391434E+02   0.795729E+05   0.193984E+04
   0.171500E+03   0.136767E+04   0.391441E+02   0.795742E+05   0.193989E+04
   0.171600E+03   0.136769E+04   0.391465E+02   0.795755E+05   0.193989E+04
   0.171700E+03   0.136770E+04   0.391473E+02   0.795768E+05   0.193992E+04
   0.171800E+03   0.136772E+04   0.391462E+02   0.795780E+05   0.193992E+04
   0.171900E+03   0.136773E+04   0.391482E+02   0.795793E+05   0.193995E+04
   0.172000E+03   0.136775E+04   0.391490E+02   0.795806E+05   0.193996E+04
   0.172100E+03   0.136776E+04   0.391514E+02   0.795818E+05   0.193997E+04
   0.172200E+03   0.136778E+04   0.391503E+02   0.795831E+05   0.193998E+04
   0.172300E+03   0.136779E+04   0.391503E+02   0.795843E+05   0.194000E+04
   0.172400E+03   0.136781E+04   0.391527E+02   0.795856E+05   0.194003E+04
   0.172500E+03   0.136783E+04   0.391534E+02   0.795868E+05   0.194005E+04
   0.172600E+03   0.136784E+04   0.391530E+02   0.795880E+05   0.194006E+04
   0.172700E+03   0.136786E+04   0.391536E+02   0.795893E+05   0.194008E+04
   0.172800E+03   0.136787E+04   0.391543E+02   0.795905E+05   0.194010E+04
   0.172900E+03   0.136788E+04   0.391551E+02   0.795917E+05   0.194010E+04
   0.173000E+03   0.136790E+04   0.391557E+02   0.795929E+05   0.194011E+04
   0.173100E+03   0.136791E+04   0.391578E+02   0.795941E+05   0.194014E+04
   0.173200E+03   0.136793E+04   0.391564E+02   0.795953E+05   0.194017E+04
   0.173300E+03   0.136794E+04   0.391588E+02   0.795966E+05   0.194019E+04
   0.173400E+03   0.136796E+04   0.391592E+02   0.795978E+05   0.194018E+04
   0.173500E+03   0.136797E+04   0.391598E+02   0.795989E+05   0.194022E+04
   0.173600E+03   0.136799E+04   0.391610E+02   0.796001E+05   0.194021E+04
   0.173700E+03   0.136800E+04   0.391622E+02   0.796013E+05   0.194027E+04
   0.173800E+03   0.136802E+04   0.391624E+02   0.796025E+05   0.194025E+04
   0.173900E+03   0.136803E+04   0.391620E+02   0.796037E+05   0.194028E+04
   0.174000E+03   0.136804E+04   0.391626E+02   0.796049E+05   0.194028E+04
   0.174100E+03   0.136806E+04   0.391646E+02   0.796060E+05   0.194032E+04
   0.174200E+03   0.136807E+04   0.391658E+02   0.796072E+05   0.194034E+04
   0.174300E+03   0.136809E+04   0.391653E+02   0.796084E+05   0.194034E+04
   0.174400E+03   0.136810E+04   0.391673E+02   0.796095E+05   0.194035E+04
   0.174500E+03   0.136811E+04   0.391685E+02   0.796107E+05   0.194039E+04
   0.174600E+03   0.136813E+04   0.391688E+02   0.796118E+05   0.194038E+04
   0.174700E+03   0.136814E+04   0.391705E+02   0.796129E+05   0.194041E+04
   0.174800E+03   0.136816E+04   0.391691E+02   0.796141E+05   0.194041E+04
   0.174900E+03   0.136817E+04   0.391727E+02   0.796152E+05   0.194044E+04
   0.175000E+03   0.136819E+04   0.391709E+02   0.796164E+05   0.194046E+04
   0.175100E+03   0.136820E+04   0.391733E+02   0.796175E+05   0.194047E+04
   0.175200E+03   0.136821E+04   0.391710E+02   0.796186E+05   0.194048E+04
   0.175300E+03   0.136822E+04   0.391742E+02   0.796197E+05   0.194050E+04
   0.175400E+03   0.136824E+04   0.391734E+02   0.796209E+05   0.194052E+04
   0.175500E+03   0.136825E+04   0.391742E+02   0.796220E+05   0.194054E+04
   0.175600E+03   0.136827E+04   0.391766E+02   0.796231E+05   0.194056E+04
   0.175700E+03   0.136828E+04   0.391757E+02   0.796242E+05   0.194056E+04
   0.175800E+03   0.136829E+04   0.391781E+02   0.796253E+05   0.194058E+04
   0.175900E+03   0.136831E+04   0.391772E+02   0.796264E+05   0.194060E+04
   0.176000E+03   0.136832E+04   0.391792E+02   0.796275E+05   0.194061E+04
   0.176100E+03   0.136833E+04   0.391796E+02   0.796286E+05   0.194063E+04
   0.176200E+03   0.136835E+04   0.391793E+02   0.796297E+05   0.194065E+04
   0.176300E+03   0.136836E+04   0.391805E+02   0.796307E+05   0.194066E+04
   0.176400E+03   0.136837E+04   0.391812E+02   0.796318E+05   0.194071E+04
   0.176500E+03   0.136839E+04   0.391812E+02   0.796329E+05   0.194070E+04
   0.176600E+03   0.136840E+04   0.391829E+02   0.796340E+05   0.194072E+04
   0.176700E+03   0.136841E+04   0.391826E+02   0.796350E+05   0.194074E+04
   0.176800E+03   0.136842E+04   0.391852E+02   0.796361E+05   0.194074E+04
   0.176900E+03   0.136844E+04   0.391850E+02   0.796371E+05   0.194076E+04
   0.177000E+03   0.136845E+04   0.391853E+02   0.796382E+05   0.194077E+04
   0.177100E+03   0.136846E+04   0.391868E+02   0.796393E+05   0.194079E+04
   0.177200E+03   0.136848E+04   0.391860E+02   0.796403E+05   0.194081E+04
   0.177300E+03   0.136849E+04   0.391872E+02   0.796413E+05   0.194083E+04
   0.177400E+03   0.136850E+04   0.391879E+02   0.796424E+05   0.194085E+04
   0.177500E+03   0.136851E+04   0.391887E+02   0.796434E+05   0.194086E+04
   0.177600E+03   0.136852E+04   0.391895E+02   0.796444E+05   0.194089E+04
   0.177700E+03   0.136854E+04   0.391905E+02   0.796455E+05   0.194089E+04
   0.177800E+03   0.136855E+04   0.391896E+02   0.796465E+05   0.194089E+04
   0.177900E+03   0.136856E+04   0.391924E+02   0.796475E+05   0.194091E+04
   0.178000E+03   0.136858E+04   0.391920E+02   0.796485E+05   0.194094E+04
   0.178100E+03   0.136859E+04   0.391929E+02   0.796495E+05   0.194094E+04
   0.178200E+03   0.136860E+04   0.391947E+02   0.796506E+05   0.194097E+04
   0.178300E+03   0.136861E+04   0.391938E+02   0.796516E+05   0.194099E+04
   0.178400E+03   0.136862E+04   0.391955E+02   0.796526E+05   0.194100E+04
   0.178500E+03   0.136864E+04   0.391957E+02   0.796536E+05   0.194101E+04
   0.178600E+03   0.136865E+04   0.391952E+02   0.796546E+05   0.194105E+04
   0.178700E+03   0.136866E+04   0.391983E+02   0.796556E+05   0.194104E+04
   0.178800E+03   0.136867E+04   0.391988E+02   0.796566E+05   0.194106E+04
   0.178900E+03   0.136868E+04   0.391966E+02   0.796576E+05   0.194107E+04
   0.179000E+03   0.136870E+04   0.391984E+02   0.796585E+05   0.194110E+04
   0.179100E+03   0.136871E+04   0.392011E+02   0.796595E+05   0.194111E+04
   0.179200E+03   0.136872E+04   0.392016E+02   0.796605E+05   0.194112E+04
   0.179300E+03   0.136873E+04   0.392001E+02   0.796615E+05   0.194115E+04
   0.179400E+03   0.136874E+04   0.392005E+02   0.796624E+05   0.194117E+04
   0.179500E+03   0.136876E+04   0.392025E+02   0.796634E+05   0.194118E+04
   0.179600E+03   0.136877E+04   0.392038E+02   0.796644E+05   0.194120E+04
   0.179700E+03   0.136878E+04   0.392032E+02   0.796653E+05   0.194120E+04
   0.179800E+03   0.136879E+04   0.392051E+02   0.796663E+05   0.194122E+04
   0.179900E+03   0.136880E+04   0.392047E+02   0.796672E+05   0.194123E+04
   0.180000E+03   0.136881E+04   0.392055E+02   0.796681E+05   0.194123E+04
   0.180100E+03   0.136883E+04   0.392067E+02   0.796691E+05   0.194126E+04
   0.180200E+03   0.136884E+04   0.392068E+02   0.796700E+05   0.194128E+04
   0.180300E+03   0.136885E+04   0.392069E+02   0.796710E+05   0.194130E+04
   0.180400E+03   0.136886E+04   0.392069E+02   0.796719E+05   0.194132E+04
   0.180500E+03   0.136887E+04   0.392098E+02   0.796729E+05   0.194131E+04
   0.180600E+03   0.136888E+04   0.392090E+02   0.796738E+05   0.194135E+04
   0.180700E+03   0.136889E+04   0.392078E+02   0.796747E+05   0.194135E+04
   0.180800E+03   0.136891E+04   0.392107E+02   0.796756E+05   0.194136E+04
   0.180900E+03   0.136892E+04   0.392120E+02   0.796766E+05   0.194139E+04
   0.181000E+03   0.136893E+04   0.392129E+02   0.796774E+05   0.194140E+04
   0.181100E+03   0.136894E+04   0.392117E+02   0.796784E+05   0.194142E+04
   0.181200E+03   0.136895E+04   0.392117E+02   0.796793E+05   0.194143E+04
   0.181300E+03   0.136896E+04   0.392137E+02   0.796802E+05   0.194145E+04
   0.181400E+03   0.136897E+04   0.392132E+02   0.796811E+05   0.194147E+04
   0.181500E+03   0.136898E+04   0.392169E+02   0.796820E+05   0.194147E+04
   0.181600E+03   0.136899E+04   0.392165E+02   0.796829E+05   0.194148E+04
   0.181700E+03   0.136900E+04   0.392163E+02   0.796838E+05   0.194152E+04
   0.181800E+03   0.136901E+04   0.392154E+02   0.796846E+05   0.194152E+04
   0.181900E+03   0.136903E+04   0.392154E+02   0.796855E+05   0.194153E+04
   0.182000E+03   0.136903E+04   0.392184E+02   0.796864E+05   0.194155E+04
   0.182100E+03   0.136905E+04   0.392181E+02   0.796873E+05   0.194155E+04
   0.182200E+03   0.136906E+04   0.392181E+02   0.796882E+05   0.194157E+04
   0.182300E+03   0.136907E+04   0.392201E+02   0.796891E+05   0.194159E+04
   0.182400E+03   0.136908E+04   0.392217E+02   0.796899E+05   0.194161E+04
   0.182500E+03   0.136909E+04   0.392217E+02   0.796908E+05   0.194161E+04
   0.182600E+03   0.136910E+04   0.392216E+02   0.796917E+05   0.194163E+04
   0.182700E+03   0.136911E+04   0.392218E+02   0.796925E+05   0.194164E+04
   0.182800E+03   0.136912E+04   0.392209E+02   0.796934E+05   0.194167E+04
   0.182900E+03   0.136913E+04   0.392239E+02   0.796942E+05   0.194168E+04
   0.183000E+03   0.136914E+04   0.392247E+02   0.796951E+05   0.194170E+04
   0.183100E+03   0.136915E+04   0.392242E+02   0.796959E+05   0.194171E+04
   0.183200E+03   0.136916E+04   0.392250E+02   0.796968E+05   0.194172E+04
   0.183300E+03   0.136917E+04   0.392262E+02   0.796976E+05   0.194175E+04
   0.183400E+03   0.136918E+04   0.392281E+02   0.796985E+05   0.194177E+04
   0.183500E+03   0.136919E+04   0.392272E+02   0.796993E+05   0.194177E+04
   0.183600E+03   0.136920E+04   0.392289E+02   0.797001E+05   0.194179E+04
   0.183700E+03   0.136921E+04   0.392270E+02   0.797009E+05   0.194178E+04
   0.183800E+03   0.136922E+04   0.392270E+02   0.797018E+05   0.194182E+04
   0.183900E+03   0.136923E+04   0.392287E+02   0.797026E+05   0.194182E+04
   0.184000E+03   0.136924E+04   0.392281E+02   0.797034E+05   0.194184E+04
   0.184100E+03   0.136925E+04   0.392303E+02   0.797042E+05   0.194187E+04
   0.184200E+03   0.136926E+04   0.392305E+02   0.797051E+05   0.194188E+04
   0.184300E+03   0.136927E+04   0.392314E+02   0.797059E+05   0.194188E+04
   0.184400E+03   0.136928E+04   0.392329E+02   0.797067E+05   0.194192E+04
   0.184500E+03   0.136929E+04   0.392319E+02   0.797075E+05   0.194191E+04
   0.184600E+03   0.136930E+04   0.392319E+02   0.797083E+05   0.194193E+04
   0.184700E+03   0.136931E+04   0.392336E+02   0.797091E+05   0.194194E+04
   0.184800E+03   0.136932E+04   0.392352E+02   0.797099E+05   0.194198E+04
   0.184900E+03   0.136933E+04   0.392352E+02   0.797107E+05   0.194197E+04
   0.185000E+03   0.136934E+04   0.392360E+02   0.797115E+05   0.194201E+04
   0.185100E+03   0.136935E+04   0.392367E+02   0.797123E+05   0.194200E+04
   0.185200E+03   0.136936E+04   0.392367E+02   0.797131E+05   0.194201E+04
   0.185300E+03   0.136937E+04   0.392370E+02   0.797139E+05   0.194203E+04
   0.185400E+03   0.136938E+04   0.392370E+02   0.797146E+05   0.194204E+04
   0.185500E+03   0.136939E+04   0.392382E+02   0.797154E+05   0.194207E+04
   0.185600E+03   0.136940E+04   0.392385E+02   0.797162E+05   0.194206E+04
   0.185700E+03   0.136941E+04   0.392388E+02   0.797170E+05   0.194209E+04
   0.185800E+03   0.136942E+04   0.392418E+02   0.797177E+05   0.194212E+04
   0.185900E+03   0.136943E+04   0.392413E+02   0.797185E+05   0.194212E+04
   0.186000E+03   0.136944E+04   0.392421E+02   0.797193E+05   0.194213E+04
   0.186100E+03   0.136944E+04   0.392428E+02   0.797200E+05   0.194215E+04
   0.186200E+03   0.136945E+04   0.392428E+02   0.797208E+05   0.194214E+04
   0.186300E+03   0.136946E+04   0.392436E+02   0.797216E+05   0.194216E+04
   0.186400E+03   0.136947E+04   0.392435E+02   0.797223E+05   0.194219E+04
   0.186500E+03   0.136948E+04   0.392435E+02   0.797231E+05   0.194220E+04
   0.186600E+03   0.136949E+04   0.392446E+02   0.797238E+05   0.194220E+04
   0.186700E+03   0.136950E+04   0.392450E+02   0.797246E+05   0.194223E+04
   0.186800E+03   0.136951E+04   0.392458E+02   0.797253E+05   0.194224E+04
   0.186900E+03   0.136952E+04   0.392453E+02   0.797260E+05   0.194226E+04
   0.187000E+03   0.136953E+04   0.392457E+02   0.797268E+05   0.194227E+04
   0.187100E+03   0.136953E+04   0.392460E+02   0.797275E+05   0.194229E+04
   0.187200E+03   0.136955E+04   0.392468E+02   0.797282E+05   0.194229E+04
   0.187300E+03   0.136955E+04   0.392475E+02   0.797290E+05   0.194230E+04
   0.187400E+03   0.136956E+04   0.392475E+02   0.797297E+05   0.194232E+04
   0.187500E+03   0.136957E+04   0.392483E+02   0.797304E+05   0.194234E+04
   0.187600E+03   0.136958E+04   0.392499E+02   0.797311E+05   0.194234E+04
   0.187700E+03   0.136959E+04   0.392499E+02   0.797319E+05   0.194236E+04
   0.187800E+03   0.136960E+04   0.392502E+02   0.797326E+05   0.194238E+04
   0.187900E+03   0.136961E+04   0.392506E+02   0.797333E+05   0.194239E+04
   0.188000E+03   0.136961E+04   0.392517E+02   0.797340E+05   0.194240E+04
   0.188100E+03   0.136962E+04   0.392521E+02   0.797347E+05   0.194241E+04
   0.188200E+03   0.136963E+04   0.392530E+02   0.797354E+05   0.194244E+04
   0.188300E+03   0.136964E+04   0.392524E+02   0.797361E+05   0.194245E+04
   0.188400E+03   0.136965E+04   0.392533E+02   0.797368E+05   0.194246E+04
   0.188500E+03   0.136966E+04   0.392527E+02   0.797375E+05   0.194247E+04
   0.188600E+03   0.136967E+04   0.392527E+02   0.797382E+05   0.194248E+04
   0.188700E+03   0.136967E+04   0.392551E+02   0.797389E+05   0.194250E+04
   0.188800E+03   0.136968E+04   0.392551E+02   0.797396E+05   0.194251E+04
   0.188900E+03   0.136969E+04   0.392558E+02   0.797403E+05   0.194251E+04
   0.189000E+03   0.136970E+04   0.392579E+02   0.797410E+05   0.194254E+04
   0.189100E+03   0.136971E+04   0.392574E+02   0.797417E+05   0.194254E+04
   0.189200E+03   0.136971E+04   0.392579E+02   0.797424E+05   0.194257E+04
   0.189300E+03   0.136972E+04   0.392587E+02   0.797431E+05   0.194258E+04
   0.189400E+03   0.136973E+04   0.392586E+02   0.797437E+05   0.194260E+04
   0.189500E+03   0.136974E+04   0.392594E+02   0.797444E+05   0.194261E+04
   0.189600E+03   0.136975E+04   0.392606E+02   0.797451E+05   0.194262E+04
   0.189700E+03   0.136976E+04   0.392618E+02   0.797458E+05   0.194262E+04
   0.189800E+03   0.136977E+04   0.392613E+02   0.797464E+05   0.194263E+04
   0.189900E+03   0.136977E+04   0.392613E+02   0.797471E+05   0.194265E+04
   0.190000E+03   0.136978E+04   0.392616E+02   0.797478E+05   0.194268E+04
   0.190100E+03   0.136979E+04   0.392626E+02   0.797484E+05   0.194268E+04
   0.190200E+03   0.136980E+04   0.392628E+02   0.797491E+05   0.194270E+04
   0.190300E+03   0.136981E+04   0.392646E+02   0.797497E+05   0.194272E+04
   0.190400E+03   0.136981E+04   0.392635E+02   0.797504E+05   0.194272E+04
   0.190500E+03   0.136982E+04   0.392635E+02   0.797510E+05   0.194274E+04
   0.190600E+03   0.136983E+04   0.392642E+02   0.797517E+05   0.194274E+04
   0.190700E+03   0.136984E+04   0.392642E+02   0.797523E+05   0.194277E+04
   0.190800E+03   0.136985E+04   0.392641E+02   0.797530E+05   0.194279E+04
   0.190900E+03   0.136985E+04   0.392668E+02   0.797536E+05   0.194280E+04
   0.191000E+03   0.136986E+04   0.392670E+02   0.797542E+05   0.194281E+04
   0.191100E+03   0.136987E+04   0.392675E+02   0.797549E+05   0.194283E+04
   0.191200E+03   0.136988E+04   0.392677E+02   0.797555E+05   0.194282E+04
   0.191300E+03   0.136989E+04   0.392682E+02   0.797561E+05   0.194284E+04
   0.191400E+03   0.136989E+04   0.392667E+02   0.797568E+05   0.194287E+04
   0.191500E+03   0.136990E+04   0.392689E+02   0.797574E+05   0.194287E+04
   0.191600E+03   0.136990E+04   0.392693E+02   0.797580E+05   0.194287E+04
   0.191700E+03   0.136991E+04   0.392693E+02   0.797587E+05   0.194289E+04
   0.191800E+03   0.136992E+04   0.392700E+02   0.797593E+05   0.194289E+04
   0.191900E+03   0.136993E+04   0.392700E+02   0.797599E+05   0.194293E+04
   0.192000E+03   0.136994E+04   0.392724E+02   0.797605E+05   0.194293E+04
   0.192100E+03   0.136995E+04   0.392724E+02   0.797611E+05   0.194295E+04
   0.192200E+03   0.136995E+04   0.392733E+02   0.797618E+05   0.194295E+04
   0.192300E+03   0.136996E+04   0.392723E+02   0.797624E+05   0.194298E+04
   0.192400E+03   0.136997E+04   0.392722E+02   0.797630E+05   0.194297E+04
   0.192500E+03   0.136997E+04   0.392748E+02   0.797636E+05   0.194299E+04
   0.192600E+03   0.136998E+04   0.392747E+02   0.797642E+05   0.194300E+04
   0.192700E+03   0.136999E+04   0.392754E+02   0.797648E+05   0.194302E+04
   0.192800E+03   0.137000E+04   0.392755E+02   0.797654E+05   0.194305E+04
   0.192900E+03   0.137000E+04   0.392775E+02   0.797660E+05   0.194304E+04
   0.193000E+03   0.137001E+04   0.392762E+02   0.797666E+05   0.194307E+04
   0.193100E+03   0.137002E+04   0.392764E+02   0.797672E+05   0.194308E+04
   0.193200E+03   0.137003E+04   0.392762E+02   0.797678E+05   0.194309E+04
   0.193300E+03   0.137003E+04   0.392790E+02   0.797684E+05   0.194310E+04
   0.193400E+03   0.137004E+04   0.392795E+02   0.797690E+05   0.194311E+04
   0.193500E+03   0.137005E+04   0.392789E+02   0.797695E+05   0.194310E+04
   0.193600E+03   0.137005E+04   0.392780E+02   0.797701E+05   0.194312E+04
   0.193700E+03   0.137006E+04   0.392784E+02   0.797707E+05   0.194315E+04
   0.193800E+03   0.137007E+04   0.392806E+02   0.797713E+05   0.194316E+04
   0.193900E+03   0.137008E+04   0.392805E+02   0.797718E+05   0.194316E+04
   0.194000E+03   0.137008E+04   0.392807E+02   0.797724E+05   0.194318E+04
   0.194100E+03   0.137009E+04   0.392804E+02   0.797730E+05   0.194320E+04
   0.194200E+03   0.137010E+04   0.392819E+02   0.797736E+05   0.194319E+04
   0.194300E+03   0.137010E+04   0.392820E+02   0.797741E+05   0.194321E+04
   0.194400E+03   0.137011E+04   0.392823E+02   0.797747E+05   0.194322E+04
   0.194500E+03   0.137012E+04   0.392845E+02   0.797753E+05   0.194323E+04
   0.194600E+03   0.137012E+04   0.392831E+02   0.797759E+05   0.194325E+04
   0.194700E+03   0.137013E+04   0.392830E+02   0.797764E+05   0.194326E+04
   0.194800E+03   0.137014E+04   0.392834E+02   0.797770E+05   0.194327E+04
   0.194900E+03   0.137014E+04   0.392847E+02   0.797775E+05   0.194331E+04
   0.195000E+03   0.137015E+04   0.392863E+02   0.797781E+05   0.194330E+04
   0.195100E+03   0.137016E+04   0.392845E+02   0.797786E+05   0.194332E+04
   0.195200E+03   0.137016E+04   0.392875E+02   0.797792E+05   0.194332E+04
   0.195300E+03   0.137017E+04   0.392862E+02   0.797797E+05   0.194332E+04
   0.195400E+03   0.137018E+04   0.392874E+02   0.797803E+05   0.194334E+04
   0.195500E+03   0.137018E+04   0.392870E+02   0.797808E+05   0.194335E+04
   0.195600E+03   0.137019E+04   0.392877E+02   0.797814E+05   0.194338E+04
   0.195700E+03   0.137020E+04   0.392870E+02   0.797819E+05   0.194339E+04
   0.195800E+03   0.137020E+04   0.392889E+02   0.797824E+05   0.194339E+04
   0.195900E+03   0.137021E+04   0.392910E+02   0.797830E+05   0.194341E+04
   0.196000E+03   0.137022E+04   0.392892E+02   0.797835E+05   0.194342E+04
   0.196100E+03   0.137022E+04   0.392892E+02   0.797841E+05   0.194344E+04
   0.196200E+03   0.137023E+04   0.392913E+02   0.797846E+05   0.194343E+04
   0.196300E+03   0.137024E+04   0.392912E+02   0.797851E+05   0.194346E+04
   0.196400E+03   0.137024E+04   0.392900E+02   0.797856E+05   0.194346E+04
   0.196500E+03   0.137025E+04   0.392911E+02   0.797862E+05   0.194349E+04
   0.196600E+03   0.137025E+04   0.392928E+02   0.797867E+05   0.194349E+04
   0.196700E+03   0.137026E+04   0.392924E+02   0.797872E+05   0.194350E+04
   0.196800E+03   0.137027E+04   0.392914E+02   0.797878E+05   0.194350E+04
   0.196900E+03   0.137027E+04   0.392944E+02   0.797883E+05   0.194353E+04
   0.197000E+03   0.137028E+04   0.392935E+02   0.797888E+05   0.194353E+04
   0.197100E+03   0.137029E+04   0.392935E+02   0.797893E+05   0.194353E+04
   0.197200E+03   0.137029E+04   0.392947E+02   0.797898E+05   0.194357E+04
   0.197300E+03   0.137030E+04   0.392942E+02   0.797903E+05   0.194355E+04
   0.197400E+03   0.137030E+04   0.392942E+02   0.797908E+05   0.194358E+04
   0.197500E+03   0.137031E+04   0.392954E+02   0.797913E+05   0.194359E+04
   0.197600E+03   0.137032E+04   0.392957E+02   0.797918E+05   0.194359E+04
   0.197700E+03   0.137032E+04   0.392967E+02   0.797923E+05   0.194362E+04
   0.197800E+03   0.137033E+04   0.392978E+02   0.797929E+05   0.194363E+04
   0.197900E+03   0.137034E+04   0.392964E+02   0.797934E+05   0.194364E+04
   0.198000E+03   0.137034E+04   0.392975E+02   0.797939E+05   0.194365E+04
   0.198100E+03   0.137035E+04   0.392994E+02   0.797944E+05   0.194367E+04
   0.198200E+03   0.137036E+04   0.392985E+02   0.797949E+05   0.194367E+04
   0.198300E+03   0.137036E+04   0.392982E+02   0.797953E+05   0.194368E+04
   0.198400E+03   0.137037E+04   0.392997E+02   0.797958E+05   0.194371E+04
   0.198500E+03   0.137037E+04   0.393001E+02   0.797963E+05   0.194369E+04
   0.198600E+03   0.137038E+04   0.392993E+02   0.797968E+05   0.194372E+04
   0.198700E+03   0.137038E+04   0.393012E+02   0.797973E+05   0.194372E+04
   0.198800E+03   0.137039E+04   0.393008E+02   0.797978E+05   0.194374E+04
   0.198900E+03   0.137039E+04   0.393000E+02   0.797982E+05   0.194375E+04
   0.199000E+03   0.137040E+04   0.393025E+02   0.797987E+05   0.194375E+04
   0.199100E+03   0.137041E+04   0.393037E+02   0.797992E+05   0.194376E+04
   0.199200E+03   0.137041E+04   0.393007E+02   0.797997E+05   0.194379E+04
   0.199300E+03   0.137042E+04   0.393028E+02   0.798002E+05   0.194380E+04
   0.199400E+03   0.137043E+04   0.393044E+02   0.798007E+05   0.194380E+04
   0.199500E+03   0.137043E+04   0.393023E+02   0.798011E+05   0.194381E+04
   0.199600E+03   0.137044E+04   0.393044E+02   0.798016E+05   0.194383E+04
   0.199700E+03   0.137044E+04   0.393040E+02   0.798021E+05   0.194384E+04
   0.199800E+03   0.137045E+04   0.393038E+02   0.798025E+05   0.194386E+04
   0.199900E+03   0.137045E+04   0.393059E+02   0.798030E+05   0.194386E+04
   0.200000E+03   0.137046E+04   0.393047E+02   0.798035E+05   0.194386E+04
   0.200100E+03   0.137046E+04   0.393062E+02   0.798039E+05   0.194387E+04
   0.200200E+03   0.137047E+04   0.393066E+02   0.798044E+05   0.194387E+04
   0.200300E+03   0.137048E+04   0.393058E+02   0.798049E+05   0.194390E+04
   0.200400E+03   0.137048E+04   0.393069E+02   0.798053E+05   0.194391E+04
   0.200500E+03   0.137049E+04   0.393067E+02   0.798058E+05   0.194393E+04
   0.200600E+03   0.137049E+04   0.393095E+02   0.798062E+05   0.194393E+04
   0.200700E+03   0.137050E+04   0.393082E+02   0.798067E+05   0.194394E+04
   0.200800E+03   0.137050E+04   0.393070E+02   0.798071E+05   0.194395E+04
   0.200900E+03   0.137051E+04   0.393102E+02   0.798076E+05   0.194395E+04
   0.201000E+03   0.137052E+04   0.393091E+02   0.798080E+05   0.194397E+04
   0.201100E+03   0.137052E+04   0.393102E+02   0.798085E+05   0.194398E+04
   0.201200E+03   0.137053E+04   0.393109E+02   0.798089E+05   0.194399E+04
   0.201300E+03   0.137053E+04   0.393094E+02   0.798094E+05   0.194401E+04
   0.201400E+03   0.137054E+04   0.393109E+02   0.798098E+05   0.194403E+04
   0.201500E+03   0.137054E+04   0.393092E+02   0.798102E+05   0.194402E+04
   0.201600E+03   0.137054E+04   0.393130E+02   0.798107E+05   0.194404E+04
   0.201700E+03   0.137055E+04   0.393125E+02   0.798111E+05   0.194406E+04
   0.201800E+03   0.137056E+04   0.393113E+02   0.798116E+05   0.194406E+04
   0.201900E+03   0.137056E+04   0.393133E+02   0.798120E+05   0.194407E+04
   0.202000E+03   0.137057E+04   0.393142E+02   0.798124E+05   0.194409E+04
   0.202100E+03   0.137057E+04   0.393132E+02   0.798129E+05   0.194409E+04
   0.202200E+03   0.137058E+04   0.393135E+02   0.798133E+05   0.194410E+04
   0.202300E+03   0.137058E+04   0.393128E+02   0.798137E+05   0.194411E+04
   0.202400E+03   0.137059E+04   0.393139E+02   0.798141E+05   0.194413E+04
   0.202500E+03   0.137059E+04   0.393152E+02   0.798146E+05   0.194413E+04
   0.202600E+03   0.137060E+04   0.393148E+02   0.798150E+05   0.194414E+04
   0.202700E+03   0.137060E+04   0.393152E+02   0.798154E+05   0.194415E+04
   0.202800E+03   0.137061E+04   0.393151E+02   0.798158E+05   0.194415E+04
   0.202900E+03   0.137062E+04   0.393172E+02   0.798162E+05   0.194417E+04
   0.203000E+03   0.137062E+04   0.393156E+02   0.798167E+05   0.194419E+04
   0.203100E+03   0.137062E+04   0.393158E+02   0.798171E+05   0.194418E+04
   0.203200E+03   0.137063E+04   0.393181E+02   0.798175E+05   0.194422E+04
   0.203300E+03   0.137063E+04   0.393158E+02   0.798179E+05   0.194421E+04
   0.203400E+03   0.137064E+04   0.393175E+02   0.798183E+05   0.194424E+04
   0.203500E+03   0.137064E+04   0.393196E+02   0.798187E+05   0.194423E+04
   0.203600E+03   0.137065E+04   0.393175E+02   0.798191E+05   0.194424E+04
   0.203700E+03   0.137065E+04   0.393191E+02   0.798195E+05   0.194425E+04
   0.203800E+03   0.137066E+04   0.393198E+02   0.798199E+05   0.194426E+04
   0.203900E+03   0.137067E+04   0.393182E+02   0.798204E+05   0.194427E+04
   0.204000E+03   0.137067E+04   0.393215E+02   0.798208E+05   0.194429E+04
   0.204100E+03   0.137067E+04   0.393198E+02   0.798212E+05   0.194429E+04
   0.204200E+03   0.137068E+04   0.393215E+02   0.798216E+05   0.194430E+04
   0.204300E+03   0.137068E+04   0.393198E+02   0.798220E+05   0.194433E+04
   0.204400E+03   0.137069E+04   0.393231E+02   0.798224E+05   0.194432E+04
   0.204500E+03   0.137069E+04   0.393206E+02   0.798227E+05   0.194434E+04
   0.204600E+03   0.137070E+04   0.393231E+02   0.798231E+05   0.194434E+04
   0.204700E+03   0.137070E+04   0.393231E+02   0.798235E+05   0.194434E+04
   0.204800E+03   0.137071E+04   0.393234E+02   0.798239E+05   0.194437E+04
   0.204900E+03   0.137071E+04   0.393231E+02   0.798243E+05   0.194438E+04
   0.205000E+03   0.137072E+04   0.393242E+02   0.798247E+05   0.194438E+04
   0.205100E+03   0.137072E+04   0.393234E+02   0.798251E+05   0.194440E+04
   0.205200E+03   0.137073E+04   0.393246E+02   0.798255E+05   0.194439E+04
   0.205300E+03   0.137073E+04   0.393245E+02   0.798259E+05   0.194440E+04
   0.205400E+03   0.137074E+04   0.393241E+02   0.798263E+05   0.194441E+04
   0.205500E+03   0.137074E+04   0.393256E+02   0.798266E+05   0.194442E+04
   0.205600E+03   0.137075E+04   0.393245E+02   0.798270E+05   0.194444E+04
   0.205700E+03   0.137075E+04   0.393256E+02   0.798274E+05   0.194445E+04
   0.205800E+03   0.137076E+04   0.393266E+02   0.798278E+05   0.194445E+04
   0.205900E+03   0.137076E+04   0.393269E+02   0.798282E+05   0.194447E+04
   0.206000E+03   0.137077E+04   0.393274E+02   0.798285E+05   0.194447E+04
   0.206100E+03   0.137077E+04   0.393264E+02   0.798289E+05   0.194450E+04
   0.206200E+03   0.137077E+04   0.393281E+02   0.798293E+05   0.194449E+04
   0.206300E+03   0.137078E+04   0.393264E+02   0.798296E+05   0.194452E+04
   0.206400E+03   0.137078E+04   0.393281E+02   0.798300E+05   0.194452E+04
   0.206500E+03   0.137079E+04   0.393279E+02   0.798304E+05   0.194452E+04
   0.206600E+03   0.137079E+04   0.393288E+02   0.798308E+05   0.194453E+04
   0.206700E+03   0.137080E+04   0.393279E+02   0.798311E+05   0.194453E+04
   0.206800E+03   0.137080E+04   0.393288E+02   0.798315E+05   0.194453E+04
   0.206900E+03   0.137080E+04   0.393287E+02   0.798319E+05   0.194458E+04
   0.207000E+03   0.137081E+04   0.393297E+02   0.798322E+05   0.194457E+04
   0.207100E+03   0.137081E+04   0.393287E+02   0.798326E+05   0.194457E+04
   0.207200E+03   0.137082E+04   0.393304E+02   0.798329E+05   0.194458E+04
   0.207300E+03   0.137082E+04   0.393307E+02   0.798333E+05   0.194460E+04
   0.207400E+03   0.137083E+04   0.393312E+02   0.798337E+05   0.194461E+04
   0.207500E+03   0.137083E+04   0.393321E+02   0.798340E+05   0.194462E+04
   0.207600E+03   0.137084E+04   0.393311E+02   0.798344E+05   0.194464E+04
   0.207700E+03   0.137084E+04   0.393333E+02   0.798347E+05   0.194465E+04
   0.207800E+03   0.137084E+04   0.393320E+02   0.798351E+05   0.194465E+04
   0.207900E+03   0.137085E+04   0.393337E+02   0.798354E+05   0.194465E+04
   0.208000E+03   0.137085E+04   0.393314E+02   0.798358E+05   0.194466E+04
   0.208100E+03   0.137086E+04   0.393340E+02   0.798361E+05   0.194467E+04
   0.208200E+03   0.137086E+04   0.393331E+02   0.798365E+05   0.194467E+04
   0.208300E+03   0.137086E+04   0.393340E+02   0.798368E+05   0.194470E+04
   0.208400E+03   0.137087E+04   0.393334E+02   0.798371E+05   0.194471E+04
   0.208500E+03   0.137087E+04   0.393347E+02   0.798375E+05   0.194471E+04
   0.208600E+03   0.137088E+04   0.393364E+02   0.798378E+05   0.194473E+04
   0.208700E+03   0.137088E+04   0.393347E+02   0.798382E+05   0.194473E+04
   0.208800E+03   0.137088E+04   0.393363E+02   0.798385E+05   0.194474E+04
   0.208900E+03   0.137089E+04   0.393354E+02   0.798388E+05   0.194475E+04
   0.209000E+03   0.137089E+04   0.393356E+02   0.798392E+05   0.194475E+04
   0.209100E+03   0.137090E+04   0.393354E+02   0.798395E+05   0.194476E+04
   0.209200E+03   0.137090E+04   0.393363E+02   0.798399E+05   0.194477E+04
   0.209300E+03   0.137090E+04   0.393362E+02   0.798402E+05   0.194478E+04
   0.209400E+03   0.137091E+04   0.393371E+02   0.798405E+05   0.194478E+04
   0.209500E+03   0.137091E+04   0.393374E+02   0.798409E+05   0.194481E+04
   0.209600E+03   0.137092E+04   0.393370E+02   0.798412E+05   0.194482E+04
   0.209700E+03   0.137092E+04   0.393389E+02   0.798415E+05   0.194480E+04
   0.209800E+03   0.137093E+04   0.393379E+02   0.798418E+05   0.194483E+04
   0.209900E+03   0.137093E+04   0.393389E+02   0.798422E+05   0.194483E+04
   0.210000E+03   0.137093E+04   0.393395E+02   0.798425E+05   0.194486E+04
   0.210100E+03   0.137094E+04   0.393381E+02   0.798428E+05   0.194485E+04
   0.210200E+03   0.137094E+04   0.393403E+02   0.798431E+05   0.194486E+04
   0.210300E+03   0.137095E+04   0.393386E+02   0.798435E+05   0.194487E+04
   0.210400E+03   0.137095E+04   0.393414E+02   0.798438E+05   0.194488E+04
   0.210500E+03   0.137095E+04   0.393389E+02   0.798441E+05   0.194489E+04
   0.210600E+03   0.137096E+04   0.393422E+02   0.798444E+05   0.194488E+04
   0.210700E+03   0.137096E+04   0.393411E+02   0.798447E+05   0.194492E+04
   0.210800E+03   0.137096E+04   0.393411E+02   0.798451E+05   0.194491E+04
   0.210900E+03   0.137097E+04   0.393413E+02   0.798454E+05   0.194493E+04
   0.211000E+03   0.137097E+04   0.393396E+02   0.798457E+05   0.194493E+04
   0.211100E+03   0.137098E+04   0.393438E+02   0.798460E+05   0.194494E+04
   0.211200E+03   0.137098E+04   0.393418E+02   0.798463E+05   0.194495E+04
   0.211300E+03   0.137099E+04   0.393433E+02   0.798466E+05   0.194496E+04
   0.211400E+03   0.137099E+04   0.393421E+02   0.798469E+05   0.194496E+04
   0.211500E+03   0.137099E+04   0.393435E+02   0.798473E+05   0.194498E+04
   0.211600E+03   0.137100E+04   0.393425E+02   0.798475E+05   0.194497E+04
   0.211700E+03   0.137100E+04   0.393446E+02   0.798479E+05   0.194497E+04
   0.211800E+03   0.137100E+04   0.393440E+02   0.798482E+05   0.194499E+04
   0.211900E+03   0.137100E+04   0.393436E+02   0.798484E+05   0.194499E+04
   0.212000E+03   0.137101E+04   0.393441E+02   0.798488E+05   0.194502E+04
   0.212100E+03   0.137101E+04   0.393436E+02   0.798491E+05   0.194502E+04
   0.212200E+03   0.137102E+04   0.393454E+02   0.798494E+05   0.194502E+04
   0.212300E+03   0.137102E+04   0.393456E+02   0.798497E+05   0.194504E+04
   0.212400E+03   0.137102E+04   0.393462E+02   0.798500E+05   0.194506E+04
   0.212500E+03   0.137103E+04   0.393449E+02   0.798503E+05   0.194506E+04
   0.212600E+03   0.137103E+04   0.393444E+02   0.798506E+05   0.194504E+04
   0.212700E+03   0.137103E+04   0.393469E+02   0.798509E+05   0.194507E+04
   0.212800E+03   0.137104E+04   0.393463E+02   0.798511E+05   0.194505E+04
   0.212900E+03   0.137104E+04   0.393478E+02   0.798515E+05   0.194509E+04
   0.213000E+03   0.137105E+04   0.393473E+02   0.798517E+05   0.194509E+04
   0.213100E+03   0.137105E+04   0.393477E+02   0.798520E+05   0.194511E+04
   0.213200E+03   0.137105E+04   0.393481E+02   0.798523E+05   0.194511E+04
   0.213300E+03   0.137106E+04   0.393474E+02   0.798526E+05   0.194511E+04
   0.213400E+03   0.137106E+04   0.393485E+02   0.798529E+05   0.194511E+04
   0.213500E+03   0.137106E+04   0.393489E+02   0.798532E+05   0.194514E+04
   0.213600E+03   0.137107E+04   0.393484E+02   0.798535E+05   0.194514E+04
   0.213700E+03   0.137107E+04   0.393480E+02   0.798538E+05   0.194515E+04
   0.213800E+03   0.137107E+04   0.393516E+02   0.798541E+05   0.194514E+04
   0.213900E+03   0.137108E+04   0.393492E+02   0.798543E+05   0.194516E+04
   0.214000E+03   0.137108E+04   0.393496E+02   0.798546E+05   0.194517E+04
   0.214100E+03   0.137109E+04   0.393487E+02   0.798549E+05   0.194517E+04
   0.214200E+03   0.137109E+04   0.393495E+02   0.798552E+05   0.194518E+04
   0.214300E+03   0.137109E+04   0.393517E+02   0.798555E+05   0.194521E+04
   0.214400E+03   0.137109E+04   0.393508E+02   0.798557E+05   0.194520E+04
   0.214500E+03   0.137110E+04   0.393504E+02   0.798560E+05   0.194520E+04
   0.214600E+03   0.137110E+04   0.393532E+02   0.798563E+05   0.194523E+04
   0.214700E+03   0.137111E+04   0.393503E+02   0.798566E+05   0.194522E+04
   0.214800E+03   0.137111E+04   0.393524E+02   0.798569E+05   0.194522E+04
   0.214900E+03   0.137111E+04   0.393533E+02   0.798571E+05   0.194523E+04
   0.215000E+03   0.137112E+04   0.393503E+02   0.798574E+05   0.194526E+04
   0.215100E+03   0.137112E+04   0.393532E+02   0.798576E+05   0.194525E+04
   0.215200E+03   0.137112E+04   0.393510E+02   0.798579E+05   0.194526E+04
   0.215300E+03   0.137113E+04   0.393540E+02   0.798582E+05   0.194528E+04
   0.215400E+03   0.137113E+04   0.393552E+02   0.798585E+05   0.194528E+04
   0.215500E+03   0.137113E+04   0.393519E+02   0.798587E+05   0.194527E+04
   0.215600E+03   0.137114E+04   0.393540E+02   0.798590E+05   0.194529E+04
   0.215700E+03   0.137114E+04   0.393535E+02   0.798593E+05   0.194527E+04
   0.215800E+03   0.137114E+04   0.393526E+02   0.798595E+05   0.194534E+04
   0.215900E+03   0.137114E+04   0.393548E+02   0.798598E+05   0.194533E+04
   0.216000E+03   0.137115E+04   0.393543E+02   0.798601E+05   0.194533E+04
   0.216100E+03   0.137115E+04   0.393547E+02   0.798603E+05   0.194534E+04
   0.216200E+03   0.137115E+04   0.393555E+02   0.798606E+05   0.194534E+04
   0.216300E+03   0.137116E+04   0.393551E+02   0.798608E+05   0.194535E+04
   0.216400E+03   0.137116E+04   0.393555E+02   0.798611E+05   0.194535E+04
   0.216500E+03   0.137116E+04   0.393555E+02   0.798614E+05   0.194535E+04
   0.216600E+03   0.137117E+04   0.393568E+02   0.798616E+05   0.194537E+04
   0.216700E+03   0.137117E+04   0.393563E+02   0.798619E+05   0.194539E+04
   0.216800E+03   0.137117E+04   0.393563E+02   0.798621E+05   0.194540E+04
   0.216900E+03   0.137118E+04   0.393579E+02   0.798624E+05   0.194539E+04
   0.217000E+03   0.137118E+04   0.393571E+02   0.798626E+05   0.194540E+04
   0.217100E+03   0.137118E+04   0.393563E+02   0.798629E+05   0.194541E+04
   0.217200E+03   0.137118E+04   0.393584E+02   0.798631E+05   0.194540E+04
   0.217300E+03   0.137119E+04   0.393566E+02   0.798634E+05   0.194544E+04
   0.217400E+03   0.137119E+04   0.393569E+02   0.798636E+05   0.194544E+04
   0.217500E+03   0.137119E+04   0.393592E+02   0.798639E+05   0.194545E+04
   0.217600E+03   0.137120E+04   0.393578E+02   0.798641E+05   0.194543E+04
   0.217700E+03   0.137120E+04   0.393591E+02   0.798644E+05   0.194548E+04
   0.217800E+03   0.137120E+04   0.393590E+02   0.798646E+05   0.194547E+04
   0.217900E+03   0.137121E+04   0.393581E+02   0.798649E+05   0.194547E+04
   0.218000E+03   0.137121E+04   0.393594E+02   0.798651E+05   0.194547E+04
   0.218100E+03   0.137121E+04   0.393603E+02   0.798654E+05   0.194550E+04
   0.218200E+03   0.137122E+04   0.393586E+02   0.798656E+05   0.194549E+04
   0.218300E+03   0.137122E+04   0.393587E+02   0.798659E+05   0.194549E+04
   0.218400E+03   0.137122E+04   0.393606E+02   0.798661E+05   0.194548E+04
   0.218500E+03   0.137122E+04   0.393606E+02   0.798663E+05   0.194551E+04
   0.218600E+03   0.137123E+04   0.393594E+02   0.798666E+05   0.194551E+04
   0.218700E+03   0.137123E+04   0.393619E+02   0.798668E+05   0.194552E+04
   0.218800E+03   0.137123E+04   0.393611E+02   0.798671E+05   0.194553E+04
   0.218900E+03   0.137124E+04   0.393603E+02   0.798673E+05   0.194555E+04
   0.219000E+03   0.137124E+04   0.393613E+02   0.798675E+05   0.194556E+04
   0.219100E+03   0.137124E+04   0.393614E+02   0.798678E+05   0.194554E+04
   0.219200E+03   0.137124E+04   0.393622E+02   0.798680E+05   0.194555E+04
   0.219300E+03   0.137125E+04   0.393622E+02   0.798682E+05   0.194556E+04
   0.219400E+03   0.137125E+04   0.393639E+02   0.798684E+05   0.194557E+04
   0.219500E+03   0.137125E+04   0.393622E+02   0.798687E+05   0.194558E+04
   0.219600E+03   0.137125E+04   0.393617E+02   0.798689E+05   0.194557E+04
   0.219700E+03   0.137126E+04   0.393647E+02   0.798691E+05   0.194560E+04
   0.219800E+03   0.137126E+04   0.393647E+02   0.798694E+05   0.194560E+04
   0.219900E+03   0.137126E+04   0.393625E+02   0.798696E+05   0.194562E+04
   0.220000E+03   0.137127E+04   0.393647E+02   0.798698E+05   0.194562E+04
   0.220100E+03   0.137127E+04   0.393647E+02   0.798701E+05   0.194562E+04
   0.220200E+03   0.137127E+04   0.393633E+02   0.798703E+05   0.194564E+04
   0.220300E+03   0.137128E+04   0.393654E+02   0.798705E+05   0.194564E+04
   0.220400E+03   0.137128E+04   0.393654E+02   0.798707E+05   0.194563E+04
   0.220500E+03   0.137128E+04   0.393651E+02   0.798710E+05   0.194566E+04
   0.220600E+03   0.137129E+04   0.393662E+02   0.798712E+05   0.194566E+04
   0.220700E+03   0.137129E+04   0.393654E+02   0.798714E+05   0.194564E+04
   0.220800E+03   0.137129E+04   0.393663E+02   0.798716E+05   0.194568E+04
   0.220900E+03   0.137129E+04   0.393644E+02   0.798719E+05   0.194568E+04
   0.221000E+03   0.137130E+04   0.393665E+02   0.798721E+05   0.194567E+04
   0.221100E+03   0.137130E+04   0.393665E+02   0.798723E+05   0.194569E+04
   0.221200E+03   0.137130E+04   0.393648E+02   0.798725E+05   0.194569E+04
   0.221300E+03   0.137130E+04   0.393670E+02   0.798727E+05   0.194568E+04
   0.221400E+03   0.137130E+04   0.393670E+02   0.798730E+05   0.194572E+04
   0.221500E+03   0.137130E+04   0.393658E+02   0.798731E+05   0.194572E+04
   0.221600E+03   0.137131E+04   0.393673E+02   0.798734E+05   0.194571E+04
   0.221700E+03   0.137131E+04   0.393673E+02   0.798736E+05   0.194574E+04
   0.221800E+03   0.137131E+04   0.393678E+02   0.798738E+05   0.194573E+04
   0.221900E+03   0.137132E+04   0.393703E+02   0.798740E+05   0.194573E+04
   0.222000E+03   0.137132E+04   0.393677E+02   0.798742E+05   0.194574E+04
   0.222100E+03   0.137132E+04   0.393677E+02   0.798744E+05   0.194576E+04
   0.222200E+03   0.137133E+04   0.393687E+02   0.798746E+05   0.194575E+04
   0.222300E+03   0.137133E+04   0.393680E+02   0.798749E+05   0.194576E+04
   0.222400E+03   0.137133E+04   0.393680E+02   0.798751E+05   0.194578E+04
   0.222500E+03   0.137133E+04   0.393711E+02   0.798753E+05   0.194579E+04
   0.222600E+03   0.137134E+04   0.393710E+02   0.798755E+05   0.194580E+04
   0.222700E+03   0.137134E+04   0.393693E+02   0.798757E+05   0.194577E+04
   0.222800E+03   0.137134E+04   0.393689E+02   0.798759E+05   0.194580E+04
   0.222900E+03   0.137134E+04   0.393694E+02   0.798761E+05   0.194582E+04
   0.223000E+03   0.137135E+04   0.393713E+02   0.798763E+05   0.194581E+04
   0.223100E+03   0.137135E+04   0.393696E+02   0.798765E+05   0.194582E+04
   0.223200E+03   0.137135E+04   0.393719E+02   0.798767E+05   0.194581E+04
   0.223300E+03   0.137135E+04   0.393719E+02   0.798769E+05   0.194583E+04
   0.223400E+03   0.137136E+04   0.393696E+02   0.798771E+05   0.194583E+04
   0.223500E+03   0.137136E+04   0.393713E+02   0.798773E+05   0.194585E+04
   0.223600E+03   0.137136E+04   0.393710E+02   0.798775E+05   0.194584E+04
   0.223700E+03   0.137136E+04   0.393721E+02   0.798777E+05   0.194587E+04
   0.223800E+03   0.137136E+04   0.393703E+02   0.798779E+05   0.194585E+04
   0.223900E+03   0.137137E+04   0.393735E+02   0.798781E+05   0.194585E+04
   0.224000E+03   0.137137E+04   0.393718E+02   0.798783E+05   0.194587E+04
   0.224100E+03   0.137137E+04   0.393721E+02   0.798785E+05   0.194588E+04
   0.224200E+03   0.137138E+04   0.393729E+02   0.798787E+05   0.194589E+04
   0.224300E+03   0.137138E+04   0.393730E+02   0.798789E+05   0.194590E+04
   0.224400E+03   0.137138E+04   0.393721E+02   0.798791E+05   0.194589E+04
   0.224500E+03   0.137138E+04   0.393728E+02   0.798793E+05   0.194591E+04
   0.224600E+03   0.137138E+04   0.393732E+02   0.798795E+05   0.194591E+04
   0.224700E+03   0.137139E+04   0.393726E+02   0.798797E+05   0.194590E+04
   0.224800E+03   0.137139E+04   0.393729E+02   0.798799E+05   0.194593E+04
   0.224900E+03   0.137139E+04   0.393754E+02   0.798801E+05   0.194591E+04
   0.225000E+03   0.137139E+04   0.393737E+02   0.798803E+05   0.194593E+04
   0.225100E+03   0.137139E+04   0.393725E+02   0.798805E+05   0.194594E+04
   0.225200E+03   0.137140E+04   0.393744E+02   0.798806E+05   0.194595E+04
   0.225300E+03   0.137140E+04   0.393757E+02   0.798808E+05   0.194594E+04
   0.225400E+03   0.137140E+04   0.393745E+02   0.798810E+05   0.194596E+04
   0.225500E+03   0.137140E+04   0.393741E+02   0.798812E+05   0.194596E+04
   0.225600E+03   0.137141E+04   0.393744E+02   0.798814E+05   0.194597E+04
   0.225700E+03   0.137141E+04   0.393762E+02   0.798816E+05   0.194596E+04
   0.225800E+03   0.137141E+04   0.393753E+02   0.798818E+05   0.194600E+04
   0.225900E+03   0.137141E+04   0.393744E+02   0.798820E+05   0.194598E+04
   0.226000E+03   0.137142E+04   0.393764E+02   0.798821E+05   0.194599E+04
   0.226100E+03   0.137142E+04   0.393765E+02   0.798823E+05   0.194599E+04
   0.226200E+03   0.137142E+04   0.393761E+02   0.798825E+05   0.194601E+04
   0.226300E+03   0.137142E+04   0.393753E+02   0.798827E+05   0.194600E+04
   0.226400E+03   0.137143E+04   0.393769E+02   0.798829E+05   0.194600E+04
   0.226500E+03   0.137143E+04   0.393777E+02   0.798831E+05   0.194601E+04
   0.226600E+03   0.137143E+04   0.393773E+02   0.798832E+05   0.194602E+04
   0.226700E+03   0.137143E+04   0.393747E+02   0.798834E+05   0.194603E+04
   0.226800E+03   0.137144E+04   0.393780E+02   0.798836E+05   0.194604E+04
   0.226900E+03   0.137144E+04   0.393780E+02   0.798838E+05   0.194604E+04
   0.227000E+03   0.137144E+04   0.393786E+02   0.798839E+05   0.194605E+04
   0.227100E+03   0.137144E+04   0.393777E+02   0.798841E+05   0.194606E+04
   0.227200E+03   0.137144E+04   0.393778E+02   0.798843E+05   0.194607E+04
   0.227300E+03   0.137145E+04   0.393785E+02   0.798845E+05   0.194606E+04
   0.227400E+03   0.137145E+04   0.393780E+02   0.798847E+05   0.194607E+04
   0.227500E+03   0.137145E+04   0.393780E+02   0.798848E+05   0.194608E+04
   0.227600E+03   0.137145E+04   0.393781E+02   0.798850E+05   0.194609E+04
   0.227700E+03   0.137145E+04   0.393788E+02   0.798852E+05   0.194609E+04
   0.227800E+03   0.137145E+04   0.393802E+02   0.798853E+05   0.194612E+04
   0.227900E+03   0.137146E+04   0.393807E+02   0.798855E+05   0.194612E+04
   0.228000E+03   0.137146E+04   0.393794E+02   0.798857E+05   0.194611E+04
   0.228100E+03   0.137146E+04   0.393788E+02   0.798859E+05   0.194611E+04
   0.228200E+03   0.137146E+04   0.393796E+02   0.798860E+05   0.194612E+04
   0.228300E+03   0.137146E+04   0.393814E+02   0.798862E+05   0.194613E+04
   0.228400E+03   0.137147E+04   0.393788E+02   0.798863E+05   0.194613E+04
   0.228500E+03   0.137147E+04   0.393804E+02   0.798865E+05   0.194613E+04
   0.228600E+03   0.137147E+04   0.393804E+02   0.798867E+05   0.194615E+04
   0.228700E+03   0.137147E+04   0.393826E+02   0.798869E+05   0.194615E+04
   0.228800E+03   0.137148E+04   0.393813E+02   0.798870E+05   0.194618E+04
   0.228900E+03   0.137148E+04   0.393805E+02   0.798872E+05   0.194617E+04
   0.229000E+03   0.137148E+04   0.393804E+02   0.798874E+05   0.194618E+04
   0.229100E+03   0.137148E+04   0.393821E+02   0.798876E+05   0.194618E+04
   0.229200E+03   0.137148E+04   0.393813E+02   0.798877E+05   0.194619E+04
   0.229300E+03   0.137149E+04   0.393804E+02   0.798879E+05   0.194619E+04
   0.229400E+03   0.137149E+04   0.393811E+02   0.798880E+05   0.194618E+04
   0.229500E+03   0.137149E+04   0.393828E+02   0.798882E+05   0.194620E+04
   0.229600E+03   0.137149E+04   0.393838E+02   0.798884E+05   0.194621E+04
   0.229700E+03   0.137150E+04   0.393830E+02   0.798885E+05   0.194621E+04
   0.229800E+03   0.137150E+04   0.393812E+02   0.798887E+05   0.194620E+04
   0.229900E+03   0.137150E+04   0.393811E+02   0.798888E+05   0.194618E+04
   0.230000E+03   0.137150E+04   0.393837E+02   0.798890E+05   0.194621E+04
   0.230100E+03   0.137150E+04   0.393829E+02   0.798892E+05   0.194622E+04
   0.230200E+03   0.137150E+04   0.393829E+02   0.798893E+05   0.194622E+04
   0.230300E+03   0.137151E+04   0.393819E+02   0.798895E+05   0.194622E+04
   0.230400E+03   0.137151E+04   0.393840E+02   0.798896E+05   0.194625E+04
   0.230500E+03   0.137151E+04   0.393845E+02   0.798898E+05   0.194625E+04
   0.230600E+03   0.137151E+04   0.393837E+02   0.798899E+05   0.194624E+04
   0.230700E+03   0.137151E+04   0.393837E+02   0.798901E+05   0.194626E+04
   0.230800E+03   0.137152E+04   0.393844E+02   0.798903E+05   0.194626E+04
   0.230900E+03   0.137152E+04   0.393844E+02   0.798904E+05   0.194625E+04
   0.231000E+03   0.137152E+04   0.393848E+02   0.798906E+05   0.194627E+04
   0.231100E+03   0.137152E+04   0.393845E+02   0.798907E+05   0.194625E+04
   0.231200E+03   0.137152E+04   0.393840E+02   0.798909E+05   0.194627E+04
   0.231300E+03   0.137153E+04   0.393847E+02   0.798910E+05   0.194629E+04
   0.231400E+03   0.137153E+04   0.393847E+02   0.798912E+05   0.194629E+04
   0.231500E+03   0.137153E+04   0.393853E+02   0.798913E+05   0.194630E+04
   0.231600E+03   0.137153E+04   0.393853E+02   0.798915E+05   0.194631E+04
   0.231700E+03   0.137153E+04   0.393870E+02   0.798917E+05   0.194631E+04
   0.231800E+03   0.137153E+04   0.393852E+02   0.798918E+05   0.194630E+04
   0.231900E+03   0.137154E+04   0.393860E+02   0.798919E+05   0.194631E+04
   0.232000E+03   0.137154E+04   0.393852E+02   0.798921E+05   0.194632E+04
   0.232100E+03   0.137154E+04   0.393848E+02   0.798922E+05   0.194633E+04
   0.232200E+03   0.137154E+04   0.393865E+02   0.798924E+05   0.194634E+04
   0.232300E+03   0.137154E+04   0.393863E+02   0.798925E+05   0.194633E+04
   0.232400E+03   0.137154E+04   0.393863E+02   0.798927E+05   0.194633E+04
   0.232500E+03   0.137155E+04   0.393860E+02   0.798928E+05   0.194635E+04
   0.232600E+03   0.137155E+04   0.393878E+02   0.798930E+05   0.194635E+04
   0.232700E+03   0.137155E+04   0.393886E+02   0.798931E+05   0.194636E+04
   0.232800E+03   0.137155E+04   0.393868E+02   0.798933E+05   0.194636E+04
   0.232900E+03   0.137155E+04   0.393863E+02   0.798934E+05   0.194635E+04
   0.233000E+03   0.137156E+04   0.393855E+02   0.798935E+05   0.194638E+04
   0.233100E+03   0.137156E+04   0.393872E+02   0.798937E+05   0.194638E+04
   0.233200E+03   0.137156E+04   0.393881E+02   0.798938E+05   0.194636E+04
   0.233300E+03   0.137156E+04   0.393888E+02   0.798940E+05   0.194638E+04
   0.233400E+03   0.137156E+04   0.393871E+02   0.798941E+05   0.194640E+04
   0.233500E+03   0.137156E+04   0.393868E+02   0.798942E+05   0.194640E+04
   0.233600E+03   0.137157E+04   0.393894E+02   0.798944E+05   0.194641E+04
   0.233700E+03   0.137157E+04   0.393894E+02   0.798945E+05   0.194640E+04
   0.233800E+03   0.137157E+04   0.393893E+02   0.798947E+05   0.194642E+04
   0.233900E+03   0.137157E+04   0.393871E+02   0.798948E+05   0.194640E+04
   0.234000E+03   0.137158E+04   0.393888E+02   0.798949E+05   0.194642E+04
   0.234100E+03   0.137158E+04   0.393888E+02   0.798951E+05   0.194642E+04
   0.234200E+03   0.137158E+04   0.393888E+02   0.798952E+05   0.194642E+04
   0.234300E+03   0.137158E+04   0.393889E+02   0.798954E+05   0.194642E+04
   0.234400E+03   0.137158E+04   0.393904E+02   0.798955E+05   0.194645E+04
   0.234500E+03   0.137158E+04   0.393908E+02   0.798956E+05   0.194643E+04
   0.234600E+03   0.137158E+04   0.393901E+02   0.798958E+05   0.194645E+04
   0.234700E+03   0.137158E+04   0.393901E+02   0.798959E+05   0.194644E+04
   0.234800E+03   0.137159E+04   0.393897E+02   0.798960E+05   0.194646E+04
   0.234900E+03   0.137159E+04   0.393904E+02   0.798962E+05   0.194645E+04
   0.235000E+03   0.137159E+04   0.393908E+02   0.798963E+05   0.194648E+04
   0.235100E+03   0.137159E+04   0.393896E+02   0.798964E+05   0.194647E+04
   0.235200E+03   0.137159E+04   0.393896E+02   0.798966E+05   0.194647E+04
   0.235300E+03   0.137159E+04   0.393904E+02   0.798967E+05   0.194649E+04
   0.235400E+03   0.137160E+04   0.393911E+02   0.798968E+05   0.194648E+04
   0.235500E+03   0.137160E+04   0.393929E+02   0.798970E+05   0.194649E+04
   0.235600E+03   0.137160E+04   0.393915E+02   0.798971E+05   0.194649E+04
   0.235700E+03   0.137160E+04   0.393909E+02   0.798972E+05   0.194649E+04
   0.235800E+03   0.137160E+04   0.393912E+02   0.798974E+05   0.194652E+04
   0.235900E+03   0.137160E+04   0.393913E+02   0.798975E+05   0.194648E+04
   0.236000E+03   0.137161E+04   0.393937E+02   0.798976E+05   0.194651E+04
   0.236100E+03   0.137161E+04   0.393933E+02   0.798977E+05   0.194651E+04
   0.236200E+03   0.137161E+04   0.393912E+02   0.798979E+05   0.194652E+04
   0.236300E+03   0.137161E+04   0.393912E+02   0.798980E+05   0.194652E+04
   0.236400E+03   0.137161E+04   0.393912E+02   0.798981E+05   0.194651E+04
   0.236500E+03   0.137161E+04   0.393912E+02   0.798983E+05   0.194654E+04
   0.236600E+03   0.137161E+04   0.393936E+02   0.798984E+05   0.194654E+04
   0.236700E+03   0.137162E+04   0.393949E+02   0.798985E+05   0.194654E+04
   0.236800E+03   0.137162E+04   0.393915E+02   0.798986E+05   0.194654E+04
   0.236900E+03   0.137162E+04   0.393920E+02   0.798988E+05   0.194656E+04
   0.237000E+03   0.137162E+04   0.393920E+02   0.798989E+05   0.194655E+04
   0.237100E+03   0.137162E+04   0.393938E+02   0.798990E+05   0.194655E+04
   0.237200E+03   0.137162E+04   0.393953E+02   0.798991E+05   0.194657E+04
   0.237300E+03   0.137162E+04   0.393949E+02   0.798993E+05   0.194656E+04
   0.237400E+03   0.137163E+04   0.393919E+02   0.798994E+05   0.194656E+04
   0.237500E+03   0.137163E+04   0.393919E+02   0.798995E+05   0.194659E+04
   0.237600E+03   0.137163E+04   0.393928E+02   0.798996E+05   0.194657E+04
   0.237700E+03   0.137163E+04   0.393945E+02   0.798997E+05   0.194658E+04
   0.237800E+03   0.137163E+04   0.393948E+02   0.798999E+05   0.194659E+04
   0.237900E+03   0.137163E+04   0.393951E+02   0.799000E+05   0.194659E+04
   0.238000E+03   0.137163E+04   0.393922E+02   0.799001E+05   0.194658E+04
   0.238100E+03   0.137164E+04   0.393936E+02   0.799002E+05   0.194660E+04
   0.238200E+03   0.137164E+04   0.393954E+02   0.799003E+05   0.194661E+04
   0.238300E+03   0.137164E+04   0.393954E+02   0.799005E+05   0.194660E+04
   0.238400E+03   0.137164E+04   0.393961E+02   0.799006E+05   0.194661E+04
   0.238500E+03   0.137164E+04   0.393956E+02   0.799007E+05   0.194663E+04
   0.238600E+03   0.137164E+04   0.393953E+02   0.799008E+05   0.194661E+04
   0.238700E+03   0.137165E+04   0.393935E+02   0.799009E+05   0.194662E+04
   0.238800E+03   0.137165E+04   0.393953E+02   0.799011E+05   0.194663E+04
   0.238900E+03   0.137165E+04   0.393948E+02   0.799012E+05   0.194663E+04
   0.239000E+03   0.137165E+04   0.393955E+02   0.799013E+05   0.194664E+04
   0.239100E+03   0.137165E+04   0.393967E+02   0.799014E+05   0.194664E+04
   0.239200E+03   0.137165E+04   0.393956E+02   0.799015E+05   0.194664E+04
   0.239300E+03   0.137165E+04   0.393956E+02   0.799016E+05   0.194666E+04
   0.239400E+03   0.137166E+04   0.393961E+02   0.799018E+05   0.194665E+04
   0.239500E+03   0.137166E+04   0.393961E+02   0.799019E+05   0.194665E+04
   0.239600E+03   0.137166E+04   0.393961E+02   0.799020E+05   0.194666E+04
   0.239700E+03   0.137166E+04   0.393980E+02   0.799021E+05   0.194667E+04
   0.239800E+03   0.137166E+04   0.393968E+02   0.799022E+05   0.194668E+04
   0.239900E+03   0.137166E+04   0.393977E+02   0.799023E+05   0.194668E+04
   0.240000E+03   0.137166E+04   0.393960E+02   0.799024E+05   0.194669E+04
   0.240100E+03   0.137167E+04   0.393956E+02   0.799025E+05   0.194668E+04
   0.240200E+03   0.137167E+04   0.393964E+02   0.799027E+05   0.194670E+04
   0.240300E+03   0.137167E+04   0.393975E+02   0.799028E+05   0.194669E+04
   0.240400E+03   0.137167E+04   0.393975E+02   0.799029E+05   0.194669E+04
   0.240500E+03   0.137167E+04   0.393980E+02   0.799030E+05   0.194669E+04
   0.240600E+03   0.137167E+04   0.393980E+02   0.799031E+05   0.194670E+04
   0.240700E+03   0.137167E+04   0.393972E+02   0.799032E+05   0.194670E+04
   0.240800E+03   0.137167E+04   0.393977E+02   0.799033E+05   0.194673E+04
   0.240900E+03   0.137167E+04   0.393977E+02   0.799034E+05   0.194673E+04
   0.241000E+03   0.137168E+04   0.393988E+02   0.799035E+05   0.194670E+04
   0.241100E+03   0.137168E+04   0.393976E+02   0.799036E+05   0.194672E+04
   0.241200E+03   0.137168E+04   0.393993E+02   0.799037E+05   0.194673E+04
   0.241300E+03   0.137168E+04   0.393989E+02   0.799039E+05   0.194673E+04
   0.241400E+03   0.137168E+04   0.393972E+02   0.799039E+05   0.194674E+04
   0.241500E+03   0.137168E+04   0.393972E+02   0.799040E+05   0.194674E+04
   0.241600E+03   0.137168E+04   0.393975E+02   0.799042E+05   0.194671E+04
   0.241700E+03   0.137169E+04   0.393983E+02   0.799043E+05   0.194675E+04
   0.241800E+03   0.137169E+04   0.393996E+02   0.799044E+05   0.194676E+04
   0.241900E+03   0.137169E+04   0.393996E+02   0.799045E+05   0.194676E+04
   0.242000E+03   0.137169E+04   0.393996E+02   0.799046E+05   0.194676E+04
   0.242100E+03   0.137169E+04   0.393996E+02   0.799047E+05   0.194677E+04
   0.242200E+03   0.137169E+04   0.393984E+02   0.799048E+05   0.194677E+04
   0.242300E+03   0.137169E+04   0.393988E+02   0.799049E+05   0.194676E+04
   0.242400E+03   0.137170E+04   0.394021E+02   0.799050E+05   0.194678E+04
   0.242500E+03   0.137170E+04   0.394005E+02   0.799051E+05   0.194678E+04
   0.242600E+03   0.137170E+04   0.394005E+02   0.799052E+05   0.194677E+04
   0.242700E+03   0.137170E+04   0.394005E+02   0.799053E+05   0.194677E+04
   0.242800E+03   0.137170E+04   0.393996E+02   0.799054E+05   0.194679E+04
   0.242900E+03   0.137170E+04   0.393987E+02   0.799055E+05   0.194680E+04
   0.243000E+03   0.137170E+04   0.393992E+02   0.799056E+05   0.194679E+04
   0.243100E+03   0.137171E+04   0.394016E+02   0.799057E+05   0.194681E+04
   0.243200E+03   0.137171E+04   0.394004E+02   0.799058E+05   0.194682E+04
   0.243300E+03   0.137171E+04   0.394004E+02   0.799059E+05   0.194680E+04
   0.243400E+03   0.137171E+04   0.394004E+02   0.799060E+05   0.194682E+04
   0.243500E+03   0.137171E+04   0.394012E+02   0.799061E+05   0.194682E+04
   0.243600E+03   0.137171E+04   0.394012E+02   0.799062E+05   0.194682E+04
   0.243700E+03   0.137171E+04   0.394022E+02   0.799063E+05   0.194682E+04
   0.243800E+03   0.137171E+04   0.394024E+02   0.799064E+05   0.194683E+04
   0.243900E+03   0.137172E+04   0.394012E+02   0.799065E+05   0.194682E+04
   0.244000E+03   0.137172E+04   0.394012E+02   0.799066E+05   0.194683E+04
   0.244100E+03   0.137172E+04   0.394021E+02   0.799067E+05   0.194685E+04
   0.244200E+03   0.137172E+04   0.394021E+02   0.799068E+05   0.194683E+04
   0.244300E+03   0.137172E+04   0.394012E+02   0.799069E+05   0.194684E+04
   0.244400E+03   0.137172E+04   0.394030E+02   0.799070E+05   0.194684E+04
   0.244500E+03   0.137172E+04   0.394017E+02   0.799071E+05   0.194684E+04
   0.244600E+03   0.137172E+04   0.394024E+02   0.799072E+05   0.194686E+04
   0.244700E+03   0.137172E+04   0.394020E+02   0.799073E+05   0.194686E+04
   0.244800E+03   0.137172E+04   0.394020E+02   0.799074E+05   0.194686E+04
   0.244900E+03   0.137172E+04   0.394020E+02   0.799074E+05   0.194686E+04
   0.245000E+03   0.137172E+04   0.394020E+02   0.799075E+05   0.194687E+04
   0.245100E+03   0.137173E+04   0.394037E+02   0.799076E+05   0.194687E+04
   0.245200E+03   0.137173E+04   0.394037E+02   0.799077E+05   0.194688E+04
   0.245300E+03   0.137173E+04   0.394019E+02   0.799078E+05   0.194690E+04
   0.245400E+03   0.137173E+04   0.394040E+02   0.799079E+05   0.194689E+04
   0.245500E+03   0.137173E+04   0.394028E+02   0.799080E+05   0.194689E+04
   0.245600E+03   0.137173E+04   0.394028E+02   0.799081E+05   0.194689E+04
   0.245700E+03   0.137173E+04   0.394028E+02   0.799082E+05   0.194691E+04
   0.245800E+03   0.137173E+04   0.394028E+02   0.799083E+05   0.194690E+04
   0.245900E+03   0.137174E+04   0.394046E+02   0.799084E+05   0.194690E+04
   0.246000E+03   0.137174E+04   0.394050E+02   0.799085E+05   0.194690E+04
   0.246100E+03   0.137174E+04   0.394032E+02   0.799086E+05   0.194691E+04
   0.246200E+03   0.137174E+04   0.394027E+02   0.799086E+05   0.194690E+04
   0.246300E+03   0.137174E+04   0.394027E+02   0.799088E+05   0.194690E+04
   0.246400E+03   0.137174E+04   0.394027E+02   0.799088E+05   0.194690E+04
   0.246500E+03   0.137174E+04   0.394027E+02   0.799089E+05   0.194690E+04
   0.246600E+03   0.137174E+04   0.394045E+02   0.799090E+05   0.194691E+04
   0.246700E+03   0.137175E+04   0.394049E+02   0.799091E+05   0.194691E+04
   0.246800E+03   0.137175E+04   0.394053E+02   0.799092E+05   0.194693E+04
   0.246900E+03   0.137175E+04   0.394053E+02   0.799093E+05   0.194693E+04
   0.247000E+03   0.137175E+04   0.394042E+02   0.799094E+05   0.194695E+04
   0.247100E+03   0.137175E+04   0.394036E+02   0.799094E+05   0.194695E+04
   0.247200E+03   0.137175E+04   0.394036E+02   0.799095E+05   0.194695E+04
   0.247300E+03   0.137175E+04   0.394044E+02   0.799096E+05   0.194695E+04
   0.247400E+03   0.137175E+04   0.394062E+02   0.799097E+05   0.194695E+04
   0.247500E+03   0.137175E+04   0.394062E+02   0.799098E+05   0.194696E+04
   0.247600E+03   0.137175E+04   0.394066E+02   0.799099E+05   0.194697E+04
   0.247700E+03   0.137175E+04   0.394066E+02   0.799100E+05   0.194697E+04
   0.247800E+03   0.137176E+04   0.394040E+02   0.799100E+05   0.194697E+04
   0.247900E+03   0.137176E+04   0.394035E+02   0.799101E+05   0.194697E+04
   0.248000E+03   0.137176E+04   0.394043E+02   0.799102E+05   0.194697E+04
   0.248100E+03   0.137176E+04   0.394061E+02   0.799103E+05   0.194696E+04
   0.248200E+03   0.137176E+04   0.394061E+02   0.799104E+05   0.194697E+04
   0.248300E+03   0.137176E+04   0.394056E+02   0.799104E+05   0.194698E+04
   0.248400E+03   0.137176E+04   0.394056E+02   0.799105E+05   0.194700E+04
   0.248500E+03   0.137176E+04   0.394060E+02   0.799106E+05   0.194699E+04
   0.248600E+03   0.137176E+04   0.394060E+02   0.799107E+05   0.194700E+04
   0.248700E+03   0.137176E+04   0.394076E+02   0.799108E+05   0.194699E+04
   0.248800E+03   0.137177E+04   0.394046E+02   0.799109E+05   0.194700E+04
   0.248900E+03   0.137177E+04   0.394069E+02   0.799110E+05   0.194700E+04
   0.249000E+03   0.137177E+04   0.394069E+02   0.799111E+05   0.194701E+04
   0.249100E+03   0.137177E+04   0.394069E+02   0.799111E+05   0.194700E+04
   0.249200E+03   0.137177E+04   0.394069E+02   0.799112E+05   0.194703E+04
   0.249300E+03   0.137177E+04   0.394069E+02   0.799113E+05   0.194703E+04
   0.249400E+03   0.137177E+04   0.394081E+02   0.799114E+05   0.194703E+04
   0.249500E+03   0.137177E+04   0.394081E+02   0.799114E+05   0.194703E+04
   0.249600E+03   0.137177E+04   0.394076E+02   0.799115E+05   0.194703E+04
   0.249700E+03   0.137178E+04   0.394051E+02   0.799116E+05   0.194703E+04
   0.249800E+03   0.137178E+04   0.394068E+02   0.799117E+05   0.194703E+04
   0.249900E+03   0.137178E+04   0.394064E+02   0.799118E+05   0.194704E+04
