   0.000000E+00   0.647795E-04   0.766663E-07   0.851124E-02   0.693974E-07
   0.100000E+00   0.645576E-04   0.214083E-06   0.844859E-02   0.266616E-06
   0.200000E+00   0.642507E-04   0.386293E-06   0.838658E-02   0.617168E-06
   0.300000E+00   0.638798E-04   0.571984E-06   0.832514E-02   0.114244E-05
   0.400000E+00   0.634601E-04   0.757664E-06   0.826422E-02   0.184468E-05
   0.500000E+00   0.630047E-04   0.936747E-06   0.820378E-02   0.271014E-05
   0.600000E+00   0.625248E-04   0.110687E-05   0.814380E-02   0.373919E-05
   0.700000E+00   0.620297E-04   0.126731E-05   0.808423E-02   0.491450E-05
   0.800000E+00   0.615271E-04   0.141835E-05   0.802508E-02   0.623254E-05
   0.900000E+00   0.610225E-04   0.156081E-05   0.796631E-02   0.768240E-05
   0.100000E+01   0.605203E-04   0.169488E-05   0.790792E-02   0.925416E-05
   0.110000E+01   0.600238E-04   0.182169E-05   0.784991E-02   0.109399E-04
   0.120000E+01   0.595368E-04   0.194197E-05   0.779228E-02   0.127276E-04
   0.130000E+01   0.590650E-04   0.205713E-05   0.773502E-02   0.146112E-04
   0.140000E+01   0.586213E-04   0.217023E-05   0.767815E-02   0.165836E-04
   0.150000E+01   0.582453E-04   0.228680E-05   0.762171E-02   0.186404E-04
   0.160000E+01   0.580517E-04   0.242248E-05   0.756580E-02   0.207931E-04
   0.170000E+01   0.583607E-04   0.262929E-05   0.751067E-02   0.230751E-04
   0.180000E+01   0.600166E-04   0.309737E-05   0.745707E-02   0.255923E-04
   0.190000E+01   0.651420E-04   0.451853E-05   0.740682E-02   0.286558E-04
   0.200000E+01   0.788127E-04   0.877960E-05   0.736443E-02   0.331518E-04
   0.210000E+01   0.112589E-03   0.198608E-04   0.734040E-02   0.418136E-04
   0.220000E+01   0.191598E-03   0.460495E-04   0.735824E-02   0.624278E-04
   0.230000E+01   0.368062E-03   0.104595E-03   0.746839E-02   0.112918E-03
   0.240000E+01   0.745919E-03   0.229865E-03   0.777470E-02   0.228307E-03
   0.250000E+01   0.152348E-02   0.487405E-03   0.848261E-02   0.475718E-03
   0.260000E+01   0.306415E-02   0.996915E-03   0.998335E-02   0.982362E-03
   0.270000E+01   0.600820E-02   0.196852E-02   0.129948E-01   0.198137E-02
   0.280000E+01   0.114413E-01   0.375668E-02   0.187879E-01   0.388429E-02
   0.290000E+01   0.211363E-01   0.693729E-02   0.295355E-01   0.739186E-02
   0.300000E+01   0.378846E-01   0.124108E-01   0.488290E-01   0.136562E-01
   0.310000E+01   0.659266E-01   0.215329E-01   0.824129E-01   0.245073E-01
   0.320000E+01   0.111481E+00   0.362720E-01   0.139187E+00   0.427589E-01
   0.330000E+01   0.183356E+00   0.593870E-01   0.232519E+00   0.726002E-01
   0.340000E+01   0.293605E+00   0.946004E-01   0.381888E+00   0.120072E+00
   0.350000E+01   0.458172E+00   0.146766E+00   0.614854E+00   0.193629E+00
   0.360000E+01   0.697432E+00   0.221981E+00   0.969305E+00   0.304748E+00
   0.370000E+01   0.103655E+01   0.327612E+00   0.149589E+01   0.468551E+00
   0.380000E+01   0.150556E+01   0.472224E+00   0.226047E+01   0.704387E+00
   0.390000E+01   0.213902E+01   0.665381E+00   0.334646E+01   0.103631E+01
   0.400000E+01   0.297528E+01   0.917294E+00   0.485673E+01   0.149338E+01
   0.410000E+01   0.405525E+01   0.123834E+01   0.691494E+01   0.210973E+01
   0.420000E+01   0.542073E+01   0.163847E+01   0.966598E+01   0.292429E+01
   0.430000E+01   0.711240E+01   0.212652E+01   0.132755E+02   0.398031E+01
   0.440000E+01   0.916763E+01   0.270953E+01   0.179283E+02   0.532430E+01
   0.450000E+01   0.116182E+02   0.339210E+01   0.238252E+02   0.700486E+01
   0.460000E+01   0.144885E+02   0.417594E+01   0.311798E+02   0.907127E+01
   0.470000E+01   0.177932E+02   0.505953E+01   0.402133E+02   0.115718E+02
   0.480000E+01   0.215369E+02   0.603795E+01   0.511493E+02   0.145520E+02
   0.490000E+01   0.257131E+02   0.710312E+01   0.642083E+02   0.180533E+02
   0.500000E+01   0.303045E+02   0.824412E+01   0.796021E+02   0.221114E+02
   0.510000E+01   0.352836E+02   0.944753E+01   0.975284E+02   0.267550E+02
   0.520000E+01   0.406145E+02   0.106985E+02   0.118167E+03   0.320053E+02
   0.530000E+01   0.462542E+02   0.119809E+02   0.141674E+03   0.378756E+02
   0.540000E+01   0.521553E+02   0.132789E+02   0.168184E+03   0.443705E+02
   0.550000E+01   0.582673E+02   0.145770E+02   0.197803E+03   0.514876E+02
   0.560000E+01   0.645397E+02   0.158609E+02   0.230610E+03   0.592167E+02
   0.570000E+01   0.709229E+02   0.171180E+02   0.266659E+03   0.675415E+02
   0.580000E+01   0.773710E+02   0.183381E+02   0.305981E+03   0.764402E+02
   0.590000E+01   0.838415E+02   0.195119E+02   0.348580E+03   0.858874E+02
   0.600000E+01   0.902977E+02   0.206337E+02   0.394445E+03   0.958541E+02
   0.610000E+01   0.967076E+02   0.216985E+02   0.443543E+03   0.106309E+03
   0.620000E+01   0.103046E+03   0.227045E+02   0.495829E+03   0.117220E+03
   0.630000E+01   0.109292E+03   0.236507E+02   0.551245E+03   0.128555E+03
   0.640000E+01   0.115432E+03   0.245376E+02   0.609726E+03   0.140281E+03
   0.650000E+01   0.121454E+03   0.253673E+02   0.671199E+03   0.152367E+03
   0.660000E+01   0.127353E+03   0.261420E+02   0.735587E+03   0.164784E+03
   0.670000E+01   0.133127E+03   0.268655E+02   0.802811E+03   0.177506E+03
   0.680000E+01   0.138777E+03   0.275408E+02   0.872794E+03   0.190505E+03
   0.690000E+01   0.144305E+03   0.281720E+02   0.945455E+03   0.203755E+03
   0.700000E+01   0.149718E+03   0.287633E+02   0.102072E+04   0.217241E+03
   0.710000E+01   0.155022E+03   0.293185E+02   0.109852E+04   0.230937E+03
   0.720000E+01   0.160224E+03   0.298410E+02   0.117879E+04   0.244832E+03
   0.730000E+01   0.165332E+03   0.303345E+02   0.126146E+04   0.258905E+03
   0.740000E+01   0.170355E+03   0.308023E+02   0.134647E+04   0.273146E+03
   0.750000E+01   0.175299E+03   0.312468E+02   0.143376E+04   0.287541E+03
   0.760000E+01   0.180171E+03   0.316711E+02   0.152328E+04   0.302083E+03
   0.770000E+01   0.184978E+03   0.320768E+02   0.161497E+04   0.316753E+03
   0.780000E+01   0.189724E+03   0.324656E+02   0.170880E+04   0.331549E+03
   0.790000E+01   0.194415E+03   0.328396E+02   0.180470E+04   0.346460E+03
   0.800000E+01   0.199052E+03   0.331992E+02   0.190264E+04   0.361477E+03
   0.810000E+01   0.203639E+03   0.335458E+02   0.200257E+04   0.376595E+03
   0.820000E+01   0.208177E+03   0.338800E+02   0.210443E+04   0.391802E+03
   0.830000E+01   0.212669E+03   0.342027E+02   0.220820E+04   0.407092E+03
   0.840000E+01   0.217117E+03   0.345141E+02   0.231381E+04   0.422456E+03
   0.850000E+01   0.221521E+03   0.348150E+02   0.242124E+04   0.437889E+03
   0.860000E+01   0.225885E+03   0.351057E+02   0.253043E+04   0.453384E+03
   0.870000E+01   0.230210E+03   0.353867E+02   0.264135E+04   0.468931E+03
   0.880000E+01   0.234500E+03   0.356585E+02   0.275395E+04   0.484523E+03
   0.890000E+01   0.238757E+03   0.359215E+02   0.286820E+04   0.500152E+03
   0.900000E+01   0.242985E+03   0.361769E+02   0.298407E+04   0.515817E+03
   0.910000E+01   0.247189E+03   0.364252E+02   0.310153E+04   0.531512E+03
   0.920000E+01   0.251371E+03   0.366673E+02   0.322056E+04   0.547226E+03
   0.930000E+01   0.255538E+03   0.369040E+02   0.334112E+04   0.562956E+03
   0.940000E+01   0.259692E+03   0.371363E+02   0.346321E+04   0.578701E+03
   0.950000E+01   0.263839E+03   0.373652E+02   0.358681E+04   0.594459E+03
   0.960000E+01   0.267981E+03   0.375917E+02   0.371190E+04   0.610221E+03
   0.970000E+01   0.272124E+03   0.378162E+02   0.383848E+04   0.625993E+03
   0.980000E+01   0.276268E+03   0.380394E+02   0.396653E+04   0.641768E+03
   0.990000E+01   0.280417E+03   0.382621E+02   0.409606E+04   0.657547E+03
   0.100000E+02   0.284572E+03   0.384850E+02   0.422707E+04   0.673331E+03
   0.101000E+02   0.288734E+03   0.387081E+02   0.435954E+04   0.689117E+03
   0.102000E+02   0.292904E+03   0.389321E+02   0.449347E+04   0.704909E+03
   0.103000E+02   0.297080E+03   0.391567E+02   0.462885E+04   0.720703E+03
   0.104000E+02   0.301262E+03   0.393820E+02   0.476569E+04   0.736500E+03
   0.105000E+02   0.305447E+03   0.396083E+02   0.490397E+04   0.752302E+03
   0.106000E+02   0.309634E+03   0.398345E+02   0.504368E+04   0.768109E+03
   0.107000E+02   0.313820E+03   0.400610E+02   0.518481E+04   0.783917E+03
   0.108000E+02   0.318001E+03   0.402875E+02   0.532734E+04   0.799730E+03
   0.109000E+02   0.322175E+03   0.405132E+02   0.547125E+04   0.815543E+03
   0.110000E+02   0.326338E+03   0.407378E+02   0.561651E+04   0.831357E+03
   0.111000E+02   0.330488E+03   0.409610E+02   0.576310E+04   0.847169E+03
   0.112000E+02   0.334620E+03   0.411822E+02   0.591099E+04   0.862977E+03
   0.113000E+02   0.338732E+03   0.414008E+02   0.606014E+04   0.878779E+03
   0.114000E+02   0.342822E+03   0.416169E+02   0.621053E+04   0.894575E+03
   0.115000E+02   0.346887E+03   0.418296E+02   0.636212E+04   0.910357E+03
   0.116000E+02   0.350926E+03   0.420389E+02   0.651486E+04   0.926122E+03
   0.117000E+02   0.354937E+03   0.422446E+02   0.666872E+04   0.941872E+03
   0.118000E+02   0.358919E+03   0.424469E+02   0.682366E+04   0.957600E+03
   0.119000E+02   0.362872E+03   0.426450E+02   0.697964E+04   0.973298E+03
   0.120000E+02   0.366795E+03   0.428391E+02   0.713662E+04   0.988970E+03
   0.121000E+02   0.370688E+03   0.430292E+02   0.729456E+04   0.100461E+04
   0.122000E+02   0.374553E+03   0.432156E+02   0.745343E+04   0.102021E+04
   0.123000E+02   0.378389E+03   0.433984E+02   0.761319E+04   0.103577E+04
   0.124000E+02   0.382197E+03   0.435773E+02   0.777380E+04   0.105129E+04
   0.125000E+02   0.385980E+03   0.437530E+02   0.793522E+04   0.106676E+04
   0.126000E+02   0.389737E+03   0.439254E+02   0.809745E+04   0.108219E+04
   0.127000E+02   0.393471E+03   0.440946E+02   0.826042E+04   0.109756E+04
   0.128000E+02   0.397182E+03   0.442614E+02   0.842413E+04   0.111289E+04
   0.129000E+02   0.400871E+03   0.444252E+02   0.858852E+04   0.112814E+04
   0.130000E+02   0.404541E+03   0.445868E+02   0.875361E+04   0.114335E+04
   0.131000E+02   0.408192E+03   0.447459E+02   0.891935E+04   0.115850E+04
   0.132000E+02   0.411825E+03   0.449030E+02   0.908571E+04   0.117358E+04
   0.133000E+02   0.415441E+03   0.450582E+02   0.925269E+04   0.118860E+04
   0.134000E+02   0.419042E+03   0.452115E+02   0.942026E+04   0.120356E+04
   0.135000E+02   0.422628E+03   0.453634E+02   0.958840E+04   0.121846E+04
   0.136000E+02   0.426200E+03   0.455138E+02   0.975708E+04   0.123328E+04
   0.137000E+02   0.429759E+03   0.456626E+02   0.992631E+04   0.124805E+04
   0.138000E+02   0.433304E+03   0.458103E+02   0.100961E+05   0.126274E+04
   0.139000E+02   0.436837E+03   0.459564E+02   0.102663E+05   0.127737E+04
   0.140000E+02   0.440359E+03   0.461014E+02   0.104370E+05   0.129194E+04
   0.141000E+02   0.443869E+03   0.462453E+02   0.106083E+05   0.130644E+04
   0.142000E+02   0.447368E+03   0.463878E+02   0.107800E+05   0.132086E+04
   0.143000E+02   0.450857E+03   0.465295E+02   0.109521E+05   0.133521E+04
   0.144000E+02   0.454334E+03   0.466699E+02   0.111247E+05   0.134950E+04
   0.145000E+02   0.457801E+03   0.468094E+02   0.112976E+05   0.136369E+04
   0.146000E+02   0.461259E+03   0.469477E+02   0.114710E+05   0.137785E+04
   0.147000E+02   0.464706E+03   0.470852E+02   0.116448E+05   0.139193E+04
   0.148000E+02   0.468143E+03   0.472216E+02   0.118190E+05   0.140592E+04
   0.149000E+02   0.471570E+03   0.473569E+02   0.119936E+05   0.141986E+04
   0.150000E+02   0.474988E+03   0.474914E+02   0.121685E+05   0.143372E+04
   0.151000E+02   0.478397E+03   0.476247E+02   0.123438E+05   0.144752E+04
   0.152000E+02   0.481795E+03   0.477571E+02   0.125194E+05   0.146124E+04
   0.153000E+02   0.485185E+03   0.478883E+02   0.126953E+05   0.147486E+04
   0.154000E+02   0.488565E+03   0.480189E+02   0.128716E+05   0.148844E+04
   0.155000E+02   0.491935E+03   0.481484E+02   0.130482E+05   0.150196E+04
   0.156000E+02   0.495297E+03   0.482769E+02   0.132250E+05   0.151539E+04
   0.157000E+02   0.498649E+03   0.484048E+02   0.134022E+05   0.152874E+04
   0.158000E+02   0.501992E+03   0.485315E+02   0.135797E+05   0.154204E+04
   0.159000E+02   0.505327E+03   0.486573E+02   0.137574E+05   0.155526E+04
   0.160000E+02   0.508651E+03   0.487824E+02   0.139353E+05   0.156841E+04
   0.161000E+02   0.511967E+03   0.489065E+02   0.141135E+05   0.158149E+04
   0.162000E+02   0.515274E+03   0.490299E+02   0.142920E+05   0.159449E+04
   0.163000E+02   0.518573E+03   0.491519E+02   0.144707E+05   0.160742E+04
   0.164000E+02   0.521862E+03   0.492738E+02   0.146496E+05   0.162029E+04
   0.165000E+02   0.525142E+03   0.493945E+02   0.148288E+05   0.163310E+04
   0.166000E+02   0.528414E+03   0.495142E+02   0.150081E+05   0.164583E+04
   0.167000E+02   0.531676E+03   0.496333E+02   0.151876E+05   0.165848E+04
   0.168000E+02   0.534930E+03   0.497517E+02   0.153673E+05   0.167107E+04
   0.169000E+02   0.538176E+03   0.498692E+02   0.155472E+05   0.168358E+04
   0.170000E+02   0.541413E+03   0.499860E+02   0.157273E+05   0.169603E+04
   0.171000E+02   0.544640E+03   0.501019E+02   0.159075E+05   0.170843E+04
   0.172000E+02   0.547860E+03   0.502172E+02   0.160879E+05   0.172074E+04
   0.173000E+02   0.551071E+03   0.503316E+02   0.162684E+05   0.173297E+04
   0.174000E+02   0.554273E+03   0.504450E+02   0.164490E+05   0.174517E+04
   0.175000E+02   0.557467E+03   0.505584E+02   0.166298E+05   0.175728E+04
   0.176000E+02   0.560652E+03   0.506707E+02   0.168107E+05   0.176934E+04
   0.177000E+02   0.563828E+03   0.507820E+02   0.169918E+05   0.178130E+04
   0.178000E+02   0.566997E+03   0.508930E+02   0.171729E+05   0.179324E+04
   0.179000E+02   0.570157E+03   0.510031E+02   0.173541E+05   0.180507E+04
   0.180000E+02   0.573308E+03   0.511125E+02   0.175354E+05   0.181686E+04
   0.181000E+02   0.576452E+03   0.512213E+02   0.177168E+05   0.182859E+04
   0.182000E+02   0.579587E+03   0.513293E+02   0.178982E+05   0.184024E+04
   0.183000E+02   0.582713E+03   0.514366E+02   0.180798E+05   0.185182E+04
   0.184000E+02   0.585832E+03   0.515434E+02   0.182614E+05   0.186336E+04
   0.185000E+02   0.588942E+03   0.516495E+02   0.184430E+05   0.187484E+04
   0.186000E+02   0.592044E+03   0.517547E+02   0.186247E+05   0.188627E+04
   0.187000E+02   0.595138E+03   0.518594E+02   0.188065E+05   0.189759E+04
   0.188000E+02   0.598224E+03   0.519633E+02   0.189882E+05   0.190887E+04
   0.189000E+02   0.601302E+03   0.520668E+02   0.191700E+05   0.192010E+04
   0.190000E+02   0.604371E+03   0.521695E+02   0.193519E+05   0.193126E+04
   0.191000E+02   0.607433E+03   0.522716E+02   0.195337E+05   0.194237E+04
   0.192000E+02   0.610486E+03   0.523731E+02   0.197155E+05   0.195340E+04
   0.193000E+02   0.613532E+03   0.524741E+02   0.198974E+05   0.196437E+04
   0.194000E+02   0.616570E+03   0.525743E+02   0.200793E+05   0.197531E+04
   0.195000E+02   0.619599E+03   0.526740E+02   0.202611E+05   0.198617E+04
   0.196000E+02   0.622621E+03   0.527728E+02   0.204429E+05   0.199699E+04
   0.197000E+02   0.625635E+03   0.528711E+02   0.206247E+05   0.200772E+04
   0.198000E+02   0.628641E+03   0.529688E+02   0.208065E+05   0.201842E+04
   0.199000E+02   0.631639E+03   0.530660E+02   0.209883E+05   0.202906E+04
   0.200000E+02   0.634629E+03   0.531626E+02   0.211700E+05   0.203967E+04
   0.201000E+02   0.637612E+03   0.532586E+02   0.213517E+05   0.205015E+04
   0.202000E+02   0.640586E+03   0.533538E+02   0.215333E+05   0.206064E+04
   0.203000E+02   0.643553E+03   0.534487E+02   0.217149E+05   0.207104E+04
   0.204000E+02   0.646512E+03   0.535429E+02   0.218964E+05   0.208140E+04
   0.205000E+02   0.649464E+03   0.536365E+02   0.220779E+05   0.209171E+04
   0.206000E+02   0.652407E+03   0.537297E+02   0.222592E+05   0.210194E+04
   0.207000E+02   0.655343E+03   0.538221E+02   0.224406E+05   0.211214E+04
   0.208000E+02   0.658271E+03   0.539139E+02   0.226218E+05   0.212228E+04
   0.209000E+02   0.661192E+03   0.540054E+02   0.228030E+05   0.213237E+04
   0.210000E+02   0.664104E+03   0.540962E+02   0.229841E+05   0.214240E+04
   0.211000E+02   0.667010E+03   0.541867E+02   0.231650E+05   0.215239E+04
   0.212000E+02   0.669907E+03   0.542760E+02   0.233459E+05   0.216234E+04
   0.213000E+02   0.672797E+03   0.543651E+02   0.235267E+05   0.217221E+04
   0.214000E+02   0.675679E+03   0.544538E+02   0.237074E+05   0.218205E+04
   0.215000E+02   0.678553E+03   0.545420E+02   0.238880E+05   0.219183E+04
   0.216000E+02   0.681421E+03   0.546295E+02   0.240685E+05   0.220155E+04
   0.217000E+02   0.684280E+03   0.547164E+02   0.242488E+05   0.221123E+04
   0.218000E+02   0.687132E+03   0.548029E+02   0.244291E+05   0.222087E+04
   0.219000E+02   0.689976E+03   0.548885E+02   0.246092E+05   0.223045E+04
   0.220000E+02   0.692813E+03   0.549740E+02   0.247891E+05   0.223997E+04
   0.221000E+02   0.695642E+03   0.550588E+02   0.249690E+05   0.224947E+04
   0.222000E+02   0.698464E+03   0.551432E+02   0.251487E+05   0.225890E+04
   0.223000E+02   0.701277E+03   0.552270E+02   0.253283E+05   0.226830E+04
   0.224000E+02   0.704084E+03   0.553103E+02   0.255077E+05   0.227764E+04
   0.225000E+02   0.706883E+03   0.553932E+02   0.256870E+05   0.228695E+04
   0.226000E+02   0.709674E+03   0.554753E+02   0.258661E+05   0.229617E+04
   0.227000E+02   0.712459E+03   0.555571E+02   0.260451E+05   0.230538E+04
   0.228000E+02   0.715235E+03   0.556382E+02   0.262239E+05   0.231455E+04
   0.229000E+02   0.718004E+03   0.557188E+02   0.264025E+05   0.232365E+04
   0.230000E+02   0.720766E+03   0.557992E+02   0.265810E+05   0.233271E+04
   0.231000E+02   0.723520E+03   0.558788E+02   0.267594E+05   0.234173E+04
   0.232000E+02   0.726266E+03   0.559580E+02   0.269375E+05   0.235072E+04
   0.233000E+02   0.729006E+03   0.560366E+02   0.271155E+05   0.235963E+04
   0.234000E+02   0.731738E+03   0.561149E+02   0.272933E+05   0.236851E+04
   0.235000E+02   0.734462E+03   0.561923E+02   0.274709E+05   0.237737E+04
   0.236000E+02   0.737179E+03   0.562696E+02   0.276483E+05   0.238616E+04
   0.237000E+02   0.739888E+03   0.563465E+02   0.278255E+05   0.239490E+04
   0.238000E+02   0.742591E+03   0.564225E+02   0.280026E+05   0.240360E+04
   0.239000E+02   0.745285E+03   0.564982E+02   0.281794E+05   0.241225E+04
   0.240000E+02   0.747973E+03   0.565736E+02   0.283560E+05   0.242091E+04
   0.241000E+02   0.750653E+03   0.566482E+02   0.285325E+05   0.242946E+04
   0.242000E+02   0.753325E+03   0.567224E+02   0.287087E+05   0.243800E+04
   0.243000E+02   0.755991E+03   0.567961E+02   0.288848E+05   0.244649E+04
   0.244000E+02   0.758649E+03   0.568696E+02   0.290606E+05   0.245495E+04
   0.245000E+02   0.761299E+03   0.569422E+02   0.292362E+05   0.246336E+04
   0.246000E+02   0.763942E+03   0.570149E+02   0.294116E+05   0.247173E+04
   0.247000E+02   0.766578E+03   0.570868E+02   0.295868E+05   0.248004E+04
   0.248000E+02   0.769207E+03   0.571580E+02   0.297618E+05   0.248833E+04
   0.249000E+02   0.771828E+03   0.572292E+02   0.299365E+05   0.249658E+04
   0.250000E+02   0.774442E+03   0.572996E+02   0.301110E+05   0.250479E+04
   0.251000E+02   0.777049E+03   0.573696E+02   0.302853E+05   0.251295E+04
   0.252000E+02   0.779648E+03   0.574390E+02   0.304593E+05   0.252107E+04
   0.253000E+02   0.782241E+03   0.575080E+02   0.306332E+05   0.252916E+04
   0.254000E+02   0.784826E+03   0.575768E+02   0.308067E+05   0.253721E+04
   0.255000E+02   0.787403E+03   0.576451E+02   0.309801E+05   0.254519E+04
   0.256000E+02   0.789973E+03   0.577129E+02   0.311532E+05   0.255316E+04
   0.257000E+02   0.792536E+03   0.577800E+02   0.313260E+05   0.256110E+04
   0.258000E+02   0.795092E+03   0.578470E+02   0.314987E+05   0.256895E+04
   0.259000E+02   0.797641E+03   0.579132E+02   0.316710E+05   0.257681E+04
   0.260000E+02   0.800183E+03   0.579792E+02   0.318431E+05   0.258461E+04
   0.261000E+02   0.802717E+03   0.580447E+02   0.320150E+05   0.259238E+04
   0.262000E+02   0.805244E+03   0.581098E+02   0.321866E+05   0.260013E+04
   0.263000E+02   0.807764E+03   0.581746E+02   0.323580E+05   0.260782E+04
   0.264000E+02   0.810277E+03   0.582386E+02   0.325291E+05   0.261545E+04
   0.265000E+02   0.812782E+03   0.583023E+02   0.326999E+05   0.262308E+04
   0.266000E+02   0.815281E+03   0.583656E+02   0.328705E+05   0.263066E+04
   0.267000E+02   0.817772E+03   0.584284E+02   0.330408E+05   0.263820E+04
   0.268000E+02   0.820256E+03   0.584910E+02   0.332108E+05   0.264571E+04
   0.269000E+02   0.822733E+03   0.585529E+02   0.333806E+05   0.265318E+04
   0.270000E+02   0.825203E+03   0.586146E+02   0.335501E+05   0.266060E+04
   0.271000E+02   0.827666E+03   0.586758E+02   0.337193E+05   0.266799E+04
   0.272000E+02   0.830122E+03   0.587365E+02   0.338882E+05   0.267535E+04
   0.273000E+02   0.832570E+03   0.587969E+02   0.340569E+05   0.268268E+04
   0.274000E+02   0.835012E+03   0.588569E+02   0.342253E+05   0.268996E+04
   0.275000E+02   0.837446E+03   0.589163E+02   0.343934E+05   0.269722E+04
   0.276000E+02   0.839874E+03   0.589755E+02   0.345613E+05   0.270443E+04
   0.277000E+02   0.842295E+03   0.590341E+02   0.347288E+05   0.271160E+04
   0.278000E+02   0.844708E+03   0.590925E+02   0.348961E+05   0.271875E+04
   0.279000E+02   0.847115E+03   0.591503E+02   0.350631E+05   0.272587E+04
   0.280000E+02   0.849514E+03   0.592079E+02   0.352298E+05   0.273295E+04
   0.281000E+02   0.851906E+03   0.592652E+02   0.353962E+05   0.273996E+04
   0.282000E+02   0.854292E+03   0.593216E+02   0.355623E+05   0.274699E+04
   0.283000E+02   0.856670E+03   0.593777E+02   0.357281E+05   0.275396E+04
   0.284000E+02   0.859042E+03   0.594339E+02   0.358937E+05   0.276089E+04
   0.285000E+02   0.861406E+03   0.594894E+02   0.360589E+05   0.276778E+04
   0.286000E+02   0.863764E+03   0.595444E+02   0.362238E+05   0.277466E+04
   0.287000E+02   0.866115E+03   0.595992E+02   0.363885E+05   0.278149E+04
   0.288000E+02   0.868458E+03   0.596536E+02   0.365528E+05   0.278828E+04
   0.289000E+02   0.870795E+03   0.597076E+02   0.367169E+05   0.279506E+04
   0.290000E+02   0.873125E+03   0.597610E+02   0.368806E+05   0.280180E+04
   0.291000E+02   0.875448E+03   0.598142E+02   0.370440E+05   0.280849E+04
   0.292000E+02   0.877765E+03   0.598670E+02   0.372071E+05   0.281516E+04
   0.293000E+02   0.880074E+03   0.599194E+02   0.373699E+05   0.282181E+04
   0.294000E+02   0.882376E+03   0.599715E+02   0.375325E+05   0.282841E+04
   0.295000E+02   0.884671E+03   0.600233E+02   0.376947E+05   0.283500E+04
   0.296000E+02   0.886960E+03   0.600744E+02   0.378566E+05   0.284152E+04
   0.297000E+02   0.889242E+03   0.601255E+02   0.380182E+05   0.284802E+04
   0.298000E+02   0.891517E+03   0.601759E+02   0.381794E+05   0.285451E+04
   0.299000E+02   0.893785E+03   0.602261E+02   0.383404E+05   0.286097E+04
   0.300000E+02   0.896046E+03   0.602758E+02   0.385010E+05   0.286737E+04
   0.301000E+02   0.898301E+03   0.603253E+02   0.386614E+05   0.287374E+04
   0.302000E+02   0.900548E+03   0.603743E+02   0.388214E+05   0.288009E+04
   0.303000E+02   0.902789E+03   0.604228E+02   0.389811E+05   0.288643E+04
   0.304000E+02   0.905023E+03   0.604713E+02   0.391404E+05   0.289269E+04
   0.305000E+02   0.907250E+03   0.605192E+02   0.392995E+05   0.289896E+04
   0.306000E+02   0.909471E+03   0.605665E+02   0.394582E+05   0.290518E+04
   0.307000E+02   0.911685E+03   0.606139E+02   0.396166E+05   0.291136E+04
   0.308000E+02   0.913891E+03   0.606608E+02   0.397747E+05   0.291752E+04
   0.309000E+02   0.916092E+03   0.607073E+02   0.399324E+05   0.292366E+04
   0.310000E+02   0.918285E+03   0.607534E+02   0.400898E+05   0.292974E+04
   0.311000E+02   0.920472E+03   0.607990E+02   0.402469E+05   0.293581E+04
   0.312000E+02   0.922651E+03   0.608442E+02   0.404037E+05   0.294186E+04
   0.313000E+02   0.924825E+03   0.608899E+02   0.405601E+05   0.294787E+04
   0.314000E+02   0.926991E+03   0.609334E+02   0.407163E+05   0.295386E+04
   0.315000E+02   0.929151E+03   0.609788E+02   0.408720E+05   0.295980E+04
   0.316000E+02   0.931304E+03   0.610224E+02   0.410275E+05   0.296571E+04
   0.317000E+02   0.933451E+03   0.610660E+02   0.411826E+05   0.297162E+04
   0.318000E+02   0.935591E+03   0.611092E+02   0.413374E+05   0.297746E+04
   0.319000E+02   0.937723E+03   0.611516E+02   0.414918E+05   0.298328E+04
   0.320000E+02   0.939850E+03   0.611944E+02   0.416459E+05   0.298908E+04
   0.321000E+02   0.941970E+03   0.612364E+02   0.417997E+05   0.299485E+04
   0.322000E+02   0.944083E+03   0.612787E+02   0.419531E+05   0.300060E+04
   0.323000E+02   0.946191E+03   0.613206E+02   0.421062E+05   0.300631E+04
   0.324000E+02   0.948290E+03   0.613610E+02   0.422589E+05   0.301197E+04
   0.325000E+02   0.950384E+03   0.614023E+02   0.424113E+05   0.301761E+04
   0.326000E+02   0.952472E+03   0.614433E+02   0.425634E+05   0.302322E+04
   0.327000E+02   0.954553E+03   0.614837E+02   0.427151E+05   0.302882E+04
   0.328000E+02   0.956625E+03   0.615220E+02   0.428665E+05   0.303439E+04
   0.329000E+02   0.958693E+03   0.615619E+02   0.430176E+05   0.303992E+04
   0.330000E+02   0.960755E+03   0.616019E+02   0.431683E+05   0.304543E+04
   0.331000E+02   0.962809E+03   0.616401E+02   0.433186E+05   0.305090E+04
   0.332000E+02   0.964857E+03   0.616796E+02   0.434686E+05   0.305637E+04
   0.333000E+02   0.966899E+03   0.617172E+02   0.436183E+05   0.306176E+04
   0.334000E+02   0.968935E+03   0.617557E+02   0.437676E+05   0.306714E+04
   0.335000E+02   0.970963E+03   0.617928E+02   0.439166E+05   0.307250E+04
   0.336000E+02   0.972985E+03   0.618296E+02   0.440652E+05   0.307783E+04
   0.337000E+02   0.975001E+03   0.618669E+02   0.442135E+05   0.308313E+04
   0.338000E+02   0.977011E+03   0.619041E+02   0.443614E+05   0.308843E+04
   0.339000E+02   0.979015E+03   0.619402E+02   0.445090E+05   0.309365E+04
   0.340000E+02   0.981011E+03   0.619760E+02   0.446562E+05   0.309887E+04
   0.341000E+02   0.983004E+03   0.620135E+02   0.448031E+05   0.310405E+04
   0.342000E+02   0.984989E+03   0.620493E+02   0.449496E+05   0.310923E+04
   0.343000E+02   0.986966E+03   0.620838E+02   0.450958E+05   0.311435E+04
   0.344000E+02   0.988936E+03   0.621176E+02   0.452416E+05   0.311947E+04
   0.345000E+02   0.990903E+03   0.621526E+02   0.453871E+05   0.312455E+04
   0.346000E+02   0.992861E+03   0.621862E+02   0.455322E+05   0.312960E+04
   0.347000E+02   0.994814E+03   0.622204E+02   0.456770E+05   0.313462E+04
   0.348000E+02   0.996761E+03   0.622545E+02   0.458214E+05   0.313963E+04
   0.349000E+02   0.998703E+03   0.622889E+02   0.459655E+05   0.314458E+04
   0.350000E+02   0.100064E+04   0.623220E+02   0.461092E+05   0.314955E+04
   0.351000E+02   0.100257E+04   0.623546E+02   0.462526E+05   0.315445E+04
   0.352000E+02   0.100449E+04   0.623857E+02   0.463956E+05   0.315933E+04
   0.353000E+02   0.100640E+04   0.624178E+02   0.465383E+05   0.316421E+04
   0.354000E+02   0.100831E+04   0.624517E+02   0.466806E+05   0.316906E+04
   0.355000E+02   0.101022E+04   0.624839E+02   0.468225E+05   0.317386E+04
   0.356000E+02   0.101211E+04   0.625152E+02   0.469641E+05   0.317863E+04
   0.357000E+02   0.101401E+04   0.625462E+02   0.471054E+05   0.318336E+04
   0.358000E+02   0.101589E+04   0.625779E+02   0.472463E+05   0.318810E+04
   0.359000E+02   0.101777E+04   0.626073E+02   0.473868E+05   0.319280E+04
   0.360000E+02   0.101965E+04   0.626387E+02   0.475270E+05   0.319750E+04
   0.361000E+02   0.102151E+04   0.626677E+02   0.476668E+05   0.320215E+04
   0.362000E+02   0.102337E+04   0.626980E+02   0.478063E+05   0.320679E+04
   0.363000E+02   0.102523E+04   0.627274E+02   0.479454E+05   0.321137E+04
   0.364000E+02   0.102708E+04   0.627562E+02   0.480842E+05   0.321595E+04
   0.365000E+02   0.102892E+04   0.627862E+02   0.482226E+05   0.322051E+04
   0.366000E+02   0.103076E+04   0.628155E+02   0.483606E+05   0.322503E+04
   0.367000E+02   0.103259E+04   0.628431E+02   0.484984E+05   0.322953E+04
   0.368000E+02   0.103441E+04   0.628718E+02   0.486357E+05   0.323401E+04
   0.369000E+02   0.103623E+04   0.628998E+02   0.487727E+05   0.323844E+04
   0.370000E+02   0.103805E+04   0.629283E+02   0.489093E+05   0.324286E+04
   0.371000E+02   0.103985E+04   0.629545E+02   0.490456E+05   0.324726E+04
   0.372000E+02   0.104166E+04   0.629836E+02   0.491815E+05   0.325164E+04
   0.373000E+02   0.104345E+04   0.630092E+02   0.493171E+05   0.325599E+04
   0.374000E+02   0.104524E+04   0.630357E+02   0.494523E+05   0.326032E+04
   0.375000E+02   0.104703E+04   0.630630E+02   0.495872E+05   0.326460E+04
   0.376000E+02   0.104880E+04   0.630895E+02   0.497217E+05   0.326890E+04
   0.377000E+02   0.105058E+04   0.631162E+02   0.498559E+05   0.327314E+04
   0.378000E+02   0.105234E+04   0.631418E+02   0.499897E+05   0.327735E+04
   0.379000E+02   0.105410E+04   0.631672E+02   0.501231E+05   0.328158E+04
   0.380000E+02   0.105586E+04   0.631933E+02   0.502562E+05   0.328576E+04
   0.381000E+02   0.105761E+04   0.632183E+02   0.503889E+05   0.328988E+04
   0.382000E+02   0.105935E+04   0.632431E+02   0.505213E+05   0.329402E+04
   0.383000E+02   0.106109E+04   0.632676E+02   0.506533E+05   0.329813E+04
   0.384000E+02   0.106282E+04   0.632931E+02   0.507850E+05   0.330221E+04
   0.385000E+02   0.106455E+04   0.633162E+02   0.509163E+05   0.330628E+04
   0.386000E+02   0.106627E+04   0.633408E+02   0.510473E+05   0.331031E+04
   0.387000E+02   0.106799E+04   0.633638E+02   0.511779E+05   0.331431E+04
   0.388000E+02   0.106969E+04   0.633875E+02   0.513082E+05   0.331830E+04
   0.389000E+02   0.107140E+04   0.634095E+02   0.514381E+05   0.332227E+04
   0.390000E+02   0.107310E+04   0.634339E+02   0.515677E+05   0.332622E+04
   0.391000E+02   0.107479E+04   0.634572E+02   0.516969E+05   0.333014E+04
   0.392000E+02   0.107648E+04   0.634796E+02   0.518257E+05   0.333405E+04
   0.393000E+02   0.107816E+04   0.635025E+02   0.519542E+05   0.333790E+04
   0.394000E+02   0.107983E+04   0.635248E+02   0.520824E+05   0.334177E+04
   0.395000E+02   0.108150E+04   0.635459E+02   0.522102E+05   0.334560E+04
   0.396000E+02   0.108317E+04   0.635682E+02   0.523376E+05   0.334938E+04
   0.397000E+02   0.108483E+04   0.635912E+02   0.524647E+05   0.335317E+04
   0.398000E+02   0.108648E+04   0.636110E+02   0.525914E+05   0.335695E+04
   0.399000E+02   0.108813E+04   0.636328E+02   0.527178E+05   0.336069E+04
   0.400000E+02   0.108977E+04   0.636539E+02   0.528438E+05   0.336441E+04
   0.401000E+02   0.109141E+04   0.636745E+02   0.529695E+05   0.336810E+04
   0.402000E+02   0.109304E+04   0.636942E+02   0.530949E+05   0.337177E+04
   0.403000E+02   0.109467E+04   0.637157E+02   0.532199E+05   0.337543E+04
   0.404000E+02   0.109629E+04   0.637363E+02   0.533445E+05   0.337904E+04
   0.405000E+02   0.109790E+04   0.637545E+02   0.534688E+05   0.338266E+04
   0.406000E+02   0.109951E+04   0.637753E+02   0.535928E+05   0.338625E+04
   0.407000E+02   0.110112E+04   0.637950E+02   0.537163E+05   0.338981E+04
   0.408000E+02   0.110272E+04   0.638148E+02   0.538396E+05   0.339336E+04
   0.409000E+02   0.110431E+04   0.638333E+02   0.539625E+05   0.339688E+04
   0.410000E+02   0.110590E+04   0.638532E+02   0.540850E+05   0.340039E+04
   0.411000E+02   0.110749E+04   0.638713E+02   0.542072E+05   0.340386E+04
   0.412000E+02   0.110906E+04   0.638892E+02   0.543291E+05   0.340734E+04
   0.413000E+02   0.111064E+04   0.639087E+02   0.544506E+05   0.341075E+04
   0.414000E+02   0.111220E+04   0.639249E+02   0.545717E+05   0.341416E+04
   0.415000E+02   0.111377E+04   0.639441E+02   0.546926E+05   0.341757E+04
   0.416000E+02   0.111532E+04   0.639615E+02   0.548130E+05   0.342094E+04
   0.417000E+02   0.111687E+04   0.639791E+02   0.549332E+05   0.342430E+04
   0.418000E+02   0.111842E+04   0.639972E+02   0.550529E+05   0.342762E+04
   0.419000E+02   0.111996E+04   0.640140E+02   0.551724E+05   0.343095E+04
   0.420000E+02   0.112150E+04   0.640318E+02   0.552915E+05   0.343423E+04
   0.421000E+02   0.112303E+04   0.640491E+02   0.554102E+05   0.343752E+04
   0.422000E+02   0.112456E+04   0.640658E+02   0.555286E+05   0.344078E+04
   0.423000E+02   0.112608E+04   0.640829E+02   0.556467E+05   0.344401E+04
   0.424000E+02   0.112759E+04   0.640990E+02   0.557644E+05   0.344722E+04
   0.425000E+02   0.112910E+04   0.641143E+02   0.558818E+05   0.345040E+04
   0.426000E+02   0.113061E+04   0.641304E+02   0.559988E+05   0.345359E+04
   0.427000E+02   0.113211E+04   0.641456E+02   0.561155E+05   0.345673E+04
   0.428000E+02   0.113360E+04   0.641612E+02   0.562319E+05   0.345985E+04
   0.429000E+02   0.113509E+04   0.641781E+02   0.563479E+05   0.346297E+04
   0.430000E+02   0.113658E+04   0.641928E+02   0.564636E+05   0.346608E+04
   0.431000E+02   0.113806E+04   0.642083E+02   0.565789E+05   0.346915E+04
   0.432000E+02   0.113953E+04   0.642228E+02   0.566939E+05   0.347221E+04
   0.433000E+02   0.114100E+04   0.642384E+02   0.568086E+05   0.347523E+04
   0.434000E+02   0.114246E+04   0.642529E+02   0.569229E+05   0.347828E+04
   0.435000E+02   0.114393E+04   0.642669E+02   0.570369E+05   0.348127E+04
   0.436000E+02   0.114538E+04   0.642811E+02   0.571506E+05   0.348425E+04
   0.437000E+02   0.114683E+04   0.642955E+02   0.572639E+05   0.348719E+04
   0.438000E+02   0.114827E+04   0.643083E+02   0.573768E+05   0.349014E+04
   0.439000E+02   0.114971E+04   0.643225E+02   0.574895E+05   0.349305E+04
   0.440000E+02   0.115115E+04   0.643369E+02   0.576018E+05   0.349599E+04
   0.441000E+02   0.115258E+04   0.643505E+02   0.577138E+05   0.349886E+04
   0.442000E+02   0.115400E+04   0.643621E+02   0.578254E+05   0.350172E+04
   0.443000E+02   0.115543E+04   0.643758E+02   0.579367E+05   0.350457E+04
   0.444000E+02   0.115684E+04   0.643897E+02   0.580477E+05   0.350742E+04
   0.445000E+02   0.115825E+04   0.644035E+02   0.581583E+05   0.351023E+04
   0.446000E+02   0.115966E+04   0.644155E+02   0.582687E+05   0.351301E+04
   0.447000E+02   0.116106E+04   0.644282E+02   0.583786E+05   0.351578E+04
   0.448000E+02   0.116245E+04   0.644404E+02   0.584883E+05   0.351856E+04
   0.449000E+02   0.116384E+04   0.644530E+02   0.585976E+05   0.352129E+04
   0.450000E+02   0.116523E+04   0.644639E+02   0.587066E+05   0.352401E+04
   0.451000E+02   0.116661E+04   0.644769E+02   0.588153E+05   0.352671E+04
   0.452000E+02   0.116799E+04   0.644891E+02   0.589236E+05   0.352941E+04
   0.453000E+02   0.116936E+04   0.644997E+02   0.590316E+05   0.353208E+04
   0.454000E+02   0.117073E+04   0.645116E+02   0.591393E+05   0.353471E+04
   0.455000E+02   0.117209E+04   0.645234E+02   0.592466E+05   0.353735E+04
   0.456000E+02   0.117345E+04   0.645348E+02   0.593537E+05   0.353998E+04
   0.457000E+02   0.117481E+04   0.645457E+02   0.594604E+05   0.354259E+04
   0.458000E+02   0.117615E+04   0.645573E+02   0.595668E+05   0.354516E+04
   0.459000E+02   0.117750E+04   0.645682E+02   0.596728E+05   0.354773E+04
   0.460000E+02   0.117884E+04   0.645789E+02   0.597785E+05   0.355029E+04
   0.461000E+02   0.118017E+04   0.645901E+02   0.598839E+05   0.355280E+04
   0.462000E+02   0.118150E+04   0.645994E+02   0.599890E+05   0.355534E+04
   0.463000E+02   0.118283E+04   0.646094E+02   0.600937E+05   0.355783E+04
   0.464000E+02   0.118415E+04   0.646210E+02   0.601982E+05   0.356032E+04
   0.465000E+02   0.118547E+04   0.646294E+02   0.603023E+05   0.356276E+04
   0.466000E+02   0.118678E+04   0.646394E+02   0.604061E+05   0.356523E+04
   0.467000E+02   0.118809E+04   0.646496E+02   0.605096E+05   0.356766E+04
   0.468000E+02   0.118939E+04   0.646599E+02   0.606127E+05   0.357009E+04
   0.469000E+02   0.119069E+04   0.646686E+02   0.607156E+05   0.357247E+04
   0.470000E+02   0.119198E+04   0.646788E+02   0.608181E+05   0.357484E+04
   0.471000E+02   0.119327E+04   0.646861E+02   0.609203E+05   0.357721E+04
   0.472000E+02   0.119456E+04   0.646963E+02   0.610222E+05   0.357958E+04
   0.473000E+02   0.119584E+04   0.647063E+02   0.611238E+05   0.358189E+04
   0.474000E+02   0.119711E+04   0.647153E+02   0.612250E+05   0.358423E+04
   0.475000E+02   0.119838E+04   0.647223E+02   0.613259E+05   0.358651E+04
   0.476000E+02   0.119965E+04   0.647322E+02   0.614265E+05   0.358882E+04
   0.477000E+02   0.120092E+04   0.647391E+02   0.615269E+05   0.359109E+04
   0.478000E+02   0.120217E+04   0.647479E+02   0.616268E+05   0.359335E+04
   0.479000E+02   0.120343E+04   0.647553E+02   0.617266E+05   0.359558E+04
   0.480000E+02   0.120468E+04   0.647645E+02   0.618259E+05   0.359779E+04
   0.481000E+02   0.120592E+04   0.647732E+02   0.619250E+05   0.360002E+04
   0.482000E+02   0.120716E+04   0.647798E+02   0.620237E+05   0.360222E+04
   0.483000E+02   0.120840E+04   0.647897E+02   0.621222E+05   0.360439E+04
   0.484000E+02   0.120963E+04   0.647961E+02   0.622203E+05   0.360657E+04
   0.485000E+02   0.121086E+04   0.648018E+02   0.623182E+05   0.360871E+04
   0.486000E+02   0.121208E+04   0.648093E+02   0.624157E+05   0.361083E+04
   0.487000E+02   0.121330E+04   0.648185E+02   0.625129E+05   0.361296E+04
   0.488000E+02   0.121452E+04   0.648249E+02   0.626098E+05   0.361505E+04
   0.489000E+02   0.121573E+04   0.648309E+02   0.627064E+05   0.361715E+04
   0.490000E+02   0.121694E+04   0.648389E+02   0.628026E+05   0.361923E+04
   0.491000E+02   0.121814E+04   0.648471E+02   0.628986E+05   0.362128E+04
   0.492000E+02   0.121934E+04   0.648539E+02   0.629943E+05   0.362332E+04
   0.493000E+02   0.122053E+04   0.648585E+02   0.630897E+05   0.362535E+04
   0.494000E+02   0.122172E+04   0.648641E+02   0.631848E+05   0.362737E+04
   0.495000E+02   0.122291E+04   0.648723E+02   0.632795E+05   0.362937E+04
   0.496000E+02   0.122409E+04   0.648778E+02   0.633740E+05   0.363134E+04
   0.497000E+02   0.122526E+04   0.648873E+02   0.634682E+05   0.363334E+04
   0.498000E+02   0.122644E+04   0.648904E+02   0.635621E+05   0.363531E+04
   0.499000E+02   0.122761E+04   0.648971E+02   0.636556E+05   0.363725E+04
   0.500000E+02   0.122877E+04   0.649028E+02   0.637489E+05   0.363917E+04
   0.501000E+02   0.122993E+04   0.649078E+02   0.638419E+05   0.364109E+04
   0.502000E+02   0.123109E+04   0.649134E+02   0.639346E+05   0.364298E+04
   0.503000E+02   0.123224E+04   0.649187E+02   0.640269E+05   0.364488E+04
   0.504000E+02   0.123339E+04   0.649243E+02   0.641190E+05   0.364677E+04
   0.505000E+02   0.123454E+04   0.649301E+02   0.642108E+05   0.364862E+04
   0.506000E+02   0.123567E+04   0.649369E+02   0.643023E+05   0.365046E+04
   0.507000E+02   0.123681E+04   0.649395E+02   0.643935E+05   0.365230E+04
   0.508000E+02   0.123794E+04   0.649469E+02   0.644844E+05   0.365413E+04
   0.509000E+02   0.123907E+04   0.649513E+02   0.645750E+05   0.365592E+04
   0.510000E+02   0.124020E+04   0.649558E+02   0.646654E+05   0.365771E+04
   0.511000E+02   0.124132E+04   0.649622E+02   0.647554E+05   0.365949E+04
   0.512000E+02   0.124244E+04   0.649647E+02   0.648451E+05   0.366125E+04
   0.513000E+02   0.124355E+04   0.649696E+02   0.649346E+05   0.366303E+04
   0.514000E+02   0.124466E+04   0.649766E+02   0.650237E+05   0.366476E+04
   0.515000E+02   0.124576E+04   0.649788E+02   0.651126E+05   0.366649E+04
   0.516000E+02   0.124686E+04   0.649841E+02   0.652012E+05   0.366820E+04
   0.517000E+02   0.124796E+04   0.649862E+02   0.652895E+05   0.366991E+04
   0.518000E+02   0.124905E+04   0.649921E+02   0.653775E+05   0.367160E+04
   0.519000E+02   0.125014E+04   0.649965E+02   0.654652E+05   0.367327E+04
   0.520000E+02   0.125123E+04   0.650009E+02   0.655526E+05   0.367493E+04
   0.521000E+02   0.125231E+04   0.650047E+02   0.656398E+05   0.367659E+04
   0.522000E+02   0.125339E+04   0.650087E+02   0.657267E+05   0.367823E+04
   0.523000E+02   0.125446E+04   0.650102E+02   0.658132E+05   0.367984E+04
   0.524000E+02   0.125553E+04   0.650140E+02   0.658996E+05   0.368146E+04
   0.525000E+02   0.125660E+04   0.650195E+02   0.659856E+05   0.368306E+04
   0.526000E+02   0.125766E+04   0.650203E+02   0.660713E+05   0.368465E+04
   0.527000E+02   0.125872E+04   0.650243E+02   0.661568E+05   0.368623E+04
   0.528000E+02   0.125977E+04   0.650298E+02   0.662419E+05   0.368779E+04
   0.529000E+02   0.126082E+04   0.650327E+02   0.663269E+05   0.368934E+04
   0.530000E+02   0.126187E+04   0.650372E+02   0.664115E+05   0.369090E+04
   0.531000E+02   0.126292E+04   0.650384E+02   0.664958E+05   0.369241E+04
   0.532000E+02   0.126396E+04   0.650411E+02   0.665799E+05   0.369394E+04
   0.533000E+02   0.126499E+04   0.650436E+02   0.666637E+05   0.369544E+04
   0.534000E+02   0.126602E+04   0.650451E+02   0.667472E+05   0.369692E+04
   0.535000E+02   0.126705E+04   0.650489E+02   0.668304E+05   0.369841E+04
   0.536000E+02   0.126808E+04   0.650521E+02   0.669134E+05   0.369987E+04
   0.537000E+02   0.126910E+04   0.650553E+02   0.669961E+05   0.370136E+04
   0.538000E+02   0.127012E+04   0.650564E+02   0.670785E+05   0.370278E+04
   0.539000E+02   0.127114E+04   0.650599E+02   0.671607E+05   0.370423E+04
   0.540000E+02   0.127214E+04   0.650623E+02   0.672425E+05   0.370565E+04
   0.541000E+02   0.127315E+04   0.650652E+02   0.673241E+05   0.370705E+04
   0.542000E+02   0.127415E+04   0.650673E+02   0.674055E+05   0.370846E+04
   0.543000E+02   0.127516E+04   0.650697E+02   0.674865E+05   0.370985E+04
   0.544000E+02   0.127615E+04   0.650701E+02   0.675673E+05   0.371122E+04
   0.545000E+02   0.127714E+04   0.650722E+02   0.676478E+05   0.371260E+04
   0.546000E+02   0.127813E+04   0.650760E+02   0.677281E+05   0.371396E+04
   0.547000E+02   0.127912E+04   0.650763E+02   0.678081E+05   0.371530E+04
   0.548000E+02   0.128010E+04   0.650770E+02   0.678878E+05   0.371662E+04
   0.549000E+02   0.128108E+04   0.650816E+02   0.679673E+05   0.371794E+04
   0.550000E+02   0.128206E+04   0.650827E+02   0.680465E+05   0.371925E+04
   0.551000E+02   0.128303E+04   0.650844E+02   0.681254E+05   0.372057E+04
   0.552000E+02   0.128400E+04   0.650859E+02   0.682041E+05   0.372187E+04
   0.553000E+02   0.128496E+04   0.650863E+02   0.682825E+05   0.372315E+04
   0.554000E+02   0.128592E+04   0.650879E+02   0.683606E+05   0.372440E+04
   0.555000E+02   0.128688E+04   0.650894E+02   0.684385E+05   0.372567E+04
   0.556000E+02   0.128784E+04   0.650901E+02   0.685161E+05   0.372691E+04
   0.557000E+02   0.128879E+04   0.650913E+02   0.685935E+05   0.372814E+04
   0.558000E+02   0.128973E+04   0.650912E+02   0.686706E+05   0.372939E+04
   0.559000E+02   0.129068E+04   0.650944E+02   0.687475E+05   0.373061E+04
   0.560000E+02   0.129162E+04   0.650951E+02   0.688240E+05   0.373181E+04
   0.561000E+02   0.129256E+04   0.650945E+02   0.689004E+05   0.373300E+04
   0.562000E+02   0.129349E+04   0.650978E+02   0.689764E+05   0.373420E+04
   0.563000E+02   0.129442E+04   0.650992E+02   0.690523E+05   0.373537E+04
   0.564000E+02   0.129535E+04   0.650979E+02   0.691278E+05   0.373654E+04
   0.565000E+02   0.129627E+04   0.650985E+02   0.692032E+05   0.373769E+04
   0.566000E+02   0.129719E+04   0.651000E+02   0.692782E+05   0.373884E+04
   0.567000E+02   0.129811E+04   0.650986E+02   0.693530E+05   0.373999E+04
   0.568000E+02   0.129903E+04   0.651018E+02   0.694276E+05   0.374111E+04
   0.569000E+02   0.129994E+04   0.651002E+02   0.695019E+05   0.374221E+04
   0.570000E+02   0.130084E+04   0.650996E+02   0.695759E+05   0.374330E+04
   0.571000E+02   0.130175E+04   0.651018E+02   0.696497E+05   0.374441E+04
   0.572000E+02   0.130265E+04   0.651012E+02   0.697233E+05   0.374551E+04
   0.573000E+02   0.130355E+04   0.651011E+02   0.697966E+05   0.374659E+04
   0.574000E+02   0.130444E+04   0.651037E+02   0.698696E+05   0.374767E+04
   0.575000E+02   0.130533E+04   0.651021E+02   0.699424E+05   0.374872E+04
   0.576000E+02   0.130622E+04   0.651015E+02   0.700150E+05   0.374978E+04
   0.577000E+02   0.130711E+04   0.651012E+02   0.700873E+05   0.375082E+04
   0.578000E+02   0.130799E+04   0.651040E+02   0.701594E+05   0.375185E+04
   0.579000E+02   0.130887E+04   0.651016E+02   0.702312E+05   0.375286E+04
   0.580000E+02   0.130974E+04   0.651036E+02   0.703028E+05   0.375387E+04
   0.581000E+02   0.131061E+04   0.651019E+02   0.703741E+05   0.375489E+04
   0.582000E+02   0.131148E+04   0.651027E+02   0.704452E+05   0.375587E+04
   0.583000E+02   0.131235E+04   0.651002E+02   0.705161E+05   0.375686E+04
   0.584000E+02   0.131321E+04   0.651010E+02   0.705867E+05   0.375783E+04
   0.585000E+02   0.131407E+04   0.650990E+02   0.706570E+05   0.375881E+04
   0.586000E+02   0.131493E+04   0.651004E+02   0.707272E+05   0.375976E+04
   0.587000E+02   0.131578E+04   0.651000E+02   0.707971E+05   0.376074E+04
   0.588000E+02   0.131663E+04   0.651008E+02   0.708667E+05   0.376165E+04
   0.589000E+02   0.131748E+04   0.650979E+02   0.709361E+05   0.376260E+04
   0.590000E+02   0.131832E+04   0.650965E+02   0.710053E+05   0.376351E+04
   0.591000E+02   0.131916E+04   0.650973E+02   0.710743E+05   0.376443E+04
   0.592000E+02   0.132000E+04   0.650964E+02   0.711430E+05   0.376534E+04
   0.593000E+02   0.132084E+04   0.650957E+02   0.712114E+05   0.376623E+04
   0.594000E+02   0.132167E+04   0.650936E+02   0.712797E+05   0.376714E+04
   0.595000E+02   0.132250E+04   0.650912E+02   0.713477E+05   0.376801E+04
   0.596000E+02   0.132333E+04   0.650916E+02   0.714155E+05   0.376889E+04
   0.597000E+02   0.132415E+04   0.650915E+02   0.714830E+05   0.376975E+04
   0.598000E+02   0.132497E+04   0.650912E+02   0.715503E+05   0.377062E+04
   0.599000E+02   0.132579E+04   0.650912E+02   0.716174E+05   0.377145E+04
   0.600000E+02   0.132660E+04   0.650881E+02   0.716842E+05   0.377231E+04
   0.601000E+02   0.132741E+04   0.650875E+02   0.717508E+05   0.377313E+04
   0.602000E+02   0.132822E+04   0.650857E+02   0.718172E+05   0.377396E+04
   0.603000E+02   0.132903E+04   0.650844E+02   0.718834E+05   0.377478E+04
   0.604000E+02   0.132983E+04   0.650850E+02   0.719493E+05   0.377558E+04
   0.605000E+02   0.133063E+04   0.650833E+02   0.720150E+05   0.377640E+04
   0.606000E+02   0.133143E+04   0.650802E+02   0.720805E+05   0.377717E+04
   0.607000E+02   0.133222E+04   0.650787E+02   0.721457E+05   0.377797E+04
   0.608000E+02   0.133301E+04   0.650776E+02   0.722108E+05   0.377876E+04
   0.609000E+02   0.133380E+04   0.650763E+02   0.722756E+05   0.377950E+04
   0.610000E+02   0.133458E+04   0.650740E+02   0.723401E+05   0.378027E+04
   0.611000E+02   0.133537E+04   0.650737E+02   0.724045E+05   0.378103E+04
   0.612000E+02   0.133614E+04   0.650716E+02   0.724686E+05   0.378177E+04
   0.613000E+02   0.133692E+04   0.650703E+02   0.725325E+05   0.378252E+04
   0.614000E+02   0.133769E+04   0.650677E+02   0.725962E+05   0.378323E+04
   0.615000E+02   0.133847E+04   0.650675E+02   0.726597E+05   0.378397E+04
   0.616000E+02   0.133923E+04   0.650654E+02   0.727229E+05   0.378466E+04
   0.617000E+02   0.134000E+04   0.650633E+02   0.727860E+05   0.378539E+04
   0.618000E+02   0.134076E+04   0.650618E+02   0.728488E+05   0.378607E+04
   0.619000E+02   0.134152E+04   0.650605E+02   0.729114E+05   0.378679E+04
   0.620000E+02   0.134228E+04   0.650578E+02   0.729738E+05   0.378747E+04
   0.621000E+02   0.134303E+04   0.650567E+02   0.730359E+05   0.378817E+04
   0.622000E+02   0.134378E+04   0.650533E+02   0.730979E+05   0.378884E+04
   0.623000E+02   0.134453E+04   0.650523E+02   0.731596E+05   0.378950E+04
   0.624000E+02   0.134528E+04   0.650492E+02   0.732211E+05   0.379015E+04
   0.625000E+02   0.134602E+04   0.650464E+02   0.732824E+05   0.379081E+04
   0.626000E+02   0.134676E+04   0.650469E+02   0.733435E+05   0.379145E+04
   0.627000E+02   0.134750E+04   0.650440E+02   0.734044E+05   0.379209E+04
   0.628000E+02   0.134824E+04   0.650414E+02   0.734650E+05   0.379271E+04
   0.629000E+02   0.134897E+04   0.650404E+02   0.735255E+05   0.379335E+04
   0.630000E+02   0.134970E+04   0.650362E+02   0.735857E+05   0.379397E+04
   0.631000E+02   0.135043E+04   0.650336E+02   0.736458E+05   0.379456E+04
   0.632000E+02   0.135115E+04   0.650338E+02   0.737056E+05   0.379516E+04
   0.633000E+02   0.135187E+04   0.650309E+02   0.737652E+05   0.379576E+04
   0.634000E+02   0.135259E+04   0.650277E+02   0.738246E+05   0.379635E+04
   0.635000E+02   0.135331E+04   0.650255E+02   0.738838E+05   0.379694E+04
   0.636000E+02   0.135402E+04   0.650222E+02   0.739428E+05   0.379753E+04
   0.637000E+02   0.135473E+04   0.650220E+02   0.740016E+05   0.379810E+04
   0.638000E+02   0.135544E+04   0.650192E+02   0.740601E+05   0.379866E+04
   0.639000E+02   0.135615E+04   0.650165E+02   0.741186E+05   0.379921E+04
   0.640000E+02   0.135685E+04   0.650145E+02   0.741767E+05   0.379977E+04
   0.641000E+02   0.135755E+04   0.650095E+02   0.742347E+05   0.380032E+04
   0.642000E+02   0.135825E+04   0.650068E+02   0.742924E+05   0.380084E+04
   0.643000E+02   0.135895E+04   0.650048E+02   0.743500E+05   0.380139E+04
   0.644000E+02   0.135964E+04   0.650015E+02   0.744073E+05   0.380193E+04
   0.645000E+02   0.136033E+04   0.650022E+02   0.744645E+05   0.380244E+04
   0.646000E+02   0.136102E+04   0.649960E+02   0.745215E+05   0.380294E+04
   0.647000E+02   0.136171E+04   0.649940E+02   0.745782E+05   0.380346E+04
   0.648000E+02   0.136239E+04   0.649939E+02   0.746348E+05   0.380394E+04
   0.649000E+02   0.136307E+04   0.649883E+02   0.746911E+05   0.380445E+04
   0.650000E+02   0.136375E+04   0.649863E+02   0.747473E+05   0.380493E+04
   0.651000E+02   0.136442E+04   0.649842E+02   0.748033E+05   0.380542E+04
   0.652000E+02   0.136510E+04   0.649809E+02   0.748590E+05   0.380589E+04
   0.653000E+02   0.136577E+04   0.649783E+02   0.749146E+05   0.380638E+04
   0.654000E+02   0.136644E+04   0.649752E+02   0.749700E+05   0.380684E+04
   0.655000E+02   0.136710E+04   0.649732E+02   0.750251E+05   0.380729E+04
   0.656000E+02   0.136777E+04   0.649698E+02   0.750801E+05   0.380775E+04
   0.657000E+02   0.136843E+04   0.649657E+02   0.751349E+05   0.380821E+04
   0.658000E+02   0.136909E+04   0.649644E+02   0.751895E+05   0.380865E+04
   0.659000E+02   0.136974E+04   0.649601E+02   0.752439E+05   0.380908E+04
   0.660000E+02   0.137040E+04   0.649575E+02   0.752981E+05   0.380951E+04
   0.661000E+02   0.137105E+04   0.649549E+02   0.753522E+05   0.380995E+04
   0.662000E+02   0.137170E+04   0.649509E+02   0.754060E+05   0.381035E+04
   0.663000E+02   0.137234E+04   0.649492E+02   0.754596E+05   0.381078E+04
   0.664000E+02   0.137299E+04   0.649472E+02   0.755131E+05   0.381118E+04
   0.665000E+02   0.137363E+04   0.649415E+02   0.755664E+05   0.381159E+04
   0.666000E+02   0.137427E+04   0.649387E+02   0.756194E+05   0.381198E+04
   0.667000E+02   0.137491E+04   0.649359E+02   0.756723E+05   0.381238E+04
   0.668000E+02   0.137554E+04   0.649328E+02   0.757250E+05   0.381278E+04
   0.669000E+02   0.137617E+04   0.649304E+02   0.757775E+05   0.381315E+04
   0.670000E+02   0.137680E+04   0.649264E+02   0.758299E+05   0.381353E+04
   0.671000E+02   0.137743E+04   0.649240E+02   0.758820E+05   0.381392E+04
   0.672000E+02   0.137806E+04   0.649190E+02   0.759339E+05   0.381428E+04
   0.673000E+02   0.137868E+04   0.649158E+02   0.759857E+05   0.381464E+04
   0.674000E+02   0.137930E+04   0.649127E+02   0.760373E+05   0.381500E+04
   0.675000E+02   0.137992E+04   0.649114E+02   0.760887E+05   0.381535E+04
   0.676000E+02   0.138054E+04   0.649068E+02   0.761399E+05   0.381569E+04
   0.677000E+02   0.138115E+04   0.649033E+02   0.761910E+05   0.381604E+04
   0.678000E+02   0.138177E+04   0.648997E+02   0.762418E+05   0.381637E+04
   0.679000E+02   0.138238E+04   0.648959E+02   0.762925E+05   0.381670E+04
   0.680000E+02   0.138298E+04   0.648932E+02   0.763430E+05   0.381705E+04
   0.681000E+02   0.138359E+04   0.648879E+02   0.763934E+05   0.381736E+04
   0.682000E+02   0.138419E+04   0.648848E+02   0.764435E+05   0.381768E+04
   0.683000E+02   0.138479E+04   0.648830E+02   0.764935E+05   0.381799E+04
   0.684000E+02   0.138539E+04   0.648796E+02   0.765432E+05   0.381828E+04
   0.685000E+02   0.138599E+04   0.648748E+02   0.765929E+05   0.381860E+04
   0.686000E+02   0.138658E+04   0.648717E+02   0.766423E+05   0.381890E+04
   0.687000E+02   0.138717E+04   0.648688E+02   0.766915E+05   0.381918E+04
   0.688000E+02   0.138776E+04   0.648649E+02   0.767406E+05   0.381948E+04
   0.689000E+02   0.138835E+04   0.648605E+02   0.767895E+05   0.381977E+04
   0.690000E+02   0.138893E+04   0.648573E+02   0.768382E+05   0.382003E+04
   0.691000E+02   0.138952E+04   0.648546E+02   0.768868E+05   0.382033E+04
   0.692000E+02   0.139010E+04   0.648515E+02   0.769352E+05   0.382057E+04
   0.693000E+02   0.139068E+04   0.648482E+02   0.769834E+05   0.382086E+04
   0.694000E+02   0.139125E+04   0.648429E+02   0.770314E+05   0.382112E+04
   0.695000E+02   0.139183E+04   0.648400E+02   0.770793E+05   0.382136E+04
   0.696000E+02   0.139240E+04   0.648375E+02   0.771270E+05   0.382161E+04
   0.697000E+02   0.139297E+04   0.648319E+02   0.771745E+05   0.382186E+04
   0.698000E+02   0.139354E+04   0.648296E+02   0.772219E+05   0.382210E+04
   0.699000E+02   0.139411E+04   0.648252E+02   0.772691E+05   0.382234E+04
   0.700000E+02   0.139467E+04   0.648220E+02   0.773161E+05   0.382260E+04
   0.701000E+02   0.139523E+04   0.648190E+02   0.773629E+05   0.382282E+04
   0.702000E+02   0.139579E+04   0.648138E+02   0.774096E+05   0.382305E+04
   0.703000E+02   0.139635E+04   0.648108E+02   0.774562E+05   0.382328E+04
   0.704000E+02   0.139691E+04   0.648056E+02   0.775025E+05   0.382349E+04
   0.705000E+02   0.139746E+04   0.648032E+02   0.775487E+05   0.382370E+04
   0.706000E+02   0.139801E+04   0.648009E+02   0.775947E+05   0.382393E+04
   0.707000E+02   0.139856E+04   0.647951E+02   0.776406E+05   0.382415E+04
   0.708000E+02   0.139911E+04   0.647921E+02   0.776862E+05   0.382433E+04
   0.709000E+02   0.139966E+04   0.647883E+02   0.777318E+05   0.382453E+04
   0.710000E+02   0.140020E+04   0.647857E+02   0.777771E+05   0.382473E+04
   0.711000E+02   0.140074E+04   0.647795E+02   0.778223E+05   0.382488E+04
   0.712000E+02   0.140128E+04   0.647778E+02   0.778674E+05   0.382509E+04
   0.713000E+02   0.140182E+04   0.647720E+02   0.779122E+05   0.382527E+04
   0.714000E+02   0.140236E+04   0.647681E+02   0.779569E+05   0.382544E+04
   0.715000E+02   0.140289E+04   0.647661E+02   0.780015E+05   0.382563E+04
   0.716000E+02   0.140342E+04   0.647625E+02   0.780459E+05   0.382581E+04
   0.717000E+02   0.140395E+04   0.647585E+02   0.780901E+05   0.382595E+04
   0.718000E+02   0.140448E+04   0.647551E+02   0.781342E+05   0.382614E+04
   0.719000E+02   0.140500E+04   0.647496E+02   0.781781E+05   0.382628E+04
   0.720000E+02   0.140553E+04   0.647471E+02   0.782219E+05   0.382645E+04
   0.721000E+02   0.140605E+04   0.647407E+02   0.782655E+05   0.382658E+04
   0.722000E+02   0.140657E+04   0.647387E+02   0.783089E+05   0.382674E+04
   0.723000E+02   0.140709E+04   0.647333E+02   0.783522E+05   0.382690E+04
   0.724000E+02   0.140760E+04   0.647290E+02   0.783953E+05   0.382704E+04
   0.725000E+02   0.140812E+04   0.647265E+02   0.784383E+05   0.382717E+04
   0.726000E+02   0.140863E+04   0.647207E+02   0.784811E+05   0.382732E+04
   0.727000E+02   0.140914E+04   0.647182E+02   0.785238E+05   0.382744E+04
   0.728000E+02   0.140965E+04   0.647148E+02   0.785663E+05   0.382758E+04
   0.729000E+02   0.141016E+04   0.647085E+02   0.786087E+05   0.382770E+04
   0.730000E+02   0.141066E+04   0.647068E+02   0.786509E+05   0.382779E+04
   0.731000E+02   0.141116E+04   0.647021E+02   0.786929E+05   0.382792E+04
   0.732000E+02   0.141167E+04   0.647000E+02   0.787348E+05   0.382806E+04
   0.733000E+02   0.141216E+04   0.646948E+02   0.787766E+05   0.382815E+04
   0.734000E+02   0.141266E+04   0.646906E+02   0.788182E+05   0.382826E+04
   0.735000E+02   0.141316E+04   0.646865E+02   0.788596E+05   0.382837E+04
   0.736000E+02   0.141365E+04   0.646838E+02   0.789009E+05   0.382845E+04
   0.737000E+02   0.141414E+04   0.646773E+02   0.789421E+05   0.382858E+04
   0.738000E+02   0.141463E+04   0.646750E+02   0.789831E+05   0.382866E+04
   0.739000E+02   0.141512E+04   0.646701E+02   0.790239E+05   0.382875E+04
   0.740000E+02   0.141561E+04   0.646666E+02   0.790646E+05   0.382883E+04
   0.741000E+02   0.141609E+04   0.646617E+02   0.791052E+05   0.382893E+04
   0.742000E+02   0.141658E+04   0.646594E+02   0.791456E+05   0.382901E+04
   0.743000E+02   0.141706E+04   0.646554E+02   0.791859E+05   0.382907E+04
   0.744000E+02   0.141754E+04   0.646493E+02   0.792260E+05   0.382916E+04
   0.745000E+02   0.141801E+04   0.646467E+02   0.792660E+05   0.382923E+04
   0.746000E+02   0.141849E+04   0.646435E+02   0.793058E+05   0.382928E+04
   0.747000E+02   0.141896E+04   0.646391E+02   0.793455E+05   0.382936E+04
   0.748000E+02   0.141944E+04   0.646342E+02   0.793850E+05   0.382943E+04
   0.749000E+02   0.141991E+04   0.646303E+02   0.794244E+05   0.382950E+04
   0.750000E+02   0.142038E+04   0.646263E+02   0.794637E+05   0.382954E+04
   0.751000E+02   0.142084E+04   0.646216E+02   0.795028E+05   0.382959E+04
   0.752000E+02   0.142131E+04   0.646169E+02   0.795418E+05   0.382964E+04
   0.753000E+02   0.142177E+04   0.646147E+02   0.795806E+05   0.382970E+04
   0.754000E+02   0.142223E+04   0.646100E+02   0.796193E+05   0.382975E+04
   0.755000E+02   0.142269E+04   0.646048E+02   0.796579E+05   0.382978E+04
   0.756000E+02   0.142315E+04   0.646021E+02   0.796963E+05   0.382983E+04
   0.757000E+02   0.142361E+04   0.645980E+02   0.797345E+05   0.382986E+04
   0.758000E+02   0.142406E+04   0.645939E+02   0.797727E+05   0.382991E+04
   0.759000E+02   0.142452E+04   0.645901E+02   0.798106E+05   0.382993E+04
   0.760000E+02   0.142497E+04   0.645848E+02   0.798485E+05   0.382998E+04
   0.761000E+02   0.142542E+04   0.645833E+02   0.798862E+05   0.383000E+04
   0.762000E+02   0.142586E+04   0.645780E+02   0.799238E+05   0.383002E+04
   0.763000E+02   0.142631E+04   0.645732E+02   0.799613E+05   0.383003E+04
   0.764000E+02   0.142676E+04   0.645689E+02   0.799986E+05   0.383005E+04
   0.765000E+02   0.142720E+04   0.645638E+02   0.800357E+05   0.383007E+04
   0.766000E+02   0.142764E+04   0.645609E+02   0.800728E+05   0.383007E+04
   0.767000E+02   0.142808E+04   0.645563E+02   0.801097E+05   0.383010E+04
   0.768000E+02   0.142852E+04   0.645525E+02   0.801464E+05   0.383009E+04
   0.769000E+02   0.142896E+04   0.645481E+02   0.801831E+05   0.383009E+04
   0.770000E+02   0.142939E+04   0.645442E+02   0.802196E+05   0.383009E+04
   0.771000E+02   0.142983E+04   0.645420E+02   0.802559E+05   0.383011E+04
   0.772000E+02   0.143026E+04   0.645350E+02   0.802922E+05   0.383011E+04
   0.773000E+02   0.143069E+04   0.645336E+02   0.803283E+05   0.383009E+04
   0.774000E+02   0.143111E+04   0.645294E+02   0.803643E+05   0.383011E+04
   0.775000E+02   0.143154E+04   0.645247E+02   0.804001E+05   0.383009E+04
   0.776000E+02   0.143197E+04   0.645215E+02   0.804358E+05   0.383009E+04
   0.777000E+02   0.143239E+04   0.645166E+02   0.804714E+05   0.383005E+04
   0.778000E+02   0.143281E+04   0.645110E+02   0.805068E+05   0.383004E+04
   0.779000E+02   0.143323E+04   0.645088E+02   0.805422E+05   0.383002E+04
   0.780000E+02   0.143365E+04   0.645044E+02   0.805773E+05   0.383000E+04
   0.781000E+02   0.143407E+04   0.644971E+02   0.806124E+05   0.382997E+04
   0.782000E+02   0.143449E+04   0.644948E+02   0.806474E+05   0.382995E+04
   0.783000E+02   0.143490E+04   0.644935E+02   0.806822E+05   0.382992E+04
   0.784000E+02   0.143532E+04   0.644875E+02   0.807169E+05   0.382989E+04
   0.785000E+02   0.143573E+04   0.644814E+02   0.807514E+05   0.382988E+04
   0.786000E+02   0.143614E+04   0.644784E+02   0.807858E+05   0.382984E+04
   0.787000E+02   0.143655E+04   0.644753E+02   0.808201E+05   0.382980E+04
   0.788000E+02   0.143695E+04   0.644712E+02   0.808543E+05   0.382976E+04
   0.789000E+02   0.143736E+04   0.644672E+02   0.808884E+05   0.382974E+04
   0.790000E+02   0.143776E+04   0.644627E+02   0.809223E+05   0.382969E+04
   0.791000E+02   0.143816E+04   0.644584E+02   0.809561E+05   0.382963E+04
   0.792000E+02   0.143856E+04   0.644538E+02   0.809898E+05   0.382957E+04
   0.793000E+02   0.143896E+04   0.644516E+02   0.810233E+05   0.382953E+04
   0.794000E+02   0.143936E+04   0.644451E+02   0.810568E+05   0.382949E+04
   0.795000E+02   0.143976E+04   0.644410E+02   0.810901E+05   0.382944E+04
   0.796000E+02   0.144015E+04   0.644373E+02   0.811233E+05   0.382938E+04
   0.797000E+02   0.144055E+04   0.644350E+02   0.811564E+05   0.382932E+04
   0.798000E+02   0.144094E+04   0.644293E+02   0.811893E+05   0.382925E+04
   0.799000E+02   0.144133E+04   0.644252E+02   0.812221E+05   0.382920E+04
   0.800000E+02   0.144172E+04   0.644203E+02   0.812548E+05   0.382913E+04
   0.801000E+02   0.144210E+04   0.644170E+02   0.812874E+05   0.382906E+04
   0.802000E+02   0.144249E+04   0.644123E+02   0.813199E+05   0.382901E+04
   0.803000E+02   0.144288E+04   0.644091E+02   0.813522E+05   0.382894E+04
   0.804000E+02   0.144326E+04   0.644036E+02   0.813845E+05   0.382887E+04
   0.805000E+02   0.144364E+04   0.644014E+02   0.814166E+05   0.382879E+04
   0.806000E+02   0.144402E+04   0.643956E+02   0.814486E+05   0.382871E+04
   0.807000E+02   0.144440E+04   0.643928E+02   0.814804E+05   0.382862E+04
   0.808000E+02   0.144478E+04   0.643889E+02   0.815122E+05   0.382857E+04
   0.809000E+02   0.144515E+04   0.643840E+02   0.815439E+05   0.382847E+04
   0.810000E+02   0.144553E+04   0.643800E+02   0.815754E+05   0.382840E+04
   0.811000E+02   0.144590E+04   0.643750E+02   0.816068E+05   0.382829E+04
   0.812000E+02   0.144627E+04   0.643714E+02   0.816381E+05   0.382822E+04
   0.813000E+02   0.144665E+04   0.643698E+02   0.816693E+05   0.382814E+04
   0.814000E+02   0.144701E+04   0.643622E+02   0.817003E+05   0.382805E+04
   0.815000E+02   0.144738E+04   0.643602E+02   0.817313E+05   0.382797E+04
   0.816000E+02   0.144775E+04   0.643561E+02   0.817622E+05   0.382787E+04
   0.817000E+02   0.144811E+04   0.643519E+02   0.817929E+05   0.382777E+04
   0.818000E+02   0.144848E+04   0.643482E+02   0.818235E+05   0.382767E+04
   0.819000E+02   0.144884E+04   0.643443E+02   0.818540E+05   0.382759E+04
   0.820000E+02   0.144920E+04   0.643394E+02   0.818844E+05   0.382748E+04
   0.821000E+02   0.144956E+04   0.643366E+02   0.819147E+05   0.382738E+04
   0.822000E+02   0.144992E+04   0.643304E+02   0.819448E+05   0.382728E+04
   0.823000E+02   0.145027E+04   0.643276E+02   0.819749E+05   0.382718E+04
   0.824000E+02   0.145063E+04   0.643234E+02   0.820048E+05   0.382707E+04
   0.825000E+02   0.145099E+04   0.643192E+02   0.820347E+05   0.382697E+04
   0.826000E+02   0.145134E+04   0.643159E+02   0.820644E+05   0.382686E+04
   0.827000E+02   0.145169E+04   0.643115E+02   0.820940E+05   0.382675E+04
   0.828000E+02   0.145204E+04   0.643076E+02   0.821235E+05   0.382664E+04
   0.829000E+02   0.145239E+04   0.643027E+02   0.821529E+05   0.382653E+04
   0.830000E+02   0.145274E+04   0.643001E+02   0.821822E+05   0.382641E+04
   0.831000E+02   0.145308E+04   0.642974E+02   0.822114E+05   0.382630E+04
   0.832000E+02   0.145343E+04   0.642925E+02   0.822405E+05   0.382620E+04
   0.833000E+02   0.145377E+04   0.642883E+02   0.822694E+05   0.382606E+04
   0.834000E+02   0.145412E+04   0.642850E+02   0.822983E+05   0.382595E+04
   0.835000E+02   0.145446E+04   0.642809E+02   0.823271E+05   0.382584E+04
   0.836000E+02   0.145480E+04   0.642762E+02   0.823557E+05   0.382571E+04
   0.837000E+02   0.145513E+04   0.642716E+02   0.823843E+05   0.382559E+04
   0.838000E+02   0.145547E+04   0.642658E+02   0.824127E+05   0.382544E+04
   0.839000E+02   0.145581E+04   0.642643E+02   0.824410E+05   0.382532E+04
   0.840000E+02   0.145614E+04   0.642595E+02   0.824692E+05   0.382522E+04
   0.841000E+02   0.145648E+04   0.642574E+02   0.824974E+05   0.382506E+04
   0.842000E+02   0.145681E+04   0.642529E+02   0.825254E+05   0.382494E+04
   0.843000E+02   0.145714E+04   0.642488E+02   0.825534E+05   0.382481E+04
   0.844000E+02   0.145747E+04   0.642456E+02   0.825811E+05   0.382468E+04
   0.845000E+02   0.145780E+04   0.642395E+02   0.826089E+05   0.382454E+04
   0.846000E+02   0.145813E+04   0.642350E+02   0.826365E+05   0.382442E+04
   0.847000E+02   0.145845E+04   0.642317E+02   0.826640E+05   0.382427E+04
   0.848000E+02   0.145878E+04   0.642274E+02   0.826914E+05   0.382413E+04
   0.849000E+02   0.145910E+04   0.642243E+02   0.827187E+05   0.382400E+04
   0.850000E+02   0.145942E+04   0.642200E+02   0.827459E+05   0.382386E+04
   0.851000E+02   0.145974E+04   0.642173E+02   0.827730E+05   0.382371E+04
   0.852000E+02   0.146007E+04   0.642126E+02   0.828000E+05   0.382357E+04
   0.853000E+02   0.146038E+04   0.642101E+02   0.828269E+05   0.382342E+04
   0.854000E+02   0.146070E+04   0.642057E+02   0.828537E+05   0.382326E+04
   0.855000E+02   0.146102E+04   0.641997E+02   0.828805E+05   0.382313E+04
   0.856000E+02   0.146133E+04   0.641954E+02   0.829071E+05   0.382298E+04
   0.857000E+02   0.146165E+04   0.641917E+02   0.829336E+05   0.382284E+04
   0.858000E+02   0.146196E+04   0.641904E+02   0.829600E+05   0.382270E+04
   0.859000E+02   0.146227E+04   0.641863E+02   0.829863E+05   0.382253E+04
   0.860000E+02   0.146258E+04   0.641807E+02   0.830125E+05   0.382239E+04
   0.861000E+02   0.146289E+04   0.641782E+02   0.830386E+05   0.382225E+04
   0.862000E+02   0.146320E+04   0.641752E+02   0.830647E+05   0.382208E+04
   0.863000E+02   0.146351E+04   0.641686E+02   0.830906E+05   0.382192E+04
   0.864000E+02   0.146382E+04   0.641655E+02   0.831164E+05   0.382178E+04
   0.865000E+02   0.146412E+04   0.641616E+02   0.831422E+05   0.382163E+04
   0.866000E+02   0.146443E+04   0.641581E+02   0.831678E+05   0.382148E+04
   0.867000E+02   0.146473E+04   0.641552E+02   0.831934E+05   0.382131E+04
   0.868000E+02   0.146503E+04   0.641493E+02   0.832188E+05   0.382116E+04
   0.869000E+02   0.146533E+04   0.641451E+02   0.832442E+05   0.382098E+04
   0.870000E+02   0.146563E+04   0.641434E+02   0.832694E+05   0.382082E+04
   0.871000E+02   0.146593E+04   0.641405E+02   0.832946E+05   0.382064E+04
   0.872000E+02   0.146623E+04   0.641354E+02   0.833197E+05   0.382051E+04
   0.873000E+02   0.146652E+04   0.641314E+02   0.833447E+05   0.382032E+04
   0.874000E+02   0.146682E+04   0.641279E+02   0.833696E+05   0.382016E+04
   0.875000E+02   0.146711E+04   0.641255E+02   0.833944E+05   0.381999E+04
   0.876000E+02   0.146740E+04   0.641198E+02   0.834191E+05   0.381983E+04
   0.877000E+02   0.146769E+04   0.641165E+02   0.834437E+05   0.381966E+04
   0.878000E+02   0.146798E+04   0.641152E+02   0.834682E+05   0.381951E+04
   0.879000E+02   0.146827E+04   0.641086E+02   0.834927E+05   0.381933E+04
   0.880000E+02   0.146856E+04   0.641063E+02   0.835170E+05   0.381915E+04
   0.881000E+02   0.146885E+04   0.641024E+02   0.835413E+05   0.381900E+04
   0.882000E+02   0.146914E+04   0.640971E+02   0.835654E+05   0.381883E+04
   0.883000E+02   0.146942E+04   0.640935E+02   0.835895E+05   0.381865E+04
   0.884000E+02   0.146970E+04   0.640916E+02   0.836135E+05   0.381846E+04
   0.885000E+02   0.146999E+04   0.640876E+02   0.836374E+05   0.381829E+04
   0.886000E+02   0.147027E+04   0.640844E+02   0.836612E+05   0.381811E+04
   0.887000E+02   0.147055E+04   0.640811E+02   0.836849E+05   0.381794E+04
   0.888000E+02   0.147083E+04   0.640746E+02   0.837086E+05   0.381777E+04
   0.889000E+02   0.147111E+04   0.640726E+02   0.837321E+05   0.381758E+04
   0.890000E+02   0.147139E+04   0.640676E+02   0.837556E+05   0.381741E+04
   0.891000E+02   0.147166E+04   0.640647E+02   0.837789E+05   0.381723E+04
   0.892000E+02   0.147194E+04   0.640605E+02   0.838022E+05   0.381706E+04
   0.893000E+02   0.147221E+04   0.640563E+02   0.838254E+05   0.381687E+04
   0.894000E+02   0.147249E+04   0.640528E+02   0.838486E+05   0.381669E+04
   0.895000E+02   0.147276E+04   0.640505E+02   0.838716E+05   0.381651E+04
   0.896000E+02   0.147303E+04   0.640460E+02   0.838945E+05   0.381633E+04
   0.897000E+02   0.147330E+04   0.640414E+02   0.839174E+05   0.381612E+04
   0.898000E+02   0.147357E+04   0.640393E+02   0.839401E+05   0.381597E+04
   0.899000E+02   0.147384E+04   0.640356E+02   0.839628E+05   0.381578E+04
   0.900000E+02   0.147410E+04   0.640307E+02   0.839854E+05   0.381558E+04
   0.901000E+02   0.147437E+04   0.640272E+02   0.840079E+05   0.381541E+04
   0.902000E+02   0.147464E+04   0.640242E+02   0.840304E+05   0.381521E+04
   0.903000E+02   0.147490E+04   0.640207E+02   0.840527E+05   0.381503E+04
   0.904000E+02   0.147516E+04   0.640191E+02   0.840750E+05   0.381484E+04
   0.905000E+02   0.147543E+04   0.640143E+02   0.840972E+05   0.381467E+04
   0.906000E+02   0.147569E+04   0.640102E+02   0.841193E+05   0.381444E+04
   0.907000E+02   0.147595E+04   0.640079E+02   0.841413E+05   0.381427E+04
   0.908000E+02   0.147621E+04   0.640030E+02   0.841633E+05   0.381408E+04
   0.909000E+02   0.147647E+04   0.640003E+02   0.841851E+05   0.381388E+04
   0.910000E+02   0.147672E+04   0.639985E+02   0.842069E+05   0.381369E+04
   0.911000E+02   0.147698E+04   0.639916E+02   0.842286E+05   0.381352E+04
   0.912000E+02   0.147724E+04   0.639886E+02   0.842502E+05   0.381331E+04
   0.913000E+02   0.147749E+04   0.639848E+02   0.842718E+05   0.381312E+04
   0.914000E+02   0.147774E+04   0.639827E+02   0.842932E+05   0.381293E+04
   0.915000E+02   0.147800E+04   0.639790E+02   0.843146E+05   0.381274E+04
   0.916000E+02   0.147825E+04   0.639734E+02   0.843359E+05   0.381253E+04
   0.917000E+02   0.147850E+04   0.639719E+02   0.843571E+05   0.381236E+04
   0.918000E+02   0.147875E+04   0.639680E+02   0.843782E+05   0.381215E+04
   0.919000E+02   0.147900E+04   0.639641E+02   0.843993E+05   0.381194E+04
   0.920000E+02   0.147925E+04   0.639621E+02   0.844203E+05   0.381175E+04
   0.921000E+02   0.147950E+04   0.639577E+02   0.844412E+05   0.381156E+04
   0.922000E+02   0.147974E+04   0.639535E+02   0.844620E+05   0.381136E+04
   0.923000E+02   0.147999E+04   0.639488E+02   0.844827E+05   0.381117E+04
   0.924000E+02   0.148023E+04   0.639455E+02   0.845034E+05   0.381096E+04
   0.925000E+02   0.148047E+04   0.639436E+02   0.845240E+05   0.381075E+04
   0.926000E+02   0.148072E+04   0.639404E+02   0.845445E+05   0.381057E+04
   0.927000E+02   0.148096E+04   0.639358E+02   0.845650E+05   0.381037E+04
   0.928000E+02   0.148120E+04   0.639341E+02   0.845854E+05   0.381017E+04
   0.929000E+02   0.148144E+04   0.639300E+02   0.846056E+05   0.380996E+04
   0.930000E+02   0.148168E+04   0.639275E+02   0.846259E+05   0.380976E+04
   0.931000E+02   0.148191E+04   0.639237E+02   0.846460E+05   0.380957E+04
   0.932000E+02   0.148215E+04   0.639197E+02   0.846661E+05   0.380937E+04
   0.933000E+02   0.148239E+04   0.639160E+02   0.846861E+05   0.380916E+04
   0.934000E+02   0.148262E+04   0.639134E+02   0.847060E+05   0.380896E+04
   0.935000E+02   0.148286E+04   0.639079E+02   0.847258E+05   0.380875E+04
   0.936000E+02   0.148309E+04   0.639074E+02   0.847456E+05   0.380855E+04
   0.937000E+02   0.148332E+04   0.639036E+02   0.847653E+05   0.380835E+04
   0.938000E+02   0.148355E+04   0.638981E+02   0.847849E+05   0.380816E+04
   0.939000E+02   0.148379E+04   0.638952E+02   0.848044E+05   0.380793E+04
   0.940000E+02   0.148402E+04   0.638926E+02   0.848239E+05   0.380773E+04
   0.941000E+02   0.148425E+04   0.638898E+02   0.848433E+05   0.380752E+04
   0.942000E+02   0.148447E+04   0.638850E+02   0.848626E+05   0.380732E+04
   0.943000E+02   0.148470E+04   0.638818E+02   0.848819E+05   0.380711E+04
   0.944000E+02   0.148493E+04   0.638788E+02   0.849011E+05   0.380691E+04
   0.945000E+02   0.148515E+04   0.638760E+02   0.849202E+05   0.380670E+04
   0.946000E+02   0.148538E+04   0.638731E+02   0.849392E+05   0.380650E+04
   0.947000E+02   0.148560E+04   0.638677E+02   0.849582E+05   0.380629E+04
   0.948000E+02   0.148583E+04   0.638674E+02   0.849771E+05   0.380606E+04
   0.949000E+02   0.148605E+04   0.638634E+02   0.849959E+05   0.380585E+04
   0.950000E+02   0.148627E+04   0.638595E+02   0.850147E+05   0.380565E+04
   0.951000E+02   0.148649E+04   0.638578E+02   0.850334E+05   0.380547E+04
   0.952000E+02   0.148671E+04   0.638524E+02   0.850520E+05   0.380525E+04
   0.953000E+02   0.148693E+04   0.638494E+02   0.850706E+05   0.380505E+04
   0.954000E+02   0.148715E+04   0.638481E+02   0.850891E+05   0.380482E+04
   0.955000E+02   0.148737E+04   0.638425E+02   0.851075E+05   0.380460E+04
   0.956000E+02   0.148758E+04   0.638387E+02   0.851258E+05   0.380440E+04
   0.957000E+02   0.148780E+04   0.638355E+02   0.851441E+05   0.380420E+04
   0.958000E+02   0.148801E+04   0.638322E+02   0.851623E+05   0.380400E+04
   0.959000E+02   0.148823E+04   0.638322E+02   0.851804E+05   0.380379E+04
   0.960000E+02   0.148844E+04   0.638278E+02   0.851985E+05   0.380356E+04
   0.961000E+02   0.148865E+04   0.638249E+02   0.852165E+05   0.380335E+04
   0.962000E+02   0.148887E+04   0.638202E+02   0.852344E+05   0.380315E+04
   0.963000E+02   0.148908E+04   0.638176E+02   0.852523E+05   0.380295E+04
   0.964000E+02   0.148929E+04   0.638138E+02   0.852701E+05   0.380275E+04
   0.965000E+02   0.148950E+04   0.638111E+02   0.852879E+05   0.380251E+04
   0.966000E+02   0.148970E+04   0.638094E+02   0.853055E+05   0.380232E+04
   0.967000E+02   0.148991E+04   0.638059E+02   0.853231E+05   0.380210E+04
   0.968000E+02   0.149012E+04   0.638020E+02   0.853407E+05   0.380187E+04
   0.969000E+02   0.149033E+04   0.637967E+02   0.853581E+05   0.380166E+04
   0.970000E+02   0.149053E+04   0.637948E+02   0.853756E+05   0.380146E+04
   0.971000E+02   0.149074E+04   0.637940E+02   0.853929E+05   0.380124E+04
   0.972000E+02   0.149094E+04   0.637894E+02   0.854102E+05   0.380103E+04
   0.973000E+02   0.149114E+04   0.637867E+02   0.854274E+05   0.380083E+04
   0.974000E+02   0.149135E+04   0.637823E+02   0.854446E+05   0.380060E+04
   0.975000E+02   0.149155E+04   0.637807E+02   0.854616E+05   0.380038E+04
   0.976000E+02   0.149175E+04   0.637771E+02   0.854787E+05   0.380019E+04
   0.977000E+02   0.149195E+04   0.637746E+02   0.854956E+05   0.379996E+04
   0.978000E+02   0.149215E+04   0.637716E+02   0.855125E+05   0.379976E+04
   0.979000E+02   0.149235E+04   0.637678E+02   0.855293E+05   0.379953E+04
   0.980000E+02   0.149254E+04   0.637647E+02   0.855461E+05   0.379931E+04
   0.981000E+02   0.149274E+04   0.637619E+02   0.855628E+05   0.379911E+04
   0.982000E+02   0.149294E+04   0.637595E+02   0.855795E+05   0.379889E+04
   0.983000E+02   0.149313E+04   0.637550E+02   0.855961E+05   0.379868E+04
   0.984000E+02   0.149333E+04   0.637533E+02   0.856126E+05   0.379848E+04
   0.985000E+02   0.149352E+04   0.637494E+02   0.856290E+05   0.379825E+04
   0.986000E+02   0.149372E+04   0.637456E+02   0.856454E+05   0.379803E+04
   0.987000E+02   0.149391E+04   0.637462E+02   0.856618E+05   0.379783E+04
   0.988000E+02   0.149410E+04   0.637410E+02   0.856781E+05   0.379762E+04
   0.989000E+02   0.149429E+04   0.637379E+02   0.856943E+05   0.379739E+04
   0.990000E+02   0.149448E+04   0.637336E+02   0.857104E+05   0.379717E+04
   0.991000E+02   0.149467E+04   0.637321E+02   0.857265E+05   0.379697E+04
   0.992000E+02   0.149486E+04   0.637294E+02   0.857425E+05   0.379675E+04
   0.993000E+02   0.149505E+04   0.637237E+02   0.857585E+05   0.379654E+04
   0.994000E+02   0.149524E+04   0.637222E+02   0.857744E+05   0.379632E+04
   0.995000E+02   0.149543E+04   0.637201E+02   0.857903E+05   0.379610E+04
   0.996000E+02   0.149561E+04   0.637175E+02   0.858061E+05   0.379590E+04
   0.997000E+02   0.149580E+04   0.637126E+02   0.858218E+05   0.379568E+04
   0.998000E+02   0.149598E+04   0.637113E+02   0.858375E+05   0.379544E+04
   0.999000E+02   0.149617E+04   0.637082E+02   0.858531E+05   0.379525E+04
   0.100000E+03   0.149635E+04   0.637064E+02   0.858686E+05   0.379503E+04
   0.100100E+03   0.149653E+04   0.637021E+02   0.858842E+05   0.379482E+04
   0.100200E+03   0.149672E+04   0.636994E+02   0.858996E+05   0.379460E+04
   0.100300E+03   0.149690E+04   0.636976E+02   0.859150E+05   0.379437E+04
   0.100400E+03   0.149708E+04   0.636949E+02   0.859303E+05   0.379416E+04
   0.100500E+03   0.149726E+04   0.636908E+02   0.859456E+05   0.379394E+04
   0.100600E+03   0.149744E+04   0.636880E+02   0.859608E+05   0.379372E+04
   0.100700E+03   0.149761E+04   0.636865E+02   0.859760E+05   0.379352E+04
   0.100800E+03   0.149779E+04   0.636827E+02   0.859911E+05   0.379330E+04
   0.100900E+03   0.149797E+04   0.636789E+02   0.860061E+05   0.379309E+04
   0.101000E+03   0.149815E+04   0.636760E+02   0.860211E+05   0.379288E+04
   0.101100E+03   0.149832E+04   0.636733E+02   0.860360E+05   0.379267E+04
   0.101200E+03   0.149850E+04   0.636699E+02   0.860509E+05   0.379245E+04
   0.101300E+03   0.149867E+04   0.636696E+02   0.860657E+05   0.379223E+04
   0.101400E+03   0.149885E+04   0.636662E+02   0.860805E+05   0.379202E+04
   0.101500E+03   0.149902E+04   0.636624E+02   0.860952E+05   0.379181E+04
   0.101600E+03   0.149919E+04   0.636608E+02   0.861098E+05   0.379159E+04
   0.101700E+03   0.149937E+04   0.636578E+02   0.861244E+05   0.379139E+04
   0.101800E+03   0.149954E+04   0.636540E+02   0.861390E+05   0.379114E+04
   0.101900E+03   0.149971E+04   0.636518E+02   0.861535E+05   0.379094E+04
   0.102000E+03   0.149988E+04   0.636496E+02   0.861679E+05   0.379074E+04
   0.102100E+03   0.150005E+04   0.636451E+02   0.861823E+05   0.379051E+04
   0.102200E+03   0.150022E+04   0.636435E+02   0.861966E+05   0.379029E+04
   0.102300E+03   0.150039E+04   0.636414E+02   0.862109E+05   0.379008E+04
   0.102400E+03   0.150055E+04   0.636377E+02   0.862251E+05   0.378986E+04
   0.102500E+03   0.150072E+04   0.636353E+02   0.862393E+05   0.378965E+04
   0.102600E+03   0.150089E+04   0.636339E+02   0.862534E+05   0.378944E+04
   0.102700E+03   0.150105E+04   0.636298E+02   0.862675E+05   0.378923E+04
   0.102800E+03   0.150122E+04   0.636272E+02   0.862815E+05   0.378901E+04
   0.102900E+03   0.150138E+04   0.636230E+02   0.862954E+05   0.378878E+04
   0.103000E+03   0.150155E+04   0.636231E+02   0.863093E+05   0.378858E+04
   0.103100E+03   0.150171E+04   0.636190E+02   0.863232E+05   0.378838E+04
   0.103200E+03   0.150187E+04   0.636152E+02   0.863370E+05   0.378815E+04
   0.103300E+03   0.150203E+04   0.636135E+02   0.863507E+05   0.378793E+04
   0.103400E+03   0.150220E+04   0.636094E+02   0.863644E+05   0.378772E+04
   0.103500E+03   0.150236E+04   0.636097E+02   0.863781E+05   0.378751E+04
   0.103600E+03   0.150252E+04   0.636073E+02   0.863917E+05   0.378730E+04
   0.103700E+03   0.150267E+04   0.636015E+02   0.864052E+05   0.378707E+04
   0.103800E+03   0.150284E+04   0.635998E+02   0.864187E+05   0.378687E+04
   0.103900E+03   0.150300E+04   0.635986E+02   0.864321E+05   0.378665E+04
   0.104000E+03   0.150315E+04   0.635961E+02   0.864455E+05   0.378644E+04
   0.104100E+03   0.150331E+04   0.635918E+02   0.864589E+05   0.378621E+04
   0.104200E+03   0.150346E+04   0.635888E+02   0.864722E+05   0.378600E+04
   0.104300E+03   0.150362E+04   0.635879E+02   0.864854E+05   0.378581E+04
   0.104400E+03   0.150378E+04   0.635839E+02   0.864986E+05   0.378560E+04
   0.104500E+03   0.150393E+04   0.635845E+02   0.865117E+05   0.378537E+04
   0.104600E+03   0.150409E+04   0.635807E+02   0.865249E+05   0.378517E+04
   0.104700E+03   0.150424E+04   0.635763E+02   0.865379E+05   0.378496E+04
   0.104800E+03   0.150439E+04   0.635754E+02   0.865509E+05   0.378475E+04
   0.104900E+03   0.150454E+04   0.635727E+02   0.865638E+05   0.378453E+04
   0.105000E+03   0.150470E+04   0.635706E+02   0.865767E+05   0.378433E+04
   0.105100E+03   0.150485E+04   0.635665E+02   0.865896E+05   0.378410E+04
   0.105200E+03   0.150500E+04   0.635648E+02   0.866024E+05   0.378390E+04
   0.105300E+03   0.150515E+04   0.635610E+02   0.866151E+05   0.378368E+04
   0.105400E+03   0.150530E+04   0.635597E+02   0.866278E+05   0.378346E+04
   0.105500E+03   0.150545E+04   0.635568E+02   0.866405E+05   0.378325E+04
   0.105600E+03   0.150560E+04   0.635539E+02   0.866531E+05   0.378305E+04
   0.105700E+03   0.150574E+04   0.635528E+02   0.866657E+05   0.378284E+04
   0.105800E+03   0.150589E+04   0.635492E+02   0.866782E+05   0.378263E+04
   0.105900E+03   0.150604E+04   0.635477E+02   0.866906E+05   0.378242E+04
   0.106000E+03   0.150619E+04   0.635448E+02   0.867031E+05   0.378220E+04
   0.106100E+03   0.150633E+04   0.635413E+02   0.867154E+05   0.378199E+04
   0.106200E+03   0.150648E+04   0.635382E+02   0.867278E+05   0.378180E+04
   0.106300E+03   0.150662E+04   0.635388E+02   0.867401E+05   0.378158E+04
   0.106400E+03   0.150677E+04   0.635349E+02   0.867523E+05   0.378136E+04
   0.106500E+03   0.150691E+04   0.635311E+02   0.867645E+05   0.378116E+04
   0.106600E+03   0.150705E+04   0.635298E+02   0.867766E+05   0.378094E+04
   0.106700E+03   0.150720E+04   0.635279E+02   0.867888E+05   0.378074E+04
   0.106800E+03   0.150734E+04   0.635261E+02   0.868008E+05   0.378052E+04
   0.106900E+03   0.150748E+04   0.635224E+02   0.868128E+05   0.378033E+04
   0.107000E+03   0.150762E+04   0.635208E+02   0.868248E+05   0.378011E+04
   0.107100E+03   0.150776E+04   0.635175E+02   0.868367E+05   0.377989E+04
   0.107200E+03   0.150790E+04   0.635166E+02   0.868486E+05   0.377969E+04
   0.107300E+03   0.150804E+04   0.635125E+02   0.868604E+05   0.377950E+04
   0.107400E+03   0.150818E+04   0.635104E+02   0.868722E+05   0.377930E+04
   0.107500E+03   0.150832E+04   0.635072E+02   0.868839E+05   0.377907E+04
   0.107600E+03   0.150846E+04   0.635055E+02   0.868956E+05   0.377888E+04
   0.107700E+03   0.150859E+04   0.635040E+02   0.869073E+05   0.377867E+04
   0.107800E+03   0.150873E+04   0.635010E+02   0.869189E+05   0.377844E+04
   0.107900E+03   0.150887E+04   0.634987E+02   0.869304E+05   0.377824E+04
   0.108000E+03   0.150900E+04   0.634989E+02   0.869420E+05   0.377806E+04
   0.108100E+03   0.150913E+04   0.634946E+02   0.869534E+05   0.377785E+04
   0.108200E+03   0.150927E+04   0.634920E+02   0.869649E+05   0.377763E+04
   0.108300E+03   0.150940E+04   0.634914E+02   0.869763E+05   0.377741E+04
   0.108400E+03   0.150954E+04   0.634875E+02   0.869876E+05   0.377722E+04
   0.108500E+03   0.150967E+04   0.634842E+02   0.869989E+05   0.377701E+04
   0.108600E+03   0.150980E+04   0.634822E+02   0.870102E+05   0.377681E+04
   0.108700E+03   0.150993E+04   0.634812E+02   0.870214E+05   0.377661E+04
   0.108800E+03   0.151007E+04   0.634783E+02   0.870326E+05   0.377639E+04
   0.108900E+03   0.151020E+04   0.634765E+02   0.870437E+05   0.377620E+04
   0.109000E+03   0.151033E+04   0.634757E+02   0.870548E+05   0.377597E+04
   0.109100E+03   0.151046E+04   0.634713E+02   0.870659E+05   0.377577E+04
   0.109200E+03   0.151059E+04   0.634685E+02   0.870769E+05   0.377559E+04
   0.109300E+03   0.151072E+04   0.634664E+02   0.870879E+05   0.377539E+04
   0.109400E+03   0.151085E+04   0.634651E+02   0.870988E+05   0.377517E+04
   0.109500E+03   0.151098E+04   0.634618E+02   0.871097E+05   0.377498E+04
   0.109600E+03   0.151110E+04   0.634605E+02   0.871205E+05   0.377477E+04
   0.109700E+03   0.151123E+04   0.634574E+02   0.871313E+05   0.377455E+04
   0.109800E+03   0.151136E+04   0.634564E+02   0.871421E+05   0.377436E+04
   0.109900E+03   0.151149E+04   0.634520E+02   0.871528E+05   0.377415E+04
   0.110000E+03   0.151161E+04   0.634522E+02   0.871635E+05   0.377395E+04
   0.110100E+03   0.151174E+04   0.634495E+02   0.871742E+05   0.377374E+04
   0.110200E+03   0.151186E+04   0.634462E+02   0.871848E+05   0.377356E+04
   0.110300E+03   0.151198E+04   0.634464E+02   0.871954E+05   0.377335E+04
   0.110400E+03   0.151211E+04   0.634417E+02   0.872059E+05   0.377316E+04
   0.110500E+03   0.151223E+04   0.634401E+02   0.872164E+05   0.377293E+04
   0.110600E+03   0.151236E+04   0.634376E+02   0.872268E+05   0.377272E+04
   0.110700E+03   0.151248E+04   0.634363E+02   0.872372E+05   0.377254E+04
   0.110800E+03   0.151260E+04   0.634320E+02   0.872476E+05   0.377235E+04
   0.110900E+03   0.151272E+04   0.634307E+02   0.872579E+05   0.377215E+04
   0.111000E+03   0.151284E+04   0.634308E+02   0.872682E+05   0.377196E+04
   0.111100E+03   0.151296E+04   0.634262E+02   0.872785E+05   0.377176E+04
   0.111200E+03   0.151308E+04   0.634241E+02   0.872887E+05   0.377155E+04
   0.111300E+03   0.151320E+04   0.634225E+02   0.872989E+05   0.377134E+04
   0.111400E+03   0.151332E+04   0.634226E+02   0.873090E+05   0.377116E+04
   0.111500E+03   0.151344E+04   0.634188E+02   0.873191E+05   0.377094E+04
   0.111600E+03   0.151356E+04   0.634167E+02   0.873292E+05   0.377075E+04
   0.111700E+03   0.151368E+04   0.634142E+02   0.873392E+05   0.377056E+04
   0.111800E+03   0.151380E+04   0.634127E+02   0.873492E+05   0.377035E+04
   0.111900E+03   0.151391E+04   0.634100E+02   0.873591E+05   0.377015E+04
   0.112000E+03   0.151403E+04   0.634104E+02   0.873690E+05   0.376996E+04
   0.112100E+03   0.151414E+04   0.634065E+02   0.873789E+05   0.376978E+04
   0.112200E+03   0.151426E+04   0.634041E+02   0.873887E+05   0.376959E+04
   0.112300E+03   0.151438E+04   0.634010E+02   0.873985E+05   0.376937E+04
   0.112400E+03   0.151449E+04   0.634000E+02   0.874083E+05   0.376917E+04
   0.112500E+03   0.151461E+04   0.633991E+02   0.874180E+05   0.376897E+04
   0.112600E+03   0.151472E+04   0.633974E+02   0.874277E+05   0.376878E+04
   0.112700E+03   0.151483E+04   0.633929E+02   0.874374E+05   0.376860E+04
   0.112800E+03   0.151495E+04   0.633923E+02   0.874470E+05   0.376840E+04
   0.112900E+03   0.151506E+04   0.633906E+02   0.874566E+05   0.376820E+04
   0.113000E+03   0.151517E+04   0.633879E+02   0.874661E+05   0.376802E+04
   0.113100E+03   0.151528E+04   0.633866E+02   0.874756E+05   0.376781E+04
   0.113200E+03   0.151540E+04   0.633830E+02   0.874851E+05   0.376762E+04
   0.113300E+03   0.151551E+04   0.633825E+02   0.874945E+05   0.376742E+04
   0.113400E+03   0.151562E+04   0.633800E+02   0.875039E+05   0.376723E+04
   0.113500E+03   0.151573E+04   0.633781E+02   0.875133E+05   0.376706E+04
   0.113600E+03   0.151584E+04   0.633768E+02   0.875226E+05   0.376686E+04
   0.113700E+03   0.151595E+04   0.633737E+02   0.875319E+05   0.376665E+04
   0.113800E+03   0.151606E+04   0.633731E+02   0.875412E+05   0.376646E+04
   0.113900E+03   0.151616E+04   0.633711E+02   0.875504E+05   0.376629E+04
   0.114000E+03   0.151627E+04   0.633683E+02   0.875596E+05   0.376608E+04
   0.114100E+03   0.151638E+04   0.633666E+02   0.875688E+05   0.376590E+04
   0.114200E+03   0.151649E+04   0.633629E+02   0.875779E+05   0.376569E+04
   0.114300E+03   0.151660E+04   0.633615E+02   0.875870E+05   0.376552E+04
   0.114400E+03   0.151670E+04   0.633615E+02   0.875960E+05   0.376534E+04
   0.114500E+03   0.151681E+04   0.633587E+02   0.876051E+05   0.376512E+04
   0.114600E+03   0.151691E+04   0.633559E+02   0.876140E+05   0.376493E+04
   0.114700E+03   0.151702E+04   0.633569E+02   0.876230E+05   0.376475E+04
   0.114800E+03   0.151712E+04   0.633527E+02   0.876319E+05   0.376457E+04
   0.114900E+03   0.151723E+04   0.633496E+02   0.876408E+05   0.376438E+04
   0.115000E+03   0.151733E+04   0.633495E+02   0.876497E+05   0.376419E+04
   0.115100E+03   0.151744E+04   0.633463E+02   0.876585E+05   0.376399E+04
   0.115200E+03   0.151754E+04   0.633459E+02   0.876673E+05   0.376382E+04
   0.115300E+03   0.151764E+04   0.633435E+02   0.876760E+05   0.376363E+04
   0.115400E+03   0.151775E+04   0.633399E+02   0.876847E+05   0.376344E+04
   0.115500E+03   0.151785E+04   0.633390E+02   0.876934E+05   0.376326E+04
   0.115600E+03   0.151795E+04   0.633384E+02   0.877021E+05   0.376307E+04
   0.115700E+03   0.151805E+04   0.633358E+02   0.877107E+05   0.376287E+04
   0.115800E+03   0.151815E+04   0.633323E+02   0.877193E+05   0.376271E+04
   0.115900E+03   0.151825E+04   0.633310E+02   0.877278E+05   0.376252E+04
   0.116000E+03   0.151835E+04   0.633298E+02   0.877364E+05   0.376233E+04
   0.116100E+03   0.151845E+04   0.633278E+02   0.877449E+05   0.376213E+04
   0.116200E+03   0.151855E+04   0.633256E+02   0.877533E+05   0.376194E+04
   0.116300E+03   0.151865E+04   0.633241E+02   0.877618E+05   0.376177E+04
   0.116400E+03   0.151875E+04   0.633219E+02   0.877701E+05   0.376158E+04
   0.116500E+03   0.151885E+04   0.633205E+02   0.877785E+05   0.376140E+04
   0.116600E+03   0.151895E+04   0.633212E+02   0.877868E+05   0.376120E+04
   0.116700E+03   0.151904E+04   0.633177E+02   0.877951E+05   0.376104E+04
   0.116800E+03   0.151914E+04   0.633153E+02   0.878034E+05   0.376084E+04
   0.116900E+03   0.151924E+04   0.633140E+02   0.878117E+05   0.376068E+04
   0.117000E+03   0.151934E+04   0.633107E+02   0.878199E+05   0.376049E+04
   0.117100E+03   0.151943E+04   0.633113E+02   0.878281E+05   0.376031E+04
   0.117200E+03   0.151953E+04   0.633078E+02   0.878362E+05   0.376012E+04
   0.117300E+03   0.151962E+04   0.633073E+02   0.878443E+05   0.375993E+04
   0.117400E+03   0.151972E+04   0.633042E+02   0.878524E+05   0.375976E+04
   0.117500E+03   0.151981E+04   0.633045E+02   0.878604E+05   0.375958E+04
   0.117600E+03   0.151991E+04   0.633018E+02   0.878685E+05   0.375939E+04
   0.117700E+03   0.152000E+04   0.633009E+02   0.878765E+05   0.375923E+04
   0.117800E+03   0.152010E+04   0.632978E+02   0.878844E+05   0.375903E+04
   0.117900E+03   0.152019E+04   0.632969E+02   0.878924E+05   0.375886E+04
   0.118000E+03   0.152028E+04   0.632942E+02   0.879003E+05   0.375867E+04
   0.118100E+03   0.152038E+04   0.632915E+02   0.879081E+05   0.375849E+04
   0.118200E+03   0.152047E+04   0.632911E+02   0.879160E+05   0.375831E+04
   0.118300E+03   0.152056E+04   0.632910E+02   0.879238E+05   0.375815E+04
   0.118400E+03   0.152065E+04   0.632886E+02   0.879316E+05   0.375796E+04
   0.118500E+03   0.152074E+04   0.632867E+02   0.879394E+05   0.375778E+04
   0.118600E+03   0.152083E+04   0.632834E+02   0.879471E+05   0.375761E+04
   0.118700E+03   0.152092E+04   0.632820E+02   0.879548E+05   0.375743E+04
   0.118800E+03   0.152102E+04   0.632793E+02   0.879625E+05   0.375725E+04
   0.118900E+03   0.152110E+04   0.632788E+02   0.879701E+05   0.375708E+04
   0.119000E+03   0.152119E+04   0.632753E+02   0.879777E+05   0.375692E+04
   0.119100E+03   0.152128E+04   0.632778E+02   0.879853E+05   0.375672E+04
   0.119200E+03   0.152137E+04   0.632744E+02   0.879929E+05   0.375654E+04
   0.119300E+03   0.152146E+04   0.632727E+02   0.880004E+05   0.375638E+04
   0.119400E+03   0.152155E+04   0.632708E+02   0.880079E+05   0.375619E+04
   0.119500E+03   0.152164E+04   0.632692E+02   0.880154E+05   0.375603E+04
   0.119600E+03   0.152173E+04   0.632684E+02   0.880228E+05   0.375585E+04
   0.119700E+03   0.152181E+04   0.632653E+02   0.880302E+05   0.375568E+04
   0.119800E+03   0.152190E+04   0.632641E+02   0.880376E+05   0.375549E+04
   0.119900E+03   0.152198E+04   0.632617E+02   0.880450E+05   0.375532E+04
   0.120000E+03   0.152207E+04   0.632605E+02   0.880523E+05   0.375517E+04
   0.120100E+03   0.152216E+04   0.632586E+02   0.880596E+05   0.375498E+04
   0.120200E+03   0.152224E+04   0.632577E+02   0.880669E+05   0.375481E+04
   0.120300E+03   0.152233E+04   0.632546E+02   0.880741E+05   0.375463E+04
   0.120400E+03   0.152241E+04   0.632554E+02   0.880813E+05   0.375448E+04
   0.120500E+03   0.152250E+04   0.632519E+02   0.880885E+05   0.375429E+04
   0.120600E+03   0.152258E+04   0.632525E+02   0.880957E+05   0.375411E+04
   0.120700E+03   0.152267E+04   0.632513E+02   0.881028E+05   0.375397E+04
   0.120800E+03   0.152275E+04   0.632465E+02   0.881099E+05   0.375379E+04
   0.120900E+03   0.152283E+04   0.632464E+02   0.881170E+05   0.375362E+04
   0.121000E+03   0.152292E+04   0.632467E+02   0.881241E+05   0.375344E+04
   0.121100E+03   0.152300E+04   0.632443E+02   0.881311E+05   0.375328E+04
   0.121200E+03   0.152308E+04   0.632409E+02   0.881381E+05   0.375312E+04
   0.121300E+03   0.152316E+04   0.632401E+02   0.881451E+05   0.375295E+04
   0.121400E+03   0.152325E+04   0.632380E+02   0.881521E+05   0.375278E+04
   0.121500E+03   0.152333E+04   0.632377E+02   0.881590E+05   0.375260E+04
   0.121600E+03   0.152341E+04   0.632357E+02   0.881659E+05   0.375245E+04
   0.121700E+03   0.152349E+04   0.632349E+02   0.881728E+05   0.375228E+04
   0.121800E+03   0.152357E+04   0.632321E+02   0.881796E+05   0.375211E+04
   0.121900E+03   0.152365E+04   0.632303E+02   0.881864E+05   0.375193E+04
   0.122000E+03   0.152373E+04   0.632297E+02   0.881932E+05   0.375177E+04
   0.122100E+03   0.152381E+04   0.632276E+02   0.882000E+05   0.375161E+04
   0.122200E+03   0.152389E+04   0.632255E+02   0.882067E+05   0.375143E+04
   0.122300E+03   0.152397E+04   0.632242E+02   0.882135E+05   0.375129E+04
   0.122400E+03   0.152404E+04   0.632242E+02   0.882202E+05   0.375110E+04
   0.122500E+03   0.152412E+04   0.632224E+02   0.882269E+05   0.375094E+04
   0.122600E+03   0.152420E+04   0.632196E+02   0.882335E+05   0.375078E+04
   0.122700E+03   0.152428E+04   0.632169E+02   0.882401E+05   0.375061E+04
   0.122800E+03   0.152436E+04   0.632175E+02   0.882467E+05   0.375046E+04
   0.122900E+03   0.152443E+04   0.632152E+02   0.882533E+05   0.375030E+04
   0.123000E+03   0.152451E+04   0.632129E+02   0.882598E+05   0.375013E+04
   0.123100E+03   0.152459E+04   0.632114E+02   0.882664E+05   0.374995E+04
   0.123200E+03   0.152467E+04   0.632095E+02   0.882729E+05   0.374980E+04
   0.123300E+03   0.152474E+04   0.632091E+02   0.882793E+05   0.374964E+04
   0.123400E+03   0.152482E+04   0.632074E+02   0.882858E+05   0.374947E+04
   0.123500E+03   0.152489E+04   0.632069E+02   0.882922E+05   0.374932E+04
   0.123600E+03   0.152497E+04   0.632038E+02   0.882986E+05   0.374917E+04
   0.123700E+03   0.152504E+04   0.632046E+02   0.883049E+05   0.374900E+04
   0.123800E+03   0.152512E+04   0.632038E+02   0.883113E+05   0.374883E+04
   0.123900E+03   0.152519E+04   0.631992E+02   0.883176E+05   0.374867E+04
   0.124000E+03   0.152527E+04   0.631996E+02   0.883239E+05   0.374852E+04
   0.124100E+03   0.152534E+04   0.631998E+02   0.883302E+05   0.374836E+04
   0.124200E+03   0.152541E+04   0.631945E+02   0.883365E+05   0.374819E+04
   0.124300E+03   0.152549E+04   0.631953E+02   0.883427E+05   0.374804E+04
   0.124400E+03   0.152556E+04   0.631955E+02   0.883489E+05   0.374787E+04
   0.124500E+03   0.152563E+04   0.631925E+02   0.883551E+05   0.374771E+04
   0.124600E+03   0.152571E+04   0.631923E+02   0.883613E+05   0.374756E+04
   0.124700E+03   0.152578E+04   0.631900E+02   0.883674E+05   0.374741E+04
   0.124800E+03   0.152585E+04   0.631883E+02   0.883735E+05   0.374723E+04
   0.124900E+03   0.152592E+04   0.631874E+02   0.883796E+05   0.374708E+04
   0.125000E+03   0.152599E+04   0.631861E+02   0.883857E+05   0.374692E+04
   0.125100E+03   0.152606E+04   0.631850E+02   0.883917E+05   0.374679E+04
   0.125200E+03   0.152614E+04   0.631827E+02   0.883978E+05   0.374661E+04
   0.125300E+03   0.152621E+04   0.631808E+02   0.884038E+05   0.374647E+04
   0.125400E+03   0.152628E+04   0.631806E+02   0.884097E+05   0.374631E+04
   0.125500E+03   0.152635E+04   0.631784E+02   0.884157E+05   0.374615E+04
   0.125600E+03   0.152642E+04   0.631762E+02   0.884216E+05   0.374600E+04
   0.125700E+03   0.152649E+04   0.631745E+02   0.884275E+05   0.374586E+04
   0.125800E+03   0.152656E+04   0.631737E+02   0.884334E+05   0.374569E+04
   0.125900E+03   0.152662E+04   0.631747E+02   0.884393E+05   0.374555E+04
   0.126000E+03   0.152669E+04   0.631713E+02   0.884451E+05   0.374539E+04
   0.126100E+03   0.152676E+04   0.631694E+02   0.884509E+05   0.374525E+04
   0.126200E+03   0.152683E+04   0.631695E+02   0.884568E+05   0.374509E+04
   0.126300E+03   0.152690E+04   0.631682E+02   0.884625E+05   0.374495E+04
   0.126400E+03   0.152696E+04   0.631651E+02   0.884683E+05   0.374477E+04
   0.126500E+03   0.152703E+04   0.631652E+02   0.884740E+05   0.374462E+04
   0.126600E+03   0.152710E+04   0.631635E+02   0.884797E+05   0.374447E+04
   0.126700E+03   0.152717E+04   0.631624E+02   0.884854E+05   0.374432E+04
   0.126800E+03   0.152723E+04   0.631610E+02   0.884911E+05   0.374416E+04
   0.126900E+03   0.152730E+04   0.631608E+02   0.884968E+05   0.374403E+04
   0.127000E+03   0.152737E+04   0.631569E+02   0.885024E+05   0.374386E+04
   0.127100E+03   0.152743E+04   0.631572E+02   0.885080E+05   0.374371E+04
   0.127200E+03   0.152750E+04   0.631550E+02   0.885136E+05   0.374356E+04
   0.127300E+03   0.152756E+04   0.631548E+02   0.885191E+05   0.374341E+04
   0.127400E+03   0.152763E+04   0.631534E+02   0.885247E+05   0.374328E+04
   0.127500E+03   0.152769E+04   0.631506E+02   0.885302E+05   0.374313E+04
   0.127600E+03   0.152776E+04   0.631507E+02   0.885357E+05   0.374298E+04
   0.127700E+03   0.152782E+04   0.631491E+02   0.885412E+05   0.374285E+04
   0.127800E+03   0.152789E+04   0.631463E+02   0.885466E+05   0.374269E+04
   0.127900E+03   0.152795E+04   0.631468E+02   0.885521E+05   0.374252E+04
   0.128000E+03   0.152801E+04   0.631449E+02   0.885575E+05   0.374239E+04
   0.128100E+03   0.152808E+04   0.631443E+02   0.885629E+05   0.374224E+04
   0.128200E+03   0.152814E+04   0.631425E+02   0.885683E+05   0.374209E+04
   0.128300E+03   0.152820E+04   0.631435E+02   0.885736E+05   0.374196E+04
   0.128400E+03   0.152827E+04   0.631409E+02   0.885790E+05   0.374180E+04
   0.128500E+03   0.152833E+04   0.631385E+02   0.885843E+05   0.374166E+04
   0.128600E+03   0.152839E+04   0.631366E+02   0.885896E+05   0.374152E+04
   0.128700E+03   0.152845E+04   0.631349E+02   0.885949E+05   0.374136E+04
   0.128800E+03   0.152852E+04   0.631355E+02   0.886001E+05   0.374124E+04
   0.128900E+03   0.152858E+04   0.631334E+02   0.886054E+05   0.374109E+04
   0.129000E+03   0.152864E+04   0.631338E+02   0.886106E+05   0.374095E+04
   0.129100E+03   0.152870E+04   0.631337E+02   0.886158E+05   0.374080E+04
   0.129200E+03   0.152876E+04   0.631307E+02   0.886210E+05   0.374064E+04
   0.129300E+03   0.152882E+04   0.631305E+02   0.886261E+05   0.374052E+04
   0.129400E+03   0.152888E+04   0.631283E+02   0.886313E+05   0.374036E+04
   0.129500E+03   0.152894E+04   0.631267E+02   0.886364E+05   0.374022E+04
   0.129600E+03   0.152900E+04   0.631244E+02   0.886415E+05   0.374009E+04
   0.129700E+03   0.152906E+04   0.631256E+02   0.886466E+05   0.373994E+04
   0.129800E+03   0.152912E+04   0.631236E+02   0.886516E+05   0.373981E+04
   0.129900E+03   0.152918E+04   0.631227E+02   0.886567E+05   0.373965E+04
   0.130000E+03   0.152924E+04   0.631227E+02   0.886617E+05   0.373951E+04
   0.130100E+03   0.152930E+04   0.631208E+02   0.886667E+05   0.373939E+04
   0.130200E+03   0.152936E+04   0.631185E+02   0.886717E+05   0.373924E+04
   0.130300E+03   0.152942E+04   0.631180E+02   0.886767E+05   0.373910E+04
   0.130400E+03   0.152947E+04   0.631166E+02   0.886816E+05   0.373895E+04
   0.130500E+03   0.152954E+04   0.631149E+02   0.886866E+05   0.373882E+04
   0.130600E+03   0.152959E+04   0.631145E+02   0.886915E+05   0.373870E+04
   0.130700E+03   0.152965E+04   0.631110E+02   0.886964E+05   0.373855E+04
   0.130800E+03   0.152970E+04   0.631112E+02   0.887013E+05   0.373839E+04
   0.130900E+03   0.152976E+04   0.631088E+02   0.887061E+05   0.373827E+04
   0.131000E+03   0.152982E+04   0.631097E+02   0.887109E+05   0.373815E+04
   0.131100E+03   0.152988E+04   0.631105E+02   0.887158E+05   0.373801E+04
   0.131200E+03   0.152993E+04   0.631057E+02   0.887206E+05   0.373788E+04
   0.131300E+03   0.152999E+04   0.631060E+02   0.887254E+05   0.373773E+04
   0.131400E+03   0.153004E+04   0.631047E+02   0.887301E+05   0.373757E+04
   0.131500E+03   0.153010E+04   0.631032E+02   0.887349E+05   0.373745E+04
   0.131600E+03   0.153016E+04   0.631025E+02   0.887396E+05   0.373732E+04
   0.131700E+03   0.153021E+04   0.631014E+02   0.887443E+05   0.373719E+04
   0.131800E+03   0.153027E+04   0.630992E+02   0.887490E+05   0.373705E+04
   0.131900E+03   0.153032E+04   0.631001E+02   0.887537E+05   0.373693E+04
   0.132000E+03   0.153038E+04   0.630980E+02   0.887583E+05   0.373677E+04
   0.132100E+03   0.153043E+04   0.630950E+02   0.887630E+05   0.373665E+04
   0.132200E+03   0.153049E+04   0.630964E+02   0.887676E+05   0.373652E+04
   0.132300E+03   0.153054E+04   0.630942E+02   0.887722E+05   0.373639E+04
   0.132400E+03   0.153059E+04   0.630928E+02   0.887768E+05   0.373624E+04
   0.132500E+03   0.153065E+04   0.630929E+02   0.887814E+05   0.373612E+04
   0.132600E+03   0.153070E+04   0.630913E+02   0.887859E+05   0.373597E+04
   0.132700E+03   0.153076E+04   0.630909E+02   0.887905E+05   0.373585E+04
   0.132800E+03   0.153081E+04   0.630901E+02   0.887950E+05   0.373571E+04
   0.132900E+03   0.153086E+04   0.630888E+02   0.887995E+05   0.373559E+04
   0.133000E+03   0.153091E+04   0.630885E+02   0.888040E+05   0.373546E+04
   0.133100E+03   0.153097E+04   0.630862E+02   0.888084E+05   0.373532E+04
   0.133200E+03   0.153102E+04   0.630850E+02   0.888129E+05   0.373520E+04
   0.133300E+03   0.153107E+04   0.630848E+02   0.888173E+05   0.373506E+04
   0.133400E+03   0.153112E+04   0.630832E+02   0.888218E+05   0.373493E+04
   0.133500E+03   0.153117E+04   0.630815E+02   0.888262E+05   0.373481E+04
   0.133600E+03   0.153123E+04   0.630803E+02   0.888305E+05   0.373470E+04
   0.133700E+03   0.153128E+04   0.630788E+02   0.888349E+05   0.373454E+04
   0.133800E+03   0.153133E+04   0.630787E+02   0.888393E+05   0.373442E+04
   0.133900E+03   0.153138E+04   0.630791E+02   0.888436E+05   0.373430E+04
   0.134000E+03   0.153143E+04   0.630775E+02   0.888479E+05   0.373417E+04
   0.134100E+03   0.153148E+04   0.630752E+02   0.888522E+05   0.373403E+04
   0.134200E+03   0.153153E+04   0.630743E+02   0.888565E+05   0.373389E+04
   0.134300E+03   0.153158E+04   0.630751E+02   0.888608E+05   0.373378E+04
   0.134400E+03   0.153163E+04   0.630731E+02   0.888650E+05   0.373366E+04
   0.134500E+03   0.153168E+04   0.630719E+02   0.888693E+05   0.373353E+04
   0.134600E+03   0.153173E+04   0.630701E+02   0.888735E+05   0.373340E+04
   0.134700E+03   0.153178E+04   0.630700E+02   0.888777E+05   0.373327E+04
   0.134800E+03   0.153183E+04   0.630679E+02   0.888819E+05   0.373313E+04
   0.134900E+03   0.153188E+04   0.630680E+02   0.888861E+05   0.373302E+04
   0.135000E+03   0.153193E+04   0.630664E+02   0.888902E+05   0.373290E+04
   0.135100E+03   0.153198E+04   0.630650E+02   0.888944E+05   0.373279E+04
   0.135200E+03   0.153203E+04   0.630641E+02   0.888985E+05   0.373266E+04
   0.135300E+03   0.153207E+04   0.630615E+02   0.889026E+05   0.373252E+04
   0.135400E+03   0.153212E+04   0.630615E+02   0.889067E+05   0.373238E+04
   0.135500E+03   0.153217E+04   0.630611E+02   0.889108E+05   0.373230E+04
   0.135600E+03   0.153222E+04   0.630613E+02   0.889149E+05   0.373217E+04
   0.135700E+03   0.153226E+04   0.630575E+02   0.889189E+05   0.373204E+04
   0.135800E+03   0.153231E+04   0.630578E+02   0.889230E+05   0.373192E+04
   0.135900E+03   0.153236E+04   0.630587E+02   0.889270E+05   0.373180E+04
   0.136000E+03   0.153241E+04   0.630549E+02   0.889310E+05   0.373165E+04
   0.136100E+03   0.153246E+04   0.630557E+02   0.889350E+05   0.373155E+04
   0.136200E+03   0.153250E+04   0.630554E+02   0.889390E+05   0.373141E+04
   0.136300E+03   0.153255E+04   0.630522E+02   0.889429E+05   0.373130E+04
   0.136400E+03   0.153259E+04   0.630527E+02   0.889469E+05   0.373118E+04
   0.136500E+03   0.153264E+04   0.630527E+02   0.889508E+05   0.373106E+04
   0.136600E+03   0.153269E+04   0.630497E+02   0.889547E+05   0.373092E+04
   0.136700E+03   0.153273E+04   0.630498E+02   0.889586E+05   0.373082E+04
   0.136800E+03   0.153278E+04   0.630479E+02   0.889625E+05   0.373070E+04
   0.136900E+03   0.153283E+04   0.630481E+02   0.889664E+05   0.373057E+04
   0.137000E+03   0.153287E+04   0.630458E+02   0.889702E+05   0.373046E+04
   0.137100E+03   0.153291E+04   0.630458E+02   0.889741E+05   0.373035E+04
   0.137200E+03   0.153296E+04   0.630439E+02   0.889779E+05   0.373022E+04
   0.137300E+03   0.153301E+04   0.630442E+02   0.889817E+05   0.373010E+04
   0.137400E+03   0.153305E+04   0.630437E+02   0.889855E+05   0.372997E+04
   0.137500E+03   0.153309E+04   0.630425E+02   0.889893E+05   0.372986E+04
   0.137600E+03   0.153314E+04   0.630422E+02   0.889931E+05   0.372976E+04
   0.137700E+03   0.153318E+04   0.630409E+02   0.889968E+05   0.372964E+04
   0.137800E+03   0.153323E+04   0.630388E+02   0.890006E+05   0.372952E+04
   0.137900E+03   0.153327E+04   0.630390E+02   0.890043E+05   0.372941E+04
   0.138000E+03   0.153331E+04   0.630382E+02   0.890080E+05   0.372928E+04
   0.138100E+03   0.153336E+04   0.630375E+02   0.890117E+05   0.372918E+04
   0.138200E+03   0.153340E+04   0.630365E+02   0.890154E+05   0.372906E+04
   0.138300E+03   0.153344E+04   0.630364E+02   0.890191E+05   0.372894E+04
   0.138400E+03   0.153349E+04   0.630355E+02   0.890227E+05   0.372881E+04
   0.138500E+03   0.153353E+04   0.630335E+02   0.890264E+05   0.372870E+04
   0.138600E+03   0.153357E+04   0.630321E+02   0.890300E+05   0.372860E+04
   0.138700E+03   0.153362E+04   0.630316E+02   0.890336E+05   0.372848E+04
   0.138800E+03   0.153366E+04   0.630312E+02   0.890372E+05   0.372838E+04
   0.138900E+03   0.153370E+04   0.630294E+02   0.890408E+05   0.372825E+04
   0.139000E+03   0.153374E+04   0.630274E+02   0.890444E+05   0.372814E+04
   0.139100E+03   0.153378E+04   0.630288E+02   0.890480E+05   0.372802E+04
   0.139200E+03   0.153383E+04   0.630268E+02   0.890515E+05   0.372791E+04
   0.139300E+03   0.153387E+04   0.630250E+02   0.890550E+05   0.372779E+04
   0.139400E+03   0.153391E+04   0.630230E+02   0.890586E+05   0.372769E+04
   0.139500E+03   0.153395E+04   0.630214E+02   0.890621E+05   0.372756E+04
   0.139600E+03   0.153399E+04   0.630231E+02   0.890656E+05   0.372747E+04
   0.139700E+03   0.153403E+04   0.630210E+02   0.890691E+05   0.372735E+04
   0.139800E+03   0.153407E+04   0.630203E+02   0.890725E+05   0.372724E+04
   0.139900E+03   0.153412E+04   0.630216E+02   0.890760E+05   0.372713E+04
   0.140000E+03   0.153415E+04   0.630197E+02   0.890794E+05   0.372702E+04
   0.140100E+03   0.153419E+04   0.630182E+02   0.890829E+05   0.372691E+04
   0.140200E+03   0.153423E+04   0.630194E+02   0.890863E+05   0.372681E+04
   0.140300E+03   0.153427E+04   0.630167E+02   0.890897E+05   0.372670E+04
   0.140400E+03   0.153431E+04   0.630174E+02   0.890931E+05   0.372658E+04
   0.140500E+03   0.153435E+04   0.630145E+02   0.890964E+05   0.372647E+04
   0.140600E+03   0.153439E+04   0.630132E+02   0.890998E+05   0.372636E+04
   0.140700E+03   0.153443E+04   0.630135E+02   0.891032E+05   0.372624E+04
   0.140800E+03   0.153447E+04   0.630123E+02   0.891065E+05   0.372615E+04
   0.140900E+03   0.153451E+04   0.630133E+02   0.891098E+05   0.372603E+04
   0.141000E+03   0.153455E+04   0.630106E+02   0.891131E+05   0.372594E+04
   0.141100E+03   0.153459E+04   0.630110E+02   0.891165E+05   0.372582E+04
   0.141200E+03   0.153463E+04   0.630083E+02   0.891197E+05   0.372571E+04
   0.141300E+03   0.153467E+04   0.630095E+02   0.891230E+05   0.372561E+04
   0.141400E+03   0.153471E+04   0.630067E+02   0.891263E+05   0.372549E+04
   0.141500E+03   0.153474E+04   0.630070E+02   0.891295E+05   0.372538E+04
   0.141600E+03   0.153478E+04   0.630076E+02   0.891328E+05   0.372530E+04
   0.141700E+03   0.153482E+04   0.630038E+02   0.891360E+05   0.372518E+04
   0.141800E+03   0.153486E+04   0.630042E+02   0.891392E+05   0.372509E+04
   0.141900E+03   0.153490E+04   0.630051E+02   0.891424E+05   0.372499E+04
   0.142000E+03   0.153493E+04   0.630024E+02   0.891456E+05   0.372486E+04
   0.142100E+03   0.153497E+04   0.630037E+02   0.891488E+05   0.372475E+04
   0.142200E+03   0.153501E+04   0.630020E+02   0.891520E+05   0.372464E+04
   0.142300E+03   0.153505E+04   0.630003E+02   0.891551E+05   0.372456E+04
   0.142400E+03   0.153508E+04   0.629999E+02   0.891583E+05   0.372444E+04
   0.142500E+03   0.153512E+04   0.630002E+02   0.891614E+05   0.372436E+04
   0.142600E+03   0.153515E+04   0.629996E+02   0.891645E+05   0.372423E+04
   0.142700E+03   0.153519E+04   0.629972E+02   0.891676E+05   0.372414E+04
   0.142800E+03   0.153523E+04   0.629965E+02   0.891707E+05   0.372405E+04
   0.142900E+03   0.153527E+04   0.629963E+02   0.891738E+05   0.372394E+04
   0.143000E+03   0.153530E+04   0.629958E+02   0.891769E+05   0.372383E+04
   0.143100E+03   0.153534E+04   0.629951E+02   0.891800E+05   0.372373E+04
   0.143200E+03   0.153537E+04   0.629926E+02   0.891830E+05   0.372362E+04
   0.143300E+03   0.153541E+04   0.629918E+02   0.891861E+05   0.372352E+04
   0.143400E+03   0.153544E+04   0.629928E+02   0.891891E+05   0.372342E+04
   0.143500E+03   0.153548E+04   0.629912E+02   0.891921E+05   0.372332E+04
   0.143600E+03   0.153551E+04   0.629907E+02   0.891951E+05   0.372323E+04
   0.143700E+03   0.153555E+04   0.629910E+02   0.891981E+05   0.372312E+04
   0.143800E+03   0.153559E+04   0.629898E+02   0.892011E+05   0.372302E+04
   0.143900E+03   0.153562E+04   0.629882E+02   0.892041E+05   0.372292E+04
   0.144000E+03   0.153565E+04   0.629880E+02   0.892070E+05   0.372282E+04
   0.144100E+03   0.153569E+04   0.629880E+02   0.892100E+05   0.372273E+04
   0.144200E+03   0.153573E+04   0.629864E+02   0.892129E+05   0.372260E+04
   0.144300E+03   0.153576E+04   0.629859E+02   0.892158E+05   0.372253E+04
   0.144400E+03   0.153579E+04   0.629838E+02   0.892188E+05   0.372243E+04
   0.144500E+03   0.153583E+04   0.629841E+02   0.892217E+05   0.372234E+04
   0.144600E+03   0.153586E+04   0.629840E+02   0.892246E+05   0.372224E+04
   0.144700E+03   0.153589E+04   0.629833E+02   0.892274E+05   0.372214E+04
   0.144800E+03   0.153593E+04   0.629806E+02   0.892303E+05   0.372203E+04
   0.144900E+03   0.153596E+04   0.629802E+02   0.892332E+05   0.372193E+04
   0.145000E+03   0.153600E+04   0.629787E+02   0.892360E+05   0.372183E+04
   0.145100E+03   0.153603E+04   0.629787E+02   0.892389E+05   0.372173E+04
   0.145200E+03   0.153606E+04   0.629783E+02   0.892417E+05   0.372163E+04
   0.145300E+03   0.153610E+04   0.629797E+02   0.892445E+05   0.372155E+04
   0.145400E+03   0.153613E+04   0.629784E+02   0.892473E+05   0.372146E+04
   0.145500E+03   0.153616E+04   0.629764E+02   0.892501E+05   0.372136E+04
   0.145600E+03   0.153619E+04   0.629764E+02   0.892529E+05   0.372126E+04
   0.145700E+03   0.153623E+04   0.629748E+02   0.892557E+05   0.372115E+04
   0.145800E+03   0.153626E+04   0.629735E+02   0.892584E+05   0.372104E+04
   0.145900E+03   0.153629E+04   0.629749E+02   0.892612E+05   0.372096E+04
   0.146000E+03   0.153632E+04   0.629730E+02   0.892640E+05   0.372087E+04
   0.146100E+03   0.153636E+04   0.629722E+02   0.892667E+05   0.372078E+04
   0.146200E+03   0.153639E+04   0.629729E+02   0.892694E+05   0.372067E+04
   0.146300E+03   0.153642E+04   0.629720E+02   0.892721E+05   0.372059E+04
   0.146400E+03   0.153645E+04   0.629708E+02   0.892748E+05   0.372049E+04
   0.146500E+03   0.153649E+04   0.629688E+02   0.892775E+05   0.372040E+04
   0.146600E+03   0.153652E+04   0.629702E+02   0.892802E+05   0.372030E+04
   0.146700E+03   0.153655E+04   0.629664E+02   0.892829E+05   0.372023E+04
   0.146800E+03   0.153658E+04   0.629655E+02   0.892855E+05   0.372012E+04
   0.146900E+03   0.153661E+04   0.629664E+02   0.892882E+05   0.372004E+04
   0.147000E+03   0.153664E+04   0.629659E+02   0.892908E+05   0.371992E+04
   0.147100E+03   0.153667E+04   0.629668E+02   0.892935E+05   0.371985E+04
   0.147200E+03   0.153670E+04   0.629652E+02   0.892961E+05   0.371977E+04
   0.147300E+03   0.153673E+04   0.629621E+02   0.892987E+05   0.371966E+04
   0.147400E+03   0.153677E+04   0.629639E+02   0.893013E+05   0.371958E+04
   0.147500E+03   0.153679E+04   0.629629E+02   0.893039E+05   0.371948E+04
   0.147600E+03   0.153683E+04   0.629636E+02   0.893065E+05   0.371938E+04
   0.147700E+03   0.153686E+04   0.629614E+02   0.893090E+05   0.371930E+04
   0.147800E+03   0.153689E+04   0.629606E+02   0.893116E+05   0.371920E+04
   0.147900E+03   0.153692E+04   0.629603E+02   0.893142E+05   0.371912E+04
   0.148000E+03   0.153695E+04   0.629610E+02   0.893167E+05   0.371903E+04
   0.148100E+03   0.153698E+04   0.629572E+02   0.893192E+05   0.371893E+04
   0.148200E+03   0.153700E+04   0.629577E+02   0.893218E+05   0.371885E+04
   0.148300E+03   0.153703E+04   0.629562E+02   0.893243E+05   0.371875E+04
   0.148400E+03   0.153706E+04   0.629564E+02   0.893268E+05   0.371867E+04
   0.148500E+03   0.153709E+04   0.629549E+02   0.893293E+05   0.371860E+04
   0.148600E+03   0.153712E+04   0.629552E+02   0.893318E+05   0.371848E+04
   0.148700E+03   0.153715E+04   0.629558E+02   0.893343E+05   0.371840E+04
   0.148800E+03   0.153718E+04   0.629539E+02   0.893367E+05   0.371832E+04
   0.148900E+03   0.153721E+04   0.629546E+02   0.893392E+05   0.371822E+04
   0.149000E+03   0.153724E+04   0.629516E+02   0.893417E+05   0.371814E+04
   0.149100E+03   0.153727E+04   0.629521E+02   0.893441E+05   0.371805E+04
   0.149200E+03   0.153730E+04   0.629509E+02   0.893465E+05   0.371798E+04
   0.149300E+03   0.153733E+04   0.629510E+02   0.893490E+05   0.371789E+04
   0.149400E+03   0.153735E+04   0.629499E+02   0.893514E+05   0.371781E+04
   0.149500E+03   0.153738E+04   0.629501E+02   0.893538E+05   0.371770E+04
   0.149600E+03   0.153741E+04   0.629467E+02   0.893562E+05   0.371761E+04
   0.149700E+03   0.153744E+04   0.629484E+02   0.893586E+05   0.371754E+04
   0.149800E+03   0.153747E+04   0.629475E+02   0.893609E+05   0.371745E+04
   0.149900E+03   0.153749E+04   0.629478E+02   0.893633E+05   0.371736E+04
   0.150000E+03   0.153752E+04   0.629443E+02   0.893656E+05   0.371726E+04
   0.150100E+03   0.153755E+04   0.629458E+02   0.893680E+05   0.371718E+04
   0.150200E+03   0.153758E+04   0.629459E+02   0.893703E+05   0.371710E+04
   0.150300E+03   0.153760E+04   0.629444E+02   0.893727E+05   0.371702E+04
   0.150400E+03   0.153763E+04   0.629450E+02   0.893750E+05   0.371693E+04
   0.150500E+03   0.153766E+04   0.629425E+02   0.893773E+05   0.371684E+04
   0.150600E+03   0.153769E+04   0.629422E+02   0.893796E+05   0.371674E+04
   0.150700E+03   0.153771E+04   0.629413E+02   0.893819E+05   0.371670E+04
   0.150800E+03   0.153774E+04   0.629416E+02   0.893842E+05   0.371660E+04
   0.150900E+03   0.153776E+04   0.629423E+02   0.893865E+05   0.371654E+04
   0.151000E+03   0.153779E+04   0.629416E+02   0.893888E+05   0.371643E+04
   0.151100E+03   0.153782E+04   0.629384E+02   0.893910E+05   0.371635E+04
   0.151200E+03   0.153785E+04   0.629385E+02   0.893933E+05   0.371627E+04
   0.151300E+03   0.153787E+04   0.629384E+02   0.893955E+05   0.371620E+04
   0.151400E+03   0.153790E+04   0.629362E+02   0.893978E+05   0.371611E+04
   0.151500E+03   0.153793E+04   0.629379E+02   0.894000E+05   0.371603E+04
   0.151600E+03   0.153795E+04   0.629367E+02   0.894022E+05   0.371594E+04
   0.151700E+03   0.153798E+04   0.629358E+02   0.894044E+05   0.371587E+04
   0.151800E+03   0.153800E+04   0.629357E+02   0.894066E+05   0.371577E+04
   0.151900E+03   0.153803E+04   0.629360E+02   0.894088E+05   0.371570E+04
   0.152000E+03   0.153805E+04   0.629357E+02   0.894110E+05   0.371561E+04
   0.152100E+03   0.153808E+04   0.629341E+02   0.894132E+05   0.371553E+04
   0.152200E+03   0.153811E+04   0.629336E+02   0.894154E+05   0.371546E+04
   0.152300E+03   0.153813E+04   0.629328E+02   0.894176E+05   0.371536E+04
   0.152400E+03   0.153816E+04   0.629328E+02   0.894197E+05   0.371529E+04
   0.152500E+03   0.153818E+04   0.629319E+02   0.894219E+05   0.371522E+04
   0.152600E+03   0.153821E+04   0.629320E+02   0.894240E+05   0.371513E+04
   0.152700E+03   0.153823E+04   0.629304E+02   0.894261E+05   0.371505E+04
   0.152800E+03   0.153826E+04   0.629294E+02   0.894282E+05   0.371496E+04
   0.152900E+03   0.153828E+04   0.629287E+02   0.894303E+05   0.371490E+04
   0.153000E+03   0.153831E+04   0.629276E+02   0.894325E+05   0.371482E+04
   0.153100E+03   0.153833E+04   0.629266E+02   0.894345E+05   0.371474E+04
   0.153200E+03   0.153836E+04   0.629258E+02   0.894366E+05   0.371467E+04
   0.153300E+03   0.153838E+04   0.629294E+02   0.894388E+05   0.371459E+04
   0.153400E+03   0.153841E+04   0.629277E+02   0.894408E+05   0.371450E+04
   0.153500E+03   0.153843E+04   0.629266E+02   0.894429E+05   0.371442E+04
   0.153600E+03   0.153845E+04   0.629261E+02   0.894449E+05   0.371434E+04
   0.153700E+03   0.153848E+04   0.629250E+02   0.894470E+05   0.371427E+04
   0.153800E+03   0.153850E+04   0.629239E+02   0.894491E+05   0.371420E+04
   0.153900E+03   0.153853E+04   0.629230E+02   0.894511E+05   0.371410E+04
   0.154000E+03   0.153855E+04   0.629240E+02   0.894531E+05   0.371402E+04
   0.154100E+03   0.153857E+04   0.629236E+02   0.894551E+05   0.371398E+04
   0.154200E+03   0.153860E+04   0.629229E+02   0.894571E+05   0.371388E+04
   0.154300E+03   0.153862E+04   0.629209E+02   0.894591E+05   0.371381E+04
   0.154400E+03   0.153864E+04   0.629221E+02   0.894611E+05   0.371374E+04
   0.154500E+03   0.153867E+04   0.629215E+02   0.894631E+05   0.371366E+04
   0.154600E+03   0.153869E+04   0.629203E+02   0.894651E+05   0.371359E+04
   0.154700E+03   0.153871E+04   0.629187E+02   0.894671E+05   0.371350E+04
   0.154800E+03   0.153874E+04   0.629201E+02   0.894691E+05   0.371343E+04
   0.154900E+03   0.153876E+04   0.629181E+02   0.894710E+05   0.371336E+04
   0.155000E+03   0.153878E+04   0.629164E+02   0.894730E+05   0.371328E+04
   0.155100E+03   0.153881E+04   0.629160E+02   0.894749E+05   0.371321E+04
   0.155200E+03   0.153883E+04   0.629179E+02   0.894768E+05   0.371312E+04
   0.155300E+03   0.153885E+04   0.629167E+02   0.894788E+05   0.371307E+04
   0.155400E+03   0.153888E+04   0.629154E+02   0.894807E+05   0.371299E+04
   0.155500E+03   0.153890E+04   0.629154E+02   0.894826E+05   0.371290E+04
   0.155600E+03   0.153892E+04   0.629142E+02   0.894845E+05   0.371283E+04
   0.155700E+03   0.153894E+04   0.629133E+02   0.894864E+05   0.371275E+04
   0.155800E+03   0.153896E+04   0.629149E+02   0.894883E+05   0.371269E+04
   0.155900E+03   0.153899E+04   0.629130E+02   0.894902E+05   0.371262E+04
   0.156000E+03   0.153901E+04   0.629148E+02   0.894921E+05   0.371256E+04
   0.156100E+03   0.153903E+04   0.629124E+02   0.894940E+05   0.371247E+04
   0.156200E+03   0.153905E+04   0.629116E+02   0.894958E+05   0.371239E+04
   0.156300E+03   0.153907E+04   0.629124E+02   0.894977E+05   0.371233E+04
   0.156400E+03   0.153910E+04   0.629101E+02   0.894996E+05   0.371227E+04
   0.156500E+03   0.153912E+04   0.629096E+02   0.895014E+05   0.371220E+04
   0.156600E+03   0.153914E+04   0.629081E+02   0.895032E+05   0.371211E+04
   0.156700E+03   0.153916E+04   0.629112E+02   0.895051E+05   0.371203E+04
   0.156800E+03   0.153918E+04   0.629084E+02   0.895069E+05   0.371198E+04
   0.156900E+03   0.153921E+04   0.629069E+02   0.895087E+05   0.371189E+04
   0.157000E+03   0.153922E+04   0.629088E+02   0.895105E+05   0.371184E+04
   0.157100E+03   0.153925E+04   0.629076E+02   0.895123E+05   0.371175E+04
   0.157200E+03   0.153927E+04   0.629064E+02   0.895141E+05   0.371168E+04
   0.157300E+03   0.153929E+04   0.629057E+02   0.895159E+05   0.371162E+04
   0.157400E+03   0.153931E+04   0.629068E+02   0.895177E+05   0.371156E+04
   0.157500E+03   0.153933E+04   0.629033E+02   0.895195E+05   0.371149E+04
   0.157600E+03   0.153935E+04   0.629047E+02   0.895213E+05   0.371142E+04
   0.157700E+03   0.153937E+04   0.629046E+02   0.895230E+05   0.371135E+04
   0.157800E+03   0.153939E+04   0.629026E+02   0.895248E+05   0.371127E+04
   0.157900E+03   0.153941E+04   0.629042E+02   0.895265E+05   0.371121E+04
   0.158000E+03   0.153943E+04   0.629015E+02   0.895283E+05   0.371113E+04
   0.158100E+03   0.153945E+04   0.629024E+02   0.895300E+05   0.371108E+04
   0.158200E+03   0.153947E+04   0.629003E+02   0.895317E+05   0.371101E+04
   0.158300E+03   0.153949E+04   0.629016E+02   0.895335E+05   0.371094E+04
   0.158400E+03   0.153951E+04   0.629024E+02   0.895352E+05   0.371086E+04
   0.158500E+03   0.153954E+04   0.628987E+02   0.895369E+05   0.371081E+04
   0.158600E+03   0.153955E+04   0.629006E+02   0.895386E+05   0.371071E+04
   0.158700E+03   0.153958E+04   0.628978E+02   0.895403E+05   0.371065E+04
   0.158800E+03   0.153960E+04   0.628995E+02   0.895420E+05   0.371059E+04
   0.158900E+03   0.153962E+04   0.628990E+02   0.895437E+05   0.371052E+04
   0.159000E+03   0.153963E+04   0.628975E+02   0.895454E+05   0.371047E+04
   0.159100E+03   0.153965E+04   0.628973E+02   0.895470E+05   0.371038E+04
   0.159200E+03   0.153967E+04   0.628982E+02   0.895487E+05   0.371032E+04
   0.159300E+03   0.153970E+04   0.628951E+02   0.895503E+05   0.371025E+04
   0.159400E+03   0.153971E+04   0.628970E+02   0.895520E+05   0.371020E+04
   0.159500E+03   0.153973E+04   0.628964E+02   0.895536E+05   0.371013E+04
   0.159600E+03   0.153975E+04   0.628951E+02   0.895553E+05   0.371005E+04
   0.159700E+03   0.153977E+04   0.628942E+02   0.895569E+05   0.371000E+04
   0.159800E+03   0.153979E+04   0.628952E+02   0.895586E+05   0.370992E+04
   0.159900E+03   0.153981E+04   0.628949E+02   0.895602E+05   0.370987E+04
   0.160000E+03   0.153983E+04   0.628915E+02   0.895618E+05   0.370981E+04
   0.160100E+03   0.153985E+04   0.628934E+02   0.895634E+05   0.370973E+04
   0.160200E+03   0.153987E+04   0.628925E+02   0.895650E+05   0.370967E+04
   0.160300E+03   0.153989E+04   0.628944E+02   0.895666E+05   0.370961E+04
   0.160400E+03   0.153991E+04   0.628915E+02   0.895682E+05   0.370955E+04
   0.160500E+03   0.153992E+04   0.628896E+02   0.895698E+05   0.370949E+04
   0.160600E+03   0.153994E+04   0.628913E+02   0.895714E+05   0.370943E+04
   0.160700E+03   0.153996E+04   0.628917E+02   0.895730E+05   0.370935E+04
   0.160800E+03   0.153998E+04   0.628902E+02   0.895745E+05   0.370928E+04
   0.160900E+03   0.154000E+04   0.628898E+02   0.895761E+05   0.370922E+04
   0.161000E+03   0.154002E+04   0.628894E+02   0.895776E+05   0.370917E+04
   0.161100E+03   0.154003E+04   0.628874E+02   0.895792E+05   0.370909E+04
   0.161200E+03   0.154005E+04   0.628896E+02   0.895808E+05   0.370902E+04
   0.161300E+03   0.154007E+04   0.628890E+02   0.895823E+05   0.370897E+04
   0.161400E+03   0.154009E+04   0.628876E+02   0.895838E+05   0.370892E+04
   0.161500E+03   0.154011E+04   0.628868E+02   0.895853E+05   0.370884E+04
   0.161600E+03   0.154012E+04   0.628859E+02   0.895869E+05   0.370878E+04
   0.161700E+03   0.154014E+04   0.628855E+02   0.895884E+05   0.370874E+04
   0.161800E+03   0.154016E+04   0.628873E+02   0.895899E+05   0.370864E+04
   0.161900E+03   0.154018E+04   0.628854E+02   0.895914E+05   0.370859E+04
   0.162000E+03   0.154019E+04   0.628853E+02   0.895929E+05   0.370852E+04
   0.162100E+03   0.154021E+04   0.628848E+02   0.895944E+05   0.370846E+04
   0.162200E+03   0.154023E+04   0.628863E+02   0.895959E+05   0.370840E+04
   0.162300E+03   0.154025E+04   0.628852E+02   0.895974E+05   0.370834E+04
   0.162400E+03   0.154026E+04   0.628824E+02   0.895988E+05   0.370830E+04
   0.162500E+03   0.154028E+04   0.628820E+02   0.896003E+05   0.370823E+04
   0.162600E+03   0.154030E+04   0.628809E+02   0.896018E+05   0.370817E+04
   0.162700E+03   0.154032E+04   0.628817E+02   0.896032E+05   0.370810E+04
   0.162800E+03   0.154034E+04   0.628828E+02   0.896047E+05   0.370806E+04
   0.162900E+03   0.154035E+04   0.628813E+02   0.896061E+05   0.370798E+04
   0.163000E+03   0.154037E+04   0.628809E+02   0.896076E+05   0.370794E+04
   0.163100E+03   0.154038E+04   0.628792E+02   0.896090E+05   0.370786E+04
   0.163200E+03   0.154040E+04   0.628800E+02   0.896104E+05   0.370781E+04
   0.163300E+03   0.154042E+04   0.628800E+02   0.896119E+05   0.370775E+04
   0.163400E+03   0.154044E+04   0.628790E+02   0.896133E+05   0.370770E+04
   0.163500E+03   0.154045E+04   0.628787E+02   0.896147E+05   0.370762E+04
   0.163600E+03   0.154047E+04   0.628782E+02   0.896161E+05   0.370757E+04
   0.163700E+03   0.154048E+04   0.628780E+02   0.896175E+05   0.370750E+04
   0.163800E+03   0.154050E+04   0.628757E+02   0.896189E+05   0.370745E+04
   0.163900E+03   0.154052E+04   0.628767E+02   0.896203E+05   0.370739E+04
   0.164000E+03   0.154053E+04   0.628753E+02   0.896217E+05   0.370736E+04
   0.164100E+03   0.154055E+04   0.628764E+02   0.896231E+05   0.370729E+04
   0.164200E+03   0.154057E+04   0.628765E+02   0.896245E+05   0.370724E+04
   0.164300E+03   0.154058E+04   0.628748E+02   0.896259E+05   0.370717E+04
   0.164400E+03   0.154060E+04   0.628746E+02   0.896272E+05   0.370713E+04
   0.164500E+03   0.154061E+04   0.628756E+02   0.896286E+05   0.370705E+04
   0.164600E+03   0.154063E+04   0.628761E+02   0.896300E+05   0.370699E+04
   0.164700E+03   0.154065E+04   0.628756E+02   0.896313E+05   0.370694E+04
   0.164800E+03   0.154066E+04   0.628744E+02   0.896327E+05   0.370690E+04
   0.164900E+03   0.154068E+04   0.628741E+02   0.896340E+05   0.370682E+04
   0.165000E+03   0.154069E+04   0.628725E+02   0.896354E+05   0.370677E+04
   0.165100E+03   0.154071E+04   0.628729E+02   0.896367E+05   0.370673E+04
   0.165200E+03   0.154072E+04   0.628717E+02   0.896380E+05   0.370665E+04
   0.165300E+03   0.154074E+04   0.628711E+02   0.896393E+05   0.370659E+04
   0.165400E+03   0.154076E+04   0.628720E+02   0.896406E+05   0.370654E+04
   0.165500E+03   0.154077E+04   0.628720E+02   0.896419E+05   0.370648E+04
   0.165600E+03   0.154079E+04   0.628709E+02   0.896433E+05   0.370644E+04
   0.165700E+03   0.154080E+04   0.628712E+02   0.896446E+05   0.370637E+04
   0.165800E+03   0.154082E+04   0.628690E+02   0.896459E+05   0.370632E+04
   0.165900E+03   0.154083E+04   0.628690E+02   0.896472E+05   0.370628E+04
   0.166000E+03   0.154085E+04   0.628703E+02   0.896485E+05   0.370622E+04
   0.166100E+03   0.154086E+04   0.628697E+02   0.896497E+05   0.370616E+04
   0.166200E+03   0.154088E+04   0.628692E+02   0.896510E+05   0.370610E+04
   0.166300E+03   0.154090E+04   0.628683E+02   0.896523E+05   0.370605E+04
   0.166400E+03   0.154091E+04   0.628673E+02   0.896536E+05   0.370598E+04
   0.166500E+03   0.154092E+04   0.628696E+02   0.896548E+05   0.370594E+04
   0.166600E+03   0.154094E+04   0.628679E+02   0.896561E+05   0.370587E+04
   0.166700E+03   0.154095E+04   0.628665E+02   0.896573E+05   0.370584E+04
   0.166800E+03   0.154097E+04   0.628654E+02   0.896586E+05   0.370577E+04
   0.166900E+03   0.154098E+04   0.628653E+02   0.896598E+05   0.370572E+04
   0.167000E+03   0.154100E+04   0.628669E+02   0.896611E+05   0.370566E+04
   0.167100E+03   0.154101E+04   0.628656E+02   0.896623E+05   0.370562E+04
   0.167200E+03   0.154103E+04   0.628649E+02   0.896635E+05   0.370557E+04
   0.167300E+03   0.154104E+04   0.628639E+02   0.896648E+05   0.370552E+04
   0.167400E+03   0.154106E+04   0.628660E+02   0.896660E+05   0.370545E+04
   0.167500E+03   0.154107E+04   0.628624E+02   0.896672E+05   0.370542E+04
   0.167600E+03   0.154108E+04   0.628630E+02   0.896684E+05   0.370537E+04
   0.167700E+03   0.154110E+04   0.628642E+02   0.896696E+05   0.370531E+04
   0.167800E+03   0.154111E+04   0.628633E+02   0.896709E+05   0.370527E+04
   0.167900E+03   0.154113E+04   0.628632E+02   0.896721E+05   0.370519E+04
   0.168000E+03   0.154114E+04   0.628622E+02   0.896733E+05   0.370514E+04
   0.168100E+03   0.154115E+04   0.628620E+02   0.896744E+05   0.370510E+04
   0.168200E+03   0.154117E+04   0.628613E+02   0.896756E+05   0.370505E+04
   0.168300E+03   0.154118E+04   0.628601E+02   0.896768E+05   0.370498E+04
   0.168400E+03   0.154120E+04   0.628625E+02   0.896780E+05   0.370493E+04
   0.168500E+03   0.154121E+04   0.628613E+02   0.896791E+05   0.370488E+04
   0.168600E+03   0.154122E+04   0.628583E+02   0.896803E+05   0.370483E+04
   0.168700E+03   0.154124E+04   0.628609E+02   0.896815E+05   0.370479E+04
   0.168800E+03   0.154125E+04   0.628596E+02   0.896826E+05   0.370473E+04
   0.168900E+03   0.154126E+04   0.628586E+02   0.896838E+05   0.370469E+04
   0.169000E+03   0.154128E+04   0.628585E+02   0.896849E+05   0.370464E+04
   0.169100E+03   0.154129E+04   0.628579E+02   0.896861E+05   0.370456E+04
   0.169200E+03   0.154131E+04   0.628588E+02   0.896872E+05   0.370453E+04
   0.169300E+03   0.154132E+04   0.628590E+02   0.896884E+05   0.370448E+04
   0.169400E+03   0.154133E+04   0.628567E+02   0.896895E+05   0.370442E+04
   0.169500E+03   0.154134E+04   0.628570E+02   0.896906E+05   0.370438E+04
   0.169600E+03   0.154136E+04   0.628562E+02   0.896918E+05   0.370433E+04
   0.169700E+03   0.154137E+04   0.628581E+02   0.896929E+05   0.370427E+04
   0.169800E+03   0.154138E+04   0.628560E+02   0.896940E+05   0.370422E+04
   0.169900E+03   0.154140E+04   0.628551E+02   0.896951E+05   0.370418E+04
   0.170000E+03   0.154141E+04   0.628566E+02   0.896962E+05   0.370415E+04
   0.170100E+03   0.154142E+04   0.628543E+02   0.896973E+05   0.370409E+04
   0.170200E+03   0.154144E+04   0.628554E+02   0.896984E+05   0.370403E+04
   0.170300E+03   0.154145E+04   0.628545E+02   0.896995E+05   0.370400E+04
   0.170400E+03   0.154146E+04   0.628554E+02   0.897006E+05   0.370395E+04
   0.170500E+03   0.154148E+04   0.628536E+02   0.897017E+05   0.370387E+04
   0.170600E+03   0.154149E+04   0.628524E+02   0.897028E+05   0.370385E+04
   0.170700E+03   0.154150E+04   0.628531E+02   0.897038E+05   0.370380E+04
   0.170800E+03   0.154151E+04   0.628527E+02   0.897049E+05   0.370375E+04
   0.170900E+03   0.154153E+04   0.628537E+02   0.897060E+05   0.370371E+04
   0.171000E+03   0.154154E+04   0.628515E+02   0.897071E+05   0.370364E+04
   0.171100E+03   0.154155E+04   0.628525E+02   0.897082E+05   0.370360E+04
   0.171200E+03   0.154157E+04   0.628519E+02   0.897092E+05   0.370356E+04
   0.171300E+03   0.154158E+04   0.628519E+02   0.897102E+05   0.370352E+04
   0.171400E+03   0.154159E+04   0.628507E+02   0.897113E+05   0.370347E+04
   0.171500E+03   0.154160E+04   0.628507E+02   0.897124E+05   0.370341E+04
   0.171600E+03   0.154161E+04   0.628499E+02   0.897134E+05   0.370336E+04
   0.171700E+03   0.154163E+04   0.628511E+02   0.897145E+05   0.370331E+04
   0.171800E+03   0.154164E+04   0.628488E+02   0.897155E+05   0.370327E+04
   0.171900E+03   0.154165E+04   0.628499E+02   0.897165E+05   0.370323E+04
   0.172000E+03   0.154166E+04   0.628479E+02   0.897175E+05   0.370319E+04
   0.172100E+03   0.154167E+04   0.628486E+02   0.897185E+05   0.370314E+04
   0.172200E+03   0.154169E+04   0.628510E+02   0.897196E+05   0.370309E+04
   0.172300E+03   0.154170E+04   0.628484E+02   0.897206E+05   0.370304E+04
   0.172400E+03   0.154171E+04   0.628495E+02   0.897216E+05   0.370300E+04
   0.172500E+03   0.154172E+04   0.628472E+02   0.897226E+05   0.370296E+04
   0.172600E+03   0.154174E+04   0.628482E+02   0.897236E+05   0.370290E+04
   0.172700E+03   0.154175E+04   0.628468E+02   0.897246E+05   0.370287E+04
   0.172800E+03   0.154176E+04   0.628480E+02   0.897256E+05   0.370283E+04
   0.172900E+03   0.154177E+04   0.628480E+02   0.897266E+05   0.370276E+04
   0.173000E+03   0.154178E+04   0.628468E+02   0.897276E+05   0.370273E+04
   0.173100E+03   0.154179E+04   0.628468E+02   0.897286E+05   0.370270E+04
   0.173200E+03   0.154180E+04   0.628456E+02   0.897296E+05   0.370264E+04
   0.173300E+03   0.154181E+04   0.628456E+02   0.897305E+05   0.370260E+04
   0.173400E+03   0.154183E+04   0.628448E+02   0.897315E+05   0.370256E+04
   0.173500E+03   0.154184E+04   0.628456E+02   0.897325E+05   0.370249E+04
   0.173600E+03   0.154185E+04   0.628459E+02   0.897335E+05   0.370247E+04
   0.173700E+03   0.154186E+04   0.628437E+02   0.897344E+05   0.370242E+04
   0.173800E+03   0.154187E+04   0.628447E+02   0.897354E+05   0.370238E+04
   0.173900E+03   0.154188E+04   0.628444E+02   0.897364E+05   0.370234E+04
   0.174000E+03   0.154190E+04   0.628432E+02   0.897373E+05   0.370230E+04
   0.174100E+03   0.154191E+04   0.628432E+02   0.897382E+05   0.370225E+04
   0.174200E+03   0.154192E+04   0.628436E+02   0.897392E+05   0.370222E+04
   0.174300E+03   0.154193E+04   0.628413E+02   0.897401E+05   0.370217E+04
   0.174400E+03   0.154194E+04   0.628433E+02   0.897411E+05   0.370211E+04
   0.174500E+03   0.154195E+04   0.628402E+02   0.897420E+05   0.370207E+04
   0.174600E+03   0.154196E+04   0.628426E+02   0.897429E+05   0.370202E+04
   0.174700E+03   0.154197E+04   0.628425E+02   0.897439E+05   0.370197E+04
   0.174800E+03   0.154198E+04   0.628395E+02   0.897448E+05   0.370195E+04
   0.174900E+03   0.154200E+04   0.628406E+02   0.897457E+05   0.370190E+04
   0.175000E+03   0.154200E+04   0.628414E+02   0.897466E+05   0.370186E+04
   0.175100E+03   0.154201E+04   0.628429E+02   0.897475E+05   0.370182E+04
   0.175200E+03   0.154203E+04   0.628401E+02   0.897485E+05   0.370177E+04
   0.175300E+03   0.154204E+04   0.628399E+02   0.897494E+05   0.370172E+04
   0.175400E+03   0.154205E+04   0.628409E+02   0.897502E+05   0.370168E+04
   0.175500E+03   0.154206E+04   0.628387E+02   0.897512E+05   0.370164E+04
   0.175600E+03   0.154207E+04   0.628403E+02   0.897521E+05   0.370161E+04
   0.175700E+03   0.154208E+04   0.628397E+02   0.897529E+05   0.370157E+04
   0.175800E+03   0.154209E+04   0.628368E+02   0.897539E+05   0.370152E+04
   0.175900E+03   0.154210E+04   0.628383E+02   0.897547E+05   0.370148E+04
   0.176000E+03   0.154211E+04   0.628378E+02   0.897556E+05   0.370145E+04
   0.176100E+03   0.154212E+04   0.628393E+02   0.897565E+05   0.370139E+04
   0.176200E+03   0.154213E+04   0.628366E+02   0.897574E+05   0.370135E+04
   0.176300E+03   0.154214E+04   0.628359E+02   0.897583E+05   0.370130E+04
   0.176400E+03   0.154215E+04   0.628375E+02   0.897591E+05   0.370127E+04
   0.176500E+03   0.154216E+04   0.628373E+02   0.897600E+05   0.370124E+04
   0.176600E+03   0.154217E+04   0.628351E+02   0.897609E+05   0.370120E+04
   0.176700E+03   0.154218E+04   0.628360E+02   0.897617E+05   0.370115E+04
   0.176800E+03   0.154219E+04   0.628359E+02   0.897626E+05   0.370112E+04
   0.176900E+03   0.154220E+04   0.628359E+02   0.897634E+05   0.370108E+04
   0.177000E+03   0.154221E+04   0.628377E+02   0.897643E+05   0.370104E+04
   0.177100E+03   0.154222E+04   0.628343E+02   0.897651E+05   0.370100E+04
   0.177200E+03   0.154223E+04   0.628343E+02   0.897660E+05   0.370095E+04
   0.177300E+03   0.154224E+04   0.628359E+02   0.897668E+05   0.370090E+04
   0.177400E+03   0.154225E+04   0.628363E+02   0.897677E+05   0.370087E+04
   0.177500E+03   0.154226E+04   0.628325E+02   0.897685E+05   0.370083E+04
   0.177600E+03   0.154227E+04   0.628325E+02   0.897693E+05   0.370080E+04
   0.177700E+03   0.154228E+04   0.628341E+02   0.897701E+05   0.370073E+04
   0.177800E+03   0.154229E+04   0.628346E+02   0.897710E+05   0.370073E+04
   0.177900E+03   0.154230E+04   0.628339E+02   0.897718E+05   0.370067E+04
   0.178000E+03   0.154231E+04   0.628355E+02   0.897726E+05   0.370062E+04
   0.178100E+03   0.154232E+04   0.628329E+02   0.897734E+05   0.370060E+04
   0.178200E+03   0.154233E+04   0.628321E+02   0.897742E+05   0.370054E+04
   0.178300E+03   0.154234E+04   0.628321E+02   0.897750E+05   0.370053E+04
   0.178400E+03   0.154235E+04   0.628337E+02   0.897759E+05   0.370050E+04
   0.178500E+03   0.154236E+04   0.628334E+02   0.897766E+05   0.370044E+04
   0.178600E+03   0.154237E+04   0.628324E+02   0.897774E+05   0.370041E+04
   0.178700E+03   0.154238E+04   0.628297E+02   0.897783E+05   0.370035E+04
   0.178800E+03   0.154239E+04   0.628313E+02   0.897791E+05   0.370034E+04
   0.178900E+03   0.154240E+04   0.628306E+02   0.897798E+05   0.370030E+04
   0.179000E+03   0.154241E+04   0.628305E+02   0.897806E+05   0.370027E+04
   0.179100E+03   0.154241E+04   0.628308E+02   0.897814E+05   0.370020E+04
   0.179200E+03   0.154242E+04   0.628317E+02   0.897822E+05   0.370017E+04
   0.179300E+03   0.154243E+04   0.628317E+02   0.897830E+05   0.370014E+04
   0.179400E+03   0.154244E+04   0.628299E+02   0.897838E+05   0.370010E+04
   0.179500E+03   0.154245E+04   0.628286E+02   0.897845E+05   0.370006E+04
   0.179600E+03   0.154246E+04   0.628273E+02   0.897853E+05   0.370002E+04
   0.179700E+03   0.154247E+04   0.628297E+02   0.897861E+05   0.369998E+04
   0.179800E+03   0.154248E+04   0.628290E+02   0.897868E+05   0.369995E+04
   0.179900E+03   0.154249E+04   0.628290E+02   0.897876E+05   0.369992E+04
   0.180000E+03   0.154250E+04   0.628289E+02   0.897884E+05   0.369988E+04
   0.180100E+03   0.154250E+04   0.628278E+02   0.897891E+05   0.369984E+04
   0.180200E+03   0.154251E+04   0.628301E+02   0.897899E+05   0.369979E+04
   0.180300E+03   0.154252E+04   0.628301E+02   0.897906E+05   0.369978E+04
   0.180400E+03   0.154253E+04   0.628268E+02   0.897914E+05   0.369974E+04
   0.180500E+03   0.154254E+04   0.628261E+02   0.897921E+05   0.369969E+04
   0.180600E+03   0.154255E+04   0.628254E+02   0.897929E+05   0.369966E+04
   0.180700E+03   0.154256E+04   0.628259E+02   0.897936E+05   0.369964E+04
   0.180800E+03   0.154257E+04   0.628259E+02   0.897943E+05   0.369959E+04
   0.180900E+03   0.154258E+04   0.628271E+02   0.897951E+05   0.369954E+04
   0.181000E+03   0.154258E+04   0.628267E+02   0.897958E+05   0.369952E+04
   0.181100E+03   0.154259E+04   0.628259E+02   0.897965E+05   0.369948E+04
   0.181200E+03   0.154260E+04   0.628262E+02   0.897973E+05   0.369946E+04
   0.181300E+03   0.154261E+04   0.628252E+02   0.897980E+05   0.369942E+04
   0.181400E+03   0.154262E+04   0.628250E+02   0.897987E+05   0.369938E+04
   0.181500E+03   0.154263E+04   0.628243E+02   0.897994E+05   0.369934E+04
   0.181600E+03   0.154263E+04   0.628268E+02   0.898001E+05   0.369931E+04
   0.181700E+03   0.154264E+04   0.628259E+02   0.898008E+05   0.369929E+04
   0.181800E+03   0.154265E+04   0.628247E+02   0.898016E+05   0.369923E+04
   0.181900E+03   0.154266E+04   0.628251E+02   0.898023E+05   0.369921E+04
   0.182000E+03   0.154267E+04   0.628256E+02   0.898030E+05   0.369918E+04
   0.182100E+03   0.154268E+04   0.628249E+02   0.898037E+05   0.369912E+04
   0.182200E+03   0.154268E+04   0.628238E+02   0.898044E+05   0.369910E+04
   0.182300E+03   0.154269E+04   0.628224E+02   0.898051E+05   0.369906E+04
   0.182400E+03   0.154270E+04   0.628236E+02   0.898058E+05   0.369905E+04
   0.182500E+03   0.154271E+04   0.628250E+02   0.898064E+05   0.369901E+04
   0.182600E+03   0.154272E+04   0.628240E+02   0.898071E+05   0.369898E+04
   0.182700E+03   0.154272E+04   0.628244E+02   0.898078E+05   0.369894E+04
   0.182800E+03   0.154273E+04   0.628233E+02   0.898085E+05   0.369888E+04
   0.182900E+03   0.154274E+04   0.628231E+02   0.898092E+05   0.369885E+04
   0.183000E+03   0.154275E+04   0.628232E+02   0.898099E+05   0.369881E+04
   0.183100E+03   0.154276E+04   0.628233E+02   0.898105E+05   0.369880E+04
   0.183200E+03   0.154276E+04   0.628223E+02   0.898112E+05   0.369878E+04
   0.183300E+03   0.154277E+04   0.628214E+02   0.898119E+05   0.369875E+04
   0.183400E+03   0.154278E+04   0.628221E+02   0.898126E+05   0.369870E+04
   0.183500E+03   0.154279E+04   0.628217E+02   0.898132E+05   0.369867E+04
   0.183600E+03   0.154280E+04   0.628205E+02   0.898139E+05   0.369862E+04
   0.183700E+03   0.154280E+04   0.628206E+02   0.898146E+05   0.369858E+04
   0.183800E+03   0.154281E+04   0.628201E+02   0.898152E+05   0.369857E+04
   0.183900E+03   0.154282E+04   0.628197E+02   0.898159E+05   0.369853E+04
   0.184000E+03   0.154283E+04   0.628186E+02   0.898165E+05   0.369849E+04
   0.184100E+03   0.154284E+04   0.628189E+02   0.898171E+05   0.369847E+04
   0.184200E+03   0.154284E+04   0.628182E+02   0.898178E+05   0.369844E+04
   0.184300E+03   0.154285E+04   0.628182E+02   0.898185E+05   0.369839E+04
   0.184400E+03   0.154286E+04   0.628175E+02   0.898191E+05   0.369837E+04
   0.184500E+03   0.154287E+04   0.628170E+02   0.898198E+05   0.369833E+04
   0.184600E+03   0.154287E+04   0.628170E+02   0.898204E+05   0.369831E+04
   0.184700E+03   0.154288E+04   0.628172E+02   0.898210E+05   0.369827E+04
   0.184800E+03   0.154289E+04   0.628181E+02   0.898216E+05   0.369825E+04
   0.184900E+03   0.154289E+04   0.628178E+02   0.898223E+05   0.369820E+04
   0.185000E+03   0.154290E+04   0.628183E+02   0.898229E+05   0.369820E+04
   0.185100E+03   0.154291E+04   0.628174E+02   0.898235E+05   0.369814E+04
   0.185200E+03   0.154292E+04   0.628166E+02   0.898242E+05   0.369812E+04
   0.185300E+03   0.154292E+04   0.628162E+02   0.898248E+05   0.369809E+04
   0.185400E+03   0.154293E+04   0.628166E+02   0.898254E+05   0.369805E+04
   0.185500E+03   0.154294E+04   0.628148E+02   0.898260E+05   0.369801E+04
   0.185600E+03   0.154294E+04   0.628160E+02   0.898266E+05   0.369800E+04
   0.185700E+03   0.154296E+04   0.628160E+02   0.898273E+05   0.369795E+04
   0.185800E+03   0.154296E+04   0.628150E+02   0.898279E+05   0.369791E+04
   0.185900E+03   0.154297E+04   0.628170E+02   0.898285E+05   0.369789E+04
   0.186000E+03   0.154298E+04   0.628164E+02   0.898291E+05   0.369787E+04
   0.186100E+03   0.154298E+04   0.628165E+02   0.898297E+05   0.369784E+04
   0.186200E+03   0.154299E+04   0.628152E+02   0.898303E+05   0.369782E+04
   0.186300E+03   0.154300E+04   0.628153E+02   0.898309E+05   0.369777E+04
   0.186400E+03   0.154300E+04   0.628152E+02   0.898315E+05   0.369773E+04
   0.186500E+03   0.154301E+04   0.628144E+02   0.898321E+05   0.369771E+04
   0.186600E+03   0.154302E+04   0.628134E+02   0.898327E+05   0.369768E+04
   0.186700E+03   0.154303E+04   0.628167E+02   0.898333E+05   0.369764E+04
   0.186800E+03   0.154303E+04   0.628149E+02   0.898338E+05   0.369762E+04
   0.186900E+03   0.154304E+04   0.628147E+02   0.898344E+05   0.369759E+04
   0.187000E+03   0.154305E+04   0.628148E+02   0.898350E+05   0.369757E+04
   0.187100E+03   0.154305E+04   0.628137E+02   0.898356E+05   0.369754E+04
   0.187200E+03   0.154306E+04   0.628125E+02   0.898362E+05   0.369751E+04
   0.187300E+03   0.154307E+04   0.628123E+02   0.898368E+05   0.369746E+04
   0.187400E+03   0.154307E+04   0.628132E+02   0.898373E+05   0.369745E+04
   0.187500E+03   0.154308E+04   0.628133E+02   0.898379E+05   0.369740E+04
   0.187600E+03   0.154309E+04   0.628130E+02   0.898385E+05   0.369740E+04
   0.187700E+03   0.154309E+04   0.628124E+02   0.898390E+05   0.369736E+04
   0.187800E+03   0.154310E+04   0.628119E+02   0.898396E+05   0.369732E+04
   0.187900E+03   0.154311E+04   0.628117E+02   0.898402E+05   0.369729E+04
   0.188000E+03   0.154311E+04   0.628129E+02   0.898407E+05   0.369728E+04
   0.188100E+03   0.154312E+04   0.628129E+02   0.898413E+05   0.369724E+04
   0.188200E+03   0.154312E+04   0.628119E+02   0.898419E+05   0.369723E+04
   0.188300E+03   0.154313E+04   0.628107E+02   0.898424E+05   0.369718E+04
   0.188400E+03   0.154314E+04   0.628107E+02   0.898430E+05   0.369715E+04
   0.188500E+03   0.154315E+04   0.628123E+02   0.898435E+05   0.369714E+04
   0.188600E+03   0.154315E+04   0.628113E+02   0.898441E+05   0.369708E+04
   0.188700E+03   0.154316E+04   0.628111E+02   0.898446E+05   0.369707E+04
   0.188800E+03   0.154317E+04   0.628107E+02   0.898451E+05   0.369704E+04
   0.188900E+03   0.154317E+04   0.628099E+02   0.898457E+05   0.369702E+04
   0.189000E+03   0.154318E+04   0.628115E+02   0.898462E+05   0.369697E+04
   0.189100E+03   0.154318E+04   0.628099E+02   0.898468E+05   0.369697E+04
   0.189200E+03   0.154319E+04   0.628103E+02   0.898473E+05   0.369694E+04
   0.189300E+03   0.154320E+04   0.628092E+02   0.898479E+05   0.369690E+04
   0.189400E+03   0.154320E+04   0.628091E+02   0.898484E+05   0.369688E+04
   0.189500E+03   0.154321E+04   0.628102E+02   0.898489E+05   0.369685E+04
   0.189600E+03   0.154322E+04   0.628107E+02   0.898494E+05   0.369680E+04
   0.189700E+03   0.154322E+04   0.628084E+02   0.898500E+05   0.369678E+04
   0.189800E+03   0.154323E+04   0.628085E+02   0.898505E+05   0.369678E+04
   0.189900E+03   0.154323E+04   0.628099E+02   0.898510E+05   0.369675E+04
   0.190000E+03   0.154324E+04   0.628095E+02   0.898515E+05   0.369671E+04
   0.190100E+03   0.154325E+04   0.628087E+02   0.898521E+05   0.369668E+04
   0.190200E+03   0.154325E+04   0.628081E+02   0.898526E+05   0.369665E+04
   0.190300E+03   0.154326E+04   0.628100E+02   0.898531E+05   0.369663E+04
   0.190400E+03   0.154326E+04   0.628076E+02   0.898536E+05   0.369660E+04
   0.190500E+03   0.154327E+04   0.628088E+02   0.898541E+05   0.369658E+04
   0.190600E+03   0.154328E+04   0.628064E+02   0.898546E+05   0.369655E+04
   0.190700E+03   0.154328E+04   0.628097E+02   0.898551E+05   0.369653E+04
   0.190800E+03   0.154329E+04   0.628068E+02   0.898556E+05   0.369651E+04
   0.190900E+03   0.154329E+04   0.628069E+02   0.898561E+05   0.369648E+04
   0.191000E+03   0.154330E+04   0.628068E+02   0.898566E+05   0.369644E+04
   0.191100E+03   0.154331E+04   0.628080E+02   0.898571E+05   0.369643E+04
   0.191200E+03   0.154331E+04   0.628084E+02   0.898576E+05   0.369639E+04
   0.191300E+03   0.154332E+04   0.628057E+02   0.898581E+05   0.369636E+04
   0.191400E+03   0.154332E+04   0.628050E+02   0.898586E+05   0.369633E+04
   0.191500E+03   0.154333E+04   0.628072E+02   0.898591E+05   0.369631E+04
   0.191600E+03   0.154334E+04   0.628060E+02   0.898596E+05   0.369628E+04
   0.191700E+03   0.154334E+04   0.628073E+02   0.898601E+05   0.369625E+04
   0.191800E+03   0.154335E+04   0.628060E+02   0.898606E+05   0.369624E+04
   0.191900E+03   0.154335E+04   0.628066E+02   0.898611E+05   0.369622E+04
   0.192000E+03   0.154336E+04   0.628049E+02   0.898615E+05   0.369618E+04
   0.192100E+03   0.154336E+04   0.628056E+02   0.898620E+05   0.369615E+04
   0.192200E+03   0.154337E+04   0.628064E+02   0.898625E+05   0.369612E+04
   0.192300E+03   0.154337E+04   0.628051E+02   0.898630E+05   0.369610E+04
   0.192400E+03   0.154338E+04   0.628034E+02   0.898635E+05   0.369608E+04
   0.192500E+03   0.154339E+04   0.628061E+02   0.898639E+05   0.369603E+04
   0.192600E+03   0.154339E+04   0.628062E+02   0.898644E+05   0.369603E+04
   0.192700E+03   0.154340E+04   0.628039E+02   0.898649E+05   0.369599E+04
   0.192800E+03   0.154340E+04   0.628057E+02   0.898653E+05   0.369599E+04
   0.192900E+03   0.154341E+04   0.628043E+02   0.898658E+05   0.369595E+04
   0.193000E+03   0.154341E+04   0.628050E+02   0.898663E+05   0.369592E+04
   0.193100E+03   0.154342E+04   0.628020E+02   0.898667E+05   0.369590E+04
   0.193200E+03   0.154343E+04   0.628045E+02   0.898672E+05   0.369587E+04
   0.193300E+03   0.154343E+04   0.628040E+02   0.898676E+05   0.369585E+04
   0.193400E+03   0.154344E+04   0.628032E+02   0.898681E+05   0.369582E+04
   0.193500E+03   0.154344E+04   0.628035E+02   0.898686E+05   0.369580E+04
   0.193600E+03   0.154345E+04   0.628024E+02   0.898690E+05   0.369577E+04
   0.193700E+03   0.154345E+04   0.628032E+02   0.898695E+05   0.369576E+04
   0.193800E+03   0.154346E+04   0.628028E+02   0.898699E+05   0.369574E+04
   0.193900E+03   0.154346E+04   0.628019E+02   0.898704E+05   0.369570E+04
   0.194000E+03   0.154347E+04   0.628016E+02   0.898708E+05   0.369569E+04
   0.194100E+03   0.154347E+04   0.628034E+02   0.898712E+05   0.369566E+04
   0.194200E+03   0.154348E+04   0.628009E+02   0.898717E+05   0.369562E+04
   0.194300E+03   0.154348E+04   0.628019E+02   0.898722E+05   0.369561E+04
   0.194400E+03   0.154349E+04   0.628025E+02   0.898726E+05   0.369559E+04
   0.194500E+03   0.154349E+04   0.628016E+02   0.898731E+05   0.369556E+04
   0.194600E+03   0.154350E+04   0.628005E+02   0.898735E+05   0.369553E+04
   0.194700E+03   0.154350E+04   0.628025E+02   0.898739E+05   0.369552E+04
   0.194800E+03   0.154351E+04   0.628025E+02   0.898744E+05   0.369551E+04
   0.194900E+03   0.154352E+04   0.628020E+02   0.898748E+05   0.369546E+04
   0.195000E+03   0.154352E+04   0.628011E+02   0.898752E+05   0.369543E+04
   0.195100E+03   0.154353E+04   0.628018E+02   0.898756E+05   0.369541E+04
   0.195200E+03   0.154353E+04   0.628008E+02   0.898761E+05   0.369540E+04
   0.195300E+03   0.154354E+04   0.628012E+02   0.898765E+05   0.369538E+04
   0.195400E+03   0.154354E+04   0.628002E+02   0.898769E+05   0.369536E+04
   0.195500E+03   0.154355E+04   0.627997E+02   0.898774E+05   0.369533E+04
   0.195600E+03   0.154355E+04   0.628001E+02   0.898778E+05   0.369531E+04
   0.195700E+03   0.154355E+04   0.628019E+02   0.898782E+05   0.369530E+04
   0.195800E+03   0.154356E+04   0.627994E+02   0.898786E+05   0.369527E+04
   0.195900E+03   0.154356E+04   0.627989E+02   0.898790E+05   0.369525E+04
   0.196000E+03   0.154357E+04   0.628010E+02   0.898795E+05   0.369523E+04
   0.196100E+03   0.154357E+04   0.627998E+02   0.898799E+05   0.369521E+04
   0.196200E+03   0.154358E+04   0.627982E+02   0.898803E+05   0.369519E+04
   0.196300E+03   0.154358E+04   0.627998E+02   0.898807E+05   0.369515E+04
   0.196400E+03   0.154359E+04   0.627982E+02   0.898811E+05   0.369513E+04
   0.196500E+03   0.154359E+04   0.627993E+02   0.898815E+05   0.369511E+04
   0.196600E+03   0.154360E+04   0.627998E+02   0.898819E+05   0.369508E+04
   0.196700E+03   0.154360E+04   0.627968E+02   0.898823E+05   0.369505E+04
   0.196800E+03   0.154361E+04   0.627993E+02   0.898827E+05   0.369502E+04
   0.196900E+03   0.154361E+04   0.627979E+02   0.898831E+05   0.369501E+04
   0.197000E+03   0.154362E+04   0.627990E+02   0.898835E+05   0.369500E+04
   0.197100E+03   0.154362E+04   0.627981E+02   0.898839E+05   0.369497E+04
   0.197200E+03   0.154363E+04   0.627976E+02   0.898843E+05   0.369495E+04
   0.197300E+03   0.154363E+04   0.627975E+02   0.898847E+05   0.369492E+04
   0.197400E+03   0.154363E+04   0.627967E+02   0.898851E+05   0.369489E+04
   0.197500E+03   0.154364E+04   0.627995E+02   0.898855E+05   0.369489E+04
   0.197600E+03   0.154364E+04   0.627963E+02   0.898859E+05   0.369486E+04
   0.197700E+03   0.154365E+04   0.627995E+02   0.898863E+05   0.369482E+04
   0.197800E+03   0.154365E+04   0.627983E+02   0.898866E+05   0.369482E+04
   0.197900E+03   0.154366E+04   0.627955E+02   0.898871E+05   0.369480E+04
   0.198000E+03   0.154366E+04   0.627983E+02   0.898874E+05   0.369477E+04
   0.198100E+03   0.154367E+04   0.627967E+02   0.898878E+05   0.369476E+04
   0.198200E+03   0.154367E+04   0.627973E+02   0.898882E+05   0.369473E+04
   0.198300E+03   0.154368E+04   0.627971E+02   0.898886E+05   0.369472E+04
   0.198400E+03   0.154368E+04   0.627970E+02   0.898890E+05   0.369468E+04
   0.198500E+03   0.154369E+04   0.627964E+02   0.898894E+05   0.369465E+04
   0.198600E+03   0.154369E+04   0.627971E+02   0.898897E+05   0.369465E+04
   0.198700E+03   0.154369E+04   0.627965E+02   0.898901E+05   0.369461E+04
   0.198800E+03   0.154370E+04   0.627965E+02   0.898905E+05   0.369461E+04
   0.198900E+03   0.154370E+04   0.627958E+02   0.898908E+05   0.369457E+04
   0.199000E+03   0.154371E+04   0.627954E+02   0.898912E+05   0.369456E+04
   0.199100E+03   0.154371E+04   0.627975E+02   0.898916E+05   0.369454E+04
   0.199200E+03   0.154372E+04   0.627945E+02   0.898919E+05   0.369452E+04
   0.199300E+03   0.154372E+04   0.627979E+02   0.898923E+05   0.369451E+04
   0.199400E+03   0.154372E+04   0.627948E+02   0.898927E+05   0.369447E+04
   0.199500E+03   0.154373E+04   0.627947E+02   0.898930E+05   0.369446E+04
   0.199600E+03   0.154373E+04   0.627968E+02   0.898934E+05   0.369443E+04
   0.199700E+03   0.154374E+04   0.627933E+02   0.898938E+05   0.369442E+04
   0.199800E+03   0.154374E+04   0.627958E+02   0.898941E+05   0.369441E+04
   0.199900E+03   0.154375E+04   0.627940E+02   0.898945E+05   0.369437E+04
   0.200000E+03   0.154375E+04   0.627960E+02   0.898948E+05   0.369435E+04
   0.200100E+03   0.154375E+04   0.627930E+02   0.898952E+05   0.369434E+04
   0.200200E+03   0.154376E+04   0.627949E+02   0.898956E+05   0.369431E+04
   0.200300E+03   0.154376E+04   0.627948E+02   0.898959E+05   0.369429E+04
   0.200400E+03   0.154377E+04   0.627946E+02   0.898963E+05   0.369428E+04
   0.200500E+03   0.154377E+04   0.627942E+02   0.898966E+05   0.369427E+04
   0.200600E+03   0.154378E+04   0.627945E+02   0.898970E+05   0.369422E+04
   0.200700E+03   0.154378E+04   0.627934E+02   0.898973E+05   0.369421E+04
   0.200800E+03   0.154378E+04   0.627937E+02   0.898976E+05   0.369420E+04
   0.200900E+03   0.154379E+04   0.627932E+02   0.898980E+05   0.369417E+04
   0.201000E+03   0.154379E+04   0.627957E+02   0.898983E+05   0.369417E+04
   0.201100E+03   0.154380E+04   0.627930E+02   0.898987E+05   0.369413E+04
   0.201200E+03   0.154380E+04   0.627943E+02   0.898990E+05   0.369411E+04
   0.201300E+03   0.154380E+04   0.627939E+02   0.898994E+05   0.369410E+04
   0.201400E+03   0.154381E+04   0.627941E+02   0.898997E+05   0.369408E+04
   0.201500E+03   0.154381E+04   0.627927E+02   0.899001E+05   0.369406E+04
   0.201600E+03   0.154381E+04   0.627943E+02   0.899004E+05   0.369404E+04
   0.201700E+03   0.154382E+04   0.627913E+02   0.899007E+05   0.369403E+04
   0.201800E+03   0.154382E+04   0.627943E+02   0.899011E+05   0.369401E+04
   0.201900E+03   0.154383E+04   0.627923E+02   0.899014E+05   0.369399E+04
   0.202000E+03   0.154383E+04   0.627929E+02   0.899017E+05   0.369398E+04
   0.202100E+03   0.154384E+04   0.627931E+02   0.899020E+05   0.369394E+04
   0.202200E+03   0.154384E+04   0.627923E+02   0.899024E+05   0.369394E+04
   0.202300E+03   0.154384E+04   0.627927E+02   0.899027E+05   0.369391E+04
   0.202400E+03   0.154385E+04   0.627931E+02   0.899030E+05   0.369390E+04
   0.202500E+03   0.154385E+04   0.627912E+02   0.899034E+05   0.369388E+04
   0.202600E+03   0.154385E+04   0.627927E+02   0.899037E+05   0.369385E+04
   0.202700E+03   0.154386E+04   0.627913E+02   0.899040E+05   0.369384E+04
   0.202800E+03   0.154386E+04   0.627906E+02   0.899043E+05   0.369381E+04
   0.202900E+03   0.154387E+04   0.627915E+02   0.899046E+05   0.369379E+04
   0.203000E+03   0.154387E+04   0.627912E+02   0.899049E+05   0.369376E+04
   0.203100E+03   0.154388E+04   0.627912E+02   0.899053E+05   0.369377E+04
   0.203200E+03   0.154388E+04   0.627910E+02   0.899056E+05   0.369376E+04
   0.203300E+03   0.154388E+04   0.627905E+02   0.899059E+05   0.369372E+04
   0.203400E+03   0.154388E+04   0.627904E+02   0.899062E+05   0.369370E+04
   0.203500E+03   0.154389E+04   0.627903E+02   0.899066E+05   0.369369E+04
   0.203600E+03   0.154389E+04   0.627916E+02   0.899069E+05   0.369366E+04
   0.203700E+03   0.154390E+04   0.627905E+02   0.899072E+05   0.369367E+04
   0.203800E+03   0.154390E+04   0.627904E+02   0.899075E+05   0.369364E+04
   0.203900E+03   0.154390E+04   0.627891E+02   0.899078E+05   0.369361E+04
   0.204000E+03   0.154391E+04   0.627916E+02   0.899081E+05   0.369358E+04
   0.204100E+03   0.154391E+04   0.627908E+02   0.899084E+05   0.369359E+04
   0.204200E+03   0.154391E+04   0.627895E+02   0.899087E+05   0.369357E+04
   0.204300E+03   0.154392E+04   0.627916E+02   0.899090E+05   0.369354E+04
   0.204400E+03   0.154392E+04   0.627897E+02   0.899093E+05   0.369354E+04
   0.204500E+03   0.154392E+04   0.627912E+02   0.899096E+05   0.369351E+04
   0.204600E+03   0.154393E+04   0.627898E+02   0.899099E+05   0.369349E+04
   0.204700E+03   0.154393E+04   0.627897E+02   0.899102E+05   0.369348E+04
   0.204800E+03   0.154394E+04   0.627897E+02   0.899105E+05   0.369346E+04
   0.204900E+03   0.154394E+04   0.627902E+02   0.899108E+05   0.369343E+04
   0.205000E+03   0.154394E+04   0.627878E+02   0.899111E+05   0.369342E+04
   0.205100E+03   0.154395E+04   0.627897E+02   0.899114E+05   0.369339E+04
   0.205200E+03   0.154395E+04   0.627895E+02   0.899117E+05   0.369340E+04
   0.205300E+03   0.154395E+04   0.627890E+02   0.899120E+05   0.369337E+04
   0.205400E+03   0.154396E+04   0.627890E+02   0.899123E+05   0.369335E+04
   0.205500E+03   0.154396E+04   0.627885E+02   0.899126E+05   0.369334E+04
   0.205600E+03   0.154396E+04   0.627890E+02   0.899129E+05   0.369331E+04
   0.205700E+03   0.154397E+04   0.627883E+02   0.899131E+05   0.369330E+04
   0.205800E+03   0.154397E+04   0.627879E+02   0.899134E+05   0.369327E+04
   0.205900E+03   0.154397E+04   0.627892E+02   0.899137E+05   0.369327E+04
   0.206000E+03   0.154398E+04   0.627883E+02   0.899140E+05   0.369324E+04
   0.206100E+03   0.154398E+04   0.627893E+02   0.899143E+05   0.369323E+04
   0.206200E+03   0.154398E+04   0.627867E+02   0.899146E+05   0.369322E+04
   0.206300E+03   0.154399E+04   0.627894E+02   0.899148E+05   0.369319E+04
   0.206400E+03   0.154399E+04   0.627871E+02   0.899151E+05   0.369319E+04
   0.206500E+03   0.154399E+04   0.627882E+02   0.899154E+05   0.369317E+04
   0.206600E+03   0.154399E+04   0.627878E+02   0.899157E+05   0.369317E+04
   0.206700E+03   0.154400E+04   0.627875E+02   0.899160E+05   0.369314E+04
   0.206800E+03   0.154400E+04   0.627882E+02   0.899162E+05   0.369311E+04
   0.206900E+03   0.154400E+04   0.627859E+02   0.899165E+05   0.369312E+04
   0.207000E+03   0.154401E+04   0.627883E+02   0.899168E+05   0.369308E+04
   0.207100E+03   0.154401E+04   0.627853E+02   0.899171E+05   0.369307E+04
   0.207200E+03   0.154402E+04   0.627863E+02   0.899173E+05   0.369306E+04
   0.207300E+03   0.154402E+04   0.627882E+02   0.899176E+05   0.369304E+04
   0.207400E+03   0.154403E+04   0.627863E+02   0.899179E+05   0.369302E+04
   0.207500E+03   0.154403E+04   0.627863E+02   0.899181E+05   0.369301E+04
   0.207600E+03   0.154403E+04   0.627864E+02   0.899184E+05   0.369298E+04
   0.207700E+03   0.154403E+04   0.627870E+02   0.899187E+05   0.369296E+04
   0.207800E+03   0.154404E+04   0.627879E+02   0.899189E+05   0.369296E+04
   0.207900E+03   0.154404E+04   0.627860E+02   0.899192E+05   0.369294E+04
   0.208000E+03   0.154404E+04   0.627864E+02   0.899195E+05   0.369292E+04
   0.208100E+03   0.154404E+04   0.627854E+02   0.899197E+05   0.369291E+04
   0.208200E+03   0.154405E+04   0.627856E+02   0.899200E+05   0.369289E+04
   0.208300E+03   0.154405E+04   0.627874E+02   0.899203E+05   0.369289E+04
   0.208400E+03   0.154405E+04   0.627852E+02   0.899205E+05   0.369288E+04
   0.208500E+03   0.154406E+04   0.627862E+02   0.899208E+05   0.369285E+04
   0.208600E+03   0.154406E+04   0.627849E+02   0.899210E+05   0.369283E+04
   0.208700E+03   0.154406E+04   0.627852E+02   0.899213E+05   0.369281E+04
   0.208800E+03   0.154407E+04   0.627863E+02   0.899216E+05   0.369280E+04
   0.208900E+03   0.154407E+04   0.627843E+02   0.899218E+05   0.369279E+04
   0.209000E+03   0.154407E+04   0.627860E+02   0.899221E+05   0.369278E+04
   0.209100E+03   0.154407E+04   0.627860E+02   0.899223E+05   0.369277E+04
   0.209200E+03   0.154408E+04   0.627856E+02   0.899226E+05   0.369276E+04
   0.209300E+03   0.154408E+04   0.627857E+02   0.899228E+05   0.369270E+04
   0.209400E+03   0.154408E+04   0.627838E+02   0.899231E+05   0.369271E+04
   0.209500E+03   0.154409E+04   0.627848E+02   0.899233E+05   0.369268E+04
   0.209600E+03   0.154409E+04   0.627859E+02   0.899236E+05   0.369268E+04
   0.209700E+03   0.154409E+04   0.627851E+02   0.899238E+05   0.369267E+04
   0.209800E+03   0.154410E+04   0.627848E+02   0.899240E+05   0.369263E+04
   0.209900E+03   0.154410E+04   0.627848E+02   0.899243E+05   0.369263E+04
   0.210000E+03   0.154410E+04   0.627849E+02   0.899246E+05   0.369262E+04
   0.210100E+03   0.154411E+04   0.627845E+02   0.899248E+05   0.369260E+04
   0.210200E+03   0.154411E+04   0.627842E+02   0.899250E+05   0.369259E+04
   0.210300E+03   0.154411E+04   0.627845E+02   0.899253E+05   0.369257E+04
   0.210400E+03   0.154411E+04   0.627849E+02   0.899255E+05   0.369255E+04
   0.210500E+03   0.154412E+04   0.627831E+02   0.899258E+05   0.369254E+04
   0.210600E+03   0.154412E+04   0.627830E+02   0.899260E+05   0.369252E+04
   0.210700E+03   0.154412E+04   0.627865E+02   0.899262E+05   0.369250E+04
   0.210800E+03   0.154412E+04   0.627837E+02   0.899265E+05   0.369249E+04
   0.210900E+03   0.154413E+04   0.627831E+02   0.899267E+05   0.369251E+04
   0.211000E+03   0.154413E+04   0.627842E+02   0.899270E+05   0.369249E+04
   0.211100E+03   0.154413E+04   0.627830E+02   0.899272E+05   0.369247E+04
   0.211200E+03   0.154413E+04   0.627853E+02   0.899274E+05   0.369245E+04
   0.211300E+03   0.154414E+04   0.627818E+02   0.899277E+05   0.369243E+04
   0.211400E+03   0.154414E+04   0.627819E+02   0.899279E+05   0.369242E+04
   0.211500E+03   0.154414E+04   0.627845E+02   0.899281E+05   0.369240E+04
   0.211600E+03   0.154415E+04   0.627819E+02   0.899284E+05   0.369238E+04
   0.211700E+03   0.154415E+04   0.627834E+02   0.899286E+05   0.369238E+04
   0.211800E+03   0.154415E+04   0.627838E+02   0.899288E+05   0.369237E+04
   0.211900E+03   0.154415E+04   0.627820E+02   0.899290E+05   0.369235E+04
   0.212000E+03   0.154416E+04   0.627839E+02   0.899293E+05   0.369233E+04
   0.212100E+03   0.154416E+04   0.627829E+02   0.899295E+05   0.369230E+04
   0.212200E+03   0.154416E+04   0.627813E+02   0.899297E+05   0.369231E+04
   0.212300E+03   0.154417E+04   0.627831E+02   0.899300E+05   0.369230E+04
   0.212400E+03   0.154417E+04   0.627834E+02   0.899302E+05   0.369228E+04
   0.212500E+03   0.154417E+04   0.627827E+02   0.899304E+05   0.369226E+04
   0.212600E+03   0.154417E+04   0.627822E+02   0.899306E+05   0.369226E+04
   0.212700E+03   0.154417E+04   0.627824E+02   0.899308E+05   0.369224E+04
   0.212800E+03   0.154418E+04   0.627824E+02   0.899311E+05   0.369222E+04
   0.212900E+03   0.154418E+04   0.627822E+02   0.899313E+05   0.369220E+04
   0.213000E+03   0.154418E+04   0.627826E+02   0.899315E+05   0.369221E+04
   0.213100E+03   0.154419E+04   0.627817E+02   0.899317E+05   0.369218E+04
   0.213200E+03   0.154419E+04   0.627812E+02   0.899320E+05   0.369217E+04
   0.213300E+03   0.154419E+04   0.627828E+02   0.899321E+05   0.369216E+04
   0.213400E+03   0.154420E+04   0.627822E+02   0.899324E+05   0.369214E+04
   0.213500E+03   0.154420E+04   0.627814E+02   0.899326E+05   0.369212E+04
   0.213600E+03   0.154420E+04   0.627832E+02   0.899328E+05   0.369213E+04
   0.213700E+03   0.154420E+04   0.627800E+02   0.899330E+05   0.369210E+04
   0.213800E+03   0.154420E+04   0.627812E+02   0.899332E+05   0.369210E+04
   0.213900E+03   0.154421E+04   0.627824E+02   0.899334E+05   0.369207E+04
   0.214000E+03   0.154421E+04   0.627803E+02   0.899336E+05   0.369205E+04
   0.214100E+03   0.154421E+04   0.627805E+02   0.899339E+05   0.369206E+04
   0.214200E+03   0.154421E+04   0.627825E+02   0.899341E+05   0.369203E+04
   0.214300E+03   0.154422E+04   0.627804E+02   0.899343E+05   0.369204E+04
   0.214400E+03   0.154422E+04   0.627796E+02   0.899345E+05   0.369202E+04
   0.214500E+03   0.154422E+04   0.627814E+02   0.899347E+05   0.369199E+04
   0.214600E+03   0.154422E+04   0.627801E+02   0.899349E+05   0.369199E+04
   0.214700E+03   0.154422E+04   0.627805E+02   0.899351E+05   0.369196E+04
   0.214800E+03   0.154423E+04   0.627820E+02   0.899353E+05   0.369196E+04
   0.214900E+03   0.154423E+04   0.627807E+02   0.899355E+05   0.369193E+04
   0.215000E+03   0.154423E+04   0.627802E+02   0.899357E+05   0.369195E+04
   0.215100E+03   0.154424E+04   0.627814E+02   0.899359E+05   0.369191E+04
   0.215200E+03   0.154424E+04   0.627816E+02   0.899361E+05   0.369192E+04
   0.215300E+03   0.154424E+04   0.627812E+02   0.899363E+05   0.369189E+04
   0.215400E+03   0.154424E+04   0.627800E+02   0.899365E+05   0.369190E+04
   0.215500E+03   0.154425E+04   0.627805E+02   0.899367E+05   0.369186E+04
   0.215600E+03   0.154425E+04   0.627803E+02   0.899369E+05   0.369185E+04
   0.215700E+03   0.154425E+04   0.627803E+02   0.899371E+05   0.369184E+04
   0.215800E+03   0.154425E+04   0.627804E+02   0.899373E+05   0.369184E+04
   0.215900E+03   0.154425E+04   0.627793E+02   0.899375E+05   0.369184E+04
   0.216000E+03   0.154426E+04   0.627803E+02   0.899377E+05   0.369181E+04
   0.216100E+03   0.154426E+04   0.627797E+02   0.899379E+05   0.369180E+04
   0.216200E+03   0.154426E+04   0.627813E+02   0.899381E+05   0.369178E+04
   0.216300E+03   0.154426E+04   0.627791E+02   0.899383E+05   0.369177E+04
   0.216400E+03   0.154427E+04   0.627796E+02   0.899384E+05   0.369177E+04
   0.216500E+03   0.154427E+04   0.627816E+02   0.899387E+05   0.369174E+04
   0.216600E+03   0.154427E+04   0.627791E+02   0.899388E+05   0.369174E+04
   0.216700E+03   0.154427E+04   0.627786E+02   0.899390E+05   0.369170E+04
   0.216800E+03   0.154427E+04   0.627786E+02   0.899392E+05   0.369171E+04
   0.216900E+03   0.154428E+04   0.627809E+02   0.899394E+05   0.369170E+04
   0.217000E+03   0.154428E+04   0.627781E+02   0.899396E+05   0.369168E+04
   0.217100E+03   0.154428E+04   0.627790E+02   0.899398E+05   0.369168E+04
   0.217200E+03   0.154428E+04   0.627802E+02   0.899400E+05   0.369166E+04
   0.217300E+03   0.154429E+04   0.627782E+02   0.899402E+05   0.369164E+04
   0.217400E+03   0.154429E+04   0.627778E+02   0.899404E+05   0.369164E+04
   0.217500E+03   0.154429E+04   0.627797E+02   0.899405E+05   0.369163E+04
   0.217600E+03   0.154429E+04   0.627799E+02   0.899407E+05   0.369163E+04
   0.217700E+03   0.154429E+04   0.627772E+02   0.899409E+05   0.369160E+04
   0.217800E+03   0.154430E+04   0.627802E+02   0.899411E+05   0.369159E+04
   0.217900E+03   0.154430E+04   0.627794E+02   0.899413E+05   0.369158E+04
   0.218000E+03   0.154430E+04   0.627767E+02   0.899415E+05   0.369159E+04
   0.218100E+03   0.154430E+04   0.627786E+02   0.899416E+05   0.369155E+04
   0.218200E+03   0.154430E+04   0.627787E+02   0.899418E+05   0.369155E+04
   0.218300E+03   0.154431E+04   0.627791E+02   0.899420E+05   0.369153E+04
   0.218400E+03   0.154431E+04   0.627772E+02   0.899422E+05   0.369155E+04
   0.218500E+03   0.154431E+04   0.627783E+02   0.899423E+05   0.369150E+04
   0.218600E+03   0.154431E+04   0.627786E+02   0.899425E+05   0.369150E+04
   0.218700E+03   0.154431E+04   0.627780E+02   0.899427E+05   0.369148E+04
   0.218800E+03   0.154432E+04   0.627788E+02   0.899429E+05   0.369150E+04
   0.218900E+03   0.154432E+04   0.627788E+02   0.899430E+05   0.369147E+04
   0.219000E+03   0.154432E+04   0.627775E+02   0.899432E+05   0.369144E+04
   0.219100E+03   0.154432E+04   0.627768E+02   0.899434E+05   0.369144E+04
   0.219200E+03   0.154433E+04   0.627774E+02   0.899436E+05   0.369143E+04
   0.219300E+03   0.154433E+04   0.627779E+02   0.899438E+05   0.369143E+04
   0.219400E+03   0.154433E+04   0.627783E+02   0.899439E+05   0.369142E+04
   0.219500E+03   0.154433E+04   0.627776E+02   0.899441E+05   0.369140E+04
   0.219600E+03   0.154433E+04   0.627768E+02   0.899442E+05   0.369140E+04
   0.219700E+03   0.154433E+04   0.627763E+02   0.899444E+05   0.369137E+04
   0.219800E+03   0.154434E+04   0.627787E+02   0.899446E+05   0.369136E+04
   0.219900E+03   0.154434E+04   0.627776E+02   0.899448E+05   0.369136E+04
   0.220000E+03   0.154434E+04   0.627771E+02   0.899449E+05   0.369134E+04
   0.220100E+03   0.154434E+04   0.627771E+02   0.899451E+05   0.369133E+04
   0.220200E+03   0.154434E+04   0.627779E+02   0.899453E+05   0.369132E+04
   0.220300E+03   0.154435E+04   0.627765E+02   0.899454E+05   0.369132E+04
   0.220400E+03   0.154435E+04   0.627764E+02   0.899456E+05   0.369131E+04
   0.220500E+03   0.154435E+04   0.627784E+02   0.899458E+05   0.369130E+04
   0.220600E+03   0.154435E+04   0.627780E+02   0.899459E+05   0.369129E+04
   0.220700E+03   0.154436E+04   0.627764E+02   0.899461E+05   0.369127E+04
   0.220800E+03   0.154436E+04   0.627760E+02   0.899462E+05   0.369128E+04
   0.220900E+03   0.154436E+04   0.627780E+02   0.899464E+05   0.369127E+04
   0.221000E+03   0.154436E+04   0.627780E+02   0.899466E+05   0.369125E+04
   0.221100E+03   0.154436E+04   0.627755E+02   0.899467E+05   0.369124E+04
   0.221200E+03   0.154437E+04   0.627773E+02   0.899469E+05   0.369123E+04
   0.221300E+03   0.154437E+04   0.627769E+02   0.899471E+05   0.369122E+04
   0.221400E+03   0.154437E+04   0.627769E+02   0.899472E+05   0.369121E+04
   0.221500E+03   0.154437E+04   0.627752E+02   0.899474E+05   0.369120E+04
   0.221600E+03   0.154437E+04   0.627768E+02   0.899475E+05   0.369118E+04
   0.221700E+03   0.154437E+04   0.627768E+02   0.899477E+05   0.369118E+04
   0.221800E+03   0.154438E+04   0.627773E+02   0.899479E+05   0.369117E+04
   0.221900E+03   0.154438E+04   0.627753E+02   0.899480E+05   0.369116E+04
   0.222000E+03   0.154438E+04   0.627765E+02   0.899482E+05   0.369114E+04
   0.222100E+03   0.154438E+04   0.627761E+02   0.899483E+05   0.369113E+04
   0.222200E+03   0.154438E+04   0.627756E+02   0.899485E+05   0.369112E+04
   0.222300E+03   0.154439E+04   0.627740E+02   0.899486E+05   0.369111E+04
   0.222400E+03   0.154439E+04   0.627759E+02   0.899488E+05   0.369109E+04
   0.222500E+03   0.154439E+04   0.627769E+02   0.899489E+05   0.369109E+04
   0.222600E+03   0.154439E+04   0.627768E+02   0.899491E+05   0.369107E+04
   0.222700E+03   0.154439E+04   0.627754E+02   0.899492E+05   0.369106E+04
   0.222800E+03   0.154439E+04   0.627754E+02   0.899494E+05   0.369104E+04
   0.222900E+03   0.154439E+04   0.627750E+02   0.899495E+05   0.369105E+04
   0.223000E+03   0.154440E+04   0.627744E+02   0.899497E+05   0.369104E+04
   0.223100E+03   0.154440E+04   0.627780E+02   0.899499E+05   0.369103E+04
   0.223200E+03   0.154440E+04   0.627762E+02   0.899500E+05   0.369103E+04
   0.223300E+03   0.154440E+04   0.627754E+02   0.899501E+05   0.369101E+04
   0.223400E+03   0.154441E+04   0.627749E+02   0.899503E+05   0.369100E+04
   0.223500E+03   0.154441E+04   0.627765E+02   0.899504E+05   0.369098E+04
   0.223600E+03   0.154441E+04   0.627742E+02   0.899506E+05   0.369099E+04
   0.223700E+03   0.154441E+04   0.627746E+02   0.899507E+05   0.369098E+04
   0.223800E+03   0.154441E+04   0.627750E+02   0.899509E+05   0.369096E+04
   0.223900E+03   0.154441E+04   0.627766E+02   0.899510E+05   0.369095E+04
   0.224000E+03   0.154442E+04   0.627742E+02   0.899512E+05   0.369094E+04
   0.224100E+03   0.154442E+04   0.627742E+02   0.899513E+05   0.369092E+04
   0.224200E+03   0.154442E+04   0.627737E+02   0.899514E+05   0.369093E+04
   0.224300E+03   0.154442E+04   0.627761E+02   0.899516E+05   0.369091E+04
   0.224400E+03   0.154442E+04   0.627765E+02   0.899517E+05   0.369090E+04
   0.224500E+03   0.154442E+04   0.627740E+02   0.899519E+05   0.369089E+04
   0.224600E+03   0.154443E+04   0.627738E+02   0.899520E+05   0.369087E+04
   0.224700E+03   0.154443E+04   0.627746E+02   0.899522E+05   0.369088E+04
   0.224800E+03   0.154443E+04   0.627746E+02   0.899523E+05   0.369086E+04
   0.224900E+03   0.154443E+04   0.627761E+02   0.899524E+05   0.369085E+04
   0.225000E+03   0.154443E+04   0.627743E+02   0.899526E+05   0.369084E+04
   0.225100E+03   0.154443E+04   0.627737E+02   0.899527E+05   0.369085E+04
   0.225200E+03   0.154443E+04   0.627753E+02   0.899529E+05   0.369082E+04
   0.225300E+03   0.154444E+04   0.627754E+02   0.899530E+05   0.369081E+04
   0.225400E+03   0.154444E+04   0.627724E+02   0.899531E+05   0.369082E+04
   0.225500E+03   0.154444E+04   0.627727E+02   0.899533E+05   0.369080E+04
   0.225600E+03   0.154444E+04   0.627743E+02   0.899534E+05   0.369079E+04
   0.225700E+03   0.154444E+04   0.627747E+02   0.899536E+05   0.369076E+04
   0.225800E+03   0.154444E+04   0.627753E+02   0.899537E+05   0.369077E+04
   0.225900E+03   0.154445E+04   0.627726E+02   0.899538E+05   0.369075E+04
   0.226000E+03   0.154445E+04   0.627744E+02   0.899540E+05   0.369074E+04
   0.226100E+03   0.154445E+04   0.627739E+02   0.899541E+05   0.369075E+04
   0.226200E+03   0.154445E+04   0.627743E+02   0.899542E+05   0.369073E+04
   0.226300E+03   0.154445E+04   0.627747E+02   0.899543E+05   0.369072E+04
   0.226400E+03   0.154446E+04   0.627735E+02   0.899545E+05   0.369074E+04
   0.226500E+03   0.154446E+04   0.627735E+02   0.899546E+05   0.369071E+04
   0.226600E+03   0.154446E+04   0.627735E+02   0.899547E+05   0.369069E+04
   0.226700E+03   0.154446E+04   0.627735E+02   0.899549E+05   0.369069E+04
   0.226800E+03   0.154446E+04   0.627747E+02   0.899550E+05   0.369068E+04
   0.226900E+03   0.154446E+04   0.627735E+02   0.899551E+05   0.369066E+04
   0.227000E+03   0.154446E+04   0.627739E+02   0.899552E+05   0.369067E+04
   0.227100E+03   0.154446E+04   0.627739E+02   0.899554E+05   0.369064E+04
   0.227200E+03   0.154447E+04   0.627735E+02   0.899555E+05   0.369066E+04
   0.227300E+03   0.154447E+04   0.627746E+02   0.899557E+05   0.369064E+04
   0.227400E+03   0.154447E+04   0.627723E+02   0.899558E+05   0.369063E+04
   0.227500E+03   0.154447E+04   0.627732E+02   0.899559E+05   0.369064E+04
   0.227600E+03   0.154447E+04   0.627733E+02   0.899560E+05   0.369060E+04
   0.227700E+03   0.154448E+04   0.627727E+02   0.899562E+05   0.369061E+04
   0.227800E+03   0.154448E+04   0.627750E+02   0.899563E+05   0.369059E+04
   0.227900E+03   0.154448E+04   0.627728E+02   0.899564E+05   0.369058E+04
   0.228000E+03   0.154448E+04   0.627728E+02   0.899565E+05   0.369059E+04
   0.228100E+03   0.154448E+04   0.627723E+02   0.899566E+05   0.369056E+04
   0.228200E+03   0.154448E+04   0.627726E+02   0.899568E+05   0.369057E+04
   0.228300E+03   0.154448E+04   0.627742E+02   0.899569E+05   0.369055E+04
   0.228400E+03   0.154448E+04   0.627726E+02   0.899570E+05   0.369055E+04
   0.228500E+03   0.154449E+04   0.627718E+02   0.899571E+05   0.369053E+04
   0.228600E+03   0.154449E+04   0.627721E+02   0.899573E+05   0.369053E+04
   0.228700E+03   0.154449E+04   0.627732E+02   0.899574E+05   0.369053E+04
   0.228800E+03   0.154449E+04   0.627738E+02   0.899575E+05   0.369050E+04
   0.228900E+03   0.154449E+04   0.627716E+02   0.899576E+05   0.369050E+04
   0.229000E+03   0.154449E+04   0.627724E+02   0.899578E+05   0.369048E+04
   0.229100E+03   0.154449E+04   0.627724E+02   0.899579E+05   0.369048E+04
   0.229200E+03   0.154450E+04   0.627736E+02   0.899580E+05   0.369046E+04
   0.229300E+03   0.154450E+04   0.627729E+02   0.899581E+05   0.369047E+04
   0.229400E+03   0.154450E+04   0.627729E+02   0.899582E+05   0.369044E+04
   0.229500E+03   0.154450E+04   0.627709E+02   0.899583E+05   0.369045E+04
   0.229600E+03   0.154450E+04   0.627709E+02   0.899585E+05   0.369043E+04
   0.229700E+03   0.154450E+04   0.627728E+02   0.899586E+05   0.369044E+04
   0.229800E+03   0.154450E+04   0.627728E+02   0.899587E+05   0.369044E+04
   0.229900E+03   0.154450E+04   0.627739E+02   0.899588E+05   0.369043E+04
   0.230000E+03   0.154451E+04   0.627716E+02   0.899589E+05   0.369041E+04
   0.230100E+03   0.154451E+04   0.627714E+02   0.899590E+05   0.369040E+04
   0.230200E+03   0.154451E+04   0.627717E+02   0.899591E+05   0.369041E+04
   0.230300E+03   0.154451E+04   0.627717E+02   0.899593E+05   0.369038E+04
   0.230400E+03   0.154451E+04   0.627720E+02   0.899594E+05   0.369039E+04
   0.230500E+03   0.154451E+04   0.627728E+02   0.899595E+05   0.369036E+04
   0.230600E+03   0.154452E+04   0.627710E+02   0.899596E+05   0.369037E+04
   0.230700E+03   0.154452E+04   0.627720E+02   0.899597E+05   0.369038E+04
   0.230800E+03   0.154452E+04   0.627720E+02   0.899598E+05   0.369035E+04
   0.230900E+03   0.154452E+04   0.627720E+02   0.899599E+05   0.369035E+04
   0.231000E+03   0.154452E+04   0.627715E+02   0.899601E+05   0.369033E+04
   0.231100E+03   0.154452E+04   0.627721E+02   0.899602E+05   0.369033E+04
   0.231200E+03   0.154452E+04   0.627714E+02   0.899603E+05   0.369032E+04
   0.231300E+03   0.154453E+04   0.627717E+02   0.899604E+05   0.369031E+04
   0.231400E+03   0.154453E+04   0.627720E+02   0.899605E+05   0.369032E+04
   0.231500E+03   0.154453E+04   0.627720E+02   0.899606E+05   0.369029E+04
   0.231600E+03   0.154453E+04   0.627720E+02   0.899607E+05   0.369029E+04
   0.231700E+03   0.154453E+04   0.627714E+02   0.899608E+05   0.369028E+04
   0.231800E+03   0.154453E+04   0.627709E+02   0.899609E+05   0.369027E+04
   0.231900E+03   0.154453E+04   0.627701E+02   0.899610E+05   0.369027E+04
   0.232000E+03   0.154453E+04   0.627703E+02   0.899611E+05   0.369024E+04
   0.232100E+03   0.154453E+04   0.627711E+02   0.899612E+05   0.369024E+04
   0.232200E+03   0.154453E+04   0.627715E+02   0.899614E+05   0.369025E+04
   0.232300E+03   0.154454E+04   0.627709E+02   0.899615E+05   0.369022E+04
   0.232400E+03   0.154454E+04   0.627709E+02   0.899616E+05   0.369023E+04
   0.232500E+03   0.154454E+04   0.627709E+02   0.899617E+05   0.369022E+04
   0.232600E+03   0.154454E+04   0.627709E+02   0.899618E+05   0.369020E+04
   0.232700E+03   0.154454E+04   0.627709E+02   0.899619E+05   0.369019E+04
   0.232800E+03   0.154454E+04   0.627720E+02   0.899620E+05   0.369020E+04
   0.232900E+03   0.154455E+04   0.627700E+02   0.899621E+05   0.369017E+04
   0.233000E+03   0.154455E+04   0.627700E+02   0.899622E+05   0.369019E+04
   0.233100E+03   0.154455E+04   0.627703E+02   0.899623E+05   0.369018E+04
   0.233200E+03   0.154455E+04   0.627703E+02   0.899624E+05   0.369019E+04
   0.233300E+03   0.154455E+04   0.627706E+02   0.899625E+05   0.369016E+04
   0.233400E+03   0.154455E+04   0.627717E+02   0.899626E+05   0.369016E+04
   0.233500E+03   0.154455E+04   0.627713E+02   0.899627E+05   0.369016E+04
   0.233600E+03   0.154455E+04   0.627697E+02   0.899628E+05   0.369014E+04
   0.233700E+03   0.154455E+04   0.627705E+02   0.899629E+05   0.369013E+04
   0.233800E+03   0.154455E+04   0.627705E+02   0.899630E+05   0.369013E+04
   0.233900E+03   0.154455E+04   0.627698E+02   0.899631E+05   0.369013E+04
   0.234000E+03   0.154456E+04   0.627714E+02   0.899632E+05   0.369010E+04
   0.234100E+03   0.154456E+04   0.627714E+02   0.899633E+05   0.369011E+04
   0.234200E+03   0.154456E+04   0.627692E+02   0.899634E+05   0.369011E+04
   0.234300E+03   0.154456E+04   0.627692E+02   0.899635E+05   0.369011E+04
   0.234400E+03   0.154456E+04   0.627695E+02   0.899636E+05   0.369009E+04
   0.234500E+03   0.154456E+04   0.627711E+02   0.899637E+05   0.369007E+04
   0.234600E+03   0.154456E+04   0.627714E+02   0.899638E+05   0.369008E+04
   0.234700E+03   0.154456E+04   0.627714E+02   0.899639E+05   0.369008E+04
   0.234800E+03   0.154457E+04   0.627710E+02   0.899640E+05   0.369005E+04
   0.234900E+03   0.154457E+04   0.627690E+02   0.899641E+05   0.369005E+04
   0.235000E+03   0.154457E+04   0.627692E+02   0.899642E+05   0.369004E+04
   0.235100E+03   0.154457E+04   0.627708E+02   0.899643E+05   0.369005E+04
   0.235200E+03   0.154457E+04   0.627703E+02   0.899644E+05   0.369004E+04
   0.235300E+03   0.154457E+04   0.627703E+02   0.899645E+05   0.369001E+04
   0.235400E+03   0.154457E+04   0.627703E+02   0.899646E+05   0.369003E+04
   0.235500E+03   0.154457E+04   0.627683E+02   0.899646E+05   0.369001E+04
   0.235600E+03   0.154458E+04   0.627691E+02   0.899647E+05   0.369001E+04
   0.235700E+03   0.154458E+04   0.627707E+02   0.899648E+05   0.369002E+04
   0.235800E+03   0.154458E+04   0.627706E+02   0.899649E+05   0.368998E+04
   0.235900E+03   0.154458E+04   0.627706E+02   0.899650E+05   0.368998E+04
   0.236000E+03   0.154458E+04   0.627698E+02   0.899651E+05   0.368998E+04
   0.236100E+03   0.154458E+04   0.627696E+02   0.899652E+05   0.368998E+04
   0.236200E+03   0.154458E+04   0.627673E+02   0.899653E+05   0.368997E+04
   0.236300E+03   0.154458E+04   0.627696E+02   0.899654E+05   0.368998E+04
   0.236400E+03   0.154459E+04   0.627691E+02   0.899655E+05   0.368995E+04
   0.236500E+03   0.154459E+04   0.627699E+02   0.899656E+05   0.368994E+04
   0.236600E+03   0.154459E+04   0.627702E+02   0.899656E+05   0.368993E+04
   0.236700E+03   0.154459E+04   0.627702E+02   0.899657E+05   0.368994E+04
   0.236800E+03   0.154459E+04   0.627706E+02   0.899658E+05   0.368993E+04
   0.236900E+03   0.154459E+04   0.627683E+02   0.899659E+05   0.368993E+04
   0.237000E+03   0.154459E+04   0.627699E+02   0.899660E+05   0.368991E+04
   0.237100E+03   0.154459E+04   0.627687E+02   0.899661E+05   0.368991E+04
   0.237200E+03   0.154459E+04   0.627687E+02   0.899662E+05   0.368990E+04
   0.237300E+03   0.154459E+04   0.627688E+02   0.899663E+05   0.368988E+04
   0.237400E+03   0.154459E+04   0.627684E+02   0.899664E+05   0.368990E+04
   0.237500E+03   0.154460E+04   0.627693E+02   0.899664E+05   0.368989E+04
   0.237600E+03   0.154460E+04   0.627708E+02   0.899665E+05   0.368988E+04
   0.237700E+03   0.154460E+04   0.627681E+02   0.899666E+05   0.368988E+04
   0.237800E+03   0.154460E+04   0.627691E+02   0.899667E+05   0.368988E+04
   0.237900E+03   0.154460E+04   0.627694E+02   0.899668E+05   0.368985E+04
   0.238000E+03   0.154460E+04   0.627694E+02   0.899669E+05   0.368984E+04
   0.238100E+03   0.154460E+04   0.627694E+02   0.899670E+05   0.368984E+04
   0.238200E+03   0.154460E+04   0.627687E+02   0.899671E+05   0.368984E+04
   0.238300E+03   0.154460E+04   0.627703E+02   0.899671E+05   0.368984E+04
   0.238400E+03   0.154461E+04   0.627675E+02   0.899672E+05   0.368983E+04
   0.238500E+03   0.154461E+04   0.627685E+02   0.899673E+05   0.368982E+04
   0.238600E+03   0.154461E+04   0.627685E+02   0.899674E+05   0.368981E+04
   0.238700E+03   0.154461E+04   0.627685E+02   0.899675E+05   0.368982E+04
   0.238800E+03   0.154461E+04   0.627689E+02   0.899676E+05   0.368982E+04
   0.238900E+03   0.154461E+04   0.627685E+02   0.899676E+05   0.368980E+04
   0.239000E+03   0.154461E+04   0.627701E+02   0.899677E+05   0.368980E+04
   0.239100E+03   0.154461E+04   0.627698E+02   0.899678E+05   0.368979E+04
   0.239200E+03   0.154461E+04   0.627676E+02   0.899679E+05   0.368980E+04
   0.239300E+03   0.154461E+04   0.627676E+02   0.899680E+05   0.368979E+04
   0.239400E+03   0.154461E+04   0.627683E+02   0.899680E+05   0.368976E+04
   0.239500E+03   0.154462E+04   0.627675E+02   0.899681E+05   0.368975E+04
   0.239600E+03   0.154462E+04   0.627683E+02   0.899682E+05   0.368974E+04
   0.239700E+03   0.154462E+04   0.627699E+02   0.899683E+05   0.368974E+04
   0.239800E+03   0.154462E+04   0.627696E+02   0.899684E+05   0.368974E+04
   0.239900E+03   0.154462E+04   0.627677E+02   0.899684E+05   0.368974E+04
   0.240000E+03   0.154462E+04   0.627677E+02   0.899685E+05   0.368973E+04
   0.240100E+03   0.154462E+04   0.627677E+02   0.899686E+05   0.368972E+04
   0.240200E+03   0.154462E+04   0.627677E+02   0.899687E+05   0.368971E+04
   0.240300E+03   0.154462E+04   0.627677E+02   0.899688E+05   0.368971E+04
   0.240400E+03   0.154462E+04   0.627689E+02   0.899688E+05   0.368969E+04
   0.240500E+03   0.154462E+04   0.627687E+02   0.899689E+05   0.368970E+04
   0.240600E+03   0.154462E+04   0.627687E+02   0.899690E+05   0.368969E+04
   0.240700E+03   0.154463E+04   0.627687E+02   0.899691E+05   0.368969E+04
   0.240800E+03   0.154463E+04   0.627665E+02   0.899691E+05   0.368968E+04
   0.240900E+03   0.154463E+04   0.627665E+02   0.899692E+05   0.368967E+04
   0.241000E+03   0.154463E+04   0.627665E+02   0.899693E+05   0.368966E+04
   0.241100E+03   0.154463E+04   0.627693E+02   0.899694E+05   0.368966E+04
   0.241200E+03   0.154463E+04   0.627693E+02   0.899695E+05   0.368966E+04
   0.241300E+03   0.154463E+04   0.627688E+02   0.899695E+05   0.368964E+04
   0.241400E+03   0.154463E+04   0.627688E+02   0.899696E+05   0.368964E+04
   0.241500E+03   0.154463E+04   0.627688E+02   0.899697E+05   0.368967E+04
   0.241600E+03   0.154463E+04   0.627666E+02   0.899697E+05   0.368966E+04
   0.241700E+03   0.154463E+04   0.627666E+02   0.899698E+05   0.368965E+04
   0.241800E+03   0.154463E+04   0.627666E+02   0.899699E+05   0.368964E+04
   0.241900E+03   0.154464E+04   0.627693E+02   0.899700E+05   0.368964E+04
   0.242000E+03   0.154464E+04   0.627693E+02   0.899700E+05   0.368962E+04
   0.242100E+03   0.154464E+04   0.627676E+02   0.899701E+05   0.368962E+04
   0.242200E+03   0.154464E+04   0.627676E+02   0.899702E+05   0.368961E+04
   0.242300E+03   0.154464E+04   0.627680E+02   0.899703E+05   0.368960E+04
   0.242400E+03   0.154464E+04   0.627657E+02   0.899703E+05   0.368959E+04
   0.242500E+03   0.154464E+04   0.627659E+02   0.899704E+05   0.368959E+04
   0.242600E+03   0.154464E+04   0.627675E+02   0.899705E+05   0.368958E+04
   0.242700E+03   0.154464E+04   0.627675E+02   0.899706E+05   0.368958E+04
   0.242800E+03   0.154464E+04   0.627675E+02   0.899706E+05   0.368957E+04
   0.242900E+03   0.154465E+04   0.627676E+02   0.899707E+05   0.368956E+04
   0.243000E+03   0.154465E+04   0.627676E+02   0.899708E+05   0.368955E+04
   0.243100E+03   0.154465E+04   0.627685E+02   0.899708E+05   0.368957E+04
   0.243200E+03   0.154465E+04   0.627685E+02   0.899709E+05   0.368956E+04
   0.243300E+03   0.154465E+04   0.627662E+02   0.899710E+05   0.368956E+04
   0.243400E+03   0.154465E+04   0.627681E+02   0.899711E+05   0.368956E+04
   0.243500E+03   0.154465E+04   0.627677E+02   0.899711E+05   0.368955E+04
   0.243600E+03   0.154465E+04   0.627677E+02   0.899712E+05   0.368954E+04
   0.243700E+03   0.154465E+04   0.627672E+02   0.899712E+05   0.368953E+04
   0.243800E+03   0.154465E+04   0.627668E+02   0.899713E+05   0.368952E+04
   0.243900E+03   0.154465E+04   0.627668E+02   0.899714E+05   0.368951E+04
   0.244000E+03   0.154465E+04   0.627670E+02   0.899714E+05   0.368954E+04
   0.244100E+03   0.154465E+04   0.627670E+02   0.899715E+05   0.368952E+04
   0.244200E+03   0.154466E+04   0.627663E+02   0.899716E+05   0.368952E+04
   0.244300E+03   0.154466E+04   0.627663E+02   0.899717E+05   0.368950E+04
   0.244400E+03   0.154466E+04   0.627672E+02   0.899717E+05   0.368949E+04
   0.244500E+03   0.154466E+04   0.627666E+02   0.899718E+05   0.368948E+04
   0.244600E+03   0.154466E+04   0.627666E+02   0.899719E+05   0.368948E+04
   0.244700E+03   0.154466E+04   0.627666E+02   0.899719E+05   0.368946E+04
   0.244800E+03   0.154466E+04   0.627677E+02   0.899720E+05   0.368948E+04
   0.244900E+03   0.154466E+04   0.627677E+02   0.899720E+05   0.368947E+04
   0.245000E+03   0.154466E+04   0.627672E+02   0.899721E+05   0.368946E+04
   0.245100E+03   0.154466E+04   0.627688E+02   0.899722E+05   0.368946E+04
   0.245200E+03   0.154466E+04   0.627666E+02   0.899723E+05   0.368945E+04
   0.245300E+03   0.154466E+04   0.627666E+02   0.899723E+05   0.368944E+04
   0.245400E+03   0.154467E+04   0.627660E+02   0.899724E+05   0.368946E+04
   0.245500E+03   0.154467E+04   0.627660E+02   0.899724E+05   0.368944E+04
   0.245600E+03   0.154467E+04   0.627662E+02   0.899725E+05   0.368944E+04
   0.245700E+03   0.154467E+04   0.627666E+02   0.899726E+05   0.368943E+04
   0.245800E+03   0.154467E+04   0.627666E+02   0.899726E+05   0.368943E+04
   0.245900E+03   0.154467E+04   0.627682E+02   0.899727E+05   0.368942E+04
   0.246000E+03   0.154467E+04   0.627682E+02   0.899728E+05   0.368943E+04
   0.246100E+03   0.154467E+04   0.627682E+02   0.899728E+05   0.368943E+04
   0.246200E+03   0.154467E+04   0.627664E+02   0.899729E+05   0.368941E+04
   0.246300E+03   0.154467E+04   0.627659E+02   0.899730E+05   0.368940E+04
   0.246400E+03   0.154467E+04   0.627659E+02   0.899730E+05   0.368939E+04
   0.246500E+03   0.154467E+04   0.627659E+02   0.899731E+05   0.368941E+04
   0.246600E+03   0.154467E+04   0.627651E+02   0.899731E+05   0.368940E+04
   0.246700E+03   0.154467E+04   0.627654E+02   0.899732E+05   0.368938E+04
   0.246800E+03   0.154468E+04   0.627670E+02   0.899733E+05   0.368938E+04
   0.246900E+03   0.154468E+04   0.627676E+02   0.899733E+05   0.368937E+04
   0.247000E+03   0.154468E+04   0.627676E+02   0.899734E+05   0.368939E+04
   0.247100E+03   0.154468E+04   0.627676E+02   0.899735E+05   0.368939E+04
   0.247200E+03   0.154468E+04   0.627657E+02   0.899735E+05   0.368936E+04
   0.247300E+03   0.154468E+04   0.627659E+02   0.899736E+05   0.368936E+04
   0.247400E+03   0.154468E+04   0.627659E+02   0.899736E+05   0.368934E+04
   0.247500E+03   0.154468E+04   0.627659E+02   0.899737E+05   0.368936E+04
   0.247600E+03   0.154468E+04   0.627663E+02   0.899738E+05   0.368934E+04
   0.247700E+03   0.154468E+04   0.627663E+02   0.899738E+05   0.368933E+04
   0.247800E+03   0.154468E+04   0.627675E+02   0.899739E+05   0.368934E+04
   0.247900E+03   0.154468E+04   0.627675E+02   0.899739E+05   0.368935E+04
   0.248000E+03   0.154468E+04   0.627675E+02   0.899740E+05   0.368933E+04
   0.248100E+03   0.154468E+04   0.627669E+02   0.899740E+05   0.368931E+04
   0.248200E+03   0.154469E+04   0.627647E+02   0.899741E+05   0.368930E+04
   0.248300E+03   0.154469E+04   0.627639E+02   0.899741E+05   0.368932E+04
   0.248400E+03   0.154469E+04   0.627639E+02   0.899742E+05   0.368931E+04
   0.248500E+03   0.154469E+04   0.627642E+02   0.899743E+05   0.368930E+04
   0.248600E+03   0.154469E+04   0.627642E+02   0.899743E+05   0.368930E+04
   0.248700E+03   0.154469E+04   0.627666E+02   0.899744E+05   0.368931E+04
   0.248800E+03   0.154469E+04   0.627666E+02   0.899744E+05   0.368929E+04
   0.248900E+03   0.154469E+04   0.627666E+02   0.899745E+05   0.368928E+04
   0.249000E+03   0.154469E+04   0.627666E+02   0.899746E+05   0.368927E+04
   0.249100E+03   0.154469E+04   0.627663E+02   0.899746E+05   0.368930E+04
   0.249200E+03   0.154469E+04   0.627667E+02   0.899747E+05   0.368928E+04
   0.249300E+03   0.154470E+04   0.627651E+02   0.899747E+05   0.368926E+04
   0.249400E+03   0.154470E+04   0.627651E+02   0.899748E+05   0.368925E+04
   0.249500E+03   0.154470E+04   0.627651E+02   0.899748E+05   0.368927E+04
   0.249600E+03   0.154470E+04   0.627651E+02   0.899749E+05   0.368925E+04
   0.249700E+03   0.154470E+04   0.627667E+02   0.899750E+05   0.368925E+04
   0.249800E+03   0.154470E+04   0.627667E+02   0.899750E+05   0.368926E+04
   0.249900E+03   0.154470E+04   0.627667E+02   0.899751E+05   0.368924E+04
   0.250000E+03   0.154470E+04   0.627663E+02   0.899751E+05   0.368923E+04
   0.250100E+03   0.154470E+04   0.627650E+02   0.899752E+05   0.368922E+04
   0.250200E+03   0.154470E+04   0.627650E+02   0.899752E+05   0.368924E+04
   0.250300E+03   0.154470E+04   0.627658E+02   0.899753E+05   0.368924E+04
   0.250400E+03   0.154470E+04   0.627661E+02   0.899753E+05   0.368920E+04
   0.250500E+03   0.154470E+04   0.627639E+02   0.899754E+05   0.368923E+04
   0.250600E+03   0.154470E+04   0.627639E+02   0.899754E+05   0.368922E+04
   0.250700E+03   0.154470E+04   0.627655E+02   0.899755E+05   0.368921E+04
   0.250800E+03   0.154470E+04   0.627659E+02   0.899756E+05   0.368923E+04
   0.250900E+03   0.154470E+04   0.627659E+02   0.899756E+05   0.368920E+04
   0.251000E+03   0.154470E+04   0.627661E+02   0.899757E+05   0.368920E+04
   0.251100E+03   0.154470E+04   0.627661E+02   0.899757E+05   0.368921E+04
   0.251200E+03   0.154471E+04   0.627655E+02   0.899758E+05   0.368920E+04
   0.251300E+03   0.154471E+04   0.627655E+02   0.899758E+05   0.368917E+04
   0.251400E+03   0.154471E+04   0.627655E+02   0.899759E+05   0.368919E+04
   0.251500E+03   0.154471E+04   0.627655E+02   0.899759E+05   0.368919E+04
   0.251600E+03   0.154471E+04   0.627655E+02   0.899760E+05   0.368917E+04
   0.251700E+03   0.154471E+04   0.627633E+02   0.899760E+05   0.368919E+04
   0.251800E+03   0.154471E+04   0.627656E+02   0.899761E+05   0.368917E+04
   0.251900E+03   0.154471E+04   0.627664E+02   0.899761E+05   0.368915E+04
   0.252000E+03   0.154471E+04   0.627656E+02   0.899762E+05   0.368918E+04
   0.252100E+03   0.154471E+04   0.627656E+02   0.899762E+05   0.368916E+04
   0.252200E+03   0.154471E+04   0.627656E+02   0.899763E+05   0.368914E+04
   0.252300E+03   0.154471E+04   0.627651E+02   0.899763E+05   0.368916E+04
   0.252400E+03   0.154471E+04   0.627651E+02   0.899764E+05   0.368915E+04
   0.252500E+03   0.154471E+04   0.627647E+02   0.899764E+05   0.368913E+04
   0.252600E+03   0.154472E+04   0.627653E+02   0.899765E+05   0.368915E+04
   0.252700E+03   0.154472E+04   0.627653E+02   0.899765E+05   0.368914E+04
   0.252800E+03   0.154472E+04   0.627653E+02   0.899766E+05   0.368912E+04
   0.252900E+03   0.154472E+04   0.627647E+02   0.899766E+05   0.368913E+04
   0.253000E+03   0.154472E+04   0.627647E+02   0.899767E+05   0.368912E+04
   0.253100E+03   0.154472E+04   0.627649E+02   0.899767E+05   0.368911E+04
   0.253200E+03   0.154472E+04   0.627649E+02   0.899768E+05   0.368911E+04
   0.253300E+03   0.154472E+04   0.627649E+02   0.899768E+05   0.368910E+04
   0.253400E+03   0.154472E+04   0.627649E+02   0.899768E+05   0.368912E+04
   0.253500E+03   0.154472E+04   0.627644E+02   0.899769E+05   0.368910E+04
   0.253600E+03   0.154472E+04   0.627644E+02   0.899769E+05   0.368909E+04
   0.253700E+03   0.154472E+04   0.627644E+02   0.899770E+05   0.368910E+04
   0.253800E+03   0.154472E+04   0.627652E+02   0.899770E+05   0.368909E+04
   0.253900E+03   0.154472E+04   0.627652E+02   0.899771E+05   0.368907E+04
   0.254000E+03   0.154472E+04   0.627668E+02   0.899771E+05   0.368909E+04
   0.254100E+03   0.154472E+04   0.627660E+02   0.899772E+05   0.368908E+04
   0.254200E+03   0.154472E+04   0.627638E+02   0.899772E+05   0.368907E+04
   0.254300E+03   0.154472E+04   0.627638E+02   0.899773E+05   0.368907E+04
   0.254400E+03   0.154472E+04   0.627642E+02   0.899773E+05   0.368906E+04
   0.254500E+03   0.154472E+04   0.627642E+02   0.899774E+05   0.368908E+04
   0.254600E+03   0.154472E+04   0.627642E+02   0.899774E+05   0.368905E+04
   0.254700E+03   0.154473E+04   0.627643E+02   0.899774E+05   0.368907E+04
   0.254800E+03   0.154473E+04   0.627643E+02   0.899775E+05   0.368906E+04
   0.254900E+03   0.154473E+04   0.627646E+02   0.899776E+05   0.368904E+04
   0.255000E+03   0.154473E+04   0.627646E+02   0.899776E+05   0.368905E+04
   0.255100E+03   0.154473E+04   0.627646E+02   0.899776E+05   0.368904E+04
   0.255200E+03   0.154473E+04   0.627658E+02   0.899777E+05   0.368904E+04
   0.255300E+03   0.154473E+04   0.627658E+02   0.899777E+05   0.368904E+04
   0.255400E+03   0.154473E+04   0.627660E+02   0.899778E+05   0.368903E+04
   0.255500E+03   0.154473E+04   0.627660E+02   0.899778E+05   0.368902E+04
   0.255600E+03   0.154473E+04   0.627637E+02   0.899779E+05   0.368902E+04
   0.255700E+03   0.154473E+04   0.627646E+02   0.899779E+05   0.368904E+04
   0.255800E+03   0.154473E+04   0.627646E+02   0.899779E+05   0.368901E+04
   0.255900E+03   0.154473E+04   0.627640E+02   0.899780E+05   0.368903E+04
   0.256000E+03   0.154473E+04   0.627640E+02   0.899781E+05   0.368902E+04
   0.256100E+03   0.154473E+04   0.627640E+02   0.899781E+05   0.368900E+04
   0.256200E+03   0.154473E+04   0.627640E+02   0.899781E+05   0.368901E+04
   0.256300E+03   0.154473E+04   0.627640E+02   0.899782E+05   0.368898E+04
   0.256400E+03   0.154474E+04   0.627637E+02   0.899782E+05   0.368901E+04
   0.256500E+03   0.154474E+04   0.627652E+02   0.899782E+05   0.368900E+04
   0.256600E+03   0.154474E+04   0.627652E+02   0.899783E+05   0.368899E+04
   0.256700E+03   0.154474E+04   0.627652E+02   0.899784E+05   0.368899E+04
   0.256800E+03   0.154474E+04   0.627652E+02   0.899784E+05   0.368900E+04
   0.256900E+03   0.154474E+04   0.627652E+02   0.899784E+05   0.368898E+04
   0.257000E+03   0.154474E+04   0.627630E+02   0.899785E+05   0.368897E+04
   0.257100E+03   0.154474E+04   0.627630E+02   0.899785E+05   0.368898E+04
   0.257200E+03   0.154474E+04   0.627625E+02   0.899786E+05   0.368896E+04
   0.257300E+03   0.154474E+04   0.627625E+02   0.899786E+05   0.368898E+04
   0.257400E+03   0.154474E+04   0.627628E+02   0.899786E+05   0.368895E+04
   0.257500E+03   0.154474E+04   0.627628E+02   0.899787E+05   0.368897E+04
   0.257600E+03   0.154474E+04   0.627628E+02   0.899787E+05   0.368896E+04
   0.257700E+03   0.154474E+04   0.627628E+02   0.899788E+05   0.368896E+04
   0.257800E+03   0.154474E+04   0.627652E+02   0.899788E+05   0.368895E+04
   0.257900E+03   0.154474E+04   0.627661E+02   0.899788E+05   0.368896E+04
   0.258000E+03   0.154474E+04   0.627661E+02   0.899789E+05   0.368894E+04
   0.258100E+03   0.154474E+04   0.627661E+02   0.899789E+05   0.368895E+04
   0.258200E+03   0.154474E+04   0.627656E+02   0.899790E+05   0.368895E+04
   0.258300E+03   0.154474E+04   0.627656E+02   0.899790E+05   0.368893E+04
   0.258400E+03   0.154474E+04   0.627656E+02   0.899790E+05   0.368893E+04
   0.258500E+03   0.154474E+04   0.627634E+02   0.899791E+05   0.368892E+04
   0.258600E+03   0.154475E+04   0.627633E+02   0.899791E+05   0.368894E+04
   0.258700E+03   0.154475E+04   0.627633E+02   0.899792E+05   0.368892E+04
   0.258800E+03   0.154475E+04   0.627633E+02   0.899792E+05   0.368892E+04
   0.258900E+03   0.154475E+04   0.627633E+02   0.899792E+05   0.368890E+04
   0.259000E+03   0.154475E+04   0.627625E+02   0.899793E+05   0.368892E+04
   0.259100E+03   0.154475E+04   0.627625E+02   0.899793E+05   0.368891E+04
   0.259200E+03   0.154475E+04   0.627641E+02   0.899793E+05   0.368890E+04
   0.259300E+03   0.154475E+04   0.627641E+02   0.899794E+05   0.368890E+04
   0.259400E+03   0.154475E+04   0.627641E+02   0.899794E+05   0.368890E+04
   0.259500E+03   0.154475E+04   0.627641E+02   0.899795E+05   0.368890E+04
   0.259600E+03   0.154475E+04   0.627641E+02   0.899795E+05   0.368889E+04
   0.259700E+03   0.154475E+04   0.627641E+02   0.899795E+05   0.368888E+04
   0.259800E+03   0.154475E+04   0.627641E+02   0.899796E+05   0.368890E+04
   0.259900E+03   0.154475E+04   0.627641E+02   0.899796E+05   0.368888E+04
   0.260000E+03   0.154475E+04   0.627636E+02   0.899796E+05   0.368889E+04
   0.260100E+03   0.154475E+04   0.627622E+02   0.899797E+05   0.368886E+04
   0.260200E+03   0.154475E+04   0.627625E+02   0.899797E+05   0.368888E+04
   0.260300E+03   0.154475E+04   0.627625E+02   0.899798E+05   0.368886E+04
   0.260400E+03   0.154475E+04   0.627625E+02   0.899798E+05   0.368888E+04
   0.260500E+03   0.154475E+04   0.627625E+02   0.899798E+05   0.368885E+04
   0.260600E+03   0.154475E+04   0.627640E+02   0.899798E+05   0.368886E+04
   0.260700E+03   0.154475E+04   0.627642E+02   0.899799E+05   0.368886E+04
   0.260800E+03   0.154475E+04   0.627642E+02   0.899800E+05   0.368886E+04
   0.260900E+03   0.154475E+04   0.627642E+02   0.899800E+05   0.368885E+04
   0.261000E+03   0.154476E+04   0.627646E+02   0.899800E+05   0.368885E+04
   0.261100E+03   0.154476E+04   0.627646E+02   0.899800E+05   0.368886E+04
   0.261200E+03   0.154476E+04   0.627646E+02   0.899801E+05   0.368884E+04
   0.261300E+03   0.154476E+04   0.627646E+02   0.899801E+05   0.368886E+04
   0.261400E+03   0.154476E+04   0.627646E+02   0.899802E+05   0.368883E+04
   0.261500E+03   0.154476E+04   0.627646E+02   0.899802E+05   0.368885E+04
   0.261600E+03   0.154476E+04   0.627648E+02   0.899802E+05   0.368883E+04
   0.261700E+03   0.154476E+04   0.627643E+02   0.899803E+05   0.368884E+04
   0.261800E+03   0.154476E+04   0.627613E+02   0.899803E+05   0.368881E+04
   0.261900E+03   0.154476E+04   0.627613E+02   0.899803E+05   0.368883E+04
   0.262000E+03   0.154476E+04   0.627613E+02   0.899804E+05   0.368882E+04
   0.262100E+03   0.154476E+04   0.627629E+02   0.899804E+05   0.368882E+04
   0.262200E+03   0.154476E+04   0.627629E+02   0.899804E+05   0.368882E+04
   0.262300E+03   0.154476E+04   0.627629E+02   0.899805E+05   0.368881E+04
   0.262400E+03   0.154476E+04   0.627629E+02   0.899805E+05   0.368882E+04
   0.262500E+03   0.154476E+04   0.627629E+02   0.899806E+05   0.368881E+04
   0.262600E+03   0.154476E+04   0.627638E+02   0.899806E+05   0.368883E+04
   0.262700E+03   0.154476E+04   0.627638E+02   0.899806E+05   0.368880E+04
   0.262800E+03   0.154476E+04   0.627638E+02   0.899806E+05   0.368881E+04
   0.262900E+03   0.154476E+04   0.627638E+02   0.899807E+05   0.368878E+04
   0.263000E+03   0.154476E+04   0.627638E+02   0.899807E+05   0.368881E+04
   0.263100E+03   0.154476E+04   0.627638E+02   0.899807E+05   0.368879E+04
   0.263200E+03   0.154476E+04   0.627632E+02   0.899808E+05   0.368880E+04
   0.263300E+03   0.154476E+04   0.627632E+02   0.899808E+05   0.368879E+04
   0.263400E+03   0.154476E+04   0.627635E+02   0.899808E+05   0.368879E+04
   0.263500E+03   0.154476E+04   0.627635E+02   0.899809E+05   0.368879E+04
   0.263600E+03   0.154477E+04   0.627639E+02   0.899809E+05   0.368878E+04
   0.263700E+03   0.154477E+04   0.627633E+02   0.899809E+05   0.368879E+04
   0.263800E+03   0.154477E+04   0.627635E+02   0.899810E+05   0.368877E+04
   0.263900E+03   0.154477E+04   0.627635E+02   0.899810E+05   0.368876E+04
   0.264000E+03   0.154477E+04   0.627635E+02   0.899810E+05   0.368879E+04
   0.264100E+03   0.154477E+04   0.627635E+02   0.899811E+05   0.368877E+04
   0.264200E+03   0.154477E+04   0.627635E+02   0.899811E+05   0.368878E+04
   0.264300E+03   0.154477E+04   0.627635E+02   0.899811E+05   0.368874E+04
   0.264400E+03   0.154477E+04   0.627635E+02   0.899812E+05   0.368877E+04
   0.264500E+03   0.154477E+04   0.627635E+02   0.899812E+05   0.368875E+04
   0.264600E+03   0.154477E+04   0.627635E+02   0.899812E+05   0.368875E+04
   0.264700E+03   0.154477E+04   0.627635E+02   0.899813E+05   0.368876E+04
   0.264800E+03   0.154477E+04   0.627635E+02   0.899813E+05   0.368874E+04
   0.264900E+03   0.154477E+04   0.627622E+02   0.899813E+05   0.368875E+04
   0.265000E+03   0.154477E+04   0.627622E+02   0.899814E+05   0.368873E+04
   0.265100E+03   0.154477E+04   0.627622E+02   0.899814E+05   0.368875E+04
   0.265200E+03   0.154477E+04   0.627622E+02   0.899814E+05   0.368874E+04
   0.265300E+03   0.154477E+04   0.627630E+02   0.899814E+05   0.368874E+04
   0.265400E+03   0.154477E+04   0.627646E+02   0.899815E+05   0.368874E+04
   0.265500E+03   0.154477E+04   0.627646E+02   0.899815E+05   0.368873E+04
   0.265600E+03   0.154477E+04   0.627624E+02   0.899815E+05   0.368873E+04
   0.265700E+03   0.154478E+04   0.627619E+02   0.899816E+05   0.368872E+04
   0.265800E+03   0.154478E+04   0.627619E+02   0.899816E+05   0.368872E+04
   0.265900E+03   0.154478E+04   0.627619E+02   0.899816E+05   0.368873E+04
   0.266000E+03   0.154478E+04   0.627626E+02   0.899816E+05   0.368871E+04
   0.266100E+03   0.154478E+04   0.627626E+02   0.899817E+05   0.368872E+04
   0.266200E+03   0.154478E+04   0.627626E+02   0.899817E+05   0.368873E+04
   0.266300E+03   0.154478E+04   0.627626E+02   0.899817E+05   0.368870E+04
   0.266400E+03   0.154478E+04   0.627626E+02   0.899818E+05   0.368871E+04
   0.266500E+03   0.154478E+04   0.627630E+02   0.899818E+05   0.368869E+04
   0.266600E+03   0.154478E+04   0.627630E+02   0.899818E+05   0.368871E+04
   0.266700E+03   0.154478E+04   0.627625E+02   0.899819E+05   0.368871E+04
   0.266800E+03   0.154478E+04   0.627625E+02   0.899819E+05   0.368869E+04
   0.266900E+03   0.154478E+04   0.627625E+02   0.899819E+05   0.368870E+04
   0.267000E+03   0.154478E+04   0.627628E+02   0.899819E+05   0.368867E+04
   0.267100E+03   0.154478E+04   0.627628E+02   0.899820E+05   0.368870E+04
   0.267200E+03   0.154478E+04   0.627628E+02   0.899820E+05   0.368870E+04
   0.267300E+03   0.154478E+04   0.627644E+02   0.899820E+05   0.368868E+04
   0.267400E+03   0.154478E+04   0.627645E+02   0.899821E+05   0.368868E+04
   0.267500E+03   0.154478E+04   0.627645E+02   0.899821E+05   0.368870E+04
   0.267600E+03   0.154478E+04   0.627645E+02   0.899821E+05   0.368867E+04
   0.267700E+03   0.154478E+04   0.627623E+02   0.899821E+05   0.368868E+04
   0.267800E+03   0.154478E+04   0.627623E+02   0.899822E+05   0.368866E+04
   0.267900E+03   0.154478E+04   0.627623E+02   0.899822E+05   0.368867E+04
   0.268000E+03   0.154478E+04   0.627623E+02   0.899822E+05   0.368868E+04
   0.268100E+03   0.154478E+04   0.627623E+02   0.899822E+05   0.368865E+04
   0.268200E+03   0.154478E+04   0.627623E+02   0.899822E+05   0.368867E+04
   0.268300E+03   0.154478E+04   0.627623E+02   0.899823E+05   0.368867E+04
   0.268400E+03   0.154478E+04   0.627631E+02   0.899823E+05   0.368865E+04
   0.268500E+03   0.154478E+04   0.627624E+02   0.899823E+05   0.368867E+04
   0.268600E+03   0.154479E+04   0.627618E+02   0.899824E+05   0.368864E+04
   0.268700E+03   0.154479E+04   0.627618E+02   0.899824E+05   0.368865E+04
   0.268800E+03   0.154479E+04   0.627618E+02   0.899825E+05   0.368865E+04
   0.268900E+03   0.154479E+04   0.627618E+02   0.899825E+05   0.368865E+04
   0.269000E+03   0.154479E+04   0.627618E+02   0.899825E+05   0.368865E+04
   0.269100E+03   0.154479E+04   0.627618E+02   0.899825E+05   0.368865E+04
   0.269200E+03   0.154479E+04   0.627634E+02   0.899826E+05   0.368864E+04
   0.269300E+03   0.154479E+04   0.627634E+02   0.899826E+05   0.368864E+04
   0.269400E+03   0.154479E+04   0.627634E+02   0.899826E+05   0.368865E+04
   0.269500E+03   0.154479E+04   0.627634E+02   0.899826E+05   0.368863E+04
   0.269600E+03   0.154479E+04   0.627634E+02   0.899826E+05   0.368863E+04
   0.269700E+03   0.154479E+04   0.627638E+02   0.899827E+05   0.368865E+04
   0.269800E+03   0.154479E+04   0.627638E+02   0.899827E+05   0.368862E+04
   0.269900E+03   0.154479E+04   0.627638E+02   0.899827E+05   0.368863E+04
   0.270000E+03   0.154479E+04   0.627616E+02   0.899827E+05   0.368864E+04
   0.270100E+03   0.154479E+04   0.627616E+02   0.899828E+05   0.368861E+04
   0.270200E+03   0.154479E+04   0.627616E+02   0.899828E+05   0.368863E+04
   0.270300E+03   0.154479E+04   0.627616E+02   0.899828E+05   0.368863E+04
   0.270400E+03   0.154479E+04   0.627616E+02   0.899829E+05   0.368861E+04
   0.270500E+03   0.154479E+04   0.627612E+02   0.899829E+05   0.368862E+04
   0.270600E+03   0.154479E+04   0.627612E+02   0.899829E+05   0.368861E+04
   0.270700E+03   0.154479E+04   0.627606E+02   0.899829E+05   0.368861E+04
   0.270800E+03   0.154479E+04   0.627606E+02   0.899830E+05   0.368862E+04
   0.270900E+03   0.154479E+04   0.627606E+02   0.899830E+05   0.368862E+04
   0.271000E+03   0.154479E+04   0.627606E+02   0.899830E+05   0.368860E+04
   0.271100E+03   0.154479E+04   0.627606E+02   0.899830E+05   0.368860E+04
   0.271200E+03   0.154479E+04   0.627609E+02   0.899831E+05   0.368862E+04
   0.271300E+03   0.154479E+04   0.627632E+02   0.899831E+05   0.368859E+04
   0.271400E+03   0.154479E+04   0.627632E+02   0.899831E+05   0.368860E+04
   0.271500E+03   0.154479E+04   0.627632E+02   0.899831E+05   0.368861E+04
   0.271600E+03   0.154479E+04   0.627634E+02   0.899832E+05   0.368858E+04
   0.271700E+03   0.154479E+04   0.627634E+02   0.899832E+05   0.368859E+04
   0.271800E+03   0.154479E+04   0.627634E+02   0.899832E+05   0.368860E+04
   0.271900E+03   0.154479E+04   0.627642E+02   0.899832E+05   0.368857E+04
   0.272000E+03   0.154479E+04   0.627642E+02   0.899833E+05   0.368858E+04
   0.272100E+03   0.154479E+04   0.627642E+02   0.899833E+05   0.368860E+04
   0.272200E+03   0.154479E+04   0.627642E+02   0.899833E+05   0.368857E+04
   0.272300E+03   0.154479E+04   0.627642E+02   0.899833E+05   0.368859E+04
   0.272400E+03   0.154480E+04   0.627620E+02   0.899833E+05   0.368858E+04
   0.272500E+03   0.154480E+04   0.627620E+02   0.899834E+05   0.368855E+04
   0.272600E+03   0.154480E+04   0.627612E+02   0.899834E+05   0.368857E+04
   0.272700E+03   0.154480E+04   0.627612E+02   0.899834E+05   0.368856E+04
   0.272800E+03   0.154480E+04   0.627612E+02   0.899834E+05   0.368856E+04
   0.272900E+03   0.154480E+04   0.627612E+02   0.899835E+05   0.368857E+04
   0.273000E+03   0.154480E+04   0.627607E+02   0.899835E+05   0.368857E+04
   0.273100E+03   0.154480E+04   0.627607E+02   0.899835E+05   0.368854E+04
   0.273200E+03   0.154480E+04   0.627607E+02   0.899835E+05   0.368855E+04
   0.273300E+03   0.154480E+04   0.627607E+02   0.899835E+05   0.368855E+04
   0.273400E+03   0.154480E+04   0.627607E+02   0.899836E+05   0.368857E+04
   0.273500E+03   0.154480E+04   0.627611E+02   0.899836E+05   0.368856E+04
   0.273600E+03   0.154480E+04   0.627627E+02   0.899836E+05   0.368855E+04
   0.273700E+03   0.154480E+04   0.627627E+02   0.899836E+05   0.368856E+04
   0.273800E+03   0.154480E+04   0.627627E+02   0.899837E+05   0.368854E+04
   0.273900E+03   0.154480E+04   0.627627E+02   0.899837E+05   0.368854E+04
   0.274000E+03   0.154480E+04   0.627627E+02   0.899837E+05   0.368856E+04
   0.274100E+03   0.154480E+04   0.627627E+02   0.899837E+05   0.368853E+04
   0.274200E+03   0.154480E+04   0.627627E+02   0.899838E+05   0.368853E+04
   0.274300E+03   0.154480E+04   0.627627E+02   0.899838E+05   0.368855E+04
   0.274400E+03   0.154480E+04   0.627627E+02   0.899838E+05   0.368855E+04
   0.274500E+03   0.154480E+04   0.627627E+02   0.899838E+05   0.368852E+04
   0.274600E+03   0.154480E+04   0.627627E+02   0.899838E+05   0.368854E+04
   0.274700E+03   0.154480E+04   0.627627E+02   0.899839E+05   0.368854E+04
   0.274800E+03   0.154480E+04   0.627627E+02   0.899839E+05   0.368851E+04
   0.274900E+03   0.154480E+04   0.627627E+02   0.899839E+05   0.368852E+04
   0.275000E+03   0.154480E+04   0.627627E+02   0.899839E+05   0.368853E+04
   0.275100E+03   0.154480E+04   0.627604E+02   0.899839E+05   0.368854E+04
   0.275200E+03   0.154480E+04   0.627604E+02   0.899840E+05   0.368852E+04
   0.275300E+03   0.154480E+04   0.627604E+02   0.899840E+05   0.368852E+04
   0.275400E+03   0.154480E+04   0.627604E+02   0.899840E+05   0.368851E+04
   0.275500E+03   0.154480E+04   0.627599E+02   0.899840E+05   0.368851E+04
   0.275600E+03   0.154480E+04   0.627599E+02   0.899840E+05   0.368851E+04
   0.275700E+03   0.154480E+04   0.627599E+02   0.899841E+05   0.368851E+04
   0.275800E+03   0.154480E+04   0.627599E+02   0.899841E+05   0.368853E+04
   0.275900E+03   0.154480E+04   0.627607E+02   0.899841E+05   0.368850E+04
   0.276000E+03   0.154480E+04   0.627623E+02   0.899841E+05   0.368850E+04
   0.276100E+03   0.154480E+04   0.627623E+02   0.899841E+05   0.368851E+04
   0.276200E+03   0.154481E+04   0.627626E+02   0.899842E+05   0.368849E+04
   0.276300E+03   0.154481E+04   0.627626E+02   0.899842E+05   0.368849E+04
   0.276400E+03   0.154481E+04   0.627622E+02   0.899842E+05   0.368849E+04
   0.276500E+03   0.154481E+04   0.627624E+02   0.899842E+05   0.368851E+04
   0.276600E+03   0.154481E+04   0.627624E+02   0.899842E+05   0.368849E+04
   0.276700E+03   0.154481E+04   0.627624E+02   0.899843E+05   0.368849E+04
   0.276800E+03   0.154481E+04   0.627624E+02   0.899843E+05   0.368850E+04
   0.276900E+03   0.154481E+04   0.627624E+02   0.899843E+05   0.368850E+04
   0.277000E+03   0.154481E+04   0.627624E+02   0.899844E+05   0.368848E+04
   0.277100E+03   0.154481E+04   0.627624E+02   0.899844E+05   0.368849E+04
   0.277200E+03   0.154481E+04   0.627624E+02   0.899844E+05   0.368849E+04
   0.277300E+03   0.154481E+04   0.627624E+02   0.899844E+05   0.368849E+04
   0.277400E+03   0.154481E+04   0.627624E+02   0.899844E+05   0.368848E+04
   0.277500E+03   0.154481E+04   0.627624E+02   0.899844E+05   0.368848E+04
   0.277600E+03   0.154481E+04   0.627616E+02   0.899845E+05   0.368848E+04
   0.277700E+03   0.154481E+04   0.627616E+02   0.899845E+05   0.368846E+04
   0.277800E+03   0.154481E+04   0.627620E+02   0.899845E+05   0.368847E+04
   0.277900E+03   0.154481E+04   0.627620E+02   0.899845E+05   0.368847E+04
   0.278000E+03   0.154481E+04   0.627627E+02   0.899845E+05   0.368847E+04
   0.278100E+03   0.154481E+04   0.627604E+02   0.899845E+05   0.368846E+04
   0.278200E+03   0.154481E+04   0.627599E+02   0.899845E+05   0.368846E+04
   0.278300E+03   0.154481E+04   0.627599E+02   0.899846E+05   0.368847E+04
   0.278400E+03   0.154481E+04   0.627599E+02   0.899846E+05   0.368848E+04
   0.278500E+03   0.154481E+04   0.627599E+02   0.899846E+05   0.368846E+04
   0.278600E+03   0.154481E+04   0.627599E+02   0.899846E+05   0.368846E+04
   0.278700E+03   0.154481E+04   0.627615E+02   0.899846E+05   0.368846E+04
   0.278800E+03   0.154481E+04   0.627615E+02   0.899847E+05   0.368847E+04
   0.278900E+03   0.154481E+04   0.627615E+02   0.899847E+05   0.368845E+04
   0.279000E+03   0.154481E+04   0.627615E+02   0.899847E+05   0.368844E+04
   0.279100E+03   0.154481E+04   0.627615E+02   0.899847E+05   0.368845E+04
   0.279200E+03   0.154481E+04   0.627615E+02   0.899848E+05   0.368846E+04
   0.279300E+03   0.154481E+04   0.627615E+02   0.899848E+05   0.368844E+04
   0.279400E+03   0.154481E+04   0.627615E+02   0.899848E+05   0.368844E+04
   0.279500E+03   0.154481E+04   0.627615E+02   0.899848E+05   0.368845E+04
   0.279600E+03   0.154481E+04   0.627615E+02   0.899848E+05   0.368845E+04
   0.279700E+03   0.154481E+04   0.627615E+02   0.899848E+05   0.368842E+04
   0.279800E+03   0.154481E+04   0.627615E+02   0.899848E+05   0.368843E+04
   0.279900E+03   0.154481E+04   0.627615E+02   0.899849E+05   0.368844E+04
   0.280000E+03   0.154481E+04   0.627615E+02   0.899849E+05   0.368844E+04
   0.280100E+03   0.154481E+04   0.627615E+02   0.899849E+05   0.368845E+04
   0.280200E+03   0.154481E+04   0.627615E+02   0.899849E+05   0.368843E+04
   0.280300E+03   0.154481E+04   0.627615E+02   0.899849E+05   0.368843E+04
   0.280400E+03   0.154481E+04   0.627615E+02   0.899849E+05   0.368844E+04
   0.280500E+03   0.154481E+04   0.627615E+02   0.899850E+05   0.368844E+04
   0.280600E+03   0.154481E+04   0.627623E+02   0.899850E+05   0.368843E+04
   0.280700E+03   0.154481E+04   0.627623E+02   0.899850E+05   0.368843E+04
   0.280800E+03   0.154481E+04   0.627623E+02   0.899850E+05   0.368842E+04
   0.280900E+03   0.154481E+04   0.627623E+02   0.899850E+05   0.368842E+04
   0.281000E+03   0.154481E+04   0.627623E+02   0.899851E+05   0.368840E+04
   0.281100E+03   0.154481E+04   0.627623E+02   0.899851E+05   0.368843E+04
   0.281200E+03   0.154482E+04   0.627618E+02   0.899851E+05   0.368842E+04
   0.281300E+03   0.154482E+04   0.627618E+02   0.899851E+05   0.368844E+04
   0.281400E+03   0.154482E+04   0.627618E+02   0.899851E+05   0.368844E+04
   0.281500E+03   0.154482E+04   0.627596E+02   0.899851E+05   0.368841E+04
   0.281600E+03   0.154482E+04   0.627596E+02   0.899852E+05   0.368841E+04
   0.281700E+03   0.154482E+04   0.627612E+02   0.899852E+05   0.368842E+04
   0.281800E+03   0.154482E+04   0.627612E+02   0.899852E+05   0.368842E+04
   0.281900E+03   0.154482E+04   0.627612E+02   0.899852E+05   0.368840E+04
   0.282000E+03   0.154482E+04   0.627612E+02   0.899852E+05   0.368839E+04
   0.282100E+03   0.154482E+04   0.627612E+02   0.899853E+05   0.368842E+04
   0.282200E+03   0.154482E+04   0.627612E+02   0.899853E+05   0.368842E+04
   0.282300E+03   0.154482E+04   0.627612E+02   0.899853E+05   0.368839E+04
   0.282400E+03   0.154482E+04   0.627612E+02   0.899853E+05   0.368839E+04
   0.282500E+03   0.154482E+04   0.627615E+02   0.899853E+05   0.368840E+04
   0.282600E+03   0.154482E+04   0.627615E+02   0.899853E+05   0.368840E+04
   0.282700E+03   0.154482E+04   0.627616E+02   0.899853E+05   0.368841E+04
   0.282800E+03   0.154482E+04   0.627616E+02   0.899854E+05   0.368838E+04
   0.282900E+03   0.154482E+04   0.627616E+02   0.899854E+05   0.368839E+04
   0.283000E+03   0.154482E+04   0.627620E+02   0.899854E+05   0.368839E+04
   0.283100E+03   0.154482E+04   0.627620E+02   0.899854E+05   0.368841E+04
   0.283200E+03   0.154482E+04   0.627620E+02   0.899854E+05   0.368840E+04
   0.283300E+03   0.154482E+04   0.627620E+02   0.899854E+05   0.368839E+04
   0.283400E+03   0.154482E+04   0.627620E+02   0.899854E+05   0.368839E+04
   0.283500E+03   0.154482E+04   0.627620E+02   0.899855E+05   0.368839E+04
   0.283600E+03   0.154482E+04   0.627620E+02   0.899855E+05   0.368839E+04
   0.283700E+03   0.154482E+04   0.627613E+02   0.899855E+05   0.368837E+04
   0.283800E+03   0.154482E+04   0.627613E+02   0.899855E+05   0.368838E+04
   0.283900E+03   0.154482E+04   0.627613E+02   0.899855E+05   0.368838E+04
   0.284000E+03   0.154482E+04   0.627613E+02   0.899856E+05   0.368837E+04
   0.284100E+03   0.154482E+04   0.627608E+02   0.899856E+05   0.368838E+04
   0.284200E+03   0.154482E+04   0.627608E+02   0.899856E+05   0.368837E+04
   0.284300E+03   0.154482E+04   0.627608E+02   0.899856E+05   0.368837E+04
   0.284400E+03   0.154482E+04   0.627608E+02   0.899856E+05   0.368837E+04
   0.284500E+03   0.154482E+04   0.627603E+02   0.899856E+05   0.368839E+04
   0.284600E+03   0.154482E+04   0.627603E+02   0.899856E+05   0.368839E+04
   0.284700E+03   0.154482E+04   0.627603E+02   0.899857E+05   0.368836E+04
   0.284800E+03   0.154482E+04   0.627603E+02   0.899857E+05   0.368836E+04
   0.284900E+03   0.154482E+04   0.627603E+02   0.899857E+05   0.368835E+04
   0.285000E+03   0.154482E+04   0.627619E+02   0.899857E+05   0.368837E+04
   0.285100E+03   0.154482E+04   0.627619E+02   0.899857E+05   0.368837E+04
   0.285200E+03   0.154482E+04   0.627619E+02   0.899857E+05   0.368835E+04
   0.285300E+03   0.154482E+04   0.627597E+02   0.899857E+05   0.368836E+04
   0.285400E+03   0.154482E+04   0.627597E+02   0.899858E+05   0.368837E+04
   0.285500E+03   0.154482E+04   0.627597E+02   0.899858E+05   0.368837E+04
   0.285600E+03   0.154482E+04   0.627597E+02   0.899858E+05   0.368837E+04
   0.285700E+03   0.154482E+04   0.627597E+02   0.899858E+05   0.368834E+04
   0.285800E+03   0.154482E+04   0.627597E+02   0.899858E+05   0.368835E+04
   0.285900E+03   0.154482E+04   0.627597E+02   0.899858E+05   0.368835E+04
   0.286000E+03   0.154482E+04   0.627597E+02   0.899858E+05   0.368835E+04
   0.286100E+03   0.154482E+04   0.627597E+02   0.899859E+05   0.368836E+04
   0.286200E+03   0.154482E+04   0.627597E+02   0.899859E+05   0.368833E+04
   0.286300E+03   0.154482E+04   0.627597E+02   0.899859E+05   0.368834E+04
   0.286400E+03   0.154483E+04   0.627605E+02   0.899859E+05   0.368834E+04
   0.286500E+03   0.154483E+04   0.627605E+02   0.899859E+05   0.368835E+04
   0.286600E+03   0.154483E+04   0.627605E+02   0.899859E+05   0.368835E+04
   0.286700E+03   0.154483E+04   0.627605E+02   0.899859E+05   0.368835E+04
   0.286800E+03   0.154483E+04   0.627605E+02   0.899859E+05   0.368834E+04
   0.286900E+03   0.154483E+04   0.627605E+02   0.899860E+05   0.368834E+04
   0.287000E+03   0.154483E+04   0.627605E+02   0.899860E+05   0.368834E+04
   0.287100E+03   0.154483E+04   0.627605E+02   0.899860E+05   0.368834E+04
   0.287200E+03   0.154483E+04   0.627612E+02   0.899860E+05   0.368835E+04
   0.287300E+03   0.154483E+04   0.627612E+02   0.899860E+05   0.368833E+04
   0.287400E+03   0.154483E+04   0.627612E+02   0.899860E+05   0.368832E+04
   0.287500E+03   0.154483E+04   0.627612E+02   0.899860E+05   0.368833E+04
   0.287600E+03   0.154483E+04   0.627612E+02   0.899860E+05   0.368833E+04
   0.287700E+03   0.154483E+04   0.627612E+02   0.899861E+05   0.368834E+04
   0.287800E+03   0.154483E+04   0.627612E+02   0.899861E+05   0.368835E+04
   0.287900E+03   0.154483E+04   0.627612E+02   0.899861E+05   0.368832E+04
   0.288000E+03   0.154483E+04   0.627612E+02   0.899861E+05   0.368833E+04
   0.288100E+03   0.154483E+04   0.627612E+02   0.899861E+05   0.368832E+04
   0.288200E+03   0.154483E+04   0.627612E+02   0.899861E+05   0.368833E+04
   0.288300E+03   0.154483E+04   0.627607E+02   0.899862E+05   0.368834E+04
   0.288400E+03   0.154483E+04   0.627607E+02   0.899862E+05   0.368831E+04
   0.288500E+03   0.154483E+04   0.627607E+02   0.899862E+05   0.368831E+04
   0.288600E+03   0.154483E+04   0.627607E+02   0.899862E+05   0.368831E+04
   0.288700E+03   0.154483E+04   0.627607E+02   0.899862E+05   0.368832E+04
   0.288800E+03   0.154483E+04   0.627623E+02   0.899862E+05   0.368832E+04
   0.288900E+03   0.154483E+04   0.627623E+02   0.899862E+05   0.368832E+04
   0.289000E+03   0.154483E+04   0.627623E+02   0.899862E+05   0.368830E+04
   0.289100E+03   0.154483E+04   0.627623E+02   0.899862E+05   0.368831E+04
   0.289200E+03   0.154483E+04   0.627623E+02   0.899863E+05   0.368833E+04
   0.289300E+03   0.154483E+04   0.627623E+02   0.899863E+05   0.368832E+04
   0.289400E+03   0.154483E+04   0.627626E+02   0.899863E+05   0.368832E+04
   0.289500E+03   0.154483E+04   0.627626E+02   0.899863E+05   0.368832E+04
   0.289600E+03   0.154483E+04   0.627626E+02   0.899863E+05   0.368829E+04
   0.289700E+03   0.154483E+04   0.627626E+02   0.899863E+05   0.368830E+04
   0.289800E+03   0.154483E+04   0.627604E+02   0.899863E+05   0.368830E+04
   0.289900E+03   0.154483E+04   0.627604E+02   0.899863E+05   0.368830E+04
   0.290000E+03   0.154483E+04   0.627604E+02   0.899863E+05   0.368831E+04
   0.290100E+03   0.154483E+04   0.627604E+02   0.899864E+05   0.368831E+04
   0.290200E+03   0.154483E+04   0.627604E+02   0.899864E+05   0.368830E+04
   0.290300E+03   0.154483E+04   0.627604E+02   0.899864E+05   0.368829E+04
   0.290400E+03   0.154483E+04   0.627604E+02   0.899864E+05   0.368830E+04
   0.290500E+03   0.154483E+04   0.627604E+02   0.899864E+05   0.368831E+04
   0.290600E+03   0.154483E+04   0.627604E+02   0.899864E+05   0.368830E+04
   0.290700E+03   0.154483E+04   0.627604E+02   0.899864E+05   0.368831E+04
   0.290800E+03   0.154483E+04   0.627609E+02   0.899865E+05   0.368828E+04
   0.290900E+03   0.154483E+04   0.627609E+02   0.899865E+05   0.368829E+04
   0.291000E+03   0.154483E+04   0.627609E+02   0.899865E+05   0.368829E+04
   0.291100E+03   0.154483E+04   0.627609E+02   0.899865E+05   0.368829E+04
   0.291200E+03   0.154483E+04   0.627609E+02   0.899865E+05   0.368831E+04
   0.291300E+03   0.154483E+04   0.627609E+02   0.899865E+05   0.368830E+04
   0.291400E+03   0.154483E+04   0.627609E+02   0.899865E+05   0.368828E+04
   0.291500E+03   0.154483E+04   0.627609E+02   0.899865E+05   0.368828E+04
   0.291600E+03   0.154483E+04   0.627609E+02   0.899865E+05   0.368828E+04
   0.291700E+03   0.154483E+04   0.627601E+02   0.899866E+05   0.368827E+04
   0.291800E+03   0.154483E+04   0.627601E+02   0.899866E+05   0.368829E+04
   0.291900E+03   0.154483E+04   0.627601E+02   0.899866E+05   0.368829E+04
   0.292000E+03   0.154483E+04   0.627601E+02   0.899866E+05   0.368830E+04
   0.292100E+03   0.154483E+04   0.627601E+02   0.899866E+05   0.368827E+04
   0.292200E+03   0.154483E+04   0.627601E+02   0.899866E+05   0.368827E+04
   0.292300E+03   0.154483E+04   0.627601E+02   0.899866E+05   0.368829E+04
   0.292400E+03   0.154483E+04   0.627601E+02   0.899866E+05   0.368828E+04
   0.292500E+03   0.154483E+04   0.627601E+02   0.899866E+05   0.368828E+04
   0.292600E+03   0.154483E+04   0.627601E+02   0.899866E+05   0.368828E+04
   0.292700E+03   0.154483E+04   0.627601E+02   0.899867E+05   0.368826E+04
   0.292800E+03   0.154484E+04   0.627596E+02   0.899867E+05   0.368826E+04
   0.292900E+03   0.154484E+04   0.627596E+02   0.899867E+05   0.368827E+04
   0.293000E+03   0.154484E+04   0.627596E+02   0.899867E+05   0.368828E+04
   0.293100E+03   0.154484E+04   0.627612E+02   0.899867E+05   0.368828E+04
   0.293200E+03   0.154484E+04   0.627612E+02   0.899867E+05   0.368828E+04
   0.293300E+03   0.154484E+04   0.627612E+02   0.899867E+05   0.368828E+04
   0.293400E+03   0.154484E+04   0.627612E+02   0.899867E+05   0.368825E+04
   0.293500E+03   0.154484E+04   0.627612E+02   0.899867E+05   0.368826E+04
   0.293600E+03   0.154484E+04   0.627612E+02   0.899868E+05   0.368827E+04
   0.293700E+03   0.154484E+04   0.627612E+02   0.899868E+05   0.368827E+04
   0.293800E+03   0.154484E+04   0.627620E+02   0.899868E+05   0.368827E+04
   0.293900E+03   0.154484E+04   0.627620E+02   0.899868E+05   0.368827E+04
   0.294000E+03   0.154484E+04   0.627620E+02   0.899868E+05   0.368827E+04
   0.294100E+03   0.154484E+04   0.627620E+02   0.899868E+05   0.368826E+04
   0.294200E+03   0.154484E+04   0.627620E+02   0.899868E+05   0.368826E+04
   0.294300E+03   0.154484E+04   0.627620E+02   0.899868E+05   0.368826E+04
   0.294400E+03   0.154484E+04   0.627620E+02   0.899868E+05   0.368826E+04
   0.294500E+03   0.154484E+04   0.627620E+02   0.899868E+05   0.368826E+04
   0.294600E+03   0.154484E+04   0.627620E+02   0.899868E+05   0.368825E+04
   0.294700E+03   0.154484E+04   0.627620E+02   0.899869E+05   0.368827E+04
   0.294800E+03   0.154484E+04   0.627620E+02   0.899869E+05   0.368825E+04
   0.294900E+03   0.154484E+04   0.627620E+02   0.899869E+05   0.368825E+04
   0.295000E+03   0.154484E+04   0.627620E+02   0.899869E+05   0.368825E+04
   0.295100E+03   0.154484E+04   0.627598E+02   0.899869E+05   0.368825E+04
   0.295200E+03   0.154484E+04   0.627598E+02   0.899869E+05   0.368824E+04
   0.295300E+03   0.154484E+04   0.627598E+02   0.899870E+05   0.368827E+04
   0.295400E+03   0.154484E+04   0.627593E+02   0.899870E+05   0.368827E+04
   0.295500E+03   0.154484E+04   0.627593E+02   0.899870E+05   0.368824E+04
   0.295600E+03   0.154484E+04   0.627593E+02   0.899870E+05   0.368824E+04
   0.295700E+03   0.154484E+04   0.627593E+02   0.899870E+05   0.368824E+04
   0.295800E+03   0.154484E+04   0.627593E+02   0.899870E+05   0.368824E+04
   0.295900E+03   0.154484E+04   0.627593E+02   0.899870E+05   0.368825E+04
   0.296000E+03   0.154484E+04   0.627593E+02   0.899870E+05   0.368826E+04
   0.296100E+03   0.154484E+04   0.627593E+02   0.899870E+05   0.368826E+04
   0.296200E+03   0.154484E+04   0.627593E+02   0.899870E+05   0.368823E+04
   0.296300E+03   0.154484E+04   0.627593E+02   0.899870E+05   0.368823E+04
   0.296400E+03   0.154484E+04   0.627593E+02   0.899870E+05   0.368823E+04
   0.296500E+03   0.154484E+04   0.627593E+02   0.899871E+05   0.368823E+04
   0.296600E+03   0.154484E+04   0.627593E+02   0.899871E+05   0.368824E+04
   0.296700E+03   0.154484E+04   0.627593E+02   0.899871E+05   0.368824E+04
   0.296800E+03   0.154484E+04   0.627593E+02   0.899871E+05   0.368824E+04
   0.296900E+03   0.154484E+04   0.627593E+02   0.899871E+05   0.368824E+04
   0.297000E+03   0.154484E+04   0.627593E+02   0.899871E+05   0.368821E+04
   0.297100E+03   0.154484E+04   0.627593E+02   0.899871E+05   0.368823E+04
   0.297200E+03   0.154484E+04   0.627593E+02   0.899871E+05   0.368824E+04
   0.297300E+03   0.154484E+04   0.627593E+02   0.899871E+05   0.368823E+04
   0.297400E+03   0.154484E+04   0.627593E+02   0.899872E+05   0.368824E+04
   0.297500E+03   0.154484E+04   0.627593E+02   0.899872E+05   0.368824E+04
   0.297600E+03   0.154484E+04   0.627593E+02   0.899872E+05   0.368824E+04
   0.297700E+03   0.154484E+04   0.627593E+02   0.899872E+05   0.368824E+04
   0.297800E+03   0.154484E+04   0.627593E+02   0.899872E+05   0.368821E+04
   0.297900E+03   0.154484E+04   0.627593E+02   0.899872E+05   0.368822E+04
   0.298000E+03   0.154484E+04   0.627592E+02   0.899872E+05   0.368822E+04
   0.298100E+03   0.154484E+04   0.627592E+02   0.899872E+05   0.368822E+04
   0.298200E+03   0.154484E+04   0.627592E+02   0.899872E+05   0.368823E+04
   0.298300E+03   0.154484E+04   0.627608E+02   0.899872E+05   0.368823E+04
   0.298400E+03   0.154484E+04   0.627608E+02   0.899872E+05   0.368823E+04
   0.298500E+03   0.154484E+04   0.627608E+02   0.899872E+05   0.368823E+04
   0.298600E+03   0.154484E+04   0.627608E+02   0.899873E+05   0.368821E+04
   0.298700E+03   0.154484E+04   0.627608E+02   0.899873E+05   0.368821E+04
   0.298800E+03   0.154484E+04   0.627608E+02   0.899873E+05   0.368821E+04
   0.298900E+03   0.154484E+04   0.627608E+02   0.899873E+05   0.368821E+04
   0.299000E+03   0.154484E+04   0.627608E+02   0.899873E+05   0.368822E+04
   0.299100E+03   0.154484E+04   0.627608E+02   0.899873E+05   0.368822E+04
   0.299200E+03   0.154484E+04   0.627608E+02   0.899873E+05   0.368822E+04
   0.299300E+03   0.154484E+04   0.627608E+02   0.899873E+05   0.368823E+04
   0.299400E+03   0.154484E+04   0.627608E+02   0.899873E+05   0.368820E+04
   0.299500E+03   0.154484E+04   0.627608E+02   0.899873E+05   0.368821E+04
   0.299600E+03   0.154484E+04   0.627608E+02   0.899874E+05   0.368821E+04
   0.299700E+03   0.154484E+04   0.627608E+02   0.899874E+05   0.368821E+04
   0.299800E+03   0.154484E+04   0.627608E+02   0.899874E+05   0.368821E+04
   0.299900E+03   0.154484E+04   0.627608E+02   0.899874E+05   0.368821E+04
   0.300000E+03   0.154484E+04   0.627608E+02   0.899874E+05   0.368822E+04
   0.300100E+03   0.154484E+04   0.627608E+02   0.899874E+05   0.368822E+04
   0.300200E+03   0.154484E+04   0.627608E+02   0.899874E+05   0.368822E+04
   0.300300E+03   0.154484E+04   0.627608E+02   0.899874E+05   0.368819E+04
   0.300400E+03   0.154484E+04   0.627608E+02   0.899874E+05   0.368819E+04
   0.300500E+03   0.154484E+04   0.627608E+02   0.899874E+05   0.368819E+04
   0.300600E+03   0.154484E+04   0.627608E+02   0.899874E+05   0.368819E+04
   0.300700E+03   0.154484E+04   0.627608E+02   0.899874E+05   0.368819E+04
   0.300800E+03   0.154484E+04   0.627608E+02   0.899874E+05   0.368821E+04
   0.300900E+03   0.154484E+04   0.627608E+02   0.899874E+05   0.368821E+04
   0.301000E+03   0.154484E+04   0.627608E+02   0.899874E+05   0.368821E+04
   0.301100E+03   0.154484E+04   0.627608E+02   0.899875E+05   0.368822E+04
   0.301200E+03   0.154484E+04   0.627608E+02   0.899875E+05   0.368819E+04
   0.301300E+03   0.154484E+04   0.627608E+02   0.899875E+05   0.368819E+04
   0.301400E+03   0.154484E+04   0.627608E+02   0.899875E+05   0.368819E+04
   0.301500E+03   0.154484E+04   0.627608E+02   0.899875E+05   0.368819E+04
   0.301600E+03   0.154484E+04   0.627586E+02   0.899875E+05   0.368820E+04
   0.301700E+03   0.154484E+04   0.627586E+02   0.899875E+05   0.368820E+04
   0.301800E+03   0.154484E+04   0.627586E+02   0.899875E+05   0.368820E+04
   0.301900E+03   0.154484E+04   0.627586E+02   0.899875E+05   0.368820E+04
   0.302000E+03   0.154484E+04   0.627586E+02   0.899875E+05   0.368820E+04
   0.302100E+03   0.154484E+04   0.627592E+02   0.899875E+05   0.368819E+04
   0.302200E+03   0.154484E+04   0.627592E+02   0.899875E+05   0.368819E+04
   0.302300E+03   0.154484E+04   0.627592E+02   0.899876E+05   0.368819E+04
   0.302400E+03   0.154484E+04   0.627592E+02   0.899876E+05   0.368819E+04
   0.302500E+03   0.154484E+04   0.627592E+02   0.899876E+05   0.368819E+04
   0.302600E+03   0.154484E+04   0.627592E+02   0.899876E+05   0.368819E+04
   0.302700E+03   0.154484E+04   0.627594E+02   0.899876E+05   0.368819E+04
   0.302800E+03   0.154484E+04   0.627594E+02   0.899876E+05   0.368819E+04
   0.302900E+03   0.154484E+04   0.627594E+02   0.899876E+05   0.368819E+04
   0.303000E+03   0.154484E+04   0.627594E+02   0.899876E+05   0.368817E+04
   0.303100E+03   0.154484E+04   0.627594E+02   0.899876E+05   0.368816E+04
   0.303200E+03   0.154485E+04   0.627597E+02   0.899876E+05   0.368817E+04
   0.303300E+03   0.154485E+04   0.627597E+02   0.899876E+05   0.368817E+04
   0.303400E+03   0.154485E+04   0.627597E+02   0.899876E+05   0.368818E+04
   0.303500E+03   0.154485E+04   0.627589E+02   0.899876E+05   0.368818E+04
   0.303600E+03   0.154485E+04   0.627589E+02   0.899877E+05   0.368819E+04
   0.303700E+03   0.154485E+04   0.627589E+02   0.899877E+05   0.368819E+04
   0.303800E+03   0.154485E+04   0.627589E+02   0.899877E+05   0.368819E+04
   0.303900E+03   0.154485E+04   0.627589E+02   0.899877E+05   0.368819E+04
   0.304000E+03   0.154485E+04   0.627589E+02   0.899877E+05   0.368818E+04
   0.304100E+03   0.154485E+04   0.627598E+02   0.899877E+05   0.368818E+04
   0.304200E+03   0.154485E+04   0.627598E+02   0.899877E+05   0.368818E+04
   0.304300E+03   0.154485E+04   0.627598E+02   0.899877E+05   0.368818E+04
   0.304400E+03   0.154485E+04   0.627598E+02   0.899877E+05   0.368818E+04
   0.304500E+03   0.154485E+04   0.627593E+02   0.899877E+05   0.368818E+04
   0.304600E+03   0.154485E+04   0.627609E+02   0.899877E+05   0.368818E+04
   0.304700E+03   0.154485E+04   0.627609E+02   0.899877E+05   0.368818E+04
   0.304800E+03   0.154485E+04   0.627609E+02   0.899877E+05   0.368817E+04
   0.304900E+03   0.154485E+04   0.627609E+02   0.899877E+05   0.368818E+04
   0.305000E+03   0.154485E+04   0.627609E+02   0.899878E+05   0.368816E+04
   0.305100E+03   0.154485E+04   0.627609E+02   0.899878E+05   0.368816E+04
   0.305200E+03   0.154485E+04   0.627609E+02   0.899878E+05   0.368816E+04
   0.305300E+03   0.154485E+04   0.627609E+02   0.899878E+05   0.368816E+04
   0.305400E+03   0.154485E+04   0.627609E+02   0.899878E+05   0.368816E+04
   0.305500E+03   0.154485E+04   0.627609E+02   0.899878E+05   0.368816E+04
   0.305600E+03   0.154485E+04   0.627609E+02   0.899878E+05   0.368816E+04
   0.305700E+03   0.154485E+04   0.627609E+02   0.899878E+05   0.368817E+04
   0.305800E+03   0.154485E+04   0.627609E+02   0.899878E+05   0.368817E+04
   0.305900E+03   0.154485E+04   0.627609E+02   0.899878E+05   0.368817E+04
   0.306000E+03   0.154485E+04   0.627609E+02   0.899878E+05   0.368818E+04
   0.306100E+03   0.154485E+04   0.627609E+02   0.899878E+05   0.368816E+04
   0.306200E+03   0.154485E+04   0.627609E+02   0.899878E+05   0.368816E+04
   0.306300E+03   0.154485E+04   0.627609E+02   0.899878E+05   0.368816E+04
   0.306400E+03   0.154485E+04   0.627609E+02   0.899878E+05   0.368816E+04
   0.306500E+03   0.154485E+04   0.627609E+02   0.899878E+05   0.368816E+04
   0.306600E+03   0.154485E+04   0.627609E+02   0.899878E+05   0.368816E+04
   0.306700E+03   0.154485E+04   0.627609E+02   0.899879E+05   0.368817E+04
   0.306800E+03   0.154485E+04   0.627609E+02   0.899879E+05   0.368818E+04
   0.306900E+03   0.154485E+04   0.627609E+02   0.899879E+05   0.368818E+04
   0.307000E+03   0.154485E+04   0.627609E+02   0.899879E+05   0.368817E+04
   0.307100E+03   0.154485E+04   0.627609E+02   0.899879E+05   0.368817E+04
   0.307200E+03   0.154485E+04   0.627609E+02   0.899879E+05   0.368814E+04
   0.307300E+03   0.154485E+04   0.627609E+02   0.899879E+05   0.368814E+04
   0.307400E+03   0.154485E+04   0.627609E+02   0.899879E+05   0.368814E+04
   0.307500E+03   0.154485E+04   0.627609E+02   0.899879E+05   0.368814E+04
   0.307600E+03   0.154485E+04   0.627609E+02   0.899879E+05   0.368816E+04
   0.307700E+03   0.154485E+04   0.627609E+02   0.899879E+05   0.368815E+04
   0.307800E+03   0.154485E+04   0.627609E+02   0.899879E+05   0.368816E+04
   0.307900E+03   0.154485E+04   0.627609E+02   0.899879E+05   0.368816E+04
   0.308000E+03   0.154485E+04   0.627609E+02   0.899879E+05   0.368816E+04
   0.308100E+03   0.154485E+04   0.627609E+02   0.899879E+05   0.368816E+04
   0.308200E+03   0.154485E+04   0.627609E+02   0.899879E+05   0.368816E+04
   0.308300E+03   0.154485E+04   0.627609E+02   0.899880E+05   0.368813E+04
   0.308400E+03   0.154485E+04   0.627609E+02   0.899880E+05   0.368814E+04
   0.308500E+03   0.154485E+04   0.627609E+02   0.899880E+05   0.368814E+04
   0.308600E+03   0.154485E+04   0.627609E+02   0.899880E+05   0.368815E+04
   0.308700E+03   0.154485E+04   0.627609E+02   0.899880E+05   0.368815E+04
   0.308800E+03   0.154485E+04   0.627609E+02   0.899880E+05   0.368816E+04
   0.308900E+03   0.154485E+04   0.627609E+02   0.899880E+05   0.368816E+04
   0.309000E+03   0.154485E+04   0.627609E+02   0.899880E+05   0.368815E+04
   0.309100E+03   0.154485E+04   0.627609E+02   0.899880E+05   0.368815E+04
   0.309200E+03   0.154485E+04   0.627609E+02   0.899880E+05   0.368815E+04
   0.309300E+03   0.154485E+04   0.627609E+02   0.899880E+05   0.368815E+04
   0.309400E+03   0.154485E+04   0.627609E+02   0.899880E+05   0.368815E+04
   0.309500E+03   0.154485E+04   0.627609E+02   0.899880E+05   0.368813E+04
   0.309600E+03   0.154485E+04   0.627609E+02   0.899880E+05   0.368814E+04
   0.309700E+03   0.154485E+04   0.627609E+02   0.899881E+05   0.368814E+04
   0.309800E+03   0.154485E+04   0.627609E+02   0.899881E+05   0.368814E+04
   0.309900E+03   0.154485E+04   0.627609E+02   0.899881E+05   0.368814E+04
   0.310000E+03   0.154485E+04   0.627609E+02   0.899881E+05   0.368813E+04
   0.310100E+03   0.154485E+04   0.627609E+02   0.899881E+05   0.368814E+04
   0.310200E+03   0.154485E+04   0.627609E+02   0.899881E+05   0.368814E+04
   0.310300E+03   0.154485E+04   0.627586E+02   0.899881E+05   0.368814E+04
   0.310400E+03   0.154485E+04   0.627586E+02   0.899881E+05   0.368815E+04
   0.310500E+03   0.154485E+04   0.627586E+02   0.899881E+05   0.368815E+04
   0.310600E+03   0.154485E+04   0.627586E+02   0.899881E+05   0.368815E+04
   0.310700E+03   0.154485E+04   0.627586E+02   0.899881E+05   0.368813E+04
   0.310800E+03   0.154485E+04   0.627590E+02   0.899881E+05   0.368813E+04
   0.310900E+03   0.154485E+04   0.627590E+02   0.899881E+05   0.368813E+04
   0.311000E+03   0.154485E+04   0.627590E+02   0.899881E+05   0.368813E+04
   0.311100E+03   0.154485E+04   0.627590E+02   0.899881E+05   0.368813E+04
   0.311200E+03   0.154485E+04   0.627590E+02   0.899881E+05   0.368813E+04
   0.311300E+03   0.154485E+04   0.627590E+02   0.899881E+05   0.368813E+04
   0.311400E+03   0.154485E+04   0.627590E+02   0.899881E+05   0.368813E+04
   0.311500E+03   0.154485E+04   0.627590E+02   0.899881E+05   0.368813E+04
   0.311600E+03   0.154485E+04   0.627590E+02   0.899881E+05   0.368813E+04
   0.311700E+03   0.154485E+04   0.627590E+02   0.899881E+05   0.368813E+04
   0.311800E+03   0.154485E+04   0.627590E+02   0.899881E+05   0.368814E+04
   0.311900E+03   0.154485E+04   0.627590E+02   0.899882E+05   0.368813E+04
   0.312000E+03   0.154485E+04   0.627590E+02   0.899882E+05   0.368812E+04
   0.312100E+03   0.154485E+04   0.627590E+02   0.899882E+05   0.368812E+04
   0.312200E+03   0.154485E+04   0.627590E+02   0.899882E+05   0.368813E+04
   0.312300E+03   0.154485E+04   0.627590E+02   0.899882E+05   0.368813E+04
   0.312400E+03   0.154485E+04   0.627590E+02   0.899882E+05   0.368813E+04
   0.312500E+03   0.154485E+04   0.627590E+02   0.899882E+05   0.368813E+04
   0.312600E+03   0.154485E+04   0.627590E+02   0.899882E+05   0.368813E+04
   0.312700E+03   0.154485E+04   0.627590E+02   0.899882E+05   0.368813E+04
   0.312800E+03   0.154485E+04   0.627606E+02   0.899882E+05   0.368813E+04
   0.312900E+03   0.154485E+04   0.627601E+02   0.899882E+05   0.368814E+04
   0.313000E+03   0.154485E+04   0.627601E+02   0.899882E+05   0.368814E+04
   0.313100E+03   0.154485E+04   0.627601E+02   0.899882E+05   0.368814E+04
   0.313200E+03   0.154485E+04   0.627601E+02   0.899882E+05   0.368814E+04
   0.313300E+03   0.154485E+04   0.627601E+02   0.899882E+05   0.368814E+04
   0.313400E+03   0.154485E+04   0.627601E+02   0.899883E+05   0.368811E+04
   0.313500E+03   0.154485E+04   0.627601E+02   0.899883E+05   0.368811E+04
   0.313600E+03   0.154485E+04   0.627601E+02   0.899883E+05   0.368811E+04
   0.313700E+03   0.154485E+04   0.627601E+02   0.899883E+05   0.368811E+04
   0.313800E+03   0.154485E+04   0.627601E+02   0.899883E+05   0.368811E+04
   0.313900E+03   0.154485E+04   0.627601E+02   0.899883E+05   0.368811E+04
   0.314000E+03   0.154485E+04   0.627601E+02   0.899883E+05   0.368811E+04
   0.314100E+03   0.154485E+04   0.627601E+02   0.899883E+05   0.368812E+04
   0.314200E+03   0.154485E+04   0.627601E+02   0.899883E+05   0.368812E+04
   0.314300E+03   0.154485E+04   0.627601E+02   0.899883E+05   0.368812E+04
   0.314400E+03   0.154485E+04   0.627601E+02   0.899883E+05   0.368812E+04
   0.314500E+03   0.154485E+04   0.627601E+02   0.899883E+05   0.368812E+04
   0.314600E+03   0.154485E+04   0.627601E+02   0.899883E+05   0.368812E+04
   0.314700E+03   0.154485E+04   0.627601E+02   0.899883E+05   0.368812E+04
   0.314800E+03   0.154485E+04   0.627601E+02   0.899883E+05   0.368810E+04
   0.314900E+03   0.154485E+04   0.627601E+02   0.899883E+05   0.368810E+04
   0.315000E+03   0.154485E+04   0.627601E+02   0.899883E+05   0.368810E+04
   0.315100E+03   0.154485E+04   0.627601E+02   0.899883E+05   0.368810E+04
   0.315200E+03   0.154485E+04   0.627601E+02   0.899883E+05   0.368810E+04
   0.315300E+03   0.154485E+04   0.627601E+02   0.899883E+05   0.368810E+04
   0.315400E+03   0.154485E+04   0.627601E+02   0.899883E+05   0.368812E+04
   0.315500E+03   0.154485E+04   0.627601E+02   0.899884E+05   0.368811E+04
   0.315600E+03   0.154485E+04   0.627601E+02   0.899884E+05   0.368812E+04
   0.315700E+03   0.154485E+04   0.627601E+02   0.899884E+05   0.368812E+04
   0.315800E+03   0.154485E+04   0.627601E+02   0.899884E+05   0.368812E+04
   0.315900E+03   0.154485E+04   0.627601E+02   0.899884E+05   0.368812E+04
   0.316000E+03   0.154485E+04   0.627601E+02   0.899884E+05   0.368812E+04
   0.316100E+03   0.154485E+04   0.627601E+02   0.899884E+05   0.368812E+04
   0.316200E+03   0.154485E+04   0.627601E+02   0.899884E+05   0.368812E+04
   0.316300E+03   0.154486E+04   0.627597E+02   0.899884E+05   0.368809E+04
   0.316400E+03   0.154486E+04   0.627597E+02   0.899884E+05   0.368809E+04
   0.316500E+03   0.154486E+04   0.627597E+02   0.899884E+05   0.368809E+04
   0.316600E+03   0.154486E+04   0.627597E+02   0.899884E+05   0.368809E+04
   0.316700E+03   0.154486E+04   0.627597E+02   0.899884E+05   0.368811E+04
   0.316800E+03   0.154486E+04   0.627597E+02   0.899884E+05   0.368810E+04
   0.316900E+03   0.154486E+04   0.627597E+02   0.899884E+05   0.368811E+04
   0.317000E+03   0.154486E+04   0.627597E+02   0.899884E+05   0.368811E+04
   0.317100E+03   0.154486E+04   0.627597E+02   0.899884E+05   0.368811E+04
   0.317200E+03   0.154486E+04   0.627597E+02   0.899884E+05   0.368811E+04
   0.317300E+03   0.154486E+04   0.627597E+02   0.899884E+05   0.368811E+04
   0.317400E+03   0.154486E+04   0.627597E+02   0.899884E+05   0.368811E+04
   0.317500E+03   0.154486E+04   0.627597E+02   0.899884E+05   0.368811E+04
   0.317600E+03   0.154486E+04   0.627597E+02   0.899884E+05   0.368811E+04
   0.317700E+03   0.154486E+04   0.627597E+02   0.899884E+05   0.368811E+04
   0.317800E+03   0.154486E+04   0.627597E+02   0.899884E+05   0.368811E+04
   0.317900E+03   0.154486E+04   0.627597E+02   0.899884E+05   0.368808E+04
   0.318000E+03   0.154486E+04   0.627597E+02   0.899885E+05   0.368809E+04
   0.318100E+03   0.154486E+04   0.627597E+02   0.899885E+05   0.368809E+04
   0.318200E+03   0.154486E+04   0.627597E+02   0.899885E+05   0.368809E+04
   0.318300E+03   0.154486E+04   0.627597E+02   0.899885E+05   0.368809E+04
   0.318400E+03   0.154486E+04   0.627597E+02   0.899885E+05   0.368809E+04
   0.318500E+03   0.154486E+04   0.627597E+02   0.899885E+05   0.368809E+04
   0.318600E+03   0.154486E+04   0.627597E+02   0.899885E+05   0.368809E+04
   0.318700E+03   0.154486E+04   0.627597E+02   0.899885E+05   0.368809E+04
   0.318800E+03   0.154486E+04   0.627597E+02   0.899885E+05   0.368809E+04
   0.318900E+03   0.154486E+04   0.627597E+02   0.899885E+05   0.368809E+04
   0.319000E+03   0.154486E+04   0.627597E+02   0.899885E+05   0.368809E+04
   0.319100E+03   0.154486E+04   0.627597E+02   0.899885E+05   0.368809E+04
   0.319200E+03   0.154486E+04   0.627597E+02   0.899885E+05   0.368810E+04
   0.319300E+03   0.154486E+04   0.627597E+02   0.899885E+05   0.368810E+04
   0.319400E+03   0.154486E+04   0.627597E+02   0.899885E+05   0.368810E+04
   0.319500E+03   0.154486E+04   0.627597E+02   0.899885E+05   0.368811E+04
   0.319600E+03   0.154486E+04   0.627597E+02   0.899885E+05   0.368808E+04
   0.319700E+03   0.154486E+04   0.627597E+02   0.899885E+05   0.368808E+04
   0.319800E+03   0.154486E+04   0.627597E+02   0.899885E+05   0.368808E+04
   0.319900E+03   0.154486E+04   0.627597E+02   0.899885E+05   0.368809E+04
   0.320000E+03   0.154486E+04   0.627597E+02   0.899885E+05   0.368809E+04
   0.320100E+03   0.154486E+04   0.627597E+02   0.899885E+05   0.368809E+04
   0.320200E+03   0.154486E+04   0.627597E+02   0.899886E+05   0.368809E+04
   0.320300E+03   0.154486E+04   0.627597E+02   0.899886E+05   0.368809E+04
   0.320400E+03   0.154486E+04   0.627597E+02   0.899886E+05   0.368809E+04
   0.320500E+03   0.154486E+04   0.627597E+02   0.899886E+05   0.368809E+04
   0.320600E+03   0.154486E+04   0.627597E+02   0.899886E+05   0.368809E+04
   0.320700E+03   0.154486E+04   0.627597E+02   0.899886E+05   0.368809E+04
   0.320800E+03   0.154486E+04   0.627597E+02   0.899886E+05   0.368809E+04
   0.320900E+03   0.154486E+04   0.627597E+02   0.899886E+05   0.368809E+04
   0.321000E+03   0.154486E+04   0.627597E+02   0.899886E+05   0.368810E+04
   0.321100E+03   0.154486E+04   0.627597E+02   0.899886E+05   0.368810E+04
   0.321200E+03   0.154486E+04   0.627605E+02   0.899886E+05   0.368810E+04
   0.321300E+03   0.154486E+04   0.627605E+02   0.899886E+05   0.368810E+04
   0.321400E+03   0.154486E+04   0.627605E+02   0.899886E+05   0.368807E+04
   0.321500E+03   0.154486E+04   0.627605E+02   0.899886E+05   0.368807E+04
   0.321600E+03   0.154486E+04   0.627605E+02   0.899886E+05   0.368807E+04
   0.321700E+03   0.154486E+04   0.627605E+02   0.899886E+05   0.368808E+04
   0.321800E+03   0.154486E+04   0.627605E+02   0.899886E+05   0.368808E+04
   0.321900E+03   0.154486E+04   0.627605E+02   0.899886E+05   0.368808E+04
   0.322000E+03   0.154486E+04   0.627605E+02   0.899886E+05   0.368808E+04
   0.322100E+03   0.154486E+04   0.627605E+02   0.899886E+05   0.368808E+04
   0.322200E+03   0.154486E+04   0.627605E+02   0.899886E+05   0.368808E+04
   0.322300E+03   0.154486E+04   0.627605E+02   0.899886E+05   0.368808E+04
   0.322400E+03   0.154486E+04   0.627605E+02   0.899886E+05   0.368808E+04
   0.322500E+03   0.154486E+04   0.627605E+02   0.899886E+05   0.368808E+04
   0.322600E+03   0.154486E+04   0.627605E+02   0.899886E+05   0.368809E+04
   0.322700E+03   0.154486E+04   0.627605E+02   0.899886E+05   0.368809E+04
   0.322800E+03   0.154486E+04   0.627605E+02   0.899886E+05   0.368809E+04
   0.322900E+03   0.154486E+04   0.627582E+02   0.899887E+05   0.368809E+04
   0.323000E+03   0.154486E+04   0.627582E+02   0.899887E+05   0.368809E+04
   0.323100E+03   0.154486E+04   0.627582E+02   0.899887E+05   0.368809E+04
   0.323200E+03   0.154486E+04   0.627582E+02   0.899887E+05   0.368809E+04
   0.323300E+03   0.154486E+04   0.627582E+02   0.899887E+05   0.368809E+04
   0.323400E+03   0.154486E+04   0.627582E+02   0.899887E+05   0.368806E+04
   0.323500E+03   0.154486E+04   0.627582E+02   0.899887E+05   0.368806E+04
   0.323600E+03   0.154486E+04   0.627582E+02   0.899887E+05   0.368806E+04
   0.323700E+03   0.154486E+04   0.627582E+02   0.899887E+05   0.368806E+04
   0.323800E+03   0.154486E+04   0.627582E+02   0.899887E+05   0.368806E+04
   0.323900E+03   0.154486E+04   0.627582E+02   0.899887E+05   0.368806E+04
   0.324000E+03   0.154486E+04   0.627582E+02   0.899887E+05   0.368806E+04
   0.324100E+03   0.154486E+04   0.627582E+02   0.899887E+05   0.368806E+04
   0.324200E+03   0.154486E+04   0.627582E+02   0.899887E+05   0.368806E+04
   0.324300E+03   0.154486E+04   0.627598E+02   0.899887E+05   0.368808E+04
   0.324400E+03   0.154486E+04   0.627598E+02   0.899887E+05   0.368808E+04
   0.324500E+03   0.154486E+04   0.627598E+02   0.899887E+05   0.368808E+04
   0.324600E+03   0.154486E+04   0.627598E+02   0.899887E+05   0.368807E+04
   0.324700E+03   0.154486E+04   0.627598E+02   0.899887E+05   0.368807E+04
   0.324800E+03   0.154486E+04   0.627598E+02   0.899887E+05   0.368807E+04
   0.324900E+03   0.154486E+04   0.627598E+02   0.899887E+05   0.368807E+04
   0.325000E+03   0.154486E+04   0.627593E+02   0.899887E+05   0.368807E+04
   0.325100E+03   0.154486E+04   0.627593E+02   0.899887E+05   0.368808E+04
   0.325200E+03   0.154486E+04   0.627593E+02   0.899887E+05   0.368809E+04
   0.325300E+03   0.154486E+04   0.627593E+02   0.899887E+05   0.368809E+04
   0.325400E+03   0.154486E+04   0.627593E+02   0.899887E+05   0.368809E+04
   0.325500E+03   0.154486E+04   0.627593E+02   0.899888E+05   0.368806E+04
   0.325600E+03   0.154486E+04   0.627595E+02   0.899888E+05   0.368807E+04
   0.325700E+03   0.154486E+04   0.627587E+02   0.899888E+05   0.368807E+04
   0.325800E+03   0.154486E+04   0.627587E+02   0.899888E+05   0.368807E+04
   0.325900E+03   0.154486E+04   0.627587E+02   0.899888E+05   0.368807E+04
   0.326000E+03   0.154486E+04   0.627587E+02   0.899888E+05   0.368807E+04
   0.326100E+03   0.154486E+04   0.627587E+02   0.899888E+05   0.368808E+04
   0.326200E+03   0.154486E+04   0.627587E+02   0.899888E+05   0.368808E+04
   0.326300E+03   0.154486E+04   0.627587E+02   0.899888E+05   0.368808E+04
   0.326400E+03   0.154486E+04   0.627587E+02   0.899888E+05   0.368807E+04
   0.326500E+03   0.154486E+04   0.627587E+02   0.899888E+05   0.368807E+04
   0.326600E+03   0.154486E+04   0.627587E+02   0.899888E+05   0.368807E+04
   0.326700E+03   0.154486E+04   0.627587E+02   0.899888E+05   0.368807E+04
   0.326800E+03   0.154486E+04   0.627587E+02   0.899888E+05   0.368807E+04
   0.326900E+03   0.154486E+04   0.627587E+02   0.899888E+05   0.368807E+04
   0.327000E+03   0.154486E+04   0.627587E+02   0.899888E+05   0.368807E+04
   0.327100E+03   0.154486E+04   0.627587E+02   0.899888E+05   0.368807E+04
   0.327200E+03   0.154486E+04   0.627587E+02   0.899888E+05   0.368807E+04
   0.327300E+03   0.154486E+04   0.627587E+02   0.899888E+05   0.368807E+04
   0.327400E+03   0.154486E+04   0.627587E+02   0.899888E+05   0.368807E+04
   0.327500E+03   0.154486E+04   0.627587E+02   0.899888E+05   0.368807E+04
   0.327600E+03   0.154486E+04   0.627587E+02   0.899888E+05   0.368807E+04
   0.327700E+03   0.154486E+04   0.627587E+02   0.899888E+05   0.368804E+04
   0.327800E+03   0.154486E+04   0.627587E+02   0.899888E+05   0.368804E+04
   0.327900E+03   0.154486E+04   0.627587E+02   0.899888E+05   0.368804E+04
   0.328000E+03   0.154486E+04   0.627590E+02   0.899888E+05   0.368806E+04
   0.328100E+03   0.154486E+04   0.627590E+02   0.899888E+05   0.368806E+04
   0.328200E+03   0.154486E+04   0.627590E+02   0.899888E+05   0.368806E+04
   0.328300E+03   0.154486E+04   0.627590E+02   0.899888E+05   0.368806E+04
   0.328400E+03   0.154486E+04   0.627590E+02   0.899888E+05   0.368806E+04
   0.328500E+03   0.154486E+04   0.627590E+02   0.899888E+05   0.368805E+04
   0.328600E+03   0.154486E+04   0.627590E+02   0.899888E+05   0.368805E+04
   0.328700E+03   0.154486E+04   0.627590E+02   0.899888E+05   0.368805E+04
   0.328800E+03   0.154486E+04   0.627590E+02   0.899889E+05   0.368806E+04
   0.328900E+03   0.154486E+04   0.627590E+02   0.899889E+05   0.368806E+04
   0.329000E+03   0.154486E+04   0.627590E+02   0.899889E+05   0.368806E+04
   0.329100E+03   0.154486E+04   0.627590E+02   0.899889E+05   0.368806E+04
   0.329200E+03   0.154486E+04   0.627590E+02   0.899889E+05   0.368806E+04
   0.329300E+03   0.154486E+04   0.627590E+02   0.899889E+05   0.368806E+04
   0.329400E+03   0.154486E+04   0.627590E+02   0.899889E+05   0.368806E+04
   0.329500E+03   0.154486E+04   0.627590E+02   0.899889E+05   0.368806E+04
   0.329600E+03   0.154486E+04   0.627590E+02   0.899889E+05   0.368806E+04
   0.329700E+03   0.154486E+04   0.627590E+02   0.899889E+05   0.368806E+04
   0.329800E+03   0.154486E+04   0.627590E+02   0.899889E+05   0.368806E+04
   0.329900E+03   0.154486E+04   0.627590E+02   0.899889E+05   0.368806E+04
   0.330000E+03   0.154486E+04   0.627590E+02   0.899889E+05   0.368806E+04
   0.330100E+03   0.154486E+04   0.627590E+02   0.899889E+05   0.368807E+04
   0.330200E+03   0.154486E+04   0.627590E+02   0.899889E+05   0.368805E+04
   0.330300E+03   0.154486E+04   0.627590E+02   0.899889E+05   0.368805E+04
   0.330400E+03   0.154486E+04   0.627590E+02   0.899889E+05   0.368805E+04
   0.330500E+03   0.154486E+04   0.627590E+02   0.899889E+05   0.368805E+04
   0.330600E+03   0.154486E+04   0.627590E+02   0.899889E+05   0.368805E+04
   0.330700E+03   0.154486E+04   0.627590E+02   0.899889E+05   0.368805E+04
   0.330800E+03   0.154486E+04   0.627590E+02   0.899889E+05   0.368805E+04
   0.330900E+03   0.154486E+04   0.627590E+02   0.899889E+05   0.368805E+04
   0.331000E+03   0.154486E+04   0.627590E+02   0.899889E+05   0.368805E+04
   0.331100E+03   0.154486E+04   0.627590E+02   0.899889E+05   0.368805E+04
   0.331200E+03   0.154486E+04   0.627590E+02   0.899889E+05   0.368805E+04
   0.331300E+03   0.154486E+04   0.627590E+02   0.899889E+05   0.368805E+04
   0.331400E+03   0.154486E+04   0.627590E+02   0.899889E+05   0.368805E+04
   0.331500E+03   0.154486E+04   0.627590E+02   0.899889E+05   0.368805E+04
   0.331600E+03   0.154486E+04   0.627590E+02   0.899889E+05   0.368804E+04
   0.331700E+03   0.154486E+04   0.627590E+02   0.899889E+05   0.368805E+04
   0.331800E+03   0.154486E+04   0.627590E+02   0.899889E+05   0.368805E+04
   0.331900E+03   0.154486E+04   0.627590E+02   0.899889E+05   0.368805E+04
   0.332000E+03   0.154486E+04   0.627590E+02   0.899889E+05   0.368805E+04
   0.332100E+03   0.154486E+04   0.627590E+02   0.899889E+05   0.368805E+04
   0.332200E+03   0.154486E+04   0.627590E+02   0.899889E+05   0.368805E+04
   0.332300E+03   0.154486E+04   0.627590E+02   0.899889E+05   0.368806E+04
   0.332400E+03   0.154486E+04   0.627590E+02   0.899889E+05   0.368806E+04
   0.332500E+03   0.154486E+04   0.627590E+02   0.899889E+05   0.368806E+04
   0.332600E+03   0.154486E+04   0.627590E+02   0.899889E+05   0.368806E+04
   0.332700E+03   0.154486E+04   0.627590E+02   0.899889E+05   0.368806E+04
   0.332800E+03   0.154486E+04   0.627590E+02   0.899889E+05   0.368806E+04
   0.332900E+03   0.154486E+04   0.627590E+02   0.899890E+05   0.368805E+04
   0.333000E+03   0.154486E+04   0.627590E+02   0.899890E+05   0.368804E+04
   0.333100E+03   0.154486E+04   0.627590E+02   0.899890E+05   0.368804E+04
   0.333200E+03   0.154486E+04   0.627590E+02   0.899890E+05   0.368804E+04
   0.333300E+03   0.154486E+04   0.627590E+02   0.899890E+05   0.368804E+04
   0.333400E+03   0.154486E+04   0.627590E+02   0.899890E+05   0.368804E+04
   0.333500E+03   0.154486E+04   0.627590E+02   0.899890E+05   0.368804E+04
   0.333600E+03   0.154486E+04   0.627590E+02   0.899890E+05   0.368804E+04
   0.333700E+03   0.154486E+04   0.627590E+02   0.899890E+05   0.368804E+04
   0.333800E+03   0.154486E+04   0.627590E+02   0.899890E+05   0.368804E+04
   0.333900E+03   0.154486E+04   0.627590E+02   0.899890E+05   0.368804E+04
   0.334000E+03   0.154486E+04   0.627590E+02   0.899890E+05   0.368804E+04
   0.334100E+03   0.154486E+04   0.627590E+02   0.899890E+05   0.368804E+04
   0.334200E+03   0.154486E+04   0.627590E+02   0.899890E+05   0.368804E+04
   0.334300E+03   0.154486E+04   0.627590E+02   0.899890E+05   0.368804E+04
   0.334400E+03   0.154486E+04   0.627590E+02   0.899890E+05   0.368804E+04
   0.334500E+03   0.154486E+04   0.627590E+02   0.899890E+05   0.368804E+04
   0.334600E+03   0.154486E+04   0.627590E+02   0.899890E+05   0.368804E+04
   0.334700E+03   0.154486E+04   0.627590E+02   0.899890E+05   0.368804E+04
   0.334800E+03   0.154486E+04   0.627590E+02   0.899890E+05   0.368805E+04
   0.334900E+03   0.154486E+04   0.627590E+02   0.899890E+05   0.368805E+04
   0.335000E+03   0.154486E+04   0.627590E+02   0.899890E+05   0.368805E+04
   0.335100E+03   0.154486E+04   0.627590E+02   0.899890E+05   0.368805E+04
   0.335200E+03   0.154486E+04   0.627590E+02   0.899890E+05   0.368805E+04
   0.335300E+03   0.154486E+04   0.627590E+02   0.899890E+05   0.368805E+04
   0.335400E+03   0.154486E+04   0.627590E+02   0.899890E+05   0.368805E+04
   0.335500E+03   0.154486E+04   0.627590E+02   0.899890E+05   0.368805E+04
   0.335600E+03   0.154486E+04   0.627590E+02   0.899890E+05   0.368805E+04
   0.335700E+03   0.154486E+04   0.627590E+02   0.899890E+05   0.368805E+04
   0.335800E+03   0.154486E+04   0.627590E+02   0.899890E+05   0.368803E+04
   0.335900E+03   0.154486E+04   0.627590E+02   0.899890E+05   0.368803E+04
   0.336000E+03   0.154486E+04   0.627590E+02   0.899890E+05   0.368803E+04
   0.336100E+03   0.154486E+04   0.627590E+02   0.899890E+05   0.368803E+04
   0.336200E+03   0.154486E+04   0.627590E+02   0.899890E+05   0.368803E+04
   0.336300E+03   0.154486E+04   0.627590E+02   0.899890E+05   0.368803E+04
   0.336400E+03   0.154486E+04   0.627590E+02   0.899890E+05   0.368803E+04
   0.336500E+03   0.154486E+04   0.627590E+02   0.899890E+05   0.368803E+04
   0.336600E+03   0.154486E+04   0.627590E+02   0.899890E+05   0.368803E+04
   0.336700E+03   0.154486E+04   0.627590E+02   0.899890E+05   0.368803E+04
   0.336800E+03   0.154486E+04   0.627594E+02   0.899890E+05   0.368803E+04
   0.336900E+03   0.154486E+04   0.627594E+02   0.899890E+05   0.368803E+04
   0.337000E+03   0.154486E+04   0.627594E+02   0.899890E+05   0.368803E+04
   0.337100E+03   0.154486E+04   0.627594E+02   0.899890E+05   0.368803E+04
   0.337200E+03   0.154486E+04   0.627594E+02   0.899890E+05   0.368803E+04
   0.337300E+03   0.154486E+04   0.627594E+02   0.899890E+05   0.368803E+04
   0.337400E+03   0.154486E+04   0.627594E+02   0.899890E+05   0.368804E+04
   0.337500E+03   0.154486E+04   0.627594E+02   0.899890E+05   0.368804E+04
   0.337600E+03   0.154486E+04   0.627594E+02   0.899890E+05   0.368804E+04
   0.337700E+03   0.154486E+04   0.627594E+02   0.899890E+05   0.368804E+04
   0.337800E+03   0.154486E+04   0.627594E+02   0.899891E+05   0.368804E+04
   0.337900E+03   0.154486E+04   0.627594E+02   0.899891E+05   0.368805E+04
   0.338000E+03   0.154486E+04   0.627594E+02   0.899891E+05   0.368805E+04
   0.338100E+03   0.154486E+04   0.627594E+02   0.899891E+05   0.368805E+04
   0.338200E+03   0.154486E+04   0.627594E+02   0.899891E+05   0.368805E+04
   0.338300E+03   0.154486E+04   0.627594E+02   0.899891E+05   0.368804E+04
   0.338400E+03   0.154486E+04   0.627594E+02   0.899891E+05   0.368804E+04
   0.338500E+03   0.154486E+04   0.627594E+02   0.899891E+05   0.368804E+04
   0.338600E+03   0.154486E+04   0.627594E+02   0.899891E+05   0.368804E+04
   0.338700E+03   0.154486E+04   0.627594E+02   0.899891E+05   0.368804E+04
   0.338800E+03   0.154486E+04   0.627594E+02   0.899891E+05   0.368804E+04
   0.338900E+03   0.154486E+04   0.627594E+02   0.899891E+05   0.368804E+04
   0.339000E+03   0.154486E+04   0.627594E+02   0.899891E+05   0.368804E+04
   0.339100E+03   0.154486E+04   0.627594E+02   0.899891E+05   0.368804E+04
   0.339200E+03   0.154486E+04   0.627594E+02   0.899891E+05   0.368802E+04
   0.339300E+03   0.154486E+04   0.627594E+02   0.899891E+05   0.368802E+04
   0.339400E+03   0.154486E+04   0.627594E+02   0.899891E+05   0.368802E+04
   0.339500E+03   0.154486E+04   0.627594E+02   0.899891E+05   0.368802E+04
   0.339600E+03   0.154486E+04   0.627594E+02   0.899891E+05   0.368801E+04
   0.339700E+03   0.154486E+04   0.627594E+02   0.899891E+05   0.368801E+04
   0.339800E+03   0.154486E+04   0.627594E+02   0.899891E+05   0.368801E+04
   0.339900E+03   0.154486E+04   0.627594E+02   0.899891E+05   0.368801E+04
   0.340000E+03   0.154486E+04   0.627594E+02   0.899891E+05   0.368801E+04
   0.340100E+03   0.154486E+04   0.627594E+02   0.899891E+05   0.368801E+04
   0.340200E+03   0.154486E+04   0.627594E+02   0.899891E+05   0.368801E+04
   0.340300E+03   0.154486E+04   0.627594E+02   0.899891E+05   0.368801E+04
   0.340400E+03   0.154486E+04   0.627594E+02   0.899891E+05   0.368803E+04
   0.340500E+03   0.154486E+04   0.627594E+02   0.899891E+05   0.368803E+04
   0.340600E+03   0.154486E+04   0.627594E+02   0.899891E+05   0.368803E+04
   0.340700E+03   0.154486E+04   0.627594E+02   0.899891E+05   0.368804E+04
   0.340800E+03   0.154486E+04   0.627594E+02   0.899891E+05   0.368804E+04
   0.340900E+03   0.154486E+04   0.627594E+02   0.899891E+05   0.368804E+04
   0.341000E+03   0.154486E+04   0.627594E+02   0.899891E+05   0.368804E+04
   0.341100E+03   0.154486E+04   0.627594E+02   0.899891E+05   0.368804E+04
   0.341200E+03   0.154486E+04   0.627594E+02   0.899891E+05   0.368804E+04
   0.341300E+03   0.154486E+04   0.627594E+02   0.899891E+05   0.368804E+04
   0.341400E+03   0.154486E+04   0.627594E+02   0.899891E+05   0.368803E+04
   0.341500E+03   0.154486E+04   0.627594E+02   0.899891E+05   0.368803E+04
   0.341600E+03   0.154486E+04   0.627594E+02   0.899891E+05   0.368803E+04
   0.341700E+03   0.154486E+04   0.627594E+02   0.899891E+05   0.368803E+04
   0.341800E+03   0.154486E+04   0.627594E+02   0.899891E+05   0.368803E+04
   0.341900E+03   0.154486E+04   0.627594E+02   0.899891E+05   0.368803E+04
   0.342000E+03   0.154486E+04   0.627594E+02   0.899891E+05   0.368803E+04
   0.342100E+03   0.154486E+04   0.627594E+02   0.899891E+05   0.368803E+04
   0.342200E+03   0.154486E+04   0.627594E+02   0.899891E+05   0.368803E+04
   0.342300E+03   0.154486E+04   0.627594E+02   0.899891E+05   0.368803E+04
   0.342400E+03   0.154486E+04   0.627594E+02   0.899891E+05   0.368803E+04
   0.342500E+03   0.154486E+04   0.627594E+02   0.899891E+05   0.368803E+04
   0.342600E+03   0.154486E+04   0.627594E+02   0.899891E+05   0.368803E+04
   0.342700E+03   0.154486E+04   0.627594E+02   0.899891E+05   0.368803E+04
   0.342800E+03   0.154486E+04   0.627594E+02   0.899891E+05   0.368803E+04
   0.342900E+03   0.154486E+04   0.627594E+02   0.899891E+05   0.368803E+04
   0.343000E+03   0.154486E+04   0.627594E+02   0.899891E+05   0.368801E+04
   0.343100E+03   0.154486E+04   0.627594E+02   0.899891E+05   0.368801E+04
   0.343200E+03   0.154486E+04   0.627594E+02   0.899891E+05   0.368801E+04
   0.343300E+03   0.154486E+04   0.627594E+02   0.899891E+05   0.368801E+04
   0.343400E+03   0.154486E+04   0.627594E+02   0.899891E+05   0.368801E+04
   0.343500E+03   0.154486E+04   0.627594E+02   0.899892E+05   0.368801E+04
   0.343600E+03   0.154486E+04   0.627594E+02   0.899892E+05   0.368801E+04
   0.343700E+03   0.154486E+04   0.627594E+02   0.899892E+05   0.368802E+04
   0.343800E+03   0.154486E+04   0.627594E+02   0.899892E+05   0.368802E+04
   0.343900E+03   0.154486E+04   0.627594E+02   0.899892E+05   0.368803E+04
   0.344000E+03   0.154486E+04   0.627594E+02   0.899892E+05   0.368803E+04
   0.344100E+03   0.154486E+04   0.627594E+02   0.899892E+05   0.368803E+04
   0.344200E+03   0.154486E+04   0.627594E+02   0.899892E+05   0.368803E+04
   0.344300E+03   0.154486E+04   0.627610E+02   0.899892E+05   0.368803E+04
   0.344400E+03   0.154486E+04   0.627610E+02   0.899892E+05   0.368803E+04
   0.344500E+03   0.154486E+04   0.627617E+02   0.899892E+05   0.368803E+04
   0.344600E+03   0.154486E+04   0.627617E+02   0.899892E+05   0.368803E+04
   0.344700E+03   0.154486E+04   0.627617E+02   0.899892E+05   0.368803E+04
   0.344800E+03   0.154486E+04   0.627617E+02   0.899892E+05   0.368802E+04
   0.344900E+03   0.154486E+04   0.627617E+02   0.899892E+05   0.368802E+04
   0.345000E+03   0.154486E+04   0.627617E+02   0.899892E+05   0.368802E+04
   0.345100E+03   0.154486E+04   0.627617E+02   0.899892E+05   0.368802E+04
   0.345200E+03   0.154486E+04   0.627617E+02   0.899892E+05   0.368802E+04
   0.345300E+03   0.154486E+04   0.627617E+02   0.899892E+05   0.368802E+04
   0.345400E+03   0.154486E+04   0.627617E+02   0.899892E+05   0.368802E+04
   0.345500E+03   0.154486E+04   0.627617E+02   0.899892E+05   0.368802E+04
   0.345600E+03   0.154486E+04   0.627617E+02   0.899892E+05   0.368802E+04
   0.345700E+03   0.154486E+04   0.627617E+02   0.899892E+05   0.368802E+04
   0.345800E+03   0.154486E+04   0.627617E+02   0.899892E+05   0.368802E+04
   0.345900E+03   0.154486E+04   0.627617E+02   0.899892E+05   0.368802E+04
   0.346000E+03   0.154486E+04   0.627617E+02   0.899892E+05   0.368802E+04
   0.346100E+03   0.154486E+04   0.627617E+02   0.899892E+05   0.368802E+04
   0.346200E+03   0.154486E+04   0.627617E+02   0.899892E+05   0.368802E+04
   0.346300E+03   0.154486E+04   0.627617E+02   0.899892E+05   0.368802E+04
   0.346400E+03   0.154486E+04   0.627617E+02   0.899892E+05   0.368802E+04
   0.346500E+03   0.154486E+04   0.627617E+02   0.899892E+05   0.368802E+04
   0.346600E+03   0.154486E+04   0.627617E+02   0.899892E+05   0.368802E+04
   0.346700E+03   0.154487E+04   0.627594E+02   0.899892E+05   0.368802E+04
   0.346800E+03   0.154487E+04   0.627594E+02   0.899892E+05   0.368802E+04
   0.346900E+03   0.154487E+04   0.627589E+02   0.899892E+05   0.368802E+04
   0.347000E+03   0.154487E+04   0.627589E+02   0.899892E+05   0.368802E+04
   0.347100E+03   0.154487E+04   0.627589E+02   0.899892E+05   0.368802E+04
   0.347200E+03   0.154487E+04   0.627589E+02   0.899892E+05   0.368802E+04
   0.347300E+03   0.154487E+04   0.627589E+02   0.899892E+05   0.368802E+04
   0.347400E+03   0.154487E+04   0.627589E+02   0.899892E+05   0.368801E+04
   0.347500E+03   0.154487E+04   0.627589E+02   0.899892E+05   0.368801E+04
   0.347600E+03   0.154487E+04   0.627589E+02   0.899892E+05   0.368801E+04
   0.347700E+03   0.154487E+04   0.627589E+02   0.899892E+05   0.368801E+04
   0.347800E+03   0.154487E+04   0.627589E+02   0.899892E+05   0.368801E+04
   0.347900E+03   0.154487E+04   0.627589E+02   0.899892E+05   0.368801E+04
   0.348000E+03   0.154487E+04   0.627589E+02   0.899892E+05   0.368801E+04
   0.348100E+03   0.154487E+04   0.627589E+02   0.899892E+05   0.368801E+04
   0.348200E+03   0.154487E+04   0.627589E+02   0.899892E+05   0.368801E+04
   0.348300E+03   0.154487E+04   0.627589E+02   0.899892E+05   0.368801E+04
   0.348400E+03   0.154487E+04   0.627589E+02   0.899892E+05   0.368801E+04
   0.348500E+03   0.154487E+04   0.627589E+02   0.899892E+05   0.368801E+04
   0.348600E+03   0.154487E+04   0.627589E+02   0.899892E+05   0.368801E+04
   0.348700E+03   0.154487E+04   0.627589E+02   0.899892E+05   0.368801E+04
   0.348800E+03   0.154487E+04   0.627589E+02   0.899892E+05   0.368801E+04
   0.348900E+03   0.154487E+04   0.627589E+02   0.899892E+05   0.368801E+04
   0.349000E+03   0.154487E+04   0.627589E+02   0.899892E+05   0.368801E+04
   0.349100E+03   0.154487E+04   0.627589E+02   0.899892E+05   0.368801E+04
   0.349200E+03   0.154487E+04   0.627589E+02   0.899892E+05   0.368801E+04
   0.349300E+03   0.154487E+04   0.627589E+02   0.899892E+05   0.368801E+04
   0.349400E+03   0.154487E+04   0.627589E+02   0.899892E+05   0.368801E+04
   0.349500E+03   0.154487E+04   0.627589E+02   0.899892E+05   0.368801E+04
   0.349600E+03   0.154487E+04   0.627589E+02   0.899892E+05   0.368801E+04
   0.349700E+03   0.154487E+04   0.627589E+02   0.899892E+05   0.368801E+04
   0.349800E+03   0.154487E+04   0.627589E+02   0.899892E+05   0.368801E+04
   0.349900E+03   0.154487E+04   0.627589E+02   0.899892E+05   0.368801E+04
   0.350000E+03   0.154487E+04   0.627589E+02   0.899892E+05   0.368801E+04
   0.350100E+03   0.154487E+04   0.627589E+02   0.899892E+05   0.368801E+04
   0.350200E+03   0.154487E+04   0.627589E+02   0.899892E+05   0.368801E+04
   0.350300E+03   0.154487E+04   0.627589E+02   0.899892E+05   0.368801E+04
   0.350400E+03   0.154487E+04   0.627589E+02   0.899892E+05   0.368801E+04
   0.350500E+03   0.154487E+04   0.627589E+02   0.899892E+05   0.368801E+04
   0.350600E+03   0.154487E+04   0.627589E+02   0.899892E+05   0.368801E+04
   0.350700E+03   0.154487E+04   0.627589E+02   0.899892E+05   0.368801E+04
   0.350800E+03   0.154487E+04   0.627589E+02   0.899892E+05   0.368801E+04
   0.350900E+03   0.154487E+04   0.627589E+02   0.899892E+05   0.368801E+04
   0.351000E+03   0.154487E+04   0.627589E+02   0.899892E+05   0.368801E+04
   0.351100E+03   0.154487E+04   0.627589E+02   0.899892E+05   0.368801E+04
   0.351200E+03   0.154487E+04   0.627589E+02   0.899892E+05   0.368801E+04
   0.351300E+03   0.154487E+04   0.627589E+02   0.899892E+05   0.368801E+04
   0.351400E+03   0.154487E+04   0.627589E+02   0.899892E+05   0.368800E+04
   0.351500E+03   0.154487E+04   0.627589E+02   0.899892E+05   0.368800E+04
   0.351600E+03   0.154487E+04   0.627589E+02   0.899893E+05   0.368801E+04
   0.351700E+03   0.154487E+04   0.627589E+02   0.899893E+05   0.368802E+04
   0.351800E+03   0.154487E+04   0.627589E+02   0.899893E+05   0.368802E+04
   0.351900E+03   0.154487E+04   0.627589E+02   0.899893E+05   0.368802E+04
   0.352000E+03   0.154487E+04   0.627589E+02   0.899893E+05   0.368802E+04
   0.352100E+03   0.154487E+04   0.627589E+02   0.899893E+05   0.368802E+04
   0.352200E+03   0.154487E+04   0.627589E+02   0.899893E+05   0.368802E+04
   0.352300E+03   0.154487E+04   0.627589E+02   0.899893E+05   0.368802E+04
   0.352400E+03   0.154487E+04   0.627589E+02   0.899893E+05   0.368802E+04
   0.352500E+03   0.154487E+04   0.627589E+02   0.899893E+05   0.368802E+04
   0.352600E+03   0.154487E+04   0.627589E+02   0.899893E+05   0.368802E+04
   0.352700E+03   0.154487E+04   0.627589E+02   0.899893E+05   0.368800E+04
   0.352800E+03   0.154487E+04   0.627589E+02   0.899893E+05   0.368800E+04
   0.352900E+03   0.154487E+04   0.627589E+02   0.899893E+05   0.368800E+04
   0.353000E+03   0.154487E+04   0.627589E+02   0.899893E+05   0.368800E+04
   0.353100E+03   0.154487E+04   0.627589E+02   0.899893E+05   0.368800E+04
   0.353200E+03   0.154487E+04   0.627589E+02   0.899893E+05   0.368800E+04
   0.353300E+03   0.154487E+04   0.627589E+02   0.899893E+05   0.368800E+04
   0.353400E+03   0.154487E+04   0.627589E+02   0.899893E+05   0.368799E+04
   0.353500E+03   0.154487E+04   0.627589E+02   0.899893E+05   0.368799E+04
   0.353600E+03   0.154487E+04   0.627589E+02   0.899893E+05   0.368799E+04
   0.353700E+03   0.154487E+04   0.627589E+02   0.899893E+05   0.368799E+04
   0.353800E+03   0.154487E+04   0.627589E+02   0.899893E+05   0.368799E+04
   0.353900E+03   0.154487E+04   0.627589E+02   0.899893E+05   0.368800E+04
   0.354000E+03   0.154487E+04   0.627589E+02   0.899893E+05   0.368800E+04
   0.354100E+03   0.154487E+04   0.627589E+02   0.899893E+05   0.368800E+04
   0.354200E+03   0.154487E+04   0.627589E+02   0.899893E+05   0.368800E+04
   0.354300E+03   0.154487E+04   0.627589E+02   0.899893E+05   0.368800E+04
   0.354400E+03   0.154487E+04   0.627589E+02   0.899893E+05   0.368800E+04
   0.354500E+03   0.154487E+04   0.627589E+02   0.899893E+05   0.368800E+04
   0.354600E+03   0.154487E+04   0.627589E+02   0.899893E+05   0.368800E+04
   0.354700E+03   0.154487E+04   0.627589E+02   0.899893E+05   0.368800E+04
   0.354800E+03   0.154487E+04   0.627589E+02   0.899893E+05   0.368801E+04
   0.354900E+03   0.154487E+04   0.627589E+02   0.899893E+05   0.368801E+04
   0.355000E+03   0.154487E+04   0.627589E+02   0.899893E+05   0.368801E+04
   0.355100E+03   0.154487E+04   0.627589E+02   0.899893E+05   0.368801E+04
   0.355200E+03   0.154487E+04   0.627589E+02   0.899893E+05   0.368801E+04
   0.355300E+03   0.154487E+04   0.627589E+02   0.899893E+05   0.368801E+04
   0.355400E+03   0.154487E+04   0.627589E+02   0.899893E+05   0.368801E+04
   0.355500E+03   0.154487E+04   0.627589E+02   0.899893E+05   0.368801E+04
   0.355600E+03   0.154487E+04   0.627589E+02   0.899893E+05   0.368801E+04
   0.355700E+03   0.154487E+04   0.627589E+02   0.899893E+05   0.368801E+04
   0.355800E+03   0.154487E+04   0.627589E+02   0.899893E+05   0.368801E+04
   0.355900E+03   0.154487E+04   0.627589E+02   0.899893E+05   0.368801E+04
   0.356000E+03   0.154487E+04   0.627589E+02   0.899893E+05   0.368801E+04
   0.356100E+03   0.154487E+04   0.627589E+02   0.899893E+05   0.368801E+04
   0.356200E+03   0.154487E+04   0.627589E+02   0.899893E+05   0.368801E+04
   0.356300E+03   0.154487E+04   0.627589E+02   0.899893E+05   0.368801E+04
   0.356400E+03   0.154487E+04   0.627589E+02   0.899893E+05   0.368801E+04
   0.356500E+03   0.154487E+04   0.627589E+02   0.899893E+05   0.368801E+04
   0.356600E+03   0.154487E+04   0.627589E+02   0.899893E+05   0.368801E+04
   0.356700E+03   0.154487E+04   0.627589E+02   0.899893E+05   0.368802E+04
   0.356800E+03   0.154487E+04   0.627589E+02   0.899893E+05   0.368802E+04
   0.356900E+03   0.154487E+04   0.627589E+02   0.899893E+05   0.368802E+04
   0.357000E+03   0.154487E+04   0.627589E+02   0.899893E+05   0.368802E+04
   0.357100E+03   0.154487E+04   0.627589E+02   0.899893E+05   0.368802E+04
   0.357200E+03   0.154487E+04   0.627589E+02   0.899893E+05   0.368802E+04
   0.357300E+03   0.154487E+04   0.627589E+02   0.899893E+05   0.368802E+04
   0.357400E+03   0.154487E+04   0.627589E+02   0.899893E+05   0.368802E+04
   0.357500E+03   0.154487E+04   0.627589E+02   0.899893E+05   0.368802E+04
   0.357600E+03   0.154487E+04   0.627589E+02   0.899893E+05   0.368802E+04
   0.357700E+03   0.154487E+04   0.627589E+02   0.899893E+05   0.368802E+04
   0.357800E+03   0.154487E+04   0.627589E+02   0.899893E+05   0.368802E+04
   0.357900E+03   0.154487E+04   0.627589E+02   0.899893E+05   0.368802E+04
   0.358000E+03   0.154487E+04   0.627589E+02   0.899893E+05   0.368802E+04
   0.358100E+03   0.154487E+04   0.627589E+02   0.899893E+05   0.368802E+04
   0.358200E+03   0.154487E+04   0.627589E+02   0.899893E+05   0.368802E+04
   0.358300E+03   0.154487E+04   0.627589E+02   0.899893E+05   0.368802E+04
   0.358400E+03   0.154487E+04   0.627589E+02   0.899893E+05   0.368802E+04
   0.358500E+03   0.154487E+04   0.627589E+02   0.899893E+05   0.368802E+04
   0.358600E+03   0.154487E+04   0.627589E+02   0.899893E+05   0.368802E+04
   0.358700E+03   0.154487E+04   0.627589E+02   0.899893E+05   0.368802E+04
   0.358800E+03   0.154487E+04   0.627589E+02   0.899893E+05   0.368802E+04
   0.358900E+03   0.154487E+04   0.627589E+02   0.899893E+05   0.368802E+04
   0.359000E+03   0.154487E+04   0.627589E+02   0.899894E+05   0.368801E+04
   0.359100E+03   0.154487E+04   0.627589E+02   0.899894E+05   0.368799E+04
   0.359200E+03   0.154487E+04   0.627589E+02   0.899894E+05   0.368799E+04
   0.359300E+03   0.154487E+04   0.627589E+02   0.899894E+05   0.368799E+04
   0.359400E+03   0.154487E+04   0.627589E+02   0.899894E+05   0.368799E+04
   0.359500E+03   0.154487E+04   0.627589E+02   0.899894E+05   0.368799E+04
   0.359600E+03   0.154487E+04   0.627589E+02   0.899894E+05   0.368799E+04
   0.359700E+03   0.154487E+04   0.627589E+02   0.899894E+05   0.368799E+04
   0.359800E+03   0.154487E+04   0.627589E+02   0.899894E+05   0.368799E+04
   0.359900E+03   0.154487E+04   0.627589E+02   0.899894E+05   0.368799E+04
   0.360000E+03   0.154487E+04   0.627589E+02   0.899894E+05   0.368799E+04
   0.360100E+03   0.154487E+04   0.627589E+02   0.899894E+05   0.368799E+04
   0.360200E+03   0.154487E+04   0.627589E+02   0.899894E+05   0.368799E+04
   0.360300E+03   0.154487E+04   0.627589E+02   0.899894E+05   0.368799E+04
   0.360400E+03   0.154487E+04   0.627589E+02   0.899894E+05   0.368799E+04
   0.360500E+03   0.154487E+04   0.627589E+02   0.899894E+05   0.368799E+04
   0.360600E+03   0.154487E+04   0.627589E+02   0.899894E+05   0.368799E+04
   0.360700E+03   0.154487E+04   0.627589E+02   0.899894E+05   0.368799E+04
   0.360800E+03   0.154487E+04   0.627589E+02   0.899894E+05   0.368799E+04
   0.360900E+03   0.154487E+04   0.627589E+02   0.899894E+05   0.368799E+04
   0.361000E+03   0.154487E+04   0.627589E+02   0.899894E+05   0.368799E+04
   0.361100E+03   0.154487E+04   0.627589E+02   0.899894E+05   0.368799E+04
   0.361200E+03   0.154487E+04   0.627589E+02   0.899894E+05   0.368799E+04
   0.361300E+03   0.154487E+04   0.627589E+02   0.899894E+05   0.368799E+04
   0.361400E+03   0.154487E+04   0.627589E+02   0.899894E+05   0.368799E+04
   0.361500E+03   0.154487E+04   0.627589E+02   0.899894E+05   0.368799E+04
   0.361600E+03   0.154487E+04   0.627589E+02   0.899894E+05   0.368799E+04
   0.361700E+03   0.154487E+04   0.627589E+02   0.899894E+05   0.368799E+04
   0.361800E+03   0.154487E+04   0.627589E+02   0.899894E+05   0.368799E+04
   0.361900E+03   0.154487E+04   0.627589E+02   0.899894E+05   0.368799E+04
   0.362000E+03   0.154487E+04   0.627589E+02   0.899894E+05   0.368799E+04
   0.362100E+03   0.154487E+04   0.627589E+02   0.899894E+05   0.368799E+04
   0.362200E+03   0.154487E+04   0.627589E+02   0.899894E+05   0.368799E+04
   0.362300E+03   0.154487E+04   0.627589E+02   0.899894E+05   0.368799E+04
   0.362400E+03   0.154487E+04   0.627589E+02   0.899894E+05   0.368799E+04
   0.362500E+03   0.154487E+04   0.627589E+02   0.899894E+05   0.368799E+04
   0.362600E+03   0.154487E+04   0.627589E+02   0.899894E+05   0.368799E+04
   0.362700E+03   0.154487E+04   0.627589E+02   0.899894E+05   0.368799E+04
   0.362800E+03   0.154487E+04   0.627589E+02   0.899894E+05   0.368799E+04
   0.362900E+03   0.154487E+04   0.627589E+02   0.899894E+05   0.368800E+04
   0.363000E+03   0.154487E+04   0.627589E+02   0.899894E+05   0.368800E+04
   0.363100E+03   0.154487E+04   0.627589E+02   0.899894E+05   0.368800E+04
   0.363200E+03   0.154487E+04   0.627589E+02   0.899894E+05   0.368801E+04
   0.363300E+03   0.154487E+04   0.627589E+02   0.899894E+05   0.368801E+04
   0.363400E+03   0.154487E+04   0.627589E+02   0.899894E+05   0.368801E+04
   0.363500E+03   0.154487E+04   0.627589E+02   0.899894E+05   0.368801E+04
   0.363600E+03   0.154487E+04   0.627589E+02   0.899894E+05   0.368801E+04
   0.363700E+03   0.154487E+04   0.627589E+02   0.899894E+05   0.368801E+04
   0.363800E+03   0.154487E+04   0.627589E+02   0.899894E+05   0.368801E+04
   0.363900E+03   0.154487E+04   0.627589E+02   0.899894E+05   0.368801E+04
   0.364000E+03   0.154487E+04   0.627589E+02   0.899894E+05   0.368801E+04
   0.364100E+03   0.154487E+04   0.627589E+02   0.899894E+05   0.368801E+04
   0.364200E+03   0.154487E+04   0.627589E+02   0.899894E+05   0.368801E+04
   0.364300E+03   0.154487E+04   0.627589E+02   0.899894E+05   0.368801E+04
   0.364400E+03   0.154487E+04   0.627589E+02   0.899894E+05   0.368801E+04
   0.364500E+03   0.154487E+04   0.627589E+02   0.899894E+05   0.368801E+04
   0.364600E+03   0.154487E+04   0.627589E+02   0.899894E+05   0.368801E+04
   0.364700E+03   0.154487E+04   0.627589E+02   0.899894E+05   0.368801E+04
   0.364800E+03   0.154487E+04   0.627589E+02   0.899894E+05   0.368801E+04
   0.364900E+03   0.154487E+04   0.627589E+02   0.899894E+05   0.368801E+04
   0.365000E+03   0.154487E+04   0.627589E+02   0.899894E+05   0.368801E+04
   0.365100E+03   0.154487E+04   0.627589E+02   0.899894E+05   0.368801E+04
   0.365200E+03   0.154487E+04   0.627589E+02   0.899894E+05   0.368801E+04
   0.365300E+03   0.154487E+04   0.627589E+02   0.899894E+05   0.368801E+04
   0.365400E+03   0.154487E+04   0.627589E+02   0.899894E+05   0.368801E+04
   0.365500E+03   0.154487E+04   0.627589E+02   0.899894E+05   0.368801E+04
   0.365600E+03   0.154487E+04   0.627589E+02   0.899894E+05   0.368801E+04
   0.365700E+03   0.154487E+04   0.627589E+02   0.899894E+05   0.368801E+04
   0.365800E+03   0.154487E+04   0.627589E+02   0.899894E+05   0.368801E+04
   0.365900E+03   0.154487E+04   0.627589E+02   0.899894E+05   0.368801E+04
   0.366000E+03   0.154487E+04   0.627589E+02   0.899894E+05   0.368801E+04
   0.366100E+03   0.154487E+04   0.627589E+02   0.899894E+05   0.368801E+04
   0.366200E+03   0.154487E+04   0.627589E+02   0.899894E+05   0.368801E+04
   0.366300E+03   0.154487E+04   0.627589E+02   0.899894E+05   0.368801E+04
   0.366400E+03   0.154487E+04   0.627589E+02   0.899894E+05   0.368801E+04
   0.366500E+03   0.154487E+04   0.627589E+02   0.899894E+05   0.368801E+04
   0.366600E+03   0.154487E+04   0.627589E+02   0.899894E+05   0.368801E+04
   0.366700E+03   0.154487E+04   0.627589E+02   0.899894E+05   0.368801E+04
   0.366800E+03   0.154487E+04   0.627589E+02   0.899894E+05   0.368801E+04
   0.366900E+03   0.154487E+04   0.627589E+02   0.899894E+05   0.368801E+04
   0.367000E+03   0.154487E+04   0.627589E+02   0.899894E+05   0.368801E+04
   0.367100E+03   0.154487E+04   0.627589E+02   0.899894E+05   0.368801E+04
   0.367200E+03   0.154487E+04   0.627589E+02   0.899894E+05   0.368801E+04
   0.367300E+03   0.154487E+04   0.627589E+02   0.899894E+05   0.368801E+04
   0.367400E+03   0.154487E+04   0.627589E+02   0.899894E+05   0.368801E+04
   0.367500E+03   0.154487E+04   0.627589E+02   0.899894E+05   0.368801E+04
   0.367600E+03   0.154487E+04   0.627589E+02   0.899894E+05   0.368798E+04
   0.367700E+03   0.154487E+04   0.627589E+02   0.899894E+05   0.368798E+04
   0.367800E+03   0.154487E+04   0.627589E+02   0.899894E+05   0.368798E+04
   0.367900E+03   0.154487E+04   0.627589E+02   0.899894E+05   0.368798E+04
   0.368000E+03   0.154487E+04   0.627589E+02   0.899894E+05   0.368798E+04
   0.368100E+03   0.154487E+04   0.627589E+02   0.899894E+05   0.368798E+04
   0.368200E+03   0.154487E+04   0.627589E+02   0.899894E+05   0.368798E+04
   0.368300E+03   0.154487E+04   0.627589E+02   0.899894E+05   0.368798E+04
   0.368400E+03   0.154487E+04   0.627589E+02   0.899894E+05   0.368798E+04
   0.368500E+03   0.154487E+04   0.627589E+02   0.899894E+05   0.368798E+04
   0.368600E+03   0.154487E+04   0.627589E+02   0.899894E+05   0.368798E+04
   0.368700E+03   0.154487E+04   0.627589E+02   0.899894E+05   0.368798E+04
   0.368800E+03   0.154487E+04   0.627589E+02   0.899894E+05   0.368798E+04
   0.368900E+03   0.154487E+04   0.627589E+02   0.899894E+05   0.368798E+04
   0.369000E+03   0.154487E+04   0.627589E+02   0.899894E+05   0.368798E+04
   0.369100E+03   0.154487E+04   0.627589E+02   0.899894E+05   0.368798E+04
   0.369200E+03   0.154487E+04   0.627589E+02   0.899894E+05   0.368798E+04
   0.369300E+03   0.154487E+04   0.627589E+02   0.899894E+05   0.368798E+04
   0.369400E+03   0.154487E+04   0.627589E+02   0.899894E+05   0.368798E+04
   0.369500E+03   0.154487E+04   0.627589E+02   0.899894E+05   0.368798E+04
   0.369600E+03   0.154487E+04   0.627589E+02   0.899894E+05   0.368798E+04
   0.369700E+03   0.154487E+04   0.627589E+02   0.899894E+05   0.368798E+04
   0.369800E+03   0.154487E+04   0.627589E+02   0.899894E+05   0.368798E+04
   0.369900E+03   0.154487E+04   0.627589E+02   0.899894E+05   0.368798E+04
   0.370000E+03   0.154487E+04   0.627589E+02   0.899894E+05   0.368798E+04
   0.370100E+03   0.154487E+04   0.627589E+02   0.899894E+05   0.368798E+04
   0.370200E+03   0.154487E+04   0.627589E+02   0.899894E+05   0.368798E+04
   0.370300E+03   0.154487E+04   0.627589E+02   0.899894E+05   0.368798E+04
   0.370400E+03   0.154487E+04   0.627589E+02   0.899894E+05   0.368798E+04
   0.370500E+03   0.154487E+04   0.627589E+02   0.899894E+05   0.368798E+04
   0.370600E+03   0.154487E+04   0.627589E+02   0.899894E+05   0.368798E+04
   0.370700E+03   0.154487E+04   0.627589E+02   0.899894E+05   0.368798E+04
   0.370800E+03   0.154487E+04   0.627589E+02   0.899894E+05   0.368798E+04
   0.370900E+03   0.154487E+04   0.627589E+02   0.899894E+05   0.368799E+04
   0.371000E+03   0.154487E+04   0.627589E+02   0.899894E+05   0.368799E+04
   0.371100E+03   0.154487E+04   0.627589E+02   0.899894E+05   0.368799E+04
   0.371200E+03   0.154487E+04   0.627589E+02   0.899894E+05   0.368799E+04
   0.371300E+03   0.154487E+04   0.627589E+02   0.899894E+05   0.368799E+04
   0.371400E+03   0.154487E+04   0.627589E+02   0.899894E+05   0.368799E+04
   0.371500E+03   0.154487E+04   0.627589E+02   0.899894E+05   0.368799E+04
   0.371600E+03   0.154487E+04   0.627589E+02   0.899894E+05   0.368799E+04
   0.371700E+03   0.154487E+04   0.627589E+02   0.899894E+05   0.368799E+04
   0.371800E+03   0.154487E+04   0.627589E+02   0.899894E+05   0.368799E+04
   0.371900E+03   0.154487E+04   0.627589E+02   0.899894E+05   0.368799E+04
   0.372000E+03   0.154487E+04   0.627589E+02   0.899894E+05   0.368799E+04
   0.372100E+03   0.154487E+04   0.627589E+02   0.899894E+05   0.368799E+04
   0.372200E+03   0.154487E+04   0.627589E+02   0.899894E+05   0.368799E+04
   0.372300E+03   0.154487E+04   0.627589E+02   0.899894E+05   0.368799E+04
   0.372400E+03   0.154487E+04   0.627589E+02   0.899894E+05   0.368799E+04
   0.372500E+03   0.154487E+04   0.627589E+02   0.899894E+05   0.368799E+04
   0.372600E+03   0.154487E+04   0.627589E+02   0.899894E+05   0.368799E+04
   0.372700E+03   0.154487E+04   0.627589E+02   0.899894E+05   0.368799E+04
   0.372800E+03   0.154487E+04   0.627589E+02   0.899894E+05   0.368799E+04
   0.372900E+03   0.154487E+04   0.627589E+02   0.899894E+05   0.368799E+04
   0.373000E+03   0.154487E+04   0.627589E+02   0.899894E+05   0.368799E+04
   0.373100E+03   0.154487E+04   0.627589E+02   0.899894E+05   0.368799E+04
   0.373200E+03   0.154487E+04   0.627589E+02   0.899894E+05   0.368799E+04
   0.373300E+03   0.154487E+04   0.627589E+02   0.899894E+05   0.368799E+04
   0.373400E+03   0.154487E+04   0.627589E+02   0.899894E+05   0.368799E+04
   0.373500E+03   0.154487E+04   0.627589E+02   0.899894E+05   0.368799E+04
   0.373600E+03   0.154487E+04   0.627589E+02   0.899894E+05   0.368799E+04
   0.373700E+03   0.154487E+04   0.627589E+02   0.899894E+05   0.368799E+04
   0.373800E+03   0.154487E+04   0.627589E+02   0.899894E+05   0.368799E+04
   0.373900E+03   0.154487E+04   0.627589E+02   0.899894E+05   0.368799E+04
   0.374000E+03   0.154487E+04   0.627589E+02   0.899894E+05   0.368799E+04
   0.374100E+03   0.154487E+04   0.627589E+02   0.899894E+05   0.368799E+04
   0.374200E+03   0.154487E+04   0.627589E+02   0.899894E+05   0.368799E+04
   0.374300E+03   0.154487E+04   0.627589E+02   0.899895E+05   0.368799E+04
   0.374400E+03   0.154487E+04   0.627589E+02   0.899895E+05   0.368799E+04
   0.374500E+03   0.154487E+04   0.627589E+02   0.899895E+05   0.368799E+04
   0.374600E+03   0.154487E+04   0.627589E+02   0.899895E+05   0.368799E+04
   0.374700E+03   0.154487E+04   0.627589E+02   0.899895E+05   0.368799E+04
   0.374800E+03   0.154487E+04   0.627589E+02   0.899895E+05   0.368799E+04
   0.374900E+03   0.154487E+04   0.627589E+02   0.899895E+05   0.368799E+04
   0.375000E+03   0.154487E+04   0.627589E+02   0.899895E+05   0.368799E+04
   0.375100E+03   0.154487E+04   0.627589E+02   0.899895E+05   0.368799E+04
   0.375200E+03   0.154487E+04   0.627589E+02   0.899895E+05   0.368799E+04
   0.375300E+03   0.154487E+04   0.627589E+02   0.899895E+05   0.368799E+04
   0.375400E+03   0.154487E+04   0.627589E+02   0.899895E+05   0.368799E+04
   0.375500E+03   0.154487E+04   0.627589E+02   0.899895E+05   0.368799E+04
   0.375600E+03   0.154487E+04   0.627589E+02   0.899895E+05   0.368799E+04
   0.375700E+03   0.154487E+04   0.627589E+02   0.899895E+05   0.368799E+04
   0.375800E+03   0.154487E+04   0.627589E+02   0.899895E+05   0.368799E+04
   0.375900E+03   0.154487E+04   0.627589E+02   0.899895E+05   0.368799E+04
   0.376000E+03   0.154487E+04   0.627589E+02   0.899895E+05   0.368799E+04
   0.376100E+03   0.154487E+04   0.627589E+02   0.899895E+05   0.368799E+04
   0.376200E+03   0.154487E+04   0.627589E+02   0.899895E+05   0.368799E+04
   0.376300E+03   0.154487E+04   0.627589E+02   0.899895E+05   0.368799E+04
   0.376400E+03   0.154487E+04   0.627589E+02   0.899895E+05   0.368799E+04
   0.376500E+03   0.154487E+04   0.627589E+02   0.899895E+05   0.368799E+04
   0.376600E+03   0.154487E+04   0.627589E+02   0.899895E+05   0.368799E+04
   0.376700E+03   0.154487E+04   0.627589E+02   0.899895E+05   0.368799E+04
   0.376800E+03   0.154487E+04   0.627589E+02   0.899895E+05   0.368799E+04
   0.376900E+03   0.154487E+04   0.627589E+02   0.899895E+05   0.368799E+04
   0.377000E+03   0.154487E+04   0.627589E+02   0.899895E+05   0.368799E+04
   0.377100E+03   0.154487E+04   0.627589E+02   0.899895E+05   0.368799E+04
   0.377200E+03   0.154487E+04   0.627589E+02   0.899895E+05   0.368799E+04
   0.377300E+03   0.154487E+04   0.627589E+02   0.899895E+05   0.368799E+04
   0.377400E+03   0.154487E+04   0.627589E+02   0.899895E+05   0.368799E+04
   0.377500E+03   0.154487E+04   0.627589E+02   0.899895E+05   0.368799E+04
   0.377600E+03   0.154487E+04   0.627589E+02   0.899895E+05   0.368799E+04
   0.377700E+03   0.154487E+04   0.627589E+02   0.899895E+05   0.368799E+04
   0.377800E+03   0.154487E+04   0.627589E+02   0.899895E+05   0.368799E+04
   0.377900E+03   0.154487E+04   0.627589E+02   0.899895E+05   0.368799E+04
   0.378000E+03   0.154487E+04   0.627589E+02   0.899895E+05   0.368799E+04
   0.378100E+03   0.154487E+04   0.627589E+02   0.899895E+05   0.368799E+04
   0.378200E+03   0.154487E+04   0.627589E+02   0.899895E+05   0.368799E+04
   0.378300E+03   0.154487E+04   0.627589E+02   0.899895E+05   0.368799E+04
   0.378400E+03   0.154487E+04   0.627589E+02   0.899895E+05   0.368799E+04
   0.378500E+03   0.154487E+04   0.627589E+02   0.899895E+05   0.368799E+04
   0.378600E+03   0.154487E+04   0.627589E+02   0.899895E+05   0.368799E+04
   0.378700E+03   0.154487E+04   0.627589E+02   0.899895E+05   0.368799E+04
   0.378800E+03   0.154487E+04   0.627589E+02   0.899895E+05   0.368799E+04
   0.378900E+03   0.154487E+04   0.627589E+02   0.899895E+05   0.368799E+04
   0.379000E+03   0.154487E+04   0.627589E+02   0.899895E+05   0.368799E+04
   0.379100E+03   0.154487E+04   0.627589E+02   0.899895E+05   0.368799E+04
   0.379200E+03   0.154487E+04   0.627589E+02   0.899895E+05   0.368799E+04
   0.379300E+03   0.154487E+04   0.627589E+02   0.899895E+05   0.368799E+04
   0.379400E+03   0.154487E+04   0.627589E+02   0.899895E+05   0.368799E+04
   0.379500E+03   0.154487E+04   0.627589E+02   0.899895E+05   0.368799E+04
   0.379600E+03   0.154487E+04   0.627589E+02   0.899895E+05   0.368799E+04
   0.379700E+03   0.154487E+04   0.627589E+02   0.899895E+05   0.368799E+04
   0.379800E+03   0.154487E+04   0.627589E+02   0.899895E+05   0.368799E+04
   0.379900E+03   0.154487E+04   0.627589E+02   0.899895E+05   0.368799E+04
   0.380000E+03   0.154487E+04   0.627589E+02   0.899895E+05   0.368796E+04
   0.380100E+03   0.154487E+04   0.627589E+02   0.899895E+05   0.368796E+04
   0.380200E+03   0.154487E+04   0.627589E+02   0.899895E+05   0.368796E+04
   0.380300E+03   0.154487E+04   0.627589E+02   0.899895E+05   0.368796E+04
   0.380400E+03   0.154487E+04   0.627589E+02   0.899895E+05   0.368796E+04
   0.380500E+03   0.154487E+04   0.627589E+02   0.899895E+05   0.368796E+04
   0.380600E+03   0.154487E+04   0.627589E+02   0.899895E+05   0.368796E+04
   0.380700E+03   0.154487E+04   0.627589E+02   0.899895E+05   0.368796E+04
   0.380800E+03   0.154487E+04   0.627589E+02   0.899895E+05   0.368796E+04
   0.380900E+03   0.154487E+04   0.627589E+02   0.899895E+05   0.368796E+04
   0.381000E+03   0.154487E+04   0.627589E+02   0.899895E+05   0.368796E+04
   0.381100E+03   0.154487E+04   0.627589E+02   0.899895E+05   0.368796E+04
   0.381200E+03   0.154487E+04   0.627589E+02   0.899895E+05   0.368796E+04
   0.381300E+03   0.154487E+04   0.627589E+02   0.899895E+05   0.368796E+04
   0.381400E+03   0.154487E+04   0.627589E+02   0.899895E+05   0.368796E+04
   0.381500E+03   0.154487E+04   0.627589E+02   0.899895E+05   0.368796E+04
   0.381600E+03   0.154487E+04   0.627589E+02   0.899895E+05   0.368796E+04
   0.381700E+03   0.154487E+04   0.627589E+02   0.899895E+05   0.368796E+04
   0.381800E+03   0.154487E+04   0.627589E+02   0.899895E+05   0.368796E+04
   0.381900E+03   0.154487E+04   0.627589E+02   0.899895E+05   0.368796E+04
   0.382000E+03   0.154487E+04   0.627589E+02   0.899895E+05   0.368797E+04
   0.382100E+03   0.154487E+04   0.627589E+02   0.899895E+05   0.368797E+04
   0.382200E+03   0.154487E+04   0.627589E+02   0.899895E+05   0.368797E+04
   0.382300E+03   0.154487E+04   0.627589E+02   0.899895E+05   0.368797E+04
   0.382400E+03   0.154487E+04   0.627589E+02   0.899895E+05   0.368797E+04
   0.382500E+03   0.154487E+04   0.627589E+02   0.899895E+05   0.368797E+04
   0.382600E+03   0.154487E+04   0.627589E+02   0.899895E+05   0.368797E+04
   0.382700E+03   0.154487E+04   0.627589E+02   0.899895E+05   0.368797E+04
   0.382800E+03   0.154487E+04   0.627589E+02   0.899895E+05   0.368797E+04
   0.382900E+03   0.154487E+04   0.627589E+02   0.899895E+05   0.368797E+04
   0.383000E+03   0.154487E+04   0.627589E+02   0.899895E+05   0.368797E+04
   0.383100E+03   0.154487E+04   0.627589E+02   0.899895E+05   0.368797E+04
   0.383200E+03   0.154487E+04   0.627589E+02   0.899895E+05   0.368797E+04
   0.383300E+03   0.154487E+04   0.627589E+02   0.899895E+05   0.368797E+04
   0.383400E+03   0.154487E+04   0.627589E+02   0.899895E+05   0.368797E+04
   0.383500E+03   0.154487E+04   0.627589E+02   0.899895E+05   0.368798E+04
   0.383600E+03   0.154487E+04   0.627589E+02   0.899895E+05   0.368798E+04
   0.383700E+03   0.154487E+04   0.627589E+02   0.899895E+05   0.368798E+04
   0.383800E+03   0.154487E+04   0.627589E+02   0.899895E+05   0.368798E+04
   0.383900E+03   0.154487E+04   0.627589E+02   0.899895E+05   0.368798E+04
   0.384000E+03   0.154487E+04   0.627589E+02   0.899895E+05   0.368798E+04
   0.384100E+03   0.154487E+04   0.627589E+02   0.899895E+05   0.368798E+04
   0.384200E+03   0.154487E+04   0.627589E+02   0.899895E+05   0.368798E+04
   0.384300E+03   0.154487E+04   0.627589E+02   0.899895E+05   0.368798E+04
   0.384400E+03   0.154487E+04   0.627589E+02   0.899895E+05   0.368798E+04
   0.384500E+03   0.154487E+04   0.627589E+02   0.899895E+05   0.368798E+04
   0.384600E+03   0.154487E+04   0.627589E+02   0.899895E+05   0.368798E+04
   0.384700E+03   0.154487E+04   0.627589E+02   0.899895E+05   0.368798E+04
   0.384800E+03   0.154487E+04   0.627589E+02   0.899895E+05   0.368798E+04
   0.384900E+03   0.154487E+04   0.627589E+02   0.899895E+05   0.368798E+04
   0.385000E+03   0.154487E+04   0.627589E+02   0.899895E+05   0.368798E+04
   0.385100E+03   0.154487E+04   0.627589E+02   0.899895E+05   0.368798E+04
   0.385200E+03   0.154487E+04   0.627589E+02   0.899895E+05   0.368798E+04
   0.385300E+03   0.154487E+04   0.627589E+02   0.899895E+05   0.368798E+04
   0.385400E+03   0.154487E+04   0.627589E+02   0.899895E+05   0.368798E+04
   0.385500E+03   0.154487E+04   0.627589E+02   0.899895E+05   0.368798E+04
   0.385600E+03   0.154487E+04   0.627589E+02   0.899895E+05   0.368798E+04
   0.385700E+03   0.154487E+04   0.627589E+02   0.899895E+05   0.368798E+04
   0.385800E+03   0.154487E+04   0.627589E+02   0.899895E+05   0.368798E+04
   0.385900E+03   0.154487E+04   0.627589E+02   0.899895E+05   0.368798E+04
   0.386000E+03   0.154487E+04   0.627589E+02   0.899895E+05   0.368798E+04
   0.386100E+03   0.154487E+04   0.627589E+02   0.899895E+05   0.368798E+04
   0.386200E+03   0.154487E+04   0.627589E+02   0.899895E+05   0.368798E+04
   0.386300E+03   0.154487E+04   0.627589E+02   0.899895E+05   0.368798E+04
   0.386400E+03   0.154487E+04   0.627589E+02   0.899895E+05   0.368798E+04
   0.386500E+03   0.154487E+04   0.627589E+02   0.899895E+05   0.368798E+04
   0.386600E+03   0.154487E+04   0.627597E+02   0.899895E+05   0.368798E+04
   0.386700E+03   0.154487E+04   0.627597E+02   0.899895E+05   0.368798E+04
   0.386800E+03   0.154487E+04   0.627597E+02   0.899895E+05   0.368798E+04
   0.386900E+03   0.154487E+04   0.627597E+02   0.899895E+05   0.368798E+04
   0.387000E+03   0.154487E+04   0.627597E+02   0.899895E+05   0.368798E+04
   0.387100E+03   0.154487E+04   0.627597E+02   0.899895E+05   0.368798E+04
   0.387200E+03   0.154487E+04   0.627597E+02   0.899895E+05   0.368798E+04
   0.387300E+03   0.154487E+04   0.627597E+02   0.899895E+05   0.368798E+04
   0.387400E+03   0.154487E+04   0.627597E+02   0.899895E+05   0.368798E+04
   0.387500E+03   0.154487E+04   0.627597E+02   0.899895E+05   0.368798E+04
   0.387600E+03   0.154487E+04   0.627597E+02   0.899895E+05   0.368798E+04
   0.387700E+03   0.154487E+04   0.627597E+02   0.899895E+05   0.368798E+04
   0.387800E+03   0.154487E+04   0.627597E+02   0.899895E+05   0.368798E+04
   0.387900E+03   0.154487E+04   0.627597E+02   0.899895E+05   0.368798E+04
   0.388000E+03   0.154487E+04   0.627597E+02   0.899895E+05   0.368798E+04
   0.388100E+03   0.154487E+04   0.627597E+02   0.899895E+05   0.368798E+04
   0.388200E+03   0.154487E+04   0.627597E+02   0.899895E+05   0.368798E+04
   0.388300E+03   0.154487E+04   0.627597E+02   0.899895E+05   0.368798E+04
   0.388400E+03   0.154487E+04   0.627597E+02   0.899895E+05   0.368798E+04
   0.388500E+03   0.154487E+04   0.627597E+02   0.899895E+05   0.368798E+04
   0.388600E+03   0.154487E+04   0.627597E+02   0.899895E+05   0.368798E+04
   0.388700E+03   0.154487E+04   0.627597E+02   0.899895E+05   0.368798E+04
   0.388800E+03   0.154487E+04   0.627597E+02   0.899895E+05   0.368798E+04
   0.388900E+03   0.154487E+04   0.627597E+02   0.899895E+05   0.368798E+04
   0.389000E+03   0.154487E+04   0.627597E+02   0.899895E+05   0.368798E+04
   0.389100E+03   0.154487E+04   0.627597E+02   0.899895E+05   0.368798E+04
   0.389200E+03   0.154487E+04   0.627597E+02   0.899895E+05   0.368798E+04
   0.389300E+03   0.154487E+04   0.627597E+02   0.899895E+05   0.368798E+04
   0.389400E+03   0.154487E+04   0.627597E+02   0.899895E+05   0.368798E+04
   0.389500E+03   0.154487E+04   0.627597E+02   0.899895E+05   0.368798E+04
   0.389600E+03   0.154487E+04   0.627597E+02   0.899895E+05   0.368798E+04
   0.389700E+03   0.154487E+04   0.627597E+02   0.899895E+05   0.368798E+04
   0.389800E+03   0.154487E+04   0.627597E+02   0.899895E+05   0.368798E+04
   0.389900E+03   0.154487E+04   0.627597E+02   0.899895E+05   0.368798E+04
   0.390000E+03   0.154487E+04   0.627597E+02   0.899895E+05   0.368798E+04
   0.390100E+03   0.154487E+04   0.627597E+02   0.899895E+05   0.368798E+04
   0.390200E+03   0.154487E+04   0.627597E+02   0.899895E+05   0.368798E+04
   0.390300E+03   0.154487E+04   0.627597E+02   0.899895E+05   0.368798E+04
   0.390400E+03   0.154487E+04   0.627597E+02   0.899895E+05   0.368798E+04
   0.390500E+03   0.154487E+04   0.627597E+02   0.899895E+05   0.368798E+04
   0.390600E+03   0.154487E+04   0.627597E+02   0.899895E+05   0.368798E+04
   0.390700E+03   0.154487E+04   0.627597E+02   0.899895E+05   0.368798E+04
   0.390800E+03   0.154487E+04   0.627597E+02   0.899895E+05   0.368799E+04
   0.390900E+03   0.154487E+04   0.627597E+02   0.899895E+05   0.368799E+04
   0.391000E+03   0.154487E+04   0.627597E+02   0.899895E+05   0.368799E+04
   0.391100E+03   0.154487E+04   0.627597E+02   0.899895E+05   0.368799E+04
   0.391200E+03   0.154487E+04   0.627597E+02   0.899895E+05   0.368799E+04
   0.391300E+03   0.154487E+04   0.627597E+02   0.899895E+05   0.368799E+04
   0.391400E+03   0.154487E+04   0.627597E+02   0.899895E+05   0.368799E+04
   0.391500E+03   0.154487E+04   0.627597E+02   0.899895E+05   0.368799E+04
   0.391600E+03   0.154487E+04   0.627597E+02   0.899895E+05   0.368799E+04
   0.391700E+03   0.154487E+04   0.627597E+02   0.899895E+05   0.368799E+04
   0.391800E+03   0.154487E+04   0.627597E+02   0.899895E+05   0.368799E+04
   0.391900E+03   0.154487E+04   0.627597E+02   0.899895E+05   0.368799E+04
   0.392000E+03   0.154487E+04   0.627597E+02   0.899895E+05   0.368799E+04
   0.392100E+03   0.154487E+04   0.627597E+02   0.899895E+05   0.368799E+04
   0.392200E+03   0.154487E+04   0.627597E+02   0.899895E+05   0.368799E+04
   0.392300E+03   0.154487E+04   0.627597E+02   0.899895E+05   0.368799E+04
   0.392400E+03   0.154487E+04   0.627597E+02   0.899895E+05   0.368799E+04
   0.392500E+03   0.154487E+04   0.627597E+02   0.899895E+05   0.368799E+04
   0.392600E+03   0.154487E+04   0.627597E+02   0.899895E+05   0.368799E+04
   0.392700E+03   0.154487E+04   0.627597E+02   0.899895E+05   0.368799E+04
   0.392800E+03   0.154487E+04   0.627597E+02   0.899895E+05   0.368799E+04
   0.392900E+03   0.154487E+04   0.627597E+02   0.899895E+05   0.368799E+04
   0.393000E+03   0.154487E+04   0.627597E+02   0.899895E+05   0.368799E+04
   0.393100E+03   0.154487E+04   0.627597E+02   0.899895E+05   0.368799E+04
   0.393200E+03   0.154487E+04   0.627597E+02   0.899895E+05   0.368799E+04
   0.393300E+03   0.154487E+04   0.627597E+02   0.899895E+05   0.368799E+04
   0.393400E+03   0.154487E+04   0.627597E+02   0.899895E+05   0.368799E+04
   0.393500E+03   0.154487E+04   0.627597E+02   0.899895E+05   0.368799E+04
   0.393600E+03   0.154487E+04   0.627597E+02   0.899895E+05   0.368799E+04
   0.393700E+03   0.154487E+04   0.627597E+02   0.899895E+05   0.368799E+04
   0.393800E+03   0.154487E+04   0.627597E+02   0.899895E+05   0.368799E+04
   0.393900E+03   0.154487E+04   0.627597E+02   0.899895E+05   0.368799E+04
   0.394000E+03   0.154487E+04   0.627597E+02   0.899895E+05   0.368799E+04
   0.394100E+03   0.154487E+04   0.627597E+02   0.899895E+05   0.368799E+04
   0.394200E+03   0.154487E+04   0.627597E+02   0.899895E+05   0.368799E+04
   0.394300E+03   0.154487E+04   0.627597E+02   0.899895E+05   0.368799E+04
   0.394400E+03   0.154487E+04   0.627597E+02   0.899895E+05   0.368799E+04
   0.394500E+03   0.154487E+04   0.627597E+02   0.899895E+05   0.368799E+04
   0.394600E+03   0.154487E+04   0.627597E+02   0.899895E+05   0.368799E+04
   0.394700E+03   0.154487E+04   0.627597E+02   0.899895E+05   0.368799E+04
   0.394800E+03   0.154487E+04   0.627597E+02   0.899895E+05   0.368799E+04
   0.394900E+03   0.154487E+04   0.627597E+02   0.899895E+05   0.368799E+04
   0.395000E+03   0.154487E+04   0.627597E+02   0.899895E+05   0.368799E+04
   0.395100E+03   0.154487E+04   0.627597E+02   0.899895E+05   0.368799E+04
   0.395200E+03   0.154487E+04   0.627597E+02   0.899895E+05   0.368799E+04
   0.395300E+03   0.154487E+04   0.627597E+02   0.899895E+05   0.368799E+04
   0.395400E+03   0.154487E+04   0.627597E+02   0.899895E+05   0.368799E+04
   0.395500E+03   0.154487E+04   0.627597E+02   0.899895E+05   0.368799E+04
   0.395600E+03   0.154487E+04   0.627597E+02   0.899895E+05   0.368799E+04
   0.395700E+03   0.154487E+04   0.627597E+02   0.899895E+05   0.368799E+04
   0.395800E+03   0.154487E+04   0.627597E+02   0.899895E+05   0.368799E+04
   0.395900E+03   0.154487E+04   0.627597E+02   0.899895E+05   0.368799E+04
   0.396000E+03   0.154487E+04   0.627597E+02   0.899895E+05   0.368799E+04
   0.396100E+03   0.154487E+04   0.627597E+02   0.899895E+05   0.368799E+04
   0.396200E+03   0.154487E+04   0.627597E+02   0.899895E+05   0.368799E+04
   0.396300E+03   0.154487E+04   0.627597E+02   0.899895E+05   0.368799E+04
   0.396400E+03   0.154487E+04   0.627597E+02   0.899895E+05   0.368799E+04
   0.396500E+03   0.154487E+04   0.627597E+02   0.899895E+05   0.368799E+04
   0.396600E+03   0.154487E+04   0.627597E+02   0.899895E+05   0.368799E+04
   0.396700E+03   0.154487E+04   0.627597E+02   0.899895E+05   0.368799E+04
   0.396800E+03   0.154487E+04   0.627597E+02   0.899895E+05   0.368799E+04
   0.396900E+03   0.154487E+04   0.627597E+02   0.899895E+05   0.368799E+04
   0.397000E+03   0.154487E+04   0.627597E+02   0.899895E+05   0.368799E+04
   0.397100E+03   0.154487E+04   0.627597E+02   0.899895E+05   0.368799E+04
   0.397200E+03   0.154487E+04   0.627597E+02   0.899895E+05   0.368799E+04
   0.397300E+03   0.154487E+04   0.627597E+02   0.899895E+05   0.368799E+04
   0.397400E+03   0.154487E+04   0.627597E+02   0.899895E+05   0.368799E+04
   0.397500E+03   0.154487E+04   0.627597E+02   0.899895E+05   0.368799E+04
   0.397600E+03   0.154487E+04   0.627597E+02   0.899895E+05   0.368799E+04
   0.397700E+03   0.154487E+04   0.627597E+02   0.899895E+05   0.368799E+04
   0.397800E+03   0.154487E+04   0.627597E+02   0.899895E+05   0.368799E+04
   0.397900E+03   0.154487E+04   0.627597E+02   0.899895E+05   0.368799E+04
   0.398000E+03   0.154487E+04   0.627597E+02   0.899895E+05   0.368799E+04
   0.398100E+03   0.154487E+04   0.627597E+02   0.899895E+05   0.368799E+04
   0.398200E+03   0.154487E+04   0.627597E+02   0.899895E+05   0.368799E+04
   0.398300E+03   0.154487E+04   0.627597E+02   0.899895E+05   0.368799E+04
   0.398400E+03   0.154487E+04   0.627597E+02   0.899895E+05   0.368799E+04
   0.398500E+03   0.154487E+04   0.627597E+02   0.899895E+05   0.368799E+04
   0.398600E+03   0.154487E+04   0.627597E+02   0.899895E+05   0.368799E+04
   0.398700E+03   0.154487E+04   0.627597E+02   0.899895E+05   0.368799E+04
   0.398800E+03   0.154487E+04   0.627597E+02   0.899895E+05   0.368799E+04
   0.398900E+03   0.154487E+04   0.627597E+02   0.899895E+05   0.368799E+04
   0.399000E+03   0.154487E+04   0.627597E+02   0.899895E+05   0.368799E+04
   0.399100E+03   0.154487E+04   0.627597E+02   0.899895E+05   0.368799E+04
   0.399200E+03   0.154487E+04   0.627597E+02   0.899895E+05   0.368799E+04
   0.399300E+03   0.154487E+04   0.627597E+02   0.899895E+05   0.368799E+04
   0.399400E+03   0.154487E+04   0.627597E+02   0.899895E+05   0.368799E+04
   0.399500E+03   0.154487E+04   0.627597E+02   0.899895E+05   0.368799E+04
   0.399600E+03   0.154487E+04   0.627597E+02   0.899895E+05   0.368799E+04
   0.399700E+03   0.154487E+04   0.627597E+02   0.899895E+05   0.368799E+04
   0.399800E+03   0.154487E+04   0.627597E+02   0.899895E+05   0.368799E+04
   0.399900E+03   0.154487E+04   0.627597E+02   0.899895E+05   0.368799E+04
   0.400000E+03   0.154487E+04   0.627597E+02   0.899895E+05   0.368799E+04
   0.400100E+03   0.154487E+04   0.627597E+02   0.899895E+05   0.368799E+04
   0.400200E+03   0.154487E+04   0.627597E+02   0.899895E+05   0.368799E+04
   0.400300E+03   0.154487E+04   0.627597E+02   0.899895E+05   0.368799E+04
   0.400400E+03   0.154487E+04   0.627597E+02   0.899895E+05   0.368799E+04
   0.400500E+03   0.154487E+04   0.627597E+02   0.899895E+05   0.368799E+04
   0.400600E+03   0.154487E+04   0.627597E+02   0.899895E+05   0.368799E+04
   0.400700E+03   0.154487E+04   0.627597E+02   0.899895E+05   0.368800E+04
   0.400800E+03   0.154487E+04   0.627597E+02   0.899895E+05   0.368800E+04
   0.400900E+03   0.154487E+04   0.627597E+02   0.899895E+05   0.368800E+04
   0.401000E+03   0.154487E+04   0.627597E+02   0.899895E+05   0.368800E+04
   0.401100E+03   0.154487E+04   0.627597E+02   0.899895E+05   0.368800E+04
   0.401200E+03   0.154487E+04   0.627597E+02   0.899895E+05   0.368800E+04
   0.401300E+03   0.154487E+04   0.627597E+02   0.899895E+05   0.368800E+04
   0.401400E+03   0.154487E+04   0.627597E+02   0.899895E+05   0.368800E+04
   0.401500E+03   0.154487E+04   0.627597E+02   0.899895E+05   0.368800E+04
   0.401600E+03   0.154487E+04   0.627597E+02   0.899895E+05   0.368800E+04
   0.401700E+03   0.154487E+04   0.627597E+02   0.899895E+05   0.368800E+04
   0.401800E+03   0.154487E+04   0.627597E+02   0.899895E+05   0.368800E+04
   0.401900E+03   0.154487E+04   0.627597E+02   0.899895E+05   0.368800E+04
   0.402000E+03   0.154487E+04   0.627597E+02   0.899895E+05   0.368800E+04
   0.402100E+03   0.154487E+04   0.627597E+02   0.899895E+05   0.368800E+04
   0.402200E+03   0.154487E+04   0.627597E+02   0.899895E+05   0.368800E+04
   0.402300E+03   0.154487E+04   0.627597E+02   0.899895E+05   0.368800E+04
   0.402400E+03   0.154487E+04   0.627597E+02   0.899895E+05   0.368800E+04
   0.402500E+03   0.154487E+04   0.627597E+02   0.899895E+05   0.368800E+04
   0.402600E+03   0.154487E+04   0.627597E+02   0.899895E+05   0.368800E+04
   0.402700E+03   0.154487E+04   0.627597E+02   0.899895E+05   0.368800E+04
   0.402800E+03   0.154487E+04   0.627597E+02   0.899896E+05   0.368797E+04
   0.402900E+03   0.154487E+04   0.627597E+02   0.899896E+05   0.368797E+04
   0.403000E+03   0.154487E+04   0.627597E+02   0.899896E+05   0.368797E+04
   0.403100E+03   0.154487E+04   0.627597E+02   0.899896E+05   0.368797E+04
   0.403200E+03   0.154487E+04   0.627597E+02   0.899896E+05   0.368797E+04
   0.403300E+03   0.154487E+04   0.627597E+02   0.899896E+05   0.368797E+04
   0.403400E+03   0.154487E+04   0.627597E+02   0.899896E+05   0.368797E+04
   0.403500E+03   0.154487E+04   0.627597E+02   0.899896E+05   0.368797E+04
   0.403600E+03   0.154487E+04   0.627597E+02   0.899896E+05   0.368797E+04
   0.403700E+03   0.154487E+04   0.627597E+02   0.899896E+05   0.368797E+04
   0.403800E+03   0.154487E+04   0.627597E+02   0.899896E+05   0.368797E+04
   0.403900E+03   0.154487E+04   0.627597E+02   0.899896E+05   0.368797E+04
   0.404000E+03   0.154487E+04   0.627597E+02   0.899896E+05   0.368797E+04
   0.404100E+03   0.154487E+04   0.627597E+02   0.899896E+05   0.368797E+04
   0.404200E+03   0.154487E+04   0.627597E+02   0.899896E+05   0.368797E+04
   0.404300E+03   0.154487E+04   0.627597E+02   0.899896E+05   0.368797E+04
   0.404400E+03   0.154487E+04   0.627597E+02   0.899896E+05   0.368797E+04
   0.404500E+03   0.154487E+04   0.627597E+02   0.899896E+05   0.368797E+04
   0.404600E+03   0.154487E+04   0.627597E+02   0.899896E+05   0.368797E+04
   0.404700E+03   0.154487E+04   0.627597E+02   0.899896E+05   0.368797E+04
   0.404800E+03   0.154487E+04   0.627597E+02   0.899896E+05   0.368797E+04
   0.404900E+03   0.154487E+04   0.627597E+02   0.899896E+05   0.368797E+04
   0.405000E+03   0.154487E+04   0.627597E+02   0.899896E+05   0.368797E+04
   0.405100E+03   0.154487E+04   0.627597E+02   0.899896E+05   0.368797E+04
   0.405200E+03   0.154487E+04   0.627597E+02   0.899896E+05   0.368797E+04
   0.405300E+03   0.154487E+04   0.627597E+02   0.899896E+05   0.368797E+04
   0.405400E+03   0.154487E+04   0.627597E+02   0.899896E+05   0.368797E+04
   0.405500E+03   0.154487E+04   0.627597E+02   0.899896E+05   0.368797E+04
   0.405600E+03   0.154487E+04   0.627597E+02   0.899896E+05   0.368797E+04
   0.405700E+03   0.154487E+04   0.627597E+02   0.899896E+05   0.368797E+04
   0.405800E+03   0.154487E+04   0.627597E+02   0.899896E+05   0.368797E+04
   0.405900E+03   0.154487E+04   0.627597E+02   0.899896E+05   0.368797E+04
   0.406000E+03   0.154487E+04   0.627597E+02   0.899896E+05   0.368797E+04
   0.406100E+03   0.154487E+04   0.627597E+02   0.899896E+05   0.368797E+04
   0.406200E+03   0.154487E+04   0.627597E+02   0.899896E+05   0.368797E+04
   0.406300E+03   0.154487E+04   0.627597E+02   0.899896E+05   0.368797E+04
   0.406400E+03   0.154487E+04   0.627597E+02   0.899896E+05   0.368797E+04
   0.406500E+03   0.154487E+04   0.627597E+02   0.899896E+05   0.368797E+04
   0.406600E+03   0.154487E+04   0.627597E+02   0.899896E+05   0.368797E+04
   0.406700E+03   0.154487E+04   0.627597E+02   0.899896E+05   0.368797E+04
   0.406800E+03   0.154487E+04   0.627597E+02   0.899896E+05   0.368797E+04
   0.406900E+03   0.154487E+04   0.627597E+02   0.899896E+05   0.368797E+04
   0.407000E+03   0.154487E+04   0.627597E+02   0.899896E+05   0.368797E+04
   0.407100E+03   0.154487E+04   0.627597E+02   0.899896E+05   0.368797E+04
   0.407200E+03   0.154487E+04   0.627597E+02   0.899896E+05   0.368797E+04
   0.407300E+03   0.154487E+04   0.627597E+02   0.899896E+05   0.368797E+04
   0.407400E+03   0.154487E+04   0.627597E+02   0.899896E+05   0.368797E+04
   0.407500E+03   0.154487E+04   0.627597E+02   0.899896E+05   0.368797E+04
   0.407600E+03   0.154487E+04   0.627597E+02   0.899896E+05   0.368797E+04
   0.407700E+03   0.154487E+04   0.627597E+02   0.899896E+05   0.368797E+04
   0.407800E+03   0.154487E+04   0.627597E+02   0.899896E+05   0.368797E+04
   0.407900E+03   0.154487E+04   0.627597E+02   0.899896E+05   0.368797E+04
   0.408000E+03   0.154487E+04   0.627597E+02   0.899896E+05   0.368797E+04
   0.408100E+03   0.154487E+04   0.627597E+02   0.899896E+05   0.368797E+04
   0.408200E+03   0.154487E+04   0.627597E+02   0.899896E+05   0.368797E+04
   0.408300E+03   0.154487E+04   0.627597E+02   0.899896E+05   0.368797E+04
   0.408400E+03   0.154487E+04   0.627597E+02   0.899896E+05   0.368797E+04
   0.408500E+03   0.154487E+04   0.627597E+02   0.899896E+05   0.368797E+04
   0.408600E+03   0.154487E+04   0.627597E+02   0.899896E+05   0.368797E+04
   0.408700E+03   0.154487E+04   0.627597E+02   0.899896E+05   0.368797E+04
   0.408800E+03   0.154487E+04   0.627597E+02   0.899896E+05   0.368797E+04
   0.408900E+03   0.154487E+04   0.627597E+02   0.899896E+05   0.368797E+04
   0.409000E+03   0.154487E+04   0.627597E+02   0.899896E+05   0.368797E+04
   0.409100E+03   0.154487E+04   0.627597E+02   0.899896E+05   0.368797E+04
   0.409200E+03   0.154487E+04   0.627597E+02   0.899896E+05   0.368797E+04
   0.409300E+03   0.154487E+04   0.627597E+02   0.899896E+05   0.368797E+04
   0.409400E+03   0.154487E+04   0.627597E+02   0.899896E+05   0.368797E+04
   0.409500E+03   0.154487E+04   0.627597E+02   0.899896E+05   0.368797E+04
   0.409600E+03   0.154487E+04   0.627597E+02   0.899896E+05   0.368797E+04
   0.409700E+03   0.154487E+04   0.627597E+02   0.899896E+05   0.368797E+04
   0.409800E+03   0.154487E+04   0.627597E+02   0.899896E+05   0.368797E+04
   0.409900E+03   0.154487E+04   0.627597E+02   0.899896E+05   0.368797E+04
   0.410000E+03   0.154487E+04   0.627597E+02   0.899896E+05   0.368797E+04
   0.410100E+03   0.154487E+04   0.627597E+02   0.899896E+05   0.368797E+04
   0.410200E+03   0.154487E+04   0.627597E+02   0.899896E+05   0.368797E+04
   0.410300E+03   0.154487E+04   0.627597E+02   0.899896E+05   0.368797E+04
   0.410400E+03   0.154487E+04   0.627597E+02   0.899896E+05   0.368797E+04
   0.410500E+03   0.154487E+04   0.627597E+02   0.899896E+05   0.368797E+04
   0.410600E+03   0.154487E+04   0.627597E+02   0.899896E+05   0.368797E+04
   0.410700E+03   0.154487E+04   0.627597E+02   0.899896E+05   0.368797E+04
   0.410800E+03   0.154487E+04   0.627597E+02   0.899896E+05   0.368797E+04
   0.410900E+03   0.154487E+04   0.627597E+02   0.899896E+05   0.368797E+04
   0.411000E+03   0.154487E+04   0.627597E+02   0.899896E+05   0.368797E+04
   0.411100E+03   0.154487E+04   0.627597E+02   0.899896E+05   0.368797E+04
   0.411200E+03   0.154487E+04   0.627597E+02   0.899896E+05   0.368797E+04
   0.411300E+03   0.154487E+04   0.627597E+02   0.899896E+05   0.368797E+04
   0.411400E+03   0.154487E+04   0.627597E+02   0.899896E+05   0.368797E+04
   0.411500E+03   0.154487E+04   0.627597E+02   0.899896E+05   0.368797E+04
   0.411600E+03   0.154487E+04   0.627597E+02   0.899896E+05   0.368797E+04
   0.411700E+03   0.154487E+04   0.627597E+02   0.899896E+05   0.368797E+04
   0.411800E+03   0.154487E+04   0.627597E+02   0.899896E+05   0.368797E+04
   0.411900E+03   0.154487E+04   0.627597E+02   0.899896E+05   0.368797E+04
   0.412000E+03   0.154487E+04   0.627597E+02   0.899896E+05   0.368797E+04
   0.412100E+03   0.154487E+04   0.627597E+02   0.899896E+05   0.368797E+04
   0.412200E+03   0.154487E+04   0.627597E+02   0.899896E+05   0.368797E+04
   0.412300E+03   0.154487E+04   0.627597E+02   0.899896E+05   0.368797E+04
   0.412400E+03   0.154487E+04   0.627597E+02   0.899896E+05   0.368797E+04
   0.412500E+03   0.154487E+04   0.627597E+02   0.899896E+05   0.368797E+04
   0.412600E+03   0.154487E+04   0.627597E+02   0.899896E+05   0.368797E+04
   0.412700E+03   0.154487E+04   0.627597E+02   0.899896E+05   0.368797E+04
   0.412800E+03   0.154487E+04   0.627597E+02   0.899896E+05   0.368797E+04
   0.412900E+03   0.154487E+04   0.627597E+02   0.899896E+05   0.368797E+04
   0.413000E+03   0.154487E+04   0.627597E+02   0.899896E+05   0.368797E+04
   0.413100E+03   0.154487E+04   0.627597E+02   0.899896E+05   0.368797E+04
   0.413200E+03   0.154487E+04   0.627597E+02   0.899896E+05   0.368797E+04
   0.413300E+03   0.154487E+04   0.627597E+02   0.899896E+05   0.368797E+04
   0.413400E+03   0.154487E+04   0.627597E+02   0.899896E+05   0.368797E+04
   0.413500E+03   0.154487E+04   0.627597E+02   0.899896E+05   0.368797E+04
   0.413600E+03   0.154487E+04   0.627597E+02   0.899896E+05   0.368797E+04
   0.413700E+03   0.154487E+04   0.627597E+02   0.899896E+05   0.368797E+04
   0.413800E+03   0.154487E+04   0.627597E+02   0.899896E+05   0.368797E+04
   0.413900E+03   0.154487E+04   0.627597E+02   0.899896E+05   0.368797E+04
   0.414000E+03   0.154487E+04   0.627597E+02   0.899896E+05   0.368797E+04
   0.414100E+03   0.154487E+04   0.627597E+02   0.899896E+05   0.368797E+04
   0.414200E+03   0.154487E+04   0.627597E+02   0.899896E+05   0.368797E+04
   0.414300E+03   0.154487E+04   0.627597E+02   0.899896E+05   0.368797E+04
   0.414400E+03   0.154487E+04   0.627597E+02   0.899896E+05   0.368797E+04
   0.414500E+03   0.154487E+04   0.627597E+02   0.899896E+05   0.368797E+04
   0.414600E+03   0.154487E+04   0.627597E+02   0.899896E+05   0.368797E+04
   0.414700E+03   0.154487E+04   0.627597E+02   0.899896E+05   0.368797E+04
   0.414800E+03   0.154487E+04   0.627597E+02   0.899896E+05   0.368797E+04
   0.414900E+03   0.154487E+04   0.627597E+02   0.899896E+05   0.368797E+04
   0.415000E+03   0.154487E+04   0.627597E+02   0.899896E+05   0.368797E+04
   0.415100E+03   0.154487E+04   0.627597E+02   0.899896E+05   0.368797E+04
   0.415200E+03   0.154487E+04   0.627597E+02   0.899896E+05   0.368797E+04
   0.415300E+03   0.154487E+04   0.627597E+02   0.899896E+05   0.368797E+04
   0.415400E+03   0.154487E+04   0.627597E+02   0.899896E+05   0.368797E+04
   0.415500E+03   0.154487E+04   0.627597E+02   0.899896E+05   0.368797E+04
   0.415600E+03   0.154487E+04   0.627597E+02   0.899896E+05   0.368797E+04
   0.415700E+03   0.154487E+04   0.627597E+02   0.899896E+05   0.368797E+04
   0.415800E+03   0.154487E+04   0.627597E+02   0.899896E+05   0.368797E+04
   0.415900E+03   0.154487E+04   0.627597E+02   0.899896E+05   0.368797E+04
   0.416000E+03   0.154487E+04   0.627597E+02   0.899896E+05   0.368797E+04
   0.416100E+03   0.154487E+04   0.627597E+02   0.899896E+05   0.368797E+04
   0.416200E+03   0.154487E+04   0.627597E+02   0.899896E+05   0.368797E+04
   0.416300E+03   0.154487E+04   0.627597E+02   0.899896E+05   0.368797E+04
   0.416400E+03   0.154487E+04   0.627597E+02   0.899896E+05   0.368797E+04
   0.416500E+03   0.154487E+04   0.627597E+02   0.899896E+05   0.368797E+04
   0.416600E+03   0.154487E+04   0.627597E+02   0.899896E+05   0.368797E+04
   0.416700E+03   0.154487E+04   0.627597E+02   0.899896E+05   0.368797E+04
   0.416800E+03   0.154487E+04   0.627597E+02   0.899896E+05   0.368797E+04
   0.416900E+03   0.154487E+04   0.627597E+02   0.899896E+05   0.368797E+04
   0.417000E+03   0.154487E+04   0.627597E+02   0.899896E+05   0.368797E+04
   0.417100E+03   0.154487E+04   0.627597E+02   0.899896E+05   0.368797E+04
   0.417200E+03   0.154487E+04   0.627597E+02   0.899896E+05   0.368797E+04
   0.417300E+03   0.154487E+04   0.627597E+02   0.899896E+05   0.368797E+04
   0.417400E+03   0.154487E+04   0.627597E+02   0.899896E+05   0.368797E+04
   0.417500E+03   0.154487E+04   0.627597E+02   0.899896E+05   0.368797E+04
   0.417600E+03   0.154487E+04   0.627597E+02   0.899896E+05   0.368797E+04
   0.417700E+03   0.154487E+04   0.627597E+02   0.899896E+05   0.368797E+04
   0.417800E+03   0.154487E+04   0.627597E+02   0.899896E+05   0.368797E+04
   0.417900E+03   0.154487E+04   0.627597E+02   0.899896E+05   0.368797E+04
   0.418000E+03   0.154487E+04   0.627597E+02   0.899896E+05   0.368797E+04
   0.418100E+03   0.154487E+04   0.627597E+02   0.899896E+05   0.368797E+04
   0.418200E+03   0.154487E+04   0.627597E+02   0.899896E+05   0.368797E+04
   0.418300E+03   0.154487E+04   0.627597E+02   0.899896E+05   0.368797E+04
   0.418400E+03   0.154487E+04   0.627597E+02   0.899896E+05   0.368797E+04
   0.418500E+03   0.154487E+04   0.627597E+02   0.899896E+05   0.368797E+04
   0.418600E+03   0.154487E+04   0.627597E+02   0.899896E+05   0.368797E+04
   0.418700E+03   0.154487E+04   0.627597E+02   0.899896E+05   0.368797E+04
   0.418800E+03   0.154487E+04   0.627597E+02   0.899896E+05   0.368797E+04
   0.418900E+03   0.154487E+04   0.627597E+02   0.899896E+05   0.368797E+04
   0.419000E+03   0.154487E+04   0.627597E+02   0.899896E+05   0.368797E+04
   0.419100E+03   0.154487E+04   0.627597E+02   0.899896E+05   0.368797E+04
   0.419200E+03   0.154487E+04   0.627597E+02   0.899896E+05   0.368797E+04
   0.419300E+03   0.154487E+04   0.627597E+02   0.899896E+05   0.368797E+04
   0.419400E+03   0.154487E+04   0.627597E+02   0.899896E+05   0.368797E+04
   0.419500E+03   0.154487E+04   0.627597E+02   0.899896E+05   0.368797E+04
   0.419600E+03   0.154487E+04   0.627597E+02   0.899896E+05   0.368797E+04
   0.419700E+03   0.154487E+04   0.627597E+02   0.899896E+05   0.368797E+04
   0.419800E+03   0.154487E+04   0.627597E+02   0.899896E+05   0.368797E+04
   0.419900E+03   0.154487E+04   0.627597E+02   0.899896E+05   0.368797E+04
   0.420000E+03   0.154487E+04   0.627597E+02   0.899896E+05   0.368797E+04
   0.420100E+03   0.154487E+04   0.627597E+02   0.899896E+05   0.368797E+04
   0.420200E+03   0.154487E+04   0.627597E+02   0.899896E+05   0.368797E+04
   0.420300E+03   0.154487E+04   0.627597E+02   0.899896E+05   0.368797E+04
   0.420400E+03   0.154487E+04   0.627597E+02   0.899896E+05   0.368797E+04
   0.420500E+03   0.154487E+04   0.627597E+02   0.899896E+05   0.368797E+04
   0.420600E+03   0.154487E+04   0.627597E+02   0.899896E+05   0.368797E+04
   0.420700E+03   0.154487E+04   0.627597E+02   0.899896E+05   0.368797E+04
   0.420800E+03   0.154487E+04   0.627597E+02   0.899896E+05   0.368797E+04
   0.420900E+03   0.154487E+04   0.627597E+02   0.899896E+05   0.368797E+04
   0.421000E+03   0.154487E+04   0.627597E+02   0.899896E+05   0.368797E+04
   0.421100E+03   0.154487E+04   0.627597E+02   0.899896E+05   0.368797E+04
   0.421200E+03   0.154487E+04   0.627597E+02   0.899896E+05   0.368797E+04
   0.421300E+03   0.154487E+04   0.627597E+02   0.899896E+05   0.368797E+04
   0.421400E+03   0.154487E+04   0.627597E+02   0.899896E+05   0.368797E+04
   0.421500E+03   0.154487E+04   0.627597E+02   0.899896E+05   0.368797E+04
   0.421600E+03   0.154487E+04   0.627597E+02   0.899896E+05   0.368797E+04
   0.421700E+03   0.154487E+04   0.627597E+02   0.899896E+05   0.368797E+04
   0.421800E+03   0.154487E+04   0.627597E+02   0.899896E+05   0.368797E+04
   0.421900E+03   0.154487E+04   0.627597E+02   0.899896E+05   0.368797E+04
   0.422000E+03   0.154487E+04   0.627597E+02   0.899896E+05   0.368797E+04
   0.422100E+03   0.154487E+04   0.627597E+02   0.899896E+05   0.368797E+04
   0.422200E+03   0.154487E+04   0.627597E+02   0.899896E+05   0.368797E+04
   0.422300E+03   0.154487E+04   0.627597E+02   0.899896E+05   0.368797E+04
   0.422400E+03   0.154487E+04   0.627597E+02   0.899896E+05   0.368797E+04
   0.422500E+03   0.154487E+04   0.627597E+02   0.899896E+05   0.368797E+04
   0.422600E+03   0.154487E+04   0.627597E+02   0.899896E+05   0.368797E+04
   0.422700E+03   0.154487E+04   0.627597E+02   0.899896E+05   0.368797E+04
   0.422800E+03   0.154487E+04   0.627597E+02   0.899896E+05   0.368797E+04
   0.422900E+03   0.154487E+04   0.627597E+02   0.899896E+05   0.368797E+04
   0.423000E+03   0.154487E+04   0.627597E+02   0.899896E+05   0.368797E+04
   0.423100E+03   0.154487E+04   0.627597E+02   0.899896E+05   0.368797E+04
   0.423200E+03   0.154487E+04   0.627597E+02   0.899896E+05   0.368797E+04
   0.423300E+03   0.154487E+04   0.627597E+02   0.899896E+05   0.368797E+04
   0.423400E+03   0.154487E+04   0.627597E+02   0.899896E+05   0.368797E+04
   0.423500E+03   0.154487E+04   0.627597E+02   0.899896E+05   0.368797E+04
   0.423600E+03   0.154487E+04   0.627597E+02   0.899896E+05   0.368797E+04
   0.423700E+03   0.154487E+04   0.627597E+02   0.899896E+05   0.368797E+04
   0.423800E+03   0.154487E+04   0.627597E+02   0.899896E+05   0.368797E+04
   0.423900E+03   0.154487E+04   0.627597E+02   0.899896E+05   0.368797E+04
   0.424000E+03   0.154487E+04   0.627597E+02   0.899896E+05   0.368797E+04
   0.424100E+03   0.154487E+04   0.627597E+02   0.899896E+05   0.368797E+04
   0.424200E+03   0.154487E+04   0.627597E+02   0.899896E+05   0.368797E+04
   0.424300E+03   0.154487E+04   0.627597E+02   0.899896E+05   0.368797E+04
   0.424400E+03   0.154487E+04   0.627597E+02   0.899896E+05   0.368797E+04
   0.424500E+03   0.154487E+04   0.627597E+02   0.899896E+05   0.368797E+04
   0.424600E+03   0.154487E+04   0.627597E+02   0.899896E+05   0.368797E+04
   0.424700E+03   0.154487E+04   0.627597E+02   0.899896E+05   0.368797E+04
   0.424800E+03   0.154487E+04   0.627597E+02   0.899896E+05   0.368797E+04
   0.424900E+03   0.154487E+04   0.627597E+02   0.899896E+05   0.368797E+04
   0.425000E+03   0.154487E+04   0.627597E+02   0.899896E+05   0.368797E+04
   0.425100E+03   0.154487E+04   0.627597E+02   0.899896E+05   0.368797E+04
   0.425200E+03   0.154487E+04   0.627597E+02   0.899896E+05   0.368797E+04
   0.425300E+03   0.154487E+04   0.627597E+02   0.899896E+05   0.368797E+04
   0.425400E+03   0.154487E+04   0.627597E+02   0.899896E+05   0.368797E+04
   0.425500E+03   0.154487E+04   0.627597E+02   0.899896E+05   0.368797E+04
   0.425600E+03   0.154487E+04   0.627597E+02   0.899896E+05   0.368797E+04
   0.425700E+03   0.154487E+04   0.627597E+02   0.899896E+05   0.368797E+04
   0.425800E+03   0.154487E+04   0.627597E+02   0.899896E+05   0.368797E+04
   0.425900E+03   0.154487E+04   0.627597E+02   0.899896E+05   0.368797E+04
   0.426000E+03   0.154487E+04   0.627597E+02   0.899896E+05   0.368797E+04
   0.426100E+03   0.154487E+04   0.627597E+02   0.899896E+05   0.368797E+04
   0.426200E+03   0.154487E+04   0.627597E+02   0.899896E+05   0.368797E+04
   0.426300E+03   0.154487E+04   0.627597E+02   0.899896E+05   0.368797E+04
   0.426400E+03   0.154487E+04   0.627597E+02   0.899896E+05   0.368797E+04
   0.426500E+03   0.154487E+04   0.627597E+02   0.899896E+05   0.368797E+04
   0.426600E+03   0.154487E+04   0.627597E+02   0.899896E+05   0.368797E+04
   0.426700E+03   0.154487E+04   0.627597E+02   0.899896E+05   0.368797E+04
   0.426800E+03   0.154487E+04   0.627597E+02   0.899896E+05   0.368797E+04
   0.426900E+03   0.154487E+04   0.627597E+02   0.899896E+05   0.368797E+04
   0.427000E+03   0.154487E+04   0.627597E+02   0.899896E+05   0.368797E+04
   0.427100E+03   0.154487E+04   0.627597E+02   0.899896E+05   0.368797E+04
   0.427200E+03   0.154487E+04   0.627597E+02   0.899896E+05   0.368797E+04
   0.427300E+03   0.154487E+04   0.627597E+02   0.899896E+05   0.368797E+04
   0.427400E+03   0.154487E+04   0.627597E+02   0.899896E+05   0.368797E+04
   0.427500E+03   0.154487E+04   0.627597E+02   0.899896E+05   0.368797E+04
   0.427600E+03   0.154487E+04   0.627597E+02   0.899896E+05   0.368797E+04
   0.427700E+03   0.154487E+04   0.627597E+02   0.899896E+05   0.368797E+04
   0.427800E+03   0.154487E+04   0.627597E+02   0.899896E+05   0.368797E+04
   0.427900E+03   0.154487E+04   0.627597E+02   0.899896E+05   0.368797E+04
   0.428000E+03   0.154487E+04   0.627597E+02   0.899896E+05   0.368797E+04
   0.428100E+03   0.154487E+04   0.627597E+02   0.899896E+05   0.368797E+04
   0.428200E+03   0.154487E+04   0.627597E+02   0.899896E+05   0.368797E+04
   0.428300E+03   0.154487E+04   0.627597E+02   0.899896E+05   0.368797E+04
   0.428400E+03   0.154487E+04   0.627597E+02   0.899896E+05   0.368797E+04
   0.428500E+03   0.154487E+04   0.627597E+02   0.899896E+05   0.368797E+04
   0.428600E+03   0.154487E+04   0.627597E+02   0.899896E+05   0.368797E+04
   0.428700E+03   0.154487E+04   0.627597E+02   0.899896E+05   0.368797E+04
   0.428800E+03   0.154487E+04   0.627597E+02   0.899896E+05   0.368797E+04
   0.428900E+03   0.154487E+04   0.627597E+02   0.899896E+05   0.368797E+04
   0.429000E+03   0.154487E+04   0.627597E+02   0.899896E+05   0.368797E+04
   0.429100E+03   0.154487E+04   0.627597E+02   0.899896E+05   0.368797E+04
   0.429200E+03   0.154487E+04   0.627597E+02   0.899896E+05   0.368797E+04
   0.429300E+03   0.154487E+04   0.627597E+02   0.899896E+05   0.368797E+04
   0.429400E+03   0.154487E+04   0.627597E+02   0.899896E+05   0.368797E+04
   0.429500E+03   0.154487E+04   0.627597E+02   0.899896E+05   0.368797E+04
   0.429600E+03   0.154487E+04   0.627597E+02   0.899896E+05   0.368797E+04
   0.429700E+03   0.154487E+04   0.627597E+02   0.899896E+05   0.368797E+04
   0.429800E+03   0.154487E+04   0.627597E+02   0.899896E+05   0.368797E+04
   0.429900E+03   0.154487E+04   0.627597E+02   0.899896E+05   0.368797E+04
   0.430000E+03   0.154487E+04   0.627597E+02   0.899896E+05   0.368797E+04
   0.430100E+03   0.154487E+04   0.627597E+02   0.899896E+05   0.368797E+04
   0.430200E+03   0.154487E+04   0.627597E+02   0.899896E+05   0.368797E+04
   0.430300E+03   0.154487E+04   0.627597E+02   0.899896E+05   0.368797E+04
   0.430400E+03   0.154487E+04   0.627597E+02   0.899896E+05   0.368797E+04
   0.430500E+03   0.154487E+04   0.627597E+02   0.899896E+05   0.368797E+04
   0.430600E+03   0.154487E+04   0.627597E+02   0.899896E+05   0.368797E+04
   0.430700E+03   0.154487E+04   0.627597E+02   0.899896E+05   0.368797E+04
   0.430800E+03   0.154487E+04   0.627597E+02   0.899896E+05   0.368797E+04
   0.430900E+03   0.154487E+04   0.627597E+02   0.899896E+05   0.368797E+04
   0.431000E+03   0.154487E+04   0.627597E+02   0.899896E+05   0.368797E+04
   0.431100E+03   0.154487E+04   0.627597E+02   0.899896E+05   0.368797E+04
   0.431200E+03   0.154487E+04   0.627597E+02   0.899896E+05   0.368797E+04
   0.431300E+03   0.154487E+04   0.627597E+02   0.899896E+05   0.368797E+04
   0.431400E+03   0.154487E+04   0.627597E+02   0.899896E+05   0.368797E+04
   0.431500E+03   0.154487E+04   0.627597E+02   0.899896E+05   0.368797E+04
   0.431600E+03   0.154487E+04   0.627597E+02   0.899896E+05   0.368797E+04
   0.431700E+03   0.154487E+04   0.627597E+02   0.899896E+05   0.368797E+04
   0.431800E+03   0.154487E+04   0.627597E+02   0.899896E+05   0.368797E+04
   0.431900E+03   0.154487E+04   0.627597E+02   0.899896E+05   0.368797E+04
   0.432000E+03   0.154487E+04   0.627597E+02   0.899896E+05   0.368797E+04
   0.432100E+03   0.154487E+04   0.627597E+02   0.899896E+05   0.368797E+04
   0.432200E+03   0.154487E+04   0.627597E+02   0.899896E+05   0.368797E+04
   0.432300E+03   0.154487E+04   0.627597E+02   0.899896E+05   0.368797E+04
   0.432400E+03   0.154487E+04   0.627597E+02   0.899896E+05   0.368797E+04
   0.432500E+03   0.154487E+04   0.627597E+02   0.899896E+05   0.368797E+04
   0.432600E+03   0.154487E+04   0.627597E+02   0.899896E+05   0.368797E+04
   0.432700E+03   0.154487E+04   0.627597E+02   0.899896E+05   0.368797E+04
   0.432800E+03   0.154487E+04   0.627597E+02   0.899896E+05   0.368797E+04
   0.432900E+03   0.154487E+04   0.627597E+02   0.899896E+05   0.368797E+04
   0.433000E+03   0.154487E+04   0.627597E+02   0.899896E+05   0.368797E+04
   0.433100E+03   0.154487E+04   0.627597E+02   0.899896E+05   0.368797E+04
   0.433200E+03   0.154487E+04   0.627597E+02   0.899896E+05   0.368797E+04
   0.433300E+03   0.154487E+04   0.627597E+02   0.899896E+05   0.368797E+04
   0.433400E+03   0.154487E+04   0.627597E+02   0.899896E+05   0.368797E+04
   0.433500E+03   0.154487E+04   0.627597E+02   0.899896E+05   0.368797E+04
   0.433600E+03   0.154487E+04   0.627597E+02   0.899896E+05   0.368797E+04
   0.433700E+03   0.154487E+04   0.627597E+02   0.899896E+05   0.368797E+04
   0.433800E+03   0.154487E+04   0.627597E+02   0.899896E+05   0.368797E+04
   0.433900E+03   0.154487E+04   0.627597E+02   0.899896E+05   0.368797E+04
   0.434000E+03   0.154487E+04   0.627597E+02   0.899896E+05   0.368797E+04
   0.434100E+03   0.154487E+04   0.627597E+02   0.899896E+05   0.368797E+04
   0.434200E+03   0.154487E+04   0.627597E+02   0.899896E+05   0.368797E+04
   0.434300E+03   0.154487E+04   0.627597E+02   0.899896E+05   0.368797E+04
   0.434400E+03   0.154487E+04   0.627597E+02   0.899896E+05   0.368797E+04
   0.434500E+03   0.154487E+04   0.627597E+02   0.899896E+05   0.368797E+04
   0.434600E+03   0.154487E+04   0.627597E+02   0.899896E+05   0.368797E+04
   0.434700E+03   0.154487E+04   0.627597E+02   0.899896E+05   0.368797E+04
   0.434800E+03   0.154487E+04   0.627597E+02   0.899896E+05   0.368797E+04
   0.434900E+03   0.154487E+04   0.627597E+02   0.899896E+05   0.368797E+04
   0.435000E+03   0.154487E+04   0.627597E+02   0.899896E+05   0.368797E+04
   0.435100E+03   0.154487E+04   0.627597E+02   0.899896E+05   0.368797E+04
   0.435200E+03   0.154487E+04   0.627597E+02   0.899896E+05   0.368797E+04
   0.435300E+03   0.154487E+04   0.627597E+02   0.899896E+05   0.368797E+04
   0.435400E+03   0.154487E+04   0.627597E+02   0.899896E+05   0.368797E+04
   0.435500E+03   0.154487E+04   0.627597E+02   0.899896E+05   0.368797E+04
   0.435600E+03   0.154487E+04   0.627597E+02   0.899896E+05   0.368797E+04
   0.435700E+03   0.154487E+04   0.627597E+02   0.899896E+05   0.368797E+04
   0.435800E+03   0.154487E+04   0.627597E+02   0.899896E+05   0.368797E+04
   0.435900E+03   0.154487E+04   0.627597E+02   0.899896E+05   0.368797E+04
   0.436000E+03   0.154487E+04   0.627597E+02   0.899896E+05   0.368797E+04
   0.436100E+03   0.154487E+04   0.627597E+02   0.899896E+05   0.368797E+04
   0.436200E+03   0.154487E+04   0.627597E+02   0.899896E+05   0.368797E+04
   0.436300E+03   0.154487E+04   0.627597E+02   0.899896E+05   0.368797E+04
   0.436400E+03   0.154487E+04   0.627597E+02   0.899896E+05   0.368797E+04
   0.436500E+03   0.154487E+04   0.627597E+02   0.899896E+05   0.368797E+04
   0.436600E+03   0.154487E+04   0.627597E+02   0.899896E+05   0.368797E+04
   0.436700E+03   0.154487E+04   0.627597E+02   0.899896E+05   0.368797E+04
   0.436800E+03   0.154487E+04   0.627597E+02   0.899896E+05   0.368797E+04
   0.436900E+03   0.154487E+04   0.627597E+02   0.899896E+05   0.368797E+04
   0.437000E+03   0.154487E+04   0.627597E+02   0.899896E+05   0.368797E+04
   0.437100E+03   0.154487E+04   0.627597E+02   0.899896E+05   0.368797E+04
   0.437200E+03   0.154487E+04   0.627597E+02   0.899896E+05   0.368797E+04
   0.437300E+03   0.154487E+04   0.627597E+02   0.899896E+05   0.368797E+04
   0.437400E+03   0.154487E+04   0.627597E+02   0.899896E+05   0.368797E+04
   0.437500E+03   0.154487E+04   0.627597E+02   0.899896E+05   0.368797E+04
   0.437600E+03   0.154487E+04   0.627597E+02   0.899896E+05   0.368797E+04
   0.437700E+03   0.154487E+04   0.627597E+02   0.899896E+05   0.368797E+04
   0.437800E+03   0.154487E+04   0.627597E+02   0.899896E+05   0.368797E+04
   0.437900E+03   0.154487E+04   0.627597E+02   0.899896E+05   0.368797E+04
   0.438000E+03   0.154487E+04   0.627597E+02   0.899896E+05   0.368797E+04
   0.438100E+03   0.154487E+04   0.627597E+02   0.899896E+05   0.368797E+04
   0.438200E+03   0.154487E+04   0.627597E+02   0.899896E+05   0.368797E+04
   0.438300E+03   0.154487E+04   0.627597E+02   0.899896E+05   0.368797E+04
   0.438400E+03   0.154487E+04   0.627597E+02   0.899896E+05   0.368797E+04
   0.438500E+03   0.154487E+04   0.627597E+02   0.899896E+05   0.368797E+04
   0.438600E+03   0.154487E+04   0.627597E+02   0.899896E+05   0.368797E+04
   0.438700E+03   0.154487E+04   0.627597E+02   0.899896E+05   0.368797E+04
   0.438800E+03   0.154487E+04   0.627597E+02   0.899896E+05   0.368797E+04
   0.438900E+03   0.154487E+04   0.627597E+02   0.899896E+05   0.368797E+04
   0.439000E+03   0.154487E+04   0.627597E+02   0.899896E+05   0.368797E+04
   0.439100E+03   0.154487E+04   0.627597E+02   0.899896E+05   0.368797E+04
   0.439200E+03   0.154487E+04   0.627597E+02   0.899896E+05   0.368797E+04
   0.439300E+03   0.154487E+04   0.627597E+02   0.899896E+05   0.368797E+04
   0.439400E+03   0.154487E+04   0.627597E+02   0.899896E+05   0.368797E+04
   0.439500E+03   0.154487E+04   0.627597E+02   0.899896E+05   0.368797E+04
   0.439600E+03   0.154487E+04   0.627597E+02   0.899896E+05   0.368797E+04
   0.439700E+03   0.154487E+04   0.627597E+02   0.899896E+05   0.368797E+04
   0.439800E+03   0.154487E+04   0.627597E+02   0.899896E+05   0.368797E+04
   0.439900E+03   0.154487E+04   0.627597E+02   0.899896E+05   0.368797E+04
   0.440000E+03   0.154487E+04   0.627597E+02   0.899896E+05   0.368797E+04
   0.440100E+03   0.154487E+04   0.627597E+02   0.899896E+05   0.368797E+04
   0.440200E+03   0.154487E+04   0.627597E+02   0.899896E+05   0.368797E+04
   0.440300E+03   0.154487E+04   0.627597E+02   0.899896E+05   0.368797E+04
   0.440400E+03   0.154487E+04   0.627597E+02   0.899896E+05   0.368797E+04
   0.440500E+03   0.154487E+04   0.627597E+02   0.899896E+05   0.368797E+04
   0.440600E+03   0.154487E+04   0.627597E+02   0.899896E+05   0.368797E+04
   0.440700E+03   0.154487E+04   0.627597E+02   0.899896E+05   0.368797E+04
   0.440800E+03   0.154487E+04   0.627597E+02   0.899896E+05   0.368797E+04
   0.440900E+03   0.154487E+04   0.627597E+02   0.899896E+05   0.368797E+04
   0.441000E+03   0.154487E+04   0.627597E+02   0.899896E+05   0.368797E+04
   0.441100E+03   0.154487E+04   0.627597E+02   0.899896E+05   0.368797E+04
   0.441200E+03   0.154487E+04   0.627597E+02   0.899896E+05   0.368797E+04
   0.441300E+03   0.154487E+04   0.627597E+02   0.899896E+05   0.368797E+04
   0.441400E+03   0.154487E+04   0.627597E+02   0.899896E+05   0.368797E+04
   0.441500E+03   0.154487E+04   0.627597E+02   0.899896E+05   0.368797E+04
   0.441600E+03   0.154487E+04   0.627597E+02   0.899896E+05   0.368797E+04
   0.441700E+03   0.154487E+04   0.627597E+02   0.899896E+05   0.368797E+04
   0.441800E+03   0.154487E+04   0.627597E+02   0.899896E+05   0.368797E+04
   0.441900E+03   0.154487E+04   0.627597E+02   0.899896E+05   0.368797E+04
   0.442000E+03   0.154487E+04   0.627597E+02   0.899896E+05   0.368797E+04
   0.442100E+03   0.154487E+04   0.627597E+02   0.899896E+05   0.368797E+04
   0.442200E+03   0.154487E+04   0.627597E+02   0.899896E+05   0.368797E+04
   0.442300E+03   0.154487E+04   0.627597E+02   0.899896E+05   0.368797E+04
   0.442400E+03   0.154487E+04   0.627597E+02   0.899896E+05   0.368797E+04
   0.442500E+03   0.154487E+04   0.627597E+02   0.899896E+05   0.368797E+04
   0.442600E+03   0.154487E+04   0.627597E+02   0.899896E+05   0.368797E+04
   0.442700E+03   0.154487E+04   0.627597E+02   0.899896E+05   0.368797E+04
   0.442800E+03   0.154487E+04   0.627597E+02   0.899896E+05   0.368797E+04
   0.442900E+03   0.154487E+04   0.627597E+02   0.899896E+05   0.368797E+04
   0.443000E+03   0.154487E+04   0.627597E+02   0.899896E+05   0.368797E+04
   0.443100E+03   0.154487E+04   0.627597E+02   0.899896E+05   0.368797E+04
   0.443200E+03   0.154487E+04   0.627597E+02   0.899896E+05   0.368797E+04
   0.443300E+03   0.154487E+04   0.627597E+02   0.899896E+05   0.368797E+04
   0.443400E+03   0.154487E+04   0.627597E+02   0.899896E+05   0.368797E+04
   0.443500E+03   0.154487E+04   0.627597E+02   0.899896E+05   0.368797E+04
   0.443600E+03   0.154487E+04   0.627597E+02   0.899896E+05   0.368797E+04
   0.443700E+03   0.154487E+04   0.627597E+02   0.899896E+05   0.368797E+04
   0.443800E+03   0.154487E+04   0.627597E+02   0.899896E+05   0.368797E+04
   0.443900E+03   0.154487E+04   0.627597E+02   0.899896E+05   0.368797E+04
   0.444000E+03   0.154487E+04   0.627597E+02   0.899896E+05   0.368797E+04
   0.444100E+03   0.154487E+04   0.627597E+02   0.899896E+05   0.368797E+04
   0.444200E+03   0.154487E+04   0.627597E+02   0.899896E+05   0.368797E+04
   0.444300E+03   0.154487E+04   0.627597E+02   0.899896E+05   0.368797E+04
   0.444400E+03   0.154487E+04   0.627597E+02   0.899896E+05   0.368797E+04
   0.444500E+03   0.154487E+04   0.627597E+02   0.899896E+05   0.368797E+04
   0.444600E+03   0.154487E+04   0.627597E+02   0.899896E+05   0.368797E+04
   0.444700E+03   0.154487E+04   0.627597E+02   0.899896E+05   0.368797E+04
   0.444800E+03   0.154487E+04   0.627597E+02   0.899896E+05   0.368797E+04
   0.444900E+03   0.154487E+04   0.627597E+02   0.899896E+05   0.368797E+04
   0.445000E+03   0.154487E+04   0.627597E+02   0.899896E+05   0.368797E+04
   0.445100E+03   0.154487E+04   0.627597E+02   0.899896E+05   0.368797E+04
   0.445200E+03   0.154487E+04   0.627597E+02   0.899896E+05   0.368797E+04
   0.445300E+03   0.154487E+04   0.627597E+02   0.899896E+05   0.368797E+04
   0.445400E+03   0.154487E+04   0.627597E+02   0.899896E+05   0.368797E+04
   0.445500E+03   0.154487E+04   0.627597E+02   0.899896E+05   0.368797E+04
   0.445600E+03   0.154487E+04   0.627597E+02   0.899896E+05   0.368797E+04
   0.445700E+03   0.154487E+04   0.627597E+02   0.899896E+05   0.368797E+04
   0.445800E+03   0.154487E+04   0.627597E+02   0.899896E+05   0.368797E+04
   0.445900E+03   0.154487E+04   0.627597E+02   0.899896E+05   0.368797E+04
   0.446000E+03   0.154487E+04   0.627597E+02   0.899896E+05   0.368797E+04
   0.446100E+03   0.154487E+04   0.627597E+02   0.899896E+05   0.368797E+04
   0.446200E+03   0.154487E+04   0.627597E+02   0.899896E+05   0.368797E+04
   0.446300E+03   0.154487E+04   0.627597E+02   0.899896E+05   0.368797E+04
   0.446400E+03   0.154487E+04   0.627597E+02   0.899896E+05   0.368797E+04
   0.446500E+03   0.154487E+04   0.627597E+02   0.899896E+05   0.368797E+04
   0.446600E+03   0.154487E+04   0.627597E+02   0.899896E+05   0.368797E+04
   0.446700E+03   0.154487E+04   0.627597E+02   0.899896E+05   0.368797E+04
   0.446800E+03   0.154487E+04   0.627597E+02   0.899896E+05   0.368797E+04
   0.446900E+03   0.154487E+04   0.627597E+02   0.899896E+05   0.368797E+04
   0.447000E+03   0.154487E+04   0.627597E+02   0.899896E+05   0.368797E+04
   0.447100E+03   0.154487E+04   0.627597E+02   0.899896E+05   0.368797E+04
   0.447200E+03   0.154487E+04   0.627597E+02   0.899896E+05   0.368797E+04
   0.447300E+03   0.154487E+04   0.627597E+02   0.899896E+05   0.368797E+04
   0.447400E+03   0.154487E+04   0.627597E+02   0.899896E+05   0.368797E+04
   0.447500E+03   0.154487E+04   0.627597E+02   0.899896E+05   0.368797E+04
   0.447600E+03   0.154487E+04   0.627597E+02   0.899896E+05   0.368797E+04
   0.447700E+03   0.154487E+04   0.627597E+02   0.899896E+05   0.368797E+04
   0.447800E+03   0.154487E+04   0.627597E+02   0.899896E+05   0.368797E+04
   0.447900E+03   0.154487E+04   0.627597E+02   0.899896E+05   0.368797E+04
   0.448000E+03   0.154487E+04   0.627597E+02   0.899896E+05   0.368797E+04
   0.448100E+03   0.154487E+04   0.627597E+02   0.899896E+05   0.368797E+04
   0.448200E+03   0.154487E+04   0.627597E+02   0.899896E+05   0.368797E+04
   0.448300E+03   0.154487E+04   0.627597E+02   0.899896E+05   0.368797E+04
   0.448400E+03   0.154487E+04   0.627597E+02   0.899896E+05   0.368797E+04
   0.448500E+03   0.154487E+04   0.627597E+02   0.899896E+05   0.368797E+04
   0.448600E+03   0.154487E+04   0.627597E+02   0.899896E+05   0.368797E+04
   0.448700E+03   0.154487E+04   0.627597E+02   0.899896E+05   0.368797E+04
   0.448800E+03   0.154487E+04   0.627597E+02   0.899896E+05   0.368797E+04
   0.448900E+03   0.154487E+04   0.627597E+02   0.899896E+05   0.368797E+04
   0.449000E+03   0.154487E+04   0.627597E+02   0.899896E+05   0.368797E+04
   0.449100E+03   0.154487E+04   0.627597E+02   0.899896E+05   0.368797E+04
   0.449200E+03   0.154487E+04   0.627597E+02   0.899896E+05   0.368797E+04
   0.449300E+03   0.154487E+04   0.627597E+02   0.899896E+05   0.368797E+04
   0.449400E+03   0.154487E+04   0.627597E+02   0.899896E+05   0.368797E+04
   0.449500E+03   0.154487E+04   0.627597E+02   0.899896E+05   0.368797E+04
   0.449600E+03   0.154487E+04   0.627597E+02   0.899896E+05   0.368797E+04
   0.449700E+03   0.154487E+04   0.627597E+02   0.899896E+05   0.368797E+04
   0.449800E+03   0.154487E+04   0.627597E+02   0.899896E+05   0.368797E+04
   0.449900E+03   0.154487E+04   0.627597E+02   0.899896E+05   0.368797E+04
   0.450000E+03   0.154487E+04   0.627597E+02   0.899896E+05   0.368797E+04
   0.450100E+03   0.154487E+04   0.627597E+02   0.899896E+05   0.368797E+04
   0.450200E+03   0.154487E+04   0.627597E+02   0.899896E+05   0.368797E+04
   0.450300E+03   0.154487E+04   0.627597E+02   0.899896E+05   0.368797E+04
   0.450400E+03   0.154487E+04   0.627597E+02   0.899896E+05   0.368797E+04
   0.450500E+03   0.154487E+04   0.627597E+02   0.899896E+05   0.368797E+04
   0.450600E+03   0.154487E+04   0.627597E+02   0.899896E+05   0.368797E+04
   0.450700E+03   0.154487E+04   0.627597E+02   0.899896E+05   0.368797E+04
   0.450800E+03   0.154487E+04   0.627597E+02   0.899896E+05   0.368797E+04
   0.450900E+03   0.154487E+04   0.627597E+02   0.899896E+05   0.368797E+04
   0.451000E+03   0.154487E+04   0.627597E+02   0.899896E+05   0.368797E+04
   0.451100E+03   0.154487E+04   0.627597E+02   0.899896E+05   0.368797E+04
   0.451200E+03   0.154487E+04   0.627597E+02   0.899896E+05   0.368797E+04
   0.451300E+03   0.154487E+04   0.627597E+02   0.899896E+05   0.368797E+04
   0.451400E+03   0.154487E+04   0.627597E+02   0.899896E+05   0.368797E+04
   0.451500E+03   0.154487E+04   0.627597E+02   0.899896E+05   0.368797E+04
   0.451600E+03   0.154487E+04   0.627597E+02   0.899896E+05   0.368797E+04
   0.451700E+03   0.154487E+04   0.627597E+02   0.899896E+05   0.368797E+04
   0.451800E+03   0.154487E+04   0.627597E+02   0.899896E+05   0.368797E+04
   0.451900E+03   0.154487E+04   0.627597E+02   0.899896E+05   0.368797E+04
   0.452000E+03   0.154487E+04   0.627597E+02   0.899896E+05   0.368797E+04
   0.452100E+03   0.154487E+04   0.627597E+02   0.899896E+05   0.368797E+04
   0.452200E+03   0.154487E+04   0.627597E+02   0.899896E+05   0.368797E+04
   0.452300E+03   0.154487E+04   0.627597E+02   0.899896E+05   0.368797E+04
   0.452400E+03   0.154487E+04   0.627597E+02   0.899896E+05   0.368797E+04
   0.452500E+03   0.154487E+04   0.627597E+02   0.899896E+05   0.368797E+04
   0.452600E+03   0.154487E+04   0.627597E+02   0.899896E+05   0.368797E+04
   0.452700E+03   0.154487E+04   0.627597E+02   0.899896E+05   0.368797E+04
   0.452800E+03   0.154487E+04   0.627597E+02   0.899896E+05   0.368797E+04
   0.452900E+03   0.154487E+04   0.627597E+02   0.899896E+05   0.368797E+04
   0.453000E+03   0.154487E+04   0.627597E+02   0.899896E+05   0.368797E+04
   0.453100E+03   0.154487E+04   0.627597E+02   0.899896E+05   0.368797E+04
   0.453200E+03   0.154487E+04   0.627597E+02   0.899896E+05   0.368797E+04
   0.453300E+03   0.154487E+04   0.627597E+02   0.899896E+05   0.368797E+04
   0.453400E+03   0.154487E+04   0.627597E+02   0.899896E+05   0.368797E+04
   0.453500E+03   0.154487E+04   0.627597E+02   0.899896E+05   0.368797E+04
   0.453600E+03   0.154487E+04   0.627597E+02   0.899896E+05   0.368797E+04
   0.453700E+03   0.154487E+04   0.627597E+02   0.899896E+05   0.368797E+04
   0.453800E+03   0.154487E+04   0.627597E+02   0.899896E+05   0.368797E+04
   0.453900E+03   0.154487E+04   0.627597E+02   0.899896E+05   0.368797E+04
   0.454000E+03   0.154487E+04   0.627597E+02   0.899896E+05   0.368797E+04
   0.454100E+03   0.154487E+04   0.627597E+02   0.899896E+05   0.368797E+04
   0.454200E+03   0.154487E+04   0.627597E+02   0.899896E+05   0.368797E+04
   0.454300E+03   0.154487E+04   0.627597E+02   0.899896E+05   0.368797E+04
   0.454400E+03   0.154487E+04   0.627597E+02   0.899896E+05   0.368797E+04
   0.454500E+03   0.154487E+04   0.627597E+02   0.899896E+05   0.368797E+04
   0.454600E+03   0.154487E+04   0.627597E+02   0.899896E+05   0.368797E+04
   0.454700E+03   0.154487E+04   0.627597E+02   0.899896E+05   0.368797E+04
   0.454800E+03   0.154487E+04   0.627597E+02   0.899896E+05   0.368797E+04
   0.454900E+03   0.154487E+04   0.627597E+02   0.899896E+05   0.368797E+04
   0.455000E+03   0.154487E+04   0.627597E+02   0.899896E+05   0.368797E+04
   0.455100E+03   0.154487E+04   0.627597E+02   0.899896E+05   0.368797E+04
   0.455200E+03   0.154487E+04   0.627597E+02   0.899896E+05   0.368797E+04
   0.455300E+03   0.154487E+04   0.627597E+02   0.899896E+05   0.368797E+04
   0.455400E+03   0.154487E+04   0.627597E+02   0.899896E+05   0.368797E+04
   0.455500E+03   0.154487E+04   0.627597E+02   0.899896E+05   0.368797E+04
   0.455600E+03   0.154487E+04   0.627597E+02   0.899896E+05   0.368797E+04
   0.455700E+03   0.154487E+04   0.627597E+02   0.899896E+05   0.368797E+04
   0.455800E+03   0.154487E+04   0.627597E+02   0.899896E+05   0.368797E+04
   0.455900E+03   0.154487E+04   0.627597E+02   0.899896E+05   0.368797E+04
   0.456000E+03   0.154487E+04   0.627597E+02   0.899896E+05   0.368797E+04
   0.456100E+03   0.154487E+04   0.627597E+02   0.899896E+05   0.368797E+04
   0.456200E+03   0.154487E+04   0.627597E+02   0.899896E+05   0.368797E+04
   0.456300E+03   0.154487E+04   0.627597E+02   0.899896E+05   0.368797E+04
   0.456400E+03   0.154487E+04   0.627597E+02   0.899896E+05   0.368797E+04
   0.456500E+03   0.154487E+04   0.627597E+02   0.899896E+05   0.368797E+04
   0.456600E+03   0.154487E+04   0.627597E+02   0.899896E+05   0.368797E+04
   0.456700E+03   0.154487E+04   0.627597E+02   0.899896E+05   0.368797E+04
   0.456800E+03   0.154487E+04   0.627597E+02   0.899896E+05   0.368797E+04
   0.456900E+03   0.154487E+04   0.627597E+02   0.899896E+05   0.368797E+04
   0.457000E+03   0.154487E+04   0.627597E+02   0.899896E+05   0.368797E+04
   0.457100E+03   0.154487E+04   0.627597E+02   0.899896E+05   0.368797E+04
   0.457200E+03   0.154487E+04   0.627597E+02   0.899896E+05   0.368797E+04
   0.457300E+03   0.154487E+04   0.627597E+02   0.899896E+05   0.368797E+04
   0.457400E+03   0.154487E+04   0.627597E+02   0.899896E+05   0.368797E+04
   0.457500E+03   0.154487E+04   0.627597E+02   0.899896E+05   0.368797E+04
   0.457600E+03   0.154487E+04   0.627597E+02   0.899896E+05   0.368797E+04
   0.457700E+03   0.154487E+04   0.627597E+02   0.899896E+05   0.368797E+04
   0.457800E+03   0.154487E+04   0.627597E+02   0.899896E+05   0.368797E+04
   0.457900E+03   0.154487E+04   0.627597E+02   0.899896E+05   0.368797E+04
   0.458000E+03   0.154487E+04   0.627597E+02   0.899896E+05   0.368797E+04
   0.458100E+03   0.154487E+04   0.627597E+02   0.899896E+05   0.368797E+04
   0.458200E+03   0.154487E+04   0.627597E+02   0.899896E+05   0.368797E+04
   0.458300E+03   0.154487E+04   0.627597E+02   0.899896E+05   0.368797E+04
   0.458400E+03   0.154487E+04   0.627597E+02   0.899896E+05   0.368797E+04
   0.458500E+03   0.154487E+04   0.627597E+02   0.899896E+05   0.368797E+04
   0.458600E+03   0.154487E+04   0.627597E+02   0.899896E+05   0.368797E+04
   0.458700E+03   0.154487E+04   0.627597E+02   0.899896E+05   0.368797E+04
   0.458800E+03   0.154487E+04   0.627597E+02   0.899896E+05   0.368797E+04
   0.458900E+03   0.154487E+04   0.627597E+02   0.899896E+05   0.368797E+04
   0.459000E+03   0.154487E+04   0.627597E+02   0.899896E+05   0.368797E+04
   0.459100E+03   0.154487E+04   0.627597E+02   0.899896E+05   0.368797E+04
   0.459200E+03   0.154487E+04   0.627597E+02   0.899896E+05   0.368797E+04
   0.459300E+03   0.154487E+04   0.627597E+02   0.899896E+05   0.368797E+04
   0.459400E+03   0.154487E+04   0.627597E+02   0.899896E+05   0.368797E+04
   0.459500E+03   0.154487E+04   0.627597E+02   0.899896E+05   0.368797E+04
   0.459600E+03   0.154487E+04   0.627597E+02   0.899896E+05   0.368797E+04
   0.459700E+03   0.154487E+04   0.627597E+02   0.899896E+05   0.368797E+04
   0.459800E+03   0.154487E+04   0.627597E+02   0.899896E+05   0.368797E+04
   0.459900E+03   0.154487E+04   0.627597E+02   0.899896E+05   0.368797E+04
   0.460000E+03   0.154487E+04   0.627597E+02   0.899896E+05   0.368797E+04
   0.460100E+03   0.154487E+04   0.627597E+02   0.899896E+05   0.368797E+04
   0.460200E+03   0.154487E+04   0.627597E+02   0.899896E+05   0.368797E+04
   0.460300E+03   0.154487E+04   0.627597E+02   0.899896E+05   0.368797E+04
   0.460400E+03   0.154487E+04   0.627597E+02   0.899896E+05   0.368797E+04
   0.460500E+03   0.154487E+04   0.627597E+02   0.899896E+05   0.368797E+04
   0.460600E+03   0.154487E+04   0.627597E+02   0.899896E+05   0.368797E+04
   0.460700E+03   0.154487E+04   0.627597E+02   0.899896E+05   0.368797E+04
   0.460800E+03   0.154487E+04   0.627597E+02   0.899896E+05   0.368797E+04
   0.460900E+03   0.154487E+04   0.627597E+02   0.899896E+05   0.368797E+04
   0.461000E+03   0.154487E+04   0.627597E+02   0.899896E+05   0.368797E+04
   0.461100E+03   0.154487E+04   0.627597E+02   0.899896E+05   0.368797E+04
   0.461200E+03   0.154487E+04   0.627597E+02   0.899896E+05   0.368797E+04
   0.461300E+03   0.154487E+04   0.627597E+02   0.899896E+05   0.368797E+04
   0.461400E+03   0.154487E+04   0.627597E+02   0.899896E+05   0.368797E+04
   0.461500E+03   0.154487E+04   0.627597E+02   0.899896E+05   0.368797E+04
   0.461600E+03   0.154487E+04   0.627597E+02   0.899896E+05   0.368797E+04
   0.461700E+03   0.154487E+04   0.627597E+02   0.899896E+05   0.368797E+04
   0.461800E+03   0.154487E+04   0.627597E+02   0.899896E+05   0.368797E+04
   0.461900E+03   0.154487E+04   0.627597E+02   0.899896E+05   0.368797E+04
   0.462000E+03   0.154487E+04   0.627597E+02   0.899896E+05   0.368797E+04
   0.462100E+03   0.154487E+04   0.627597E+02   0.899896E+05   0.368797E+04
   0.462200E+03   0.154487E+04   0.627597E+02   0.899896E+05   0.368797E+04
   0.462300E+03   0.154487E+04   0.627597E+02   0.899896E+05   0.368797E+04
   0.462400E+03   0.154487E+04   0.627597E+02   0.899896E+05   0.368797E+04
   0.462500E+03   0.154487E+04   0.627597E+02   0.899896E+05   0.368797E+04
   0.462600E+03   0.154487E+04   0.627597E+02   0.899896E+05   0.368797E+04
   0.462700E+03   0.154487E+04   0.627597E+02   0.899896E+05   0.368797E+04
   0.462800E+03   0.154487E+04   0.627597E+02   0.899896E+05   0.368797E+04
   0.462900E+03   0.154487E+04   0.627597E+02   0.899896E+05   0.368797E+04
   0.463000E+03   0.154487E+04   0.627597E+02   0.899896E+05   0.368797E+04
   0.463100E+03   0.154487E+04   0.627597E+02   0.899896E+05   0.368797E+04
   0.463200E+03   0.154487E+04   0.627597E+02   0.899896E+05   0.368797E+04
   0.463300E+03   0.154487E+04   0.627597E+02   0.899896E+05   0.368797E+04
   0.463400E+03   0.154487E+04   0.627597E+02   0.899896E+05   0.368797E+04
   0.463500E+03   0.154487E+04   0.627597E+02   0.899896E+05   0.368797E+04
   0.463600E+03   0.154487E+04   0.627597E+02   0.899896E+05   0.368797E+04
   0.463700E+03   0.154487E+04   0.627597E+02   0.899896E+05   0.368797E+04
   0.463800E+03   0.154487E+04   0.627597E+02   0.899896E+05   0.368797E+04
   0.463900E+03   0.154487E+04   0.627597E+02   0.899896E+05   0.368797E+04
   0.464000E+03   0.154487E+04   0.627597E+02   0.899896E+05   0.368797E+04
   0.464100E+03   0.154487E+04   0.627597E+02   0.899896E+05   0.368797E+04
   0.464200E+03   0.154487E+04   0.627597E+02   0.899896E+05   0.368797E+04
   0.464300E+03   0.154487E+04   0.627597E+02   0.899896E+05   0.368797E+04
   0.464400E+03   0.154487E+04   0.627597E+02   0.899896E+05   0.368797E+04
   0.464500E+03   0.154487E+04   0.627597E+02   0.899896E+05   0.368797E+04
   0.464600E+03   0.154487E+04   0.627597E+02   0.899896E+05   0.368797E+04
   0.464700E+03   0.154487E+04   0.627597E+02   0.899896E+05   0.368797E+04
   0.464800E+03   0.154487E+04   0.627597E+02   0.899896E+05   0.368797E+04
   0.464900E+03   0.154487E+04   0.627597E+02   0.899896E+05   0.368797E+04
   0.465000E+03   0.154487E+04   0.627597E+02   0.899896E+05   0.368797E+04
   0.465100E+03   0.154487E+04   0.627597E+02   0.899896E+05   0.368797E+04
   0.465200E+03   0.154487E+04   0.627597E+02   0.899896E+05   0.368797E+04
   0.465300E+03   0.154487E+04   0.627597E+02   0.899896E+05   0.368797E+04
   0.465400E+03   0.154487E+04   0.627597E+02   0.899896E+05   0.368797E+04
   0.465500E+03   0.154487E+04   0.627597E+02   0.899896E+05   0.368797E+04
   0.465600E+03   0.154487E+04   0.627597E+02   0.899896E+05   0.368797E+04
   0.465700E+03   0.154487E+04   0.627597E+02   0.899896E+05   0.368797E+04
   0.465800E+03   0.154487E+04   0.627597E+02   0.899896E+05   0.368797E+04
   0.465900E+03   0.154487E+04   0.627597E+02   0.899896E+05   0.368797E+04
   0.466000E+03   0.154487E+04   0.627597E+02   0.899896E+05   0.368797E+04
   0.466100E+03   0.154487E+04   0.627597E+02   0.899896E+05   0.368797E+04
   0.466200E+03   0.154487E+04   0.627597E+02   0.899896E+05   0.368797E+04
   0.466300E+03   0.154487E+04   0.627597E+02   0.899896E+05   0.368797E+04
   0.466400E+03   0.154487E+04   0.627597E+02   0.899896E+05   0.368797E+04
   0.466500E+03   0.154487E+04   0.627597E+02   0.899896E+05   0.368797E+04
   0.466600E+03   0.154487E+04   0.627597E+02   0.899896E+05   0.368797E+04
   0.466700E+03   0.154487E+04   0.627597E+02   0.899896E+05   0.368797E+04
   0.466800E+03   0.154487E+04   0.627597E+02   0.899896E+05   0.368797E+04
   0.466900E+03   0.154487E+04   0.627597E+02   0.899896E+05   0.368797E+04
   0.467000E+03   0.154487E+04   0.627597E+02   0.899896E+05   0.368797E+04
   0.467100E+03   0.154487E+04   0.627597E+02   0.899896E+05   0.368797E+04
   0.467200E+03   0.154487E+04   0.627597E+02   0.899896E+05   0.368797E+04
   0.467300E+03   0.154487E+04   0.627597E+02   0.899896E+05   0.368797E+04
   0.467400E+03   0.154487E+04   0.627597E+02   0.899896E+05   0.368797E+04
   0.467500E+03   0.154487E+04   0.627597E+02   0.899896E+05   0.368797E+04
   0.467600E+03   0.154487E+04   0.627597E+02   0.899896E+05   0.368797E+04
   0.467700E+03   0.154487E+04   0.627597E+02   0.899896E+05   0.368797E+04
   0.467800E+03   0.154487E+04   0.627597E+02   0.899896E+05   0.368797E+04
   0.467900E+03   0.154487E+04   0.627597E+02   0.899896E+05   0.368797E+04
   0.468000E+03   0.154487E+04   0.627597E+02   0.899896E+05   0.368797E+04
   0.468100E+03   0.154487E+04   0.627597E+02   0.899896E+05   0.368797E+04
   0.468200E+03   0.154487E+04   0.627597E+02   0.899896E+05   0.368797E+04
   0.468300E+03   0.154487E+04   0.627597E+02   0.899896E+05   0.368797E+04
   0.468400E+03   0.154487E+04   0.627597E+02   0.899896E+05   0.368797E+04
   0.468500E+03   0.154487E+04   0.627597E+02   0.899896E+05   0.368797E+04
   0.468600E+03   0.154487E+04   0.627597E+02   0.899896E+05   0.368797E+04
   0.468700E+03   0.154487E+04   0.627597E+02   0.899896E+05   0.368797E+04
   0.468800E+03   0.154487E+04   0.627597E+02   0.899896E+05   0.368797E+04
   0.468900E+03   0.154487E+04   0.627597E+02   0.899896E+05   0.368797E+04
   0.469000E+03   0.154487E+04   0.627597E+02   0.899896E+05   0.368797E+04
   0.469100E+03   0.154487E+04   0.627597E+02   0.899896E+05   0.368797E+04
   0.469200E+03   0.154487E+04   0.627597E+02   0.899896E+05   0.368797E+04
   0.469300E+03   0.154487E+04   0.627597E+02   0.899896E+05   0.368797E+04
   0.469400E+03   0.154487E+04   0.627597E+02   0.899896E+05   0.368797E+04
   0.469500E+03   0.154487E+04   0.627597E+02   0.899896E+05   0.368797E+04
   0.469600E+03   0.154487E+04   0.627597E+02   0.899896E+05   0.368797E+04
   0.469700E+03   0.154487E+04   0.627597E+02   0.899896E+05   0.368797E+04
   0.469800E+03   0.154487E+04   0.627597E+02   0.899896E+05   0.368797E+04
   0.469900E+03   0.154487E+04   0.627597E+02   0.899896E+05   0.368797E+04
   0.470000E+03   0.154487E+04   0.627597E+02   0.899896E+05   0.368797E+04
   0.470100E+03   0.154487E+04   0.627597E+02   0.899896E+05   0.368797E+04
   0.470200E+03   0.154487E+04   0.627597E+02   0.899896E+05   0.368797E+04
   0.470300E+03   0.154487E+04   0.627597E+02   0.899896E+05   0.368797E+04
   0.470400E+03   0.154487E+04   0.627597E+02   0.899896E+05   0.368797E+04
   0.470500E+03   0.154487E+04   0.627597E+02   0.899896E+05   0.368797E+04
   0.470600E+03   0.154487E+04   0.627597E+02   0.899896E+05   0.368797E+04
   0.470700E+03   0.154487E+04   0.627597E+02   0.899896E+05   0.368797E+04
   0.470800E+03   0.154487E+04   0.627597E+02   0.899896E+05   0.368797E+04
   0.470900E+03   0.154487E+04   0.627597E+02   0.899896E+05   0.368797E+04
   0.471000E+03   0.154487E+04   0.627597E+02   0.899896E+05   0.368797E+04
   0.471100E+03   0.154487E+04   0.627597E+02   0.899896E+05   0.368797E+04
   0.471200E+03   0.154487E+04   0.627597E+02   0.899896E+05   0.368797E+04
   0.471300E+03   0.154487E+04   0.627597E+02   0.899896E+05   0.368797E+04
   0.471400E+03   0.154487E+04   0.627597E+02   0.899896E+05   0.368797E+04
   0.471500E+03   0.154487E+04   0.627597E+02   0.899896E+05   0.368797E+04
   0.471600E+03   0.154487E+04   0.627597E+02   0.899896E+05   0.368797E+04
   0.471700E+03   0.154487E+04   0.627597E+02   0.899896E+05   0.368797E+04
   0.471800E+03   0.154487E+04   0.627597E+02   0.899896E+05   0.368797E+04
   0.471900E+03   0.154487E+04   0.627597E+02   0.899896E+05   0.368797E+04
   0.472000E+03   0.154487E+04   0.627597E+02   0.899896E+05   0.368797E+04
   0.472100E+03   0.154487E+04   0.627597E+02   0.899896E+05   0.368797E+04
   0.472200E+03   0.154487E+04   0.627597E+02   0.899896E+05   0.368797E+04
   0.472300E+03   0.154487E+04   0.627597E+02   0.899896E+05   0.368797E+04
   0.472400E+03   0.154487E+04   0.627597E+02   0.899896E+05   0.368797E+04
   0.472500E+03   0.154487E+04   0.627597E+02   0.899896E+05   0.368797E+04
   0.472600E+03   0.154487E+04   0.627597E+02   0.899896E+05   0.368797E+04
   0.472700E+03   0.154487E+04   0.627597E+02   0.899896E+05   0.368797E+04
   0.472800E+03   0.154487E+04   0.627597E+02   0.899896E+05   0.368797E+04
   0.472900E+03   0.154487E+04   0.627597E+02   0.899896E+05   0.368797E+04
   0.473000E+03   0.154487E+04   0.627597E+02   0.899896E+05   0.368797E+04
   0.473100E+03   0.154487E+04   0.627597E+02   0.899896E+05   0.368797E+04
   0.473200E+03   0.154487E+04   0.627597E+02   0.899896E+05   0.368797E+04
   0.473300E+03   0.154487E+04   0.627597E+02   0.899896E+05   0.368797E+04
   0.473400E+03   0.154487E+04   0.627597E+02   0.899896E+05   0.368797E+04
   0.473500E+03   0.154487E+04   0.627597E+02   0.899896E+05   0.368797E+04
   0.473600E+03   0.154487E+04   0.627597E+02   0.899896E+05   0.368797E+04
   0.473700E+03   0.154487E+04   0.627597E+02   0.899896E+05   0.368797E+04
   0.473800E+03   0.154487E+04   0.627597E+02   0.899896E+05   0.368797E+04
   0.473900E+03   0.154487E+04   0.627597E+02   0.899896E+05   0.368797E+04
   0.474000E+03   0.154487E+04   0.627597E+02   0.899896E+05   0.368797E+04
   0.474100E+03   0.154487E+04   0.627597E+02   0.899896E+05   0.368797E+04
   0.474200E+03   0.154487E+04   0.627597E+02   0.899896E+05   0.368797E+04
   0.474300E+03   0.154487E+04   0.627597E+02   0.899896E+05   0.368797E+04
   0.474400E+03   0.154487E+04   0.627597E+02   0.899896E+05   0.368797E+04
   0.474500E+03   0.154487E+04   0.627597E+02   0.899896E+05   0.368797E+04
   0.474600E+03   0.154487E+04   0.627597E+02   0.899896E+05   0.368797E+04
   0.474700E+03   0.154487E+04   0.627597E+02   0.899896E+05   0.368797E+04
   0.474800E+03   0.154487E+04   0.627597E+02   0.899896E+05   0.368797E+04
   0.474900E+03   0.154487E+04   0.627597E+02   0.899896E+05   0.368797E+04
   0.475000E+03   0.154487E+04   0.627597E+02   0.899896E+05   0.368797E+04
   0.475100E+03   0.154487E+04   0.627597E+02   0.899896E+05   0.368797E+04
   0.475200E+03   0.154487E+04   0.627597E+02   0.899896E+05   0.368797E+04
   0.475300E+03   0.154487E+04   0.627597E+02   0.899896E+05   0.368797E+04
   0.475400E+03   0.154487E+04   0.627597E+02   0.899896E+05   0.368797E+04
   0.475500E+03   0.154487E+04   0.627597E+02   0.899896E+05   0.368797E+04
   0.475600E+03   0.154487E+04   0.627597E+02   0.899896E+05   0.368797E+04
   0.475700E+03   0.154487E+04   0.627597E+02   0.899896E+05   0.368797E+04
   0.475800E+03   0.154487E+04   0.627597E+02   0.899896E+05   0.368797E+04
   0.475900E+03   0.154487E+04   0.627597E+02   0.899896E+05   0.368797E+04
   0.476000E+03   0.154487E+04   0.627597E+02   0.899896E+05   0.368797E+04
   0.476100E+03   0.154487E+04   0.627597E+02   0.899896E+05   0.368797E+04
   0.476200E+03   0.154487E+04   0.627597E+02   0.899896E+05   0.368797E+04
   0.476300E+03   0.154487E+04   0.627597E+02   0.899896E+05   0.368797E+04
   0.476400E+03   0.154487E+04   0.627597E+02   0.899896E+05   0.368797E+04
   0.476500E+03   0.154487E+04   0.627597E+02   0.899896E+05   0.368797E+04
   0.476600E+03   0.154487E+04   0.627597E+02   0.899896E+05   0.368797E+04
   0.476700E+03   0.154487E+04   0.627597E+02   0.899896E+05   0.368797E+04
   0.476800E+03   0.154487E+04   0.627597E+02   0.899896E+05   0.368797E+04
   0.476900E+03   0.154487E+04   0.627597E+02   0.899896E+05   0.368797E+04
   0.477000E+03   0.154487E+04   0.627597E+02   0.899896E+05   0.368797E+04
   0.477100E+03   0.154487E+04   0.627597E+02   0.899896E+05   0.368797E+04
   0.477200E+03   0.154487E+04   0.627597E+02   0.899896E+05   0.368797E+04
   0.477300E+03   0.154487E+04   0.627597E+02   0.899896E+05   0.368797E+04
   0.477400E+03   0.154487E+04   0.627597E+02   0.899896E+05   0.368797E+04
   0.477500E+03   0.154487E+04   0.627597E+02   0.899896E+05   0.368797E+04
   0.477600E+03   0.154487E+04   0.627597E+02   0.899896E+05   0.368797E+04
   0.477700E+03   0.154487E+04   0.627597E+02   0.899896E+05   0.368797E+04
   0.477800E+03   0.154487E+04   0.627597E+02   0.899896E+05   0.368797E+04
   0.477900E+03   0.154487E+04   0.627597E+02   0.899896E+05   0.368797E+04
   0.478000E+03   0.154487E+04   0.627597E+02   0.899896E+05   0.368797E+04
   0.478100E+03   0.154487E+04   0.627597E+02   0.899896E+05   0.368797E+04
   0.478200E+03   0.154487E+04   0.627597E+02   0.899896E+05   0.368797E+04
   0.478300E+03   0.154487E+04   0.627597E+02   0.899896E+05   0.368797E+04
   0.478400E+03   0.154487E+04   0.627597E+02   0.899896E+05   0.368797E+04
   0.478500E+03   0.154487E+04   0.627597E+02   0.899896E+05   0.368797E+04
   0.478600E+03   0.154487E+04   0.627597E+02   0.899896E+05   0.368797E+04
   0.478700E+03   0.154487E+04   0.627597E+02   0.899896E+05   0.368797E+04
   0.478800E+03   0.154487E+04   0.627597E+02   0.899896E+05   0.368797E+04
   0.478900E+03   0.154487E+04   0.627597E+02   0.899896E+05   0.368797E+04
   0.479000E+03   0.154487E+04   0.627597E+02   0.899896E+05   0.368797E+04
   0.479100E+03   0.154487E+04   0.627597E+02   0.899896E+05   0.368797E+04
   0.479200E+03   0.154487E+04   0.627597E+02   0.899896E+05   0.368797E+04
   0.479300E+03   0.154487E+04   0.627597E+02   0.899896E+05   0.368797E+04
   0.479400E+03   0.154487E+04   0.627597E+02   0.899896E+05   0.368797E+04
   0.479500E+03   0.154487E+04   0.627597E+02   0.899896E+05   0.368797E+04
   0.479600E+03   0.154487E+04   0.627597E+02   0.899896E+05   0.368797E+04
   0.479700E+03   0.154487E+04   0.627597E+02   0.899896E+05   0.368797E+04
   0.479800E+03   0.154487E+04   0.627597E+02   0.899896E+05   0.368797E+04
   0.479900E+03   0.154487E+04   0.627597E+02   0.899896E+05   0.368797E+04
   0.480000E+03   0.154487E+04   0.627597E+02   0.899896E+05   0.368797E+04
   0.480100E+03   0.154487E+04   0.627597E+02   0.899896E+05   0.368797E+04
   0.480200E+03   0.154487E+04   0.627597E+02   0.899896E+05   0.368797E+04
   0.480300E+03   0.154487E+04   0.627597E+02   0.899896E+05   0.368797E+04
   0.480400E+03   0.154487E+04   0.627597E+02   0.899896E+05   0.368797E+04
   0.480500E+03   0.154487E+04   0.627597E+02   0.899896E+05   0.368797E+04
   0.480600E+03   0.154487E+04   0.627597E+02   0.899896E+05   0.368797E+04
   0.480700E+03   0.154487E+04   0.627597E+02   0.899896E+05   0.368797E+04
   0.480800E+03   0.154487E+04   0.627597E+02   0.899896E+05   0.368797E+04
   0.480900E+03   0.154487E+04   0.627597E+02   0.899896E+05   0.368797E+04
   0.481000E+03   0.154487E+04   0.627597E+02   0.899896E+05   0.368797E+04
   0.481100E+03   0.154487E+04   0.627597E+02   0.899896E+05   0.368797E+04
   0.481200E+03   0.154487E+04   0.627597E+02   0.899896E+05   0.368797E+04
   0.481300E+03   0.154487E+04   0.627597E+02   0.899896E+05   0.368797E+04
   0.481400E+03   0.154487E+04   0.627597E+02   0.899896E+05   0.368797E+04
   0.481500E+03   0.154487E+04   0.627597E+02   0.899896E+05   0.368797E+04
   0.481600E+03   0.154487E+04   0.627597E+02   0.899896E+05   0.368798E+04
   0.481700E+03   0.154487E+04   0.627597E+02   0.899896E+05   0.368798E+04
   0.481800E+03   0.154487E+04   0.627597E+02   0.899896E+05   0.368798E+04
   0.481900E+03   0.154487E+04   0.627597E+02   0.899896E+05   0.368798E+04
   0.482000E+03   0.154487E+04   0.627597E+02   0.899896E+05   0.368798E+04
   0.482100E+03   0.154487E+04   0.627597E+02   0.899896E+05   0.368798E+04
   0.482200E+03   0.154487E+04   0.627597E+02   0.899896E+05   0.368798E+04
   0.482300E+03   0.154487E+04   0.627597E+02   0.899896E+05   0.368798E+04
   0.482400E+03   0.154487E+04   0.627597E+02   0.899896E+05   0.368798E+04
   0.482500E+03   0.154487E+04   0.627597E+02   0.899896E+05   0.368798E+04
   0.482600E+03   0.154487E+04   0.627597E+02   0.899896E+05   0.368798E+04
   0.482700E+03   0.154487E+04   0.627597E+02   0.899896E+05   0.368798E+04
   0.482800E+03   0.154487E+04   0.627597E+02   0.899896E+05   0.368798E+04
   0.482900E+03   0.154487E+04   0.627597E+02   0.899896E+05   0.368798E+04
   0.483000E+03   0.154487E+04   0.627597E+02   0.899896E+05   0.368798E+04
   0.483100E+03   0.154487E+04   0.627597E+02   0.899896E+05   0.368798E+04
   0.483200E+03   0.154487E+04   0.627597E+02   0.899896E+05   0.368798E+04
   0.483300E+03   0.154487E+04   0.627597E+02   0.899896E+05   0.368798E+04
   0.483400E+03   0.154487E+04   0.627597E+02   0.899896E+05   0.368798E+04
   0.483500E+03   0.154487E+04   0.627597E+02   0.899896E+05   0.368798E+04
   0.483600E+03   0.154487E+04   0.627597E+02   0.899896E+05   0.368798E+04
   0.483700E+03   0.154487E+04   0.627597E+02   0.899896E+05   0.368798E+04
   0.483800E+03   0.154487E+04   0.627597E+02   0.899896E+05   0.368798E+04
   0.483900E+03   0.154487E+04   0.627597E+02   0.899896E+05   0.368798E+04
   0.484000E+03   0.154487E+04   0.627597E+02   0.899896E+05   0.368798E+04
   0.484100E+03   0.154487E+04   0.627597E+02   0.899896E+05   0.368798E+04
   0.484200E+03   0.154487E+04   0.627597E+02   0.899896E+05   0.368798E+04
   0.484300E+03   0.154487E+04   0.627597E+02   0.899896E+05   0.368798E+04
   0.484400E+03   0.154487E+04   0.627597E+02   0.899896E+05   0.368798E+04
   0.484500E+03   0.154487E+04   0.627597E+02   0.899896E+05   0.368798E+04
   0.484600E+03   0.154487E+04   0.627597E+02   0.899896E+05   0.368798E+04
   0.484700E+03   0.154487E+04   0.627597E+02   0.899896E+05   0.368798E+04
   0.484800E+03   0.154487E+04   0.627597E+02   0.899896E+05   0.368798E+04
   0.484900E+03   0.154487E+04   0.627597E+02   0.899896E+05   0.368798E+04
   0.485000E+03   0.154487E+04   0.627597E+02   0.899896E+05   0.368798E+04
   0.485100E+03   0.154487E+04   0.627597E+02   0.899896E+05   0.368798E+04
   0.485200E+03   0.154487E+04   0.627597E+02   0.899896E+05   0.368798E+04
   0.485300E+03   0.154487E+04   0.627597E+02   0.899896E+05   0.368798E+04
   0.485400E+03   0.154487E+04   0.627597E+02   0.899896E+05   0.368798E+04
   0.485500E+03   0.154487E+04   0.627597E+02   0.899896E+05   0.368798E+04
   0.485600E+03   0.154487E+04   0.627597E+02   0.899896E+05   0.368798E+04
   0.485700E+03   0.154487E+04   0.627597E+02   0.899896E+05   0.368798E+04
   0.485800E+03   0.154487E+04   0.627597E+02   0.899896E+05   0.368798E+04
   0.485900E+03   0.154487E+04   0.627597E+02   0.899896E+05   0.368798E+04
   0.486000E+03   0.154487E+04   0.627597E+02   0.899896E+05   0.368798E+04
   0.486100E+03   0.154487E+04   0.627597E+02   0.899896E+05   0.368798E+04
   0.486200E+03   0.154487E+04   0.627597E+02   0.899896E+05   0.368798E+04
   0.486300E+03   0.154487E+04   0.627597E+02   0.899896E+05   0.368798E+04
   0.486400E+03   0.154487E+04   0.627597E+02   0.899896E+05   0.368798E+04
   0.486500E+03   0.154487E+04   0.627597E+02   0.899896E+05   0.368798E+04
   0.486600E+03   0.154487E+04   0.627597E+02   0.899896E+05   0.368798E+04
   0.486700E+03   0.154487E+04   0.627597E+02   0.899896E+05   0.368798E+04
   0.486800E+03   0.154487E+04   0.627597E+02   0.899896E+05   0.368798E+04
   0.486900E+03   0.154487E+04   0.627597E+02   0.899896E+05   0.368798E+04
   0.487000E+03   0.154487E+04   0.627597E+02   0.899896E+05   0.368798E+04
   0.487100E+03   0.154487E+04   0.627597E+02   0.899896E+05   0.368798E+04
   0.487200E+03   0.154487E+04   0.627597E+02   0.899896E+05   0.368798E+04
   0.487300E+03   0.154487E+04   0.627597E+02   0.899896E+05   0.368798E+04
   0.487400E+03   0.154487E+04   0.627597E+02   0.899896E+05   0.368798E+04
   0.487500E+03   0.154487E+04   0.627597E+02   0.899896E+05   0.368798E+04
   0.487600E+03   0.154487E+04   0.627597E+02   0.899896E+05   0.368798E+04
   0.487700E+03   0.154487E+04   0.627597E+02   0.899896E+05   0.368798E+04
   0.487800E+03   0.154487E+04   0.627597E+02   0.899896E+05   0.368798E+04
   0.487900E+03   0.154487E+04   0.627597E+02   0.899896E+05   0.368798E+04
   0.488000E+03   0.154487E+04   0.627597E+02   0.899896E+05   0.368798E+04
   0.488100E+03   0.154487E+04   0.627597E+02   0.899896E+05   0.368798E+04
   0.488200E+03   0.154487E+04   0.627597E+02   0.899896E+05   0.368798E+04
   0.488300E+03   0.154487E+04   0.627597E+02   0.899896E+05   0.368798E+04
   0.488400E+03   0.154487E+04   0.627597E+02   0.899896E+05   0.368798E+04
   0.488500E+03   0.154487E+04   0.627597E+02   0.899896E+05   0.368798E+04
   0.488600E+03   0.154487E+04   0.627597E+02   0.899896E+05   0.368798E+04
   0.488700E+03   0.154487E+04   0.627597E+02   0.899896E+05   0.368798E+04
   0.488800E+03   0.154487E+04   0.627597E+02   0.899896E+05   0.368798E+04
   0.488900E+03   0.154487E+04   0.627597E+02   0.899896E+05   0.368798E+04
   0.489000E+03   0.154487E+04   0.627597E+02   0.899896E+05   0.368798E+04
   0.489100E+03   0.154487E+04   0.627597E+02   0.899896E+05   0.368798E+04
   0.489200E+03   0.154487E+04   0.627597E+02   0.899896E+05   0.368798E+04
   0.489300E+03   0.154487E+04   0.627597E+02   0.899896E+05   0.368798E+04
   0.489400E+03   0.154487E+04   0.627597E+02   0.899896E+05   0.368798E+04
   0.489500E+03   0.154487E+04   0.627597E+02   0.899896E+05   0.368798E+04
   0.489600E+03   0.154487E+04   0.627597E+02   0.899896E+05   0.368798E+04
   0.489700E+03   0.154487E+04   0.627597E+02   0.899896E+05   0.368798E+04
   0.489800E+03   0.154487E+04   0.627597E+02   0.899896E+05   0.368798E+04
   0.489900E+03   0.154487E+04   0.627597E+02   0.899896E+05   0.368798E+04
   0.490000E+03   0.154487E+04   0.627597E+02   0.899896E+05   0.368798E+04
   0.490100E+03   0.154487E+04   0.627597E+02   0.899896E+05   0.368798E+04
   0.490200E+03   0.154487E+04   0.627597E+02   0.899896E+05   0.368798E+04
   0.490300E+03   0.154487E+04   0.627597E+02   0.899896E+05   0.368798E+04
   0.490400E+03   0.154487E+04   0.627597E+02   0.899896E+05   0.368798E+04
   0.490500E+03   0.154487E+04   0.627597E+02   0.899896E+05   0.368798E+04
   0.490600E+03   0.154487E+04   0.627597E+02   0.899896E+05   0.368798E+04
   0.490700E+03   0.154487E+04   0.627597E+02   0.899896E+05   0.368798E+04
   0.490800E+03   0.154487E+04   0.627597E+02   0.899896E+05   0.368798E+04
   0.490900E+03   0.154487E+04   0.627597E+02   0.899896E+05   0.368798E+04
   0.491000E+03   0.154487E+04   0.627597E+02   0.899896E+05   0.368798E+04
   0.491100E+03   0.154487E+04   0.627597E+02   0.899896E+05   0.368798E+04
   0.491200E+03   0.154487E+04   0.627597E+02   0.899896E+05   0.368798E+04
   0.491300E+03   0.154487E+04   0.627597E+02   0.899896E+05   0.368798E+04
   0.491400E+03   0.154487E+04   0.627597E+02   0.899896E+05   0.368798E+04
   0.491500E+03   0.154487E+04   0.627597E+02   0.899896E+05   0.368798E+04
   0.491600E+03   0.154487E+04   0.627597E+02   0.899896E+05   0.368798E+04
   0.491700E+03   0.154487E+04   0.627597E+02   0.899896E+05   0.368798E+04
   0.491800E+03   0.154487E+04   0.627597E+02   0.899896E+05   0.368798E+04
   0.491900E+03   0.154487E+04   0.627597E+02   0.899896E+05   0.368798E+04
   0.492000E+03   0.154487E+04   0.627597E+02   0.899896E+05   0.368798E+04
   0.492100E+03   0.154487E+04   0.627597E+02   0.899896E+05   0.368798E+04
   0.492200E+03   0.154487E+04   0.627597E+02   0.899896E+05   0.368798E+04
   0.492300E+03   0.154487E+04   0.627597E+02   0.899896E+05   0.368798E+04
   0.492400E+03   0.154487E+04   0.627597E+02   0.899896E+05   0.368798E+04
   0.492500E+03   0.154487E+04   0.627597E+02   0.899896E+05   0.368798E+04
   0.492600E+03   0.154487E+04   0.627597E+02   0.899896E+05   0.368798E+04
   0.492700E+03   0.154487E+04   0.627597E+02   0.899896E+05   0.368798E+04
   0.492800E+03   0.154487E+04   0.627597E+02   0.899896E+05   0.368798E+04
   0.492900E+03   0.154487E+04   0.627597E+02   0.899896E+05   0.368798E+04
   0.493000E+03   0.154487E+04   0.627597E+02   0.899896E+05   0.368798E+04
   0.493100E+03   0.154487E+04   0.627597E+02   0.899896E+05   0.368798E+04
   0.493200E+03   0.154487E+04   0.627597E+02   0.899896E+05   0.368798E+04
   0.493300E+03   0.154487E+04   0.627597E+02   0.899896E+05   0.368798E+04
   0.493400E+03   0.154487E+04   0.627597E+02   0.899896E+05   0.368798E+04
   0.493500E+03   0.154487E+04   0.627597E+02   0.899896E+05   0.368798E+04
   0.493600E+03   0.154487E+04   0.627597E+02   0.899896E+05   0.368798E+04
   0.493700E+03   0.154487E+04   0.627597E+02   0.899896E+05   0.368798E+04
   0.493800E+03   0.154487E+04   0.627597E+02   0.899896E+05   0.368798E+04
   0.493900E+03   0.154487E+04   0.627597E+02   0.899896E+05   0.368798E+04
   0.494000E+03   0.154487E+04   0.627597E+02   0.899896E+05   0.368798E+04
   0.494100E+03   0.154487E+04   0.627597E+02   0.899896E+05   0.368798E+04
   0.494200E+03   0.154487E+04   0.627597E+02   0.899896E+05   0.368798E+04
   0.494300E+03   0.154487E+04   0.627597E+02   0.899896E+05   0.368798E+04
   0.494400E+03   0.154487E+04   0.627597E+02   0.899896E+05   0.368798E+04
   0.494500E+03   0.154487E+04   0.627597E+02   0.899896E+05   0.368798E+04
   0.494600E+03   0.154487E+04   0.627597E+02   0.899896E+05   0.368798E+04
   0.494700E+03   0.154487E+04   0.627597E+02   0.899896E+05   0.368798E+04
   0.494800E+03   0.154487E+04   0.627597E+02   0.899896E+05   0.368798E+04
   0.494900E+03   0.154487E+04   0.627597E+02   0.899896E+05   0.368798E+04
   0.495000E+03   0.154487E+04   0.627597E+02   0.899896E+05   0.368798E+04
   0.495100E+03   0.154487E+04   0.627597E+02   0.899896E+05   0.368798E+04
   0.495200E+03   0.154487E+04   0.627597E+02   0.899896E+05   0.368798E+04
   0.495300E+03   0.154487E+04   0.627597E+02   0.899896E+05   0.368798E+04
   0.495400E+03   0.154487E+04   0.627597E+02   0.899896E+05   0.368798E+04
   0.495500E+03   0.154487E+04   0.627597E+02   0.899896E+05   0.368798E+04
   0.495600E+03   0.154487E+04   0.627597E+02   0.899896E+05   0.368798E+04
   0.495700E+03   0.154487E+04   0.627597E+02   0.899896E+05   0.368798E+04
   0.495800E+03   0.154487E+04   0.627597E+02   0.899896E+05   0.368798E+04
   0.495900E+03   0.154487E+04   0.627597E+02   0.899896E+05   0.368798E+04
   0.496000E+03   0.154487E+04   0.627597E+02   0.899896E+05   0.368798E+04
   0.496100E+03   0.154487E+04   0.627597E+02   0.899896E+05   0.368798E+04
   0.496200E+03   0.154487E+04   0.627597E+02   0.899896E+05   0.368798E+04
   0.496300E+03   0.154487E+04   0.627597E+02   0.899896E+05   0.368798E+04
   0.496400E+03   0.154487E+04   0.627597E+02   0.899896E+05   0.368798E+04
   0.496500E+03   0.154487E+04   0.627597E+02   0.899896E+05   0.368798E+04
   0.496600E+03   0.154487E+04   0.627597E+02   0.899896E+05   0.368798E+04
   0.496700E+03   0.154487E+04   0.627597E+02   0.899896E+05   0.368798E+04
   0.496800E+03   0.154487E+04   0.627597E+02   0.899896E+05   0.368798E+04
   0.496900E+03   0.154487E+04   0.627597E+02   0.899896E+05   0.368798E+04
   0.497000E+03   0.154487E+04   0.627597E+02   0.899896E+05   0.368798E+04
   0.497100E+03   0.154487E+04   0.627597E+02   0.899896E+05   0.368798E+04
   0.497200E+03   0.154487E+04   0.627597E+02   0.899896E+05   0.368798E+04
   0.497300E+03   0.154487E+04   0.627597E+02   0.899896E+05   0.368798E+04
   0.497400E+03   0.154487E+04   0.627597E+02   0.899896E+05   0.368798E+04
   0.497500E+03   0.154487E+04   0.627597E+02   0.899896E+05   0.368798E+04
   0.497600E+03   0.154487E+04   0.627597E+02   0.899896E+05   0.368798E+04
   0.497700E+03   0.154487E+04   0.627597E+02   0.899896E+05   0.368798E+04
   0.497800E+03   0.154487E+04   0.627597E+02   0.899896E+05   0.368798E+04
   0.497900E+03   0.154487E+04   0.627597E+02   0.899896E+05   0.368798E+04
   0.498000E+03   0.154487E+04   0.627597E+02   0.899896E+05   0.368798E+04
   0.498100E+03   0.154487E+04   0.627597E+02   0.899896E+05   0.368798E+04
   0.498200E+03   0.154487E+04   0.627597E+02   0.899896E+05   0.368798E+04
   0.498300E+03   0.154487E+04   0.627597E+02   0.899896E+05   0.368798E+04
   0.498400E+03   0.154487E+04   0.627597E+02   0.899896E+05   0.368798E+04
   0.498500E+03   0.154487E+04   0.627597E+02   0.899896E+05   0.368798E+04
   0.498600E+03   0.154487E+04   0.627597E+02   0.899896E+05   0.368798E+04
   0.498700E+03   0.154487E+04   0.627597E+02   0.899896E+05   0.368798E+04
   0.498800E+03   0.154487E+04   0.627597E+02   0.899896E+05   0.368798E+04
   0.498900E+03   0.154487E+04   0.627597E+02   0.899896E+05   0.368798E+04
   0.499000E+03   0.154487E+04   0.627597E+02   0.899896E+05   0.368798E+04
   0.499100E+03   0.154487E+04   0.627597E+02   0.899896E+05   0.368798E+04
   0.499200E+03   0.154487E+04   0.627597E+02   0.899896E+05   0.368798E+04
   0.499300E+03   0.154487E+04   0.627597E+02   0.899896E+05   0.368798E+04
   0.499400E+03   0.154487E+04   0.627597E+02   0.899896E+05   0.368798E+04
   0.499500E+03   0.154487E+04   0.627597E+02   0.899896E+05   0.368798E+04
   0.499600E+03   0.154487E+04   0.627597E+02   0.899896E+05   0.368798E+04
   0.499700E+03   0.154487E+04   0.627597E+02   0.899896E+05   0.368798E+04
   0.499800E+03   0.154487E+04   0.627597E+02   0.899896E+05   0.368798E+04
   0.499900E+03   0.154487E+04   0.627597E+02   0.899896E+05   0.368798E+04
