   0.000000E+00   0.648497E-04   0.439866E-07   0.851130E-02   0.372695E-07
   0.100000E+00   0.647608E-04   0.133960E-06   0.844884E-02   0.153561E-06
   0.200000E+00   0.646310E-04   0.255309E-06   0.838716E-02   0.381451E-06
   0.300000E+00   0.644686E-04   0.397265E-06   0.832625E-02   0.734044E-06
   0.400000E+00   0.642817E-04   0.555152E-06   0.826607E-02   0.122395E-05
   0.500000E+00   0.640778E-04   0.725247E-06   0.820658E-02   0.185753E-05
   0.600000E+00   0.638647E-04   0.901901E-06   0.814778E-02   0.263450E-05
   0.700000E+00   0.636479E-04   0.107853E-05   0.808965E-02   0.355449E-05
   0.800000E+00   0.634314E-04   0.125012E-05   0.803216E-02   0.461309E-05
   0.900000E+00   0.632162E-04   0.141393E-05   0.797532E-02   0.580730E-05
   0.100000E+01   0.630023E-04   0.156857E-05   0.791910E-02   0.712565E-05
   0.110000E+01   0.627894E-04   0.171402E-05   0.786351E-02   0.856945E-05
   0.120000E+01   0.625784E-04   0.185119E-05   0.780852E-02   0.101281E-04
   0.130000E+01   0.623763E-04   0.198209E-05   0.775413E-02   0.118014E-04
   0.140000E+01   0.622094E-04   0.211225E-05   0.770035E-02   0.135814E-04
   0.150000E+01   0.621610E-04   0.226088E-05   0.764724E-02   0.154717E-04
   0.160000E+01   0.624831E-04   0.250219E-05   0.759499E-02   0.175030E-04
   0.170000E+01   0.638843E-04   0.311682E-05   0.754416E-02   0.197785E-04
   0.180000E+01   0.682542E-04   0.507088E-05   0.749631E-02   0.226635E-04
   0.190000E+01   0.803594E-04   0.108561E-04   0.745548E-02   0.274547E-04
   0.200000E+01   0.111596E-03   0.260240E-04   0.743161E-02   0.385533E-04
   0.210000E+01   0.187917E-03   0.630299E-04   0.744805E-02   0.681176E-04
   0.220000E+01   0.365732E-03   0.148997E-03   0.755711E-02   0.142483E-03
   0.230000E+01   0.762205E-03   0.340255E-03   0.787118E-02   0.315458E-03
   0.240000E+01   0.161043E-02   0.748625E-03   0.862177E-02   0.697123E-03
   0.250000E+01   0.335503E-02   0.158709E-02   0.102672E-01   0.150570E-02
   0.260000E+01   0.681020E-02   0.324454E-02   0.136803E-01   0.315674E-02
   0.270000E+01   0.134087E-01   0.640324E-02   0.204624E-01   0.641149E-02
   0.280000E+01   0.255762E-01   0.122135E-01   0.334460E-01   0.126131E-01
   0.290000E+01   0.472675E-01   0.225419E-01   0.574689E-01   0.240482E-01
   0.300000E+01   0.846982E-01   0.403048E-01   0.100517E+00   0.444753E-01
   0.310000E+01   0.147290E+00   0.698930E-01   0.175344E+00   0.798663E-01
   0.320000E+01   0.248829E+00   0.117689E+00   0.301674E+00   0.139405E+00
   0.330000E+01   0.408811E+00   0.192671E+00   0.509080E+00   0.236793E+00
   0.340000E+01   0.653878E+00   0.307053E+00   0.840589E+00   0.391867E+00
   0.350000E+01   0.101923E+01   0.476921E+00   0.135700E+01   0.632546E+00
   0.360000E+01   0.154983E+01   0.722769E+00   0.214179E+01   0.997029E+00
   0.370000E+01   0.230117E+01   0.106983E+01   0.330643E+01   0.153618E+01
   0.380000E+01   0.333939E+01   0.154811E+01   0.499576E+01   0.231588E+01
   0.390000E+01   0.474054E+01   0.219198E+01   0.739297E+01   0.341927E+01
   0.400000E+01   0.658893E+01   0.303939E+01   0.107237E+02   0.494843E+01
   0.410000E+01   0.897425E+01   0.413051E+01   0.152589E+02   0.702554E+01
   0.420000E+01   0.119880E+02   0.550601E+01   0.213156E+02   0.979304E+01
   0.430000E+01   0.157187E+02   0.720486E+01   0.292554E+02   0.134127E+02
   0.440000E+01   0.202476E+02   0.926221E+01   0.394809E+02   0.180638E+02
   0.450000E+01   0.256430E+02   0.117072E+02   0.524290E+02   0.239400E+02
   0.460000E+01   0.319568E+02   0.145614E+02   0.685627E+02   0.312452E+02
   0.470000E+01   0.392202E+02   0.178375E+02   0.883607E+02   0.401898E+02
   0.480000E+01   0.474410E+02   0.215372E+02   0.112305E+03   0.509848E+02
   0.490000E+01   0.566017E+02   0.256505E+02   0.140870E+03   0.638355E+02
   0.500000E+01   0.666604E+02   0.301556E+02   0.174506E+03   0.789356E+02
   0.510000E+01   0.775520E+02   0.350206E+02   0.213631E+03   0.964622E+02
   0.520000E+01   0.891920E+02   0.402046E+02   0.258619E+03   0.116571E+03
   0.530000E+01   0.101480E+03   0.456593E+02   0.309790E+03   0.139391E+03
   0.540000E+01   0.114304E+03   0.513311E+02   0.367408E+03   0.165026E+03
   0.550000E+01   0.127546E+03   0.571637E+02   0.431674E+03   0.193547E+03
   0.560000E+01   0.141086E+03   0.631000E+02   0.502724E+03   0.224997E+03
   0.570000E+01   0.154808E+03   0.690841E+02   0.580634E+03   0.259389E+03
   0.580000E+01   0.168601E+03   0.750629E+02   0.665420E+03   0.296702E+03
   0.590000E+01   0.182365E+03   0.809880E+02   0.757046E+03   0.336899E+03
   0.600000E+01   0.196011E+03   0.868161E+02   0.855422E+03   0.379910E+03
   0.610000E+01   0.209463E+03   0.925089E+02   0.960423E+03   0.425652E+03
   0.620000E+01   0.222656E+03   0.980349E+02   0.107188E+04   0.474018E+03
   0.630000E+01   0.235543E+03   0.103368E+03   0.118961E+04   0.524889E+03
   0.640000E+01   0.248086E+03   0.108489E+03   0.131340E+04   0.578138E+03
   0.650000E+01   0.260258E+03   0.113382E+03   0.144301E+04   0.633623E+03
   0.660000E+01   0.272045E+03   0.118040E+03   0.157821E+04   0.691202E+03
   0.670000E+01   0.283441E+03   0.122458E+03   0.171877E+04   0.750733E+03
   0.680000E+01   0.294449E+03   0.126635E+03   0.186443E+04   0.812066E+03
   0.690000E+01   0.305077E+03   0.130577E+03   0.201496E+04   0.875059E+03
   0.700000E+01   0.315340E+03   0.134290E+03   0.217015E+04   0.939576E+03
   0.710000E+01   0.325257E+03   0.137783E+03   0.232976E+04   0.100548E+04
   0.720000E+01   0.334846E+03   0.141067E+03   0.249360E+04   0.107265E+04
   0.730000E+01   0.344130E+03   0.144155E+03   0.266146E+04   0.114095E+04
   0.740000E+01   0.353128E+03   0.147058E+03   0.283316E+04   0.121029E+04
   0.750000E+01   0.361862E+03   0.149789E+03   0.300853E+04   0.128054E+04
   0.760000E+01   0.370349E+03   0.152357E+03   0.318741E+04   0.135162E+04
   0.770000E+01   0.378605E+03   0.154775E+03   0.336962E+04   0.142341E+04
   0.780000E+01   0.386645E+03   0.157050E+03   0.355503E+04   0.149584E+04
   0.790000E+01   0.394478E+03   0.159190E+03   0.374347E+04   0.156881E+04
   0.800000E+01   0.402114E+03   0.161203E+03   0.393481E+04   0.164223E+04
   0.810000E+01   0.409561E+03   0.163093E+03   0.412891E+04   0.171602E+04
   0.820000E+01   0.416824E+03   0.164867E+03   0.432561E+04   0.179011E+04
   0.830000E+01   0.423911E+03   0.166529E+03   0.452480E+04   0.186441E+04
   0.840000E+01   0.430827E+03   0.168084E+03   0.472632E+04   0.193886E+04
   0.850000E+01   0.437580E+03   0.169540E+03   0.493007E+04   0.201338E+04
   0.860000E+01   0.444178E+03   0.170901E+03   0.513591E+04   0.208790E+04
   0.870000E+01   0.450632E+03   0.172176E+03   0.534373E+04   0.216239E+04
   0.880000E+01   0.456954E+03   0.173372E+03   0.555344E+04   0.223677E+04
   0.890000E+01   0.463157E+03   0.174499E+03   0.576493E+04   0.231100E+04
   0.900000E+01   0.469255E+03   0.175567E+03   0.597815E+04   0.238507E+04
   0.910000E+01   0.475265E+03   0.176587E+03   0.619301E+04   0.245894E+04
   0.920000E+01   0.481204E+03   0.177569E+03   0.640948E+04   0.253260E+04
   0.930000E+01   0.487089E+03   0.178524E+03   0.662751E+04   0.260602E+04
   0.940000E+01   0.492936E+03   0.179464E+03   0.684711E+04   0.267926E+04
   0.950000E+01   0.498761E+03   0.180398E+03   0.706824E+04   0.275227E+04
   0.960000E+01   0.504580E+03   0.181338E+03   0.729093E+04   0.282513E+04
   0.970000E+01   0.510405E+03   0.182290E+03   0.751517E+04   0.289782E+04
   0.980000E+01   0.516249E+03   0.183262E+03   0.774102E+04   0.297040E+04
   0.990000E+01   0.522118E+03   0.184261E+03   0.796848E+04   0.304290E+04
   0.100000E+02   0.528020E+03   0.185289E+03   0.819761E+04   0.311537E+04
   0.101000E+02   0.533958E+03   0.186351E+03   0.842843E+04   0.318785E+04
   0.102000E+02   0.539932E+03   0.187445E+03   0.866097E+04   0.326035E+04
   0.103000E+02   0.545943E+03   0.188571E+03   0.889527E+04   0.333292E+04
   0.104000E+02   0.551984E+03   0.189726E+03   0.913134E+04   0.340561E+04
   0.105000E+02   0.558051E+03   0.190907E+03   0.936923E+04   0.347846E+04
   0.106000E+02   0.564135E+03   0.192109E+03   0.960891E+04   0.355145E+04
   0.107000E+02   0.570227E+03   0.193325E+03   0.985039E+04   0.362462E+04
   0.108000E+02   0.576316E+03   0.194546E+03   0.100937E+05   0.369797E+04
   0.109000E+02   0.582393E+03   0.195771E+03   0.103387E+05   0.377147E+04
   0.110000E+02   0.588446E+03   0.196989E+03   0.105854E+05   0.384518E+04
   0.111000E+02   0.594463E+03   0.198191E+03   0.108338E+05   0.391902E+04
   0.112000E+02   0.600434E+03   0.199373E+03   0.110837E+05   0.399299E+04
   0.113000E+02   0.606351E+03   0.200529E+03   0.113352E+05   0.406707E+04
   0.114000E+02   0.612204E+03   0.201650E+03   0.115882E+05   0.414121E+04
   0.115000E+02   0.617987E+03   0.202736E+03   0.118425E+05   0.421537E+04
   0.116000E+02   0.623693E+03   0.203780E+03   0.120981E+05   0.428953E+04
   0.117000E+02   0.629319E+03   0.204779E+03   0.123549E+05   0.436360E+04
   0.118000E+02   0.634862E+03   0.205734E+03   0.126127E+05   0.443757E+04
   0.119000E+02   0.640319E+03   0.206641E+03   0.128716E+05   0.451141E+04
   0.120000E+02   0.645692E+03   0.207502E+03   0.131313E+05   0.458501E+04
   0.121000E+02   0.650980E+03   0.208315E+03   0.133918E+05   0.465840E+04
   0.122000E+02   0.656188E+03   0.209086E+03   0.136531E+05   0.473150E+04
   0.123000E+02   0.661316E+03   0.209813E+03   0.139149E+05   0.480429E+04
   0.124000E+02   0.666371E+03   0.210502E+03   0.141774E+05   0.487671E+04
   0.125000E+02   0.671353E+03   0.211150E+03   0.144403E+05   0.494875E+04
   0.126000E+02   0.676271E+03   0.211767E+03   0.147036E+05   0.502037E+04
   0.127000E+02   0.681126E+03   0.212350E+03   0.149672E+05   0.509154E+04
   0.128000E+02   0.685926E+03   0.212908E+03   0.152312E+05   0.516227E+04
   0.129000E+02   0.690674E+03   0.213441E+03   0.154954E+05   0.523252E+04
   0.130000E+02   0.695374E+03   0.213950E+03   0.157597E+05   0.530230E+04
   0.131000E+02   0.700030E+03   0.214438E+03   0.160243E+05   0.537156E+04
   0.132000E+02   0.704649E+03   0.214913E+03   0.162890E+05   0.544032E+04
   0.133000E+02   0.709232E+03   0.215371E+03   0.165538E+05   0.550857E+04
   0.134000E+02   0.713782E+03   0.215819E+03   0.168186E+05   0.557633E+04
   0.135000E+02   0.718304E+03   0.216255E+03   0.170835E+05   0.564355E+04
   0.136000E+02   0.722798E+03   0.216682E+03   0.173484E+05   0.571028E+04
   0.137000E+02   0.727269E+03   0.217102E+03   0.176134E+05   0.577652E+04
   0.138000E+02   0.731717E+03   0.217513E+03   0.178784E+05   0.584222E+04
   0.139000E+02   0.736144E+03   0.217922E+03   0.181433E+05   0.590743E+04
   0.140000E+02   0.740552E+03   0.218326E+03   0.184082E+05   0.597216E+04
   0.141000E+02   0.744940E+03   0.218723E+03   0.186731E+05   0.603641E+04
   0.142000E+02   0.749311E+03   0.219117E+03   0.189379E+05   0.610017E+04
   0.143000E+02   0.753666E+03   0.219510E+03   0.192027E+05   0.616345E+04
   0.144000E+02   0.758005E+03   0.219899E+03   0.194673E+05   0.622625E+04
   0.145000E+02   0.762327E+03   0.220284E+03   0.197320E+05   0.628856E+04
   0.146000E+02   0.766634E+03   0.220666E+03   0.199965E+05   0.635045E+04
   0.147000E+02   0.770927E+03   0.221047E+03   0.202610E+05   0.641188E+04
   0.148000E+02   0.775202E+03   0.221422E+03   0.205253E+05   0.647285E+04
   0.149000E+02   0.779465E+03   0.221798E+03   0.207895E+05   0.653337E+04
   0.150000E+02   0.783714E+03   0.222171E+03   0.210537E+05   0.659347E+04
   0.151000E+02   0.787947E+03   0.222541E+03   0.213177E+05   0.665314E+04
   0.152000E+02   0.792166E+03   0.222909E+03   0.215816E+05   0.671236E+04
   0.153000E+02   0.796371E+03   0.223275E+03   0.218453E+05   0.677120E+04
   0.154000E+02   0.800562E+03   0.223638E+03   0.221090E+05   0.682955E+04
   0.155000E+02   0.804739E+03   0.224000E+03   0.223724E+05   0.688755E+04
   0.156000E+02   0.808901E+03   0.224357E+03   0.226357E+05   0.694513E+04
   0.157000E+02   0.813051E+03   0.224715E+03   0.228988E+05   0.700228E+04
   0.158000E+02   0.817185E+03   0.225067E+03   0.231618E+05   0.705904E+04
   0.159000E+02   0.821305E+03   0.225419E+03   0.234246E+05   0.711541E+04
   0.160000E+02   0.825413E+03   0.225769E+03   0.236872E+05   0.717138E+04
   0.161000E+02   0.829505E+03   0.226114E+03   0.239496E+05   0.722697E+04
   0.162000E+02   0.833585E+03   0.226460E+03   0.242118E+05   0.728215E+04
   0.163000E+02   0.837651E+03   0.226802E+03   0.244738E+05   0.733697E+04
   0.164000E+02   0.841703E+03   0.227141E+03   0.247356E+05   0.739139E+04
   0.165000E+02   0.845742E+03   0.227480E+03   0.249972E+05   0.744546E+04
   0.166000E+02   0.849766E+03   0.227814E+03   0.252585E+05   0.749916E+04
   0.167000E+02   0.853779E+03   0.228149E+03   0.255196E+05   0.755246E+04
   0.168000E+02   0.857776E+03   0.228478E+03   0.257805E+05   0.760542E+04
   0.169000E+02   0.861760E+03   0.228807E+03   0.260411E+05   0.765801E+04
   0.170000E+02   0.865732E+03   0.229133E+03   0.263015E+05   0.771026E+04
   0.171000E+02   0.869690E+03   0.229457E+03   0.265616E+05   0.776211E+04
   0.172000E+02   0.873636E+03   0.229780E+03   0.268214E+05   0.781364E+04
   0.173000E+02   0.877568E+03   0.230100E+03   0.270810E+05   0.786481E+04
   0.174000E+02   0.881487E+03   0.230417E+03   0.273402E+05   0.791565E+04
   0.175000E+02   0.885392E+03   0.230730E+03   0.275992E+05   0.796610E+04
   0.176000E+02   0.889286E+03   0.231046E+03   0.278580E+05   0.801625E+04
   0.177000E+02   0.893165E+03   0.231355E+03   0.281164E+05   0.806603E+04
   0.178000E+02   0.897032E+03   0.231663E+03   0.283745E+05   0.811549E+04
   0.179000E+02   0.900888E+03   0.231972E+03   0.286323E+05   0.816461E+04
   0.180000E+02   0.904729E+03   0.232274E+03   0.288898E+05   0.821341E+04
   0.181000E+02   0.908558E+03   0.232578E+03   0.291469E+05   0.826187E+04
   0.182000E+02   0.912374E+03   0.232877E+03   0.294038E+05   0.831000E+04
   0.183000E+02   0.916180E+03   0.233176E+03   0.296603E+05   0.835782E+04
   0.184000E+02   0.919970E+03   0.233471E+03   0.299165E+05   0.840528E+04
   0.185000E+02   0.923750E+03   0.233766E+03   0.301724E+05   0.845245E+04
   0.186000E+02   0.927516E+03   0.234057E+03   0.304279E+05   0.849931E+04
   0.187000E+02   0.931270E+03   0.234346E+03   0.306831E+05   0.854584E+04
   0.188000E+02   0.935013E+03   0.234635E+03   0.309379E+05   0.859204E+04
   0.189000E+02   0.938743E+03   0.234922E+03   0.311924E+05   0.863796E+04
   0.190000E+02   0.942459E+03   0.235203E+03   0.314465E+05   0.868354E+04
   0.191000E+02   0.946165E+03   0.235485E+03   0.317002E+05   0.872885E+04
   0.192000E+02   0.949858E+03   0.235765E+03   0.319536E+05   0.877382E+04
   0.193000E+02   0.953540E+03   0.236044E+03   0.322066E+05   0.881852E+04
   0.194000E+02   0.957209E+03   0.236318E+03   0.324592E+05   0.886291E+04
   0.195000E+02   0.960865E+03   0.236591E+03   0.327115E+05   0.890699E+04
   0.196000E+02   0.964511E+03   0.236865E+03   0.329634E+05   0.895080E+04
   0.197000E+02   0.968145E+03   0.237136E+03   0.332148E+05   0.899428E+04
   0.198000E+02   0.971765E+03   0.237403E+03   0.334659E+05   0.903749E+04
   0.199000E+02   0.975374E+03   0.237668E+03   0.337166E+05   0.908041E+04
   0.200000E+02   0.978972E+03   0.237933E+03   0.339669E+05   0.912303E+04
   0.201000E+02   0.982556E+03   0.238194E+03   0.342168E+05   0.916538E+04
   0.202000E+02   0.986129E+03   0.238454E+03   0.344663E+05   0.920746E+04
   0.203000E+02   0.989692E+03   0.238713E+03   0.347154E+05   0.924925E+04
   0.204000E+02   0.993243E+03   0.238969E+03   0.349641E+05   0.929074E+04
   0.205000E+02   0.996781E+03   0.239222E+03   0.352123E+05   0.933196E+04
   0.206000E+02   0.100031E+04   0.239474E+03   0.354602E+05   0.937293E+04
   0.207000E+02   0.100382E+04   0.239726E+03   0.357076E+05   0.941360E+04
   0.208000E+02   0.100732E+04   0.239972E+03   0.359546E+05   0.945399E+04
   0.209000E+02   0.101082E+04   0.240220E+03   0.362012E+05   0.949415E+04
   0.210000E+02   0.101430E+04   0.240464E+03   0.364473E+05   0.953402E+04
   0.211000E+02   0.101777E+04   0.240707E+03   0.366930E+05   0.957362E+04
   0.212000E+02   0.102123E+04   0.240949E+03   0.369383E+05   0.961296E+04
   0.213000E+02   0.102467E+04   0.241189E+03   0.371831E+05   0.965205E+04
   0.214000E+02   0.102811E+04   0.241425E+03   0.374275E+05   0.969088E+04
   0.215000E+02   0.103153E+04   0.241660E+03   0.376715E+05   0.972942E+04
   0.216000E+02   0.103494E+04   0.241894E+03   0.379150E+05   0.976773E+04
   0.217000E+02   0.103834E+04   0.242126E+03   0.381580E+05   0.980580E+04
   0.218000E+02   0.104173E+04   0.242355E+03   0.384006E+05   0.984361E+04
   0.219000E+02   0.104511E+04   0.242583E+03   0.386428E+05   0.988115E+04
   0.220000E+02   0.104847E+04   0.242809E+03   0.388845E+05   0.991846E+04
   0.221000E+02   0.105183E+04   0.243034E+03   0.391257E+05   0.995551E+04
   0.222000E+02   0.105517E+04   0.243259E+03   0.393665E+05   0.999233E+04
   0.223000E+02   0.105851E+04   0.243477E+03   0.396068E+05   0.100289E+05
   0.224000E+02   0.106183E+04   0.243698E+03   0.398467E+05   0.100652E+05
   0.225000E+02   0.106514E+04   0.243917E+03   0.400861E+05   0.101013E+05
   0.226000E+02   0.106844E+04   0.244131E+03   0.403250E+05   0.101372E+05
   0.227000E+02   0.107173E+04   0.244346E+03   0.405634E+05   0.101728E+05
   0.228000E+02   0.107501E+04   0.244560E+03   0.408014E+05   0.102082E+05
   0.229000E+02   0.107827E+04   0.244770E+03   0.410389E+05   0.102433E+05
   0.230000E+02   0.108153E+04   0.244981E+03   0.412759E+05   0.102782E+05
   0.231000E+02   0.108477E+04   0.245188E+03   0.415124E+05   0.103130E+05
   0.232000E+02   0.108801E+04   0.245395E+03   0.417485E+05   0.103474E+05
   0.233000E+02   0.109123E+04   0.245599E+03   0.419841E+05   0.103817E+05
   0.234000E+02   0.109444E+04   0.245801E+03   0.422192E+05   0.104157E+05
   0.235000E+02   0.109764E+04   0.246004E+03   0.424538E+05   0.104495E+05
   0.236000E+02   0.110084E+04   0.246206E+03   0.426879E+05   0.104831E+05
   0.237000E+02   0.110401E+04   0.246402E+03   0.429215E+05   0.105164E+05
   0.238000E+02   0.110718E+04   0.246601E+03   0.431546E+05   0.105496E+05
   0.239000E+02   0.111034E+04   0.246795E+03   0.433873E+05   0.105825E+05
   0.240000E+02   0.111349E+04   0.246990E+03   0.436194E+05   0.106152E+05
   0.241000E+02   0.111663E+04   0.247184E+03   0.438511E+05   0.106477E+05
   0.242000E+02   0.111975E+04   0.247375E+03   0.440822E+05   0.106800E+05
   0.243000E+02   0.112287E+04   0.247562E+03   0.443129E+05   0.107122E+05
   0.244000E+02   0.112597E+04   0.247753E+03   0.445430E+05   0.107440E+05
   0.245000E+02   0.112907E+04   0.247940E+03   0.447727E+05   0.107757E+05
   0.246000E+02   0.113215E+04   0.248123E+03   0.450018E+05   0.108072E+05
   0.247000E+02   0.113522E+04   0.248310E+03   0.452304E+05   0.108385E+05
   0.248000E+02   0.113829E+04   0.248491E+03   0.454585E+05   0.108696E+05
   0.249000E+02   0.114134E+04   0.248672E+03   0.456862E+05   0.109005E+05
   0.250000E+02   0.114438E+04   0.248852E+03   0.459133E+05   0.109312E+05
   0.251000E+02   0.114741E+04   0.249030E+03   0.461399E+05   0.109617E+05
   0.252000E+02   0.115043E+04   0.249207E+03   0.463660E+05   0.109920E+05
   0.253000E+02   0.115344E+04   0.249383E+03   0.465916E+05   0.110221E+05
   0.254000E+02   0.115644E+04   0.249558E+03   0.468166E+05   0.110520E+05
   0.255000E+02   0.115943E+04   0.249729E+03   0.470412E+05   0.110818E+05
   0.256000E+02   0.116241E+04   0.249902E+03   0.472652E+05   0.111113E+05
   0.257000E+02   0.116538E+04   0.250072E+03   0.474887E+05   0.111407E+05
   0.258000E+02   0.116834E+04   0.250240E+03   0.477117E+05   0.111699E+05
   0.259000E+02   0.117129E+04   0.250407E+03   0.479342E+05   0.111989E+05
   0.260000E+02   0.117422E+04   0.250573E+03   0.481561E+05   0.112277E+05
   0.261000E+02   0.117715E+04   0.250738E+03   0.483776E+05   0.112563E+05
   0.262000E+02   0.118007E+04   0.250901E+03   0.485984E+05   0.112848E+05
   0.263000E+02   0.118298E+04   0.251065E+03   0.488188E+05   0.113131E+05
   0.264000E+02   0.118587E+04   0.251224E+03   0.490387E+05   0.113412E+05
   0.265000E+02   0.118876E+04   0.251384E+03   0.492580E+05   0.113691E+05
   0.266000E+02   0.119164E+04   0.251543E+03   0.494768E+05   0.113969E+05
   0.267000E+02   0.119451E+04   0.251700E+03   0.496951E+05   0.114244E+05
   0.268000E+02   0.119736E+04   0.251857E+03   0.499128E+05   0.114519E+05
   0.269000E+02   0.120021E+04   0.252009E+03   0.501301E+05   0.114791E+05
   0.270000E+02   0.120305E+04   0.252165E+03   0.503468E+05   0.115062E+05
   0.271000E+02   0.120588E+04   0.252316E+03   0.505629E+05   0.115331E+05
   0.272000E+02   0.120869E+04   0.252467E+03   0.507786E+05   0.115598E+05
   0.273000E+02   0.121150E+04   0.252616E+03   0.509937E+05   0.115864E+05
   0.274000E+02   0.121430E+04   0.252767E+03   0.512083E+05   0.116128E+05
   0.275000E+02   0.121709E+04   0.252913E+03   0.514223E+05   0.116391E+05
   0.276000E+02   0.121987E+04   0.253061E+03   0.516358E+05   0.116652E+05
   0.277000E+02   0.122264E+04   0.253206E+03   0.518488E+05   0.116911E+05
   0.278000E+02   0.122540E+04   0.253352E+03   0.520613E+05   0.117169E+05
   0.279000E+02   0.122815E+04   0.253494E+03   0.522732E+05   0.117425E+05
   0.280000E+02   0.123089E+04   0.253635E+03   0.524846E+05   0.117680E+05
   0.281000E+02   0.123362E+04   0.253779E+03   0.526955E+05   0.117933E+05
   0.282000E+02   0.123634E+04   0.253917E+03   0.529058E+05   0.118185E+05
   0.283000E+02   0.123905E+04   0.254058E+03   0.531157E+05   0.118435E+05
   0.284000E+02   0.124175E+04   0.254197E+03   0.533249E+05   0.118684E+05
   0.285000E+02   0.124445E+04   0.254333E+03   0.535337E+05   0.118931E+05
   0.286000E+02   0.124713E+04   0.254471E+03   0.537419E+05   0.119177E+05
   0.287000E+02   0.124981E+04   0.254606E+03   0.539496E+05   0.119421E+05
   0.288000E+02   0.125247E+04   0.254740E+03   0.541568E+05   0.119664E+05
   0.289000E+02   0.125513E+04   0.254875E+03   0.543634E+05   0.119906E+05
   0.290000E+02   0.125778E+04   0.255006E+03   0.545695E+05   0.120146E+05
   0.291000E+02   0.126041E+04   0.255138E+03   0.547751E+05   0.120385E+05
   0.292000E+02   0.126304E+04   0.255269E+03   0.549801E+05   0.120622E+05
   0.293000E+02   0.126566E+04   0.255398E+03   0.551846E+05   0.120858E+05
   0.294000E+02   0.126827E+04   0.255525E+03   0.553886E+05   0.121093E+05
   0.295000E+02   0.127086E+04   0.255653E+03   0.555920E+05   0.121326E+05
   0.296000E+02   0.127346E+04   0.255780E+03   0.557949E+05   0.121558E+05
   0.297000E+02   0.127604E+04   0.255905E+03   0.559973E+05   0.121788E+05
   0.298000E+02   0.127861E+04   0.256028E+03   0.561991E+05   0.122018E+05
   0.299000E+02   0.128117E+04   0.256153E+03   0.564005E+05   0.122245E+05
   0.300000E+02   0.128372E+04   0.256274E+03   0.566013E+05   0.122472E+05
   0.301000E+02   0.128627E+04   0.256395E+03   0.568015E+05   0.122697E+05
   0.302000E+02   0.128880E+04   0.256516E+03   0.570012E+05   0.122921E+05
   0.303000E+02   0.129133E+04   0.256635E+03   0.572004E+05   0.123144E+05
   0.304000E+02   0.129384E+04   0.256752E+03   0.573990E+05   0.123365E+05
   0.305000E+02   0.129635E+04   0.256868E+03   0.575972E+05   0.123586E+05
   0.306000E+02   0.129885E+04   0.256982E+03   0.577947E+05   0.123804E+05
   0.307000E+02   0.130134E+04   0.257097E+03   0.579918E+05   0.124022E+05
   0.308000E+02   0.130381E+04   0.257210E+03   0.581883E+05   0.124238E+05
   0.309000E+02   0.130628E+04   0.257323E+03   0.583842E+05   0.124453E+05
   0.310000E+02   0.130874E+04   0.257432E+03   0.585797E+05   0.124667E+05
   0.311000E+02   0.131120E+04   0.257544E+03   0.587745E+05   0.124879E+05
   0.312000E+02   0.131364E+04   0.257651E+03   0.589689E+05   0.125090E+05
   0.313000E+02   0.131607E+04   0.257758E+03   0.591627E+05   0.125300E+05
   0.314000E+02   0.131849E+04   0.257864E+03   0.593559E+05   0.125509E+05
   0.315000E+02   0.132091E+04   0.257968E+03   0.595486E+05   0.125716E+05
   0.316000E+02   0.132331E+04   0.258072E+03   0.597408E+05   0.125922E+05
   0.317000E+02   0.132571E+04   0.258174E+03   0.599324E+05   0.126127E+05
   0.318000E+02   0.132810E+04   0.258278E+03   0.601235E+05   0.126331E+05
   0.319000E+02   0.133047E+04   0.258378E+03   0.603140E+05   0.126533E+05
   0.320000E+02   0.133284E+04   0.258476E+03   0.605040E+05   0.126734E+05
   0.321000E+02   0.133520E+04   0.258575E+03   0.606935E+05   0.126934E+05
   0.322000E+02   0.133755E+04   0.258671E+03   0.608824E+05   0.127132E+05
   0.323000E+02   0.133990E+04   0.258767E+03   0.610707E+05   0.127330E+05
   0.324000E+02   0.134223E+04   0.258862E+03   0.612585E+05   0.127525E+05
   0.325000E+02   0.134455E+04   0.258956E+03   0.614458E+05   0.127720E+05
   0.326000E+02   0.134687E+04   0.259051E+03   0.616325E+05   0.127914E+05
   0.327000E+02   0.134918E+04   0.259139E+03   0.618186E+05   0.128106E+05
   0.328000E+02   0.135147E+04   0.259231E+03   0.620042E+05   0.128297E+05
   0.329000E+02   0.135376E+04   0.259320E+03   0.621892E+05   0.128487E+05
   0.330000E+02   0.135605E+04   0.259408E+03   0.623738E+05   0.128675E+05
   0.331000E+02   0.135831E+04   0.259497E+03   0.625577E+05   0.128863E+05
   0.332000E+02   0.136058E+04   0.259584E+03   0.627411E+05   0.129049E+05
   0.333000E+02   0.136283E+04   0.259670E+03   0.629239E+05   0.129233E+05
   0.334000E+02   0.136508E+04   0.259753E+03   0.631062E+05   0.129417E+05
   0.335000E+02   0.136732E+04   0.259838E+03   0.632880E+05   0.129600E+05
   0.336000E+02   0.136955E+04   0.259919E+03   0.634692E+05   0.129781E+05
   0.337000E+02   0.137176E+04   0.260002E+03   0.636498E+05   0.129961E+05
   0.338000E+02   0.137398E+04   0.260082E+03   0.638299E+05   0.130140E+05
   0.339000E+02   0.137618E+04   0.260164E+03   0.640095E+05   0.130317E+05
   0.340000E+02   0.137838E+04   0.260241E+03   0.641885E+05   0.130494E+05
   0.341000E+02   0.138056E+04   0.260320E+03   0.643669E+05   0.130669E+05
   0.342000E+02   0.138274E+04   0.260398E+03   0.645448E+05   0.130843E+05
   0.343000E+02   0.138491E+04   0.260474E+03   0.647222E+05   0.131016E+05
   0.344000E+02   0.138707E+04   0.260551E+03   0.648990E+05   0.131187E+05
   0.345000E+02   0.138923E+04   0.260625E+03   0.650753E+05   0.131358E+05
   0.346000E+02   0.139137E+04   0.260699E+03   0.652510E+05   0.131527E+05
   0.347000E+02   0.139351E+04   0.260771E+03   0.654261E+05   0.131696E+05
   0.348000E+02   0.139564E+04   0.260845E+03   0.656008E+05   0.131863E+05
   0.349000E+02   0.139776E+04   0.260917E+03   0.657748E+05   0.132029E+05
   0.350000E+02   0.139987E+04   0.260987E+03   0.659484E+05   0.132194E+05
   0.351000E+02   0.140198E+04   0.261057E+03   0.661214E+05   0.132357E+05
   0.352000E+02   0.140408E+04   0.261126E+03   0.662938E+05   0.132520E+05
   0.353000E+02   0.140616E+04   0.261196E+03   0.664657E+05   0.132681E+05
   0.354000E+02   0.140825E+04   0.261264E+03   0.666371E+05   0.132842E+05
   0.355000E+02   0.141032E+04   0.261331E+03   0.668079E+05   0.133001E+05
   0.356000E+02   0.141238E+04   0.261398E+03   0.669781E+05   0.133159E+05
   0.357000E+02   0.141444E+04   0.261462E+03   0.671479E+05   0.133316E+05
   0.358000E+02   0.141649E+04   0.261528E+03   0.673171E+05   0.133472E+05
   0.359000E+02   0.141853E+04   0.261592E+03   0.674858E+05   0.133627E+05
   0.360000E+02   0.142056E+04   0.261654E+03   0.676539E+05   0.133781E+05
   0.361000E+02   0.142259E+04   0.261717E+03   0.678214E+05   0.133934E+05
   0.362000E+02   0.142461E+04   0.261778E+03   0.679885E+05   0.134085E+05
   0.363000E+02   0.142662E+04   0.261839E+03   0.681550E+05   0.134236E+05
   0.364000E+02   0.142862E+04   0.261900E+03   0.683209E+05   0.134386E+05
   0.365000E+02   0.143062E+04   0.261961E+03   0.684864E+05   0.134534E+05
   0.366000E+02   0.143261E+04   0.262020E+03   0.686513E+05   0.134682E+05
   0.367000E+02   0.143459E+04   0.262078E+03   0.688157E+05   0.134828E+05
   0.368000E+02   0.143656E+04   0.262137E+03   0.689795E+05   0.134974E+05
   0.369000E+02   0.143852E+04   0.262193E+03   0.691428E+05   0.135118E+05
   0.370000E+02   0.144048E+04   0.262249E+03   0.693056E+05   0.135260E+05
   0.371000E+02   0.144243E+04   0.262303E+03   0.694678E+05   0.135403E+05
   0.372000E+02   0.144437E+04   0.262359E+03   0.696295E+05   0.135544E+05
   0.373000E+02   0.144631E+04   0.262415E+03   0.697907E+05   0.135686E+05
   0.374000E+02   0.144823E+04   0.262468E+03   0.699514E+05   0.135826E+05
   0.375000E+02   0.145015E+04   0.262521E+03   0.701115E+05   0.135963E+05
   0.376000E+02   0.145207E+04   0.262574E+03   0.702711E+05   0.136102E+05
   0.377000E+02   0.145397E+04   0.262625E+03   0.704302E+05   0.136238E+05
   0.378000E+02   0.145587E+04   0.262678E+03   0.705888E+05   0.136374E+05
   0.379000E+02   0.145776E+04   0.262729E+03   0.707468E+05   0.136509E+05
   0.380000E+02   0.145964E+04   0.262778E+03   0.709043E+05   0.136642E+05
   0.381000E+02   0.146152E+04   0.262829E+03   0.710613E+05   0.136774E+05
   0.382000E+02   0.146339E+04   0.262875E+03   0.712178E+05   0.136906E+05
   0.383000E+02   0.146525E+04   0.262926E+03   0.713737E+05   0.137037E+05
   0.384000E+02   0.146710E+04   0.262973E+03   0.715291E+05   0.137166E+05
   0.385000E+02   0.146895E+04   0.263019E+03   0.716841E+05   0.137296E+05
   0.386000E+02   0.147079E+04   0.263067E+03   0.718385E+05   0.137425E+05
   0.387000E+02   0.147262E+04   0.263113E+03   0.719924E+05   0.137551E+05
   0.388000E+02   0.147445E+04   0.263159E+03   0.721457E+05   0.137677E+05
   0.389000E+02   0.147626E+04   0.263203E+03   0.722986E+05   0.137803E+05
   0.390000E+02   0.147808E+04   0.263246E+03   0.724509E+05   0.137927E+05
   0.391000E+02   0.147988E+04   0.263291E+03   0.726027E+05   0.138050E+05
   0.392000E+02   0.148168E+04   0.263334E+03   0.727541E+05   0.138174E+05
   0.393000E+02   0.148347E+04   0.263377E+03   0.729049E+05   0.138296E+05
   0.394000E+02   0.148525E+04   0.263419E+03   0.730552E+05   0.138417E+05
   0.395000E+02   0.148703E+04   0.263462E+03   0.732049E+05   0.138536E+05
   0.396000E+02   0.148880E+04   0.263501E+03   0.733542E+05   0.138656E+05
   0.397000E+02   0.149056E+04   0.263542E+03   0.735030E+05   0.138774E+05
   0.398000E+02   0.149232E+04   0.263582E+03   0.736512E+05   0.138890E+05
   0.399000E+02   0.149406E+04   0.263621E+03   0.737991E+05   0.139008E+05
   0.400000E+02   0.149580E+04   0.263660E+03   0.739463E+05   0.139124E+05
   0.401000E+02   0.149754E+04   0.263699E+03   0.740931E+05   0.139238E+05
   0.402000E+02   0.149927E+04   0.263737E+03   0.742394E+05   0.139353E+05
   0.403000E+02   0.150099E+04   0.263774E+03   0.743851E+05   0.139466E+05
   0.404000E+02   0.150270E+04   0.263811E+03   0.745304E+05   0.139578E+05
   0.405000E+02   0.150441E+04   0.263848E+03   0.746752E+05   0.139691E+05
   0.406000E+02   0.150611E+04   0.263882E+03   0.748194E+05   0.139800E+05
   0.407000E+02   0.150781E+04   0.263918E+03   0.749632E+05   0.139912E+05
   0.408000E+02   0.150950E+04   0.263955E+03   0.751065E+05   0.140019E+05
   0.409000E+02   0.151118E+04   0.263986E+03   0.752492E+05   0.140128E+05
   0.410000E+02   0.151285E+04   0.264022E+03   0.753915E+05   0.140235E+05
   0.411000E+02   0.151452E+04   0.264056E+03   0.755334E+05   0.140343E+05
   0.412000E+02   0.151618E+04   0.264087E+03   0.756747E+05   0.140450E+05
   0.413000E+02   0.151784E+04   0.264123E+03   0.758155E+05   0.140554E+05
   0.414000E+02   0.151949E+04   0.264153E+03   0.759558E+05   0.140658E+05
   0.415000E+02   0.152113E+04   0.264186E+03   0.760956E+05   0.140762E+05
   0.416000E+02   0.152277E+04   0.264216E+03   0.762351E+05   0.140866E+05
   0.417000E+02   0.152439E+04   0.264246E+03   0.763739E+05   0.140967E+05
   0.418000E+02   0.152602E+04   0.264276E+03   0.765123E+05   0.141069E+05
   0.419000E+02   0.152763E+04   0.264308E+03   0.766502E+05   0.141169E+05
   0.420000E+02   0.152924E+04   0.264337E+03   0.767876E+05   0.141270E+05
   0.421000E+02   0.153085E+04   0.264367E+03   0.769246E+05   0.141369E+05
   0.422000E+02   0.153245E+04   0.264394E+03   0.770610E+05   0.141466E+05
   0.423000E+02   0.153404E+04   0.264422E+03   0.771970E+05   0.141565E+05
   0.424000E+02   0.153562E+04   0.264451E+03   0.773326E+05   0.141662E+05
   0.425000E+02   0.153720E+04   0.264478E+03   0.774676E+05   0.141759E+05
   0.426000E+02   0.153877E+04   0.264505E+03   0.776021E+05   0.141853E+05
   0.427000E+02   0.154034E+04   0.264531E+03   0.777363E+05   0.141949E+05
   0.428000E+02   0.154190E+04   0.264557E+03   0.778699E+05   0.142042E+05
   0.429000E+02   0.154345E+04   0.264583E+03   0.780030E+05   0.142136E+05
   0.430000E+02   0.154500E+04   0.264609E+03   0.781358E+05   0.142230E+05
   0.431000E+02   0.154654E+04   0.264633E+03   0.782679E+05   0.142321E+05
   0.432000E+02   0.154808E+04   0.264659E+03   0.783996E+05   0.142412E+05
   0.433000E+02   0.154961E+04   0.264682E+03   0.785309E+05   0.142504E+05
   0.434000E+02   0.155113E+04   0.264707E+03   0.786618E+05   0.142594E+05
   0.435000E+02   0.155265E+04   0.264730E+03   0.787921E+05   0.142683E+05
   0.436000E+02   0.155416E+04   0.264752E+03   0.789220E+05   0.142772E+05
   0.437000E+02   0.155566E+04   0.264774E+03   0.790514E+05   0.142860E+05
   0.438000E+02   0.155716E+04   0.264797E+03   0.791804E+05   0.142947E+05
   0.439000E+02   0.155865E+04   0.264818E+03   0.793089E+05   0.143034E+05
   0.440000E+02   0.156014E+04   0.264840E+03   0.794369E+05   0.143119E+05
   0.441000E+02   0.156162E+04   0.264861E+03   0.795645E+05   0.143205E+05
   0.442000E+02   0.156310E+04   0.264883E+03   0.796916E+05   0.143290E+05
   0.443000E+02   0.156457E+04   0.264902E+03   0.798182E+05   0.143373E+05
   0.444000E+02   0.156603E+04   0.264922E+03   0.799445E+05   0.143457E+05
   0.445000E+02   0.156749E+04   0.264943E+03   0.800702E+05   0.143539E+05
   0.446000E+02   0.156895E+04   0.264962E+03   0.801956E+05   0.143622E+05
   0.447000E+02   0.157039E+04   0.264981E+03   0.803204E+05   0.143703E+05
   0.448000E+02   0.157183E+04   0.264998E+03   0.804448E+05   0.143783E+05
   0.449000E+02   0.157327E+04   0.265016E+03   0.805687E+05   0.143863E+05
   0.450000E+02   0.157470E+04   0.265035E+03   0.806923E+05   0.143945E+05
   0.451000E+02   0.157612E+04   0.265051E+03   0.808153E+05   0.144022E+05
   0.452000E+02   0.157754E+04   0.265068E+03   0.809381E+05   0.144103E+05
   0.453000E+02   0.157895E+04   0.265087E+03   0.810602E+05   0.144180E+05
   0.454000E+02   0.158036E+04   0.265103E+03   0.811819E+05   0.144256E+05
   0.455000E+02   0.158176E+04   0.265120E+03   0.813032E+05   0.144334E+05
   0.456000E+02   0.158315E+04   0.265135E+03   0.814241E+05   0.144411E+05
   0.457000E+02   0.158454E+04   0.265152E+03   0.815445E+05   0.144485E+05
   0.458000E+02   0.158593E+04   0.265169E+03   0.816645E+05   0.144560E+05
   0.459000E+02   0.158731E+04   0.265180E+03   0.817840E+05   0.144634E+05
   0.460000E+02   0.158868E+04   0.265199E+03   0.819032E+05   0.144710E+05
   0.461000E+02   0.159005E+04   0.265210E+03   0.820218E+05   0.144781E+05
   0.462000E+02   0.159141E+04   0.265225E+03   0.821401E+05   0.144854E+05
   0.463000E+02   0.159277E+04   0.265238E+03   0.822579E+05   0.144926E+05
   0.464000E+02   0.159412E+04   0.265253E+03   0.823753E+05   0.144998E+05
   0.465000E+02   0.159546E+04   0.265265E+03   0.824923E+05   0.145069E+05
   0.466000E+02   0.159680E+04   0.265280E+03   0.826087E+05   0.145138E+05
   0.467000E+02   0.159814E+04   0.265292E+03   0.827249E+05   0.145209E+05
   0.468000E+02   0.159947E+04   0.265304E+03   0.828406E+05   0.145278E+05
   0.469000E+02   0.160079E+04   0.265317E+03   0.829559E+05   0.145348E+05
   0.470000E+02   0.160211E+04   0.265327E+03   0.830706E+05   0.145415E+05
   0.471000E+02   0.160342E+04   0.265340E+03   0.831851E+05   0.145484E+05
   0.472000E+02   0.160473E+04   0.265351E+03   0.832990E+05   0.145550E+05
   0.473000E+02   0.160604E+04   0.265363E+03   0.834126E+05   0.145617E+05
   0.474000E+02   0.160734E+04   0.265376E+03   0.835258E+05   0.145684E+05
   0.475000E+02   0.160863E+04   0.265385E+03   0.836384E+05   0.145747E+05
   0.476000E+02   0.160992E+04   0.265395E+03   0.837508E+05   0.145813E+05
   0.477000E+02   0.161120E+04   0.265404E+03   0.838628E+05   0.145879E+05
   0.478000E+02   0.161248E+04   0.265414E+03   0.839742E+05   0.145942E+05
   0.479000E+02   0.161375E+04   0.265424E+03   0.840852E+05   0.146005E+05
   0.480000E+02   0.161501E+04   0.265432E+03   0.841959E+05   0.146069E+05
   0.481000E+02   0.161628E+04   0.265442E+03   0.843062E+05   0.146130E+05
   0.482000E+02   0.161753E+04   0.265450E+03   0.844160E+05   0.146192E+05
   0.483000E+02   0.161879E+04   0.265460E+03   0.845256E+05   0.146256E+05
   0.484000E+02   0.162003E+04   0.265467E+03   0.846345E+05   0.146316E+05
   0.485000E+02   0.162127E+04   0.265476E+03   0.847431E+05   0.146376E+05
   0.486000E+02   0.162251E+04   0.265482E+03   0.848514E+05   0.146436E+05
   0.487000E+02   0.162374E+04   0.265489E+03   0.849591E+05   0.146495E+05
   0.488000E+02   0.162497E+04   0.265496E+03   0.850666E+05   0.146555E+05
   0.489000E+02   0.162619E+04   0.265504E+03   0.851736E+05   0.146612E+05
   0.490000E+02   0.162741E+04   0.265511E+03   0.852802E+05   0.146671E+05
   0.491000E+02   0.162862E+04   0.265517E+03   0.853865E+05   0.146730E+05
   0.492000E+02   0.162983E+04   0.265524E+03   0.854923E+05   0.146787E+05
   0.493000E+02   0.163103E+04   0.265530E+03   0.855978E+05   0.146844E+05
   0.494000E+02   0.163223E+04   0.265537E+03   0.857028E+05   0.146900E+05
   0.495000E+02   0.163342E+04   0.265541E+03   0.858074E+05   0.146955E+05
   0.496000E+02   0.163461E+04   0.265547E+03   0.859116E+05   0.147010E+05
   0.497000E+02   0.163579E+04   0.265554E+03   0.860156E+05   0.147067E+05
   0.498000E+02   0.163697E+04   0.265558E+03   0.861190E+05   0.147122E+05
   0.499000E+02   0.163814E+04   0.265562E+03   0.862221E+05   0.147175E+05
   0.500000E+02   0.163931E+04   0.265567E+03   0.863248E+05   0.147228E+05
   0.501000E+02   0.164047E+04   0.265573E+03   0.864271E+05   0.147283E+05
   0.502000E+02   0.164163E+04   0.265575E+03   0.865290E+05   0.147335E+05
   0.503000E+02   0.164278E+04   0.265579E+03   0.866305E+05   0.147386E+05
   0.504000E+02   0.164393E+04   0.265584E+03   0.867316E+05   0.147437E+05
   0.505000E+02   0.164508E+04   0.265588E+03   0.868324E+05   0.147489E+05
   0.506000E+02   0.164622E+04   0.265592E+03   0.869328E+05   0.147540E+05
   0.507000E+02   0.164736E+04   0.265595E+03   0.870329E+05   0.147592E+05
   0.508000E+02   0.164849E+04   0.265596E+03   0.871325E+05   0.147642E+05
   0.509000E+02   0.164961E+04   0.265600E+03   0.872318E+05   0.147692E+05
   0.510000E+02   0.165074E+04   0.265604E+03   0.873306E+05   0.147740E+05
   0.511000E+02   0.165185E+04   0.265604E+03   0.874291E+05   0.147789E+05
   0.512000E+02   0.165297E+04   0.265607E+03   0.875272E+05   0.147837E+05
   0.513000E+02   0.165408E+04   0.265609E+03   0.876250E+05   0.147886E+05
   0.514000E+02   0.165518E+04   0.265612E+03   0.877225E+05   0.147934E+05
   0.515000E+02   0.165628E+04   0.265612E+03   0.878195E+05   0.147982E+05
   0.516000E+02   0.165737E+04   0.265615E+03   0.879161E+05   0.148027E+05
   0.517000E+02   0.165846E+04   0.265615E+03   0.880124E+05   0.148074E+05
   0.518000E+02   0.165955E+04   0.265616E+03   0.881083E+05   0.148120E+05
   0.519000E+02   0.166063E+04   0.265617E+03   0.882038E+05   0.148165E+05
   0.520000E+02   0.166171E+04   0.265618E+03   0.882991E+05   0.148212E+05
   0.521000E+02   0.166278E+04   0.265619E+03   0.883939E+05   0.148256E+05
   0.522000E+02   0.166385E+04   0.265621E+03   0.884883E+05   0.148301E+05
   0.523000E+02   0.166491E+04   0.265618E+03   0.885825E+05   0.148346E+05
   0.524000E+02   0.166597E+04   0.265620E+03   0.886762E+05   0.148389E+05
   0.525000E+02   0.166703E+04   0.265620E+03   0.887697E+05   0.148434E+05
   0.526000E+02   0.166808E+04   0.265618E+03   0.888627E+05   0.148477E+05
   0.527000E+02   0.166913E+04   0.265619E+03   0.889553E+05   0.148518E+05
   0.528000E+02   0.167017E+04   0.265620E+03   0.890477E+05   0.148562E+05
   0.529000E+02   0.167121E+04   0.265619E+03   0.891397E+05   0.148604E+05
   0.530000E+02   0.167224E+04   0.265619E+03   0.892313E+05   0.148646E+05
   0.531000E+02   0.167327E+04   0.265616E+03   0.893226E+05   0.148687E+05
   0.532000E+02   0.167430E+04   0.265616E+03   0.894135E+05   0.148729E+05
   0.533000E+02   0.167532E+04   0.265615E+03   0.895041E+05   0.148769E+05
   0.534000E+02   0.167633E+04   0.265613E+03   0.895943E+05   0.148810E+05
   0.535000E+02   0.167735E+04   0.265612E+03   0.896841E+05   0.148848E+05
   0.536000E+02   0.167836E+04   0.265609E+03   0.897737E+05   0.148889E+05
   0.537000E+02   0.167936E+04   0.265606E+03   0.898629E+05   0.148928E+05
   0.538000E+02   0.168036E+04   0.265607E+03   0.899518E+05   0.148968E+05
   0.539000E+02   0.168136E+04   0.265601E+03   0.900403E+05   0.149007E+05
   0.540000E+02   0.168235E+04   0.265602E+03   0.901284E+05   0.149044E+05
   0.541000E+02   0.168334E+04   0.265599E+03   0.902162E+05   0.149082E+05
   0.542000E+02   0.168433E+04   0.265596E+03   0.903036E+05   0.149118E+05
   0.543000E+02   0.168531E+04   0.265594E+03   0.903908E+05   0.149156E+05
   0.544000E+02   0.168628E+04   0.265591E+03   0.904777E+05   0.149194E+05
   0.545000E+02   0.168725E+04   0.265586E+03   0.905640E+05   0.149229E+05
   0.546000E+02   0.168822E+04   0.265584E+03   0.906502E+05   0.149266E+05
   0.547000E+02   0.168919E+04   0.265580E+03   0.907361E+05   0.149304E+05
   0.548000E+02   0.169015E+04   0.265578E+03   0.908215E+05   0.149338E+05
   0.549000E+02   0.169111E+04   0.265574E+03   0.909067E+05   0.149374E+05
   0.550000E+02   0.169206E+04   0.265571E+03   0.909915E+05   0.149409E+05
   0.551000E+02   0.169300E+04   0.265568E+03   0.910760E+05   0.149445E+05
   0.552000E+02   0.169395E+04   0.265563E+03   0.911601E+05   0.149478E+05
   0.553000E+02   0.169489E+04   0.265559E+03   0.912440E+05   0.149513E+05
   0.554000E+02   0.169583E+04   0.265557E+03   0.913275E+05   0.149546E+05
   0.555000E+02   0.169676E+04   0.265551E+03   0.914107E+05   0.149581E+05
   0.556000E+02   0.169769E+04   0.265548E+03   0.914935E+05   0.149613E+05
   0.557000E+02   0.169862E+04   0.265543E+03   0.915760E+05   0.149645E+05
   0.558000E+02   0.169954E+04   0.265537E+03   0.916582E+05   0.149677E+05
   0.559000E+02   0.170046E+04   0.265534E+03   0.917401E+05   0.149710E+05
   0.560000E+02   0.170137E+04   0.265529E+03   0.918218E+05   0.149743E+05
   0.561000E+02   0.170228E+04   0.265525E+03   0.919030E+05   0.149775E+05
   0.562000E+02   0.170319E+04   0.265518E+03   0.919840E+05   0.149807E+05
   0.563000E+02   0.170409E+04   0.265514E+03   0.920645E+05   0.149837E+05
   0.564000E+02   0.170499E+04   0.265509E+03   0.921449E+05   0.149869E+05
   0.565000E+02   0.170589E+04   0.265504E+03   0.922249E+05   0.149900E+05
   0.566000E+02   0.170678E+04   0.265499E+03   0.923045E+05   0.149929E+05
   0.567000E+02   0.170767E+04   0.265492E+03   0.923840E+05   0.149960E+05
   0.568000E+02   0.170855E+04   0.265489E+03   0.924629E+05   0.149988E+05
   0.569000E+02   0.170943E+04   0.265482E+03   0.925417E+05   0.150018E+05
   0.570000E+02   0.171031E+04   0.265477E+03   0.926202E+05   0.150048E+05
   0.571000E+02   0.171118E+04   0.265472E+03   0.926984E+05   0.150078E+05
   0.572000E+02   0.171205E+04   0.265464E+03   0.927762E+05   0.150106E+05
   0.573000E+02   0.171292E+04   0.265456E+03   0.928538E+05   0.150136E+05
   0.574000E+02   0.171378E+04   0.265450E+03   0.929309E+05   0.150163E+05
   0.575000E+02   0.171464E+04   0.265445E+03   0.930079E+05   0.150191E+05
   0.576000E+02   0.171550E+04   0.265439E+03   0.930845E+05   0.150219E+05
   0.577000E+02   0.171635E+04   0.265434E+03   0.931609E+05   0.150247E+05
   0.578000E+02   0.171720E+04   0.265426E+03   0.932368E+05   0.150273E+05
   0.579000E+02   0.171805E+04   0.265419E+03   0.933125E+05   0.150299E+05
   0.580000E+02   0.171889E+04   0.265413E+03   0.933879E+05   0.150327E+05
   0.581000E+02   0.171972E+04   0.265406E+03   0.934631E+05   0.150354E+05
   0.582000E+02   0.172056E+04   0.265398E+03   0.935379E+05   0.150379E+05
   0.583000E+02   0.172139E+04   0.265392E+03   0.936125E+05   0.150405E+05
   0.584000E+02   0.172222E+04   0.265384E+03   0.936866E+05   0.150431E+05
   0.585000E+02   0.172304E+04   0.265377E+03   0.937606E+05   0.150456E+05
   0.586000E+02   0.172387E+04   0.265371E+03   0.938344E+05   0.150482E+05
   0.587000E+02   0.172468E+04   0.265362E+03   0.939078E+05   0.150508E+05
   0.588000E+02   0.172550E+04   0.265356E+03   0.939808E+05   0.150532E+05
   0.589000E+02   0.172631E+04   0.265347E+03   0.940536E+05   0.150556E+05
   0.590000E+02   0.172712E+04   0.265341E+03   0.941260E+05   0.150581E+05
   0.591000E+02   0.172792E+04   0.265334E+03   0.941982E+05   0.150604E+05
   0.592000E+02   0.172872E+04   0.265327E+03   0.942701E+05   0.150627E+05
   0.593000E+02   0.172952E+04   0.265318E+03   0.943418E+05   0.150651E+05
   0.594000E+02   0.173032E+04   0.265310E+03   0.944132E+05   0.150676E+05
   0.595000E+02   0.173111E+04   0.265303E+03   0.944843E+05   0.150699E+05
   0.596000E+02   0.173189E+04   0.265294E+03   0.945551E+05   0.150722E+05
   0.597000E+02   0.173268E+04   0.265287E+03   0.946256E+05   0.150745E+05
   0.598000E+02   0.173346E+04   0.265279E+03   0.946960E+05   0.150768E+05
   0.599000E+02   0.173424E+04   0.265269E+03   0.947659E+05   0.150790E+05
   0.600000E+02   0.173501E+04   0.265262E+03   0.948356E+05   0.150811E+05
   0.601000E+02   0.173579E+04   0.265254E+03   0.949049E+05   0.150833E+05
   0.602000E+02   0.173655E+04   0.265245E+03   0.949742E+05   0.150856E+05
   0.603000E+02   0.173732E+04   0.265237E+03   0.950429E+05   0.150875E+05
   0.604000E+02   0.173808E+04   0.265227E+03   0.951116E+05   0.150898E+05
   0.605000E+02   0.173884E+04   0.265221E+03   0.951799E+05   0.150919E+05
   0.606000E+02   0.173960E+04   0.265211E+03   0.952479E+05   0.150940E+05
   0.607000E+02   0.174035E+04   0.265201E+03   0.953157E+05   0.150960E+05
   0.608000E+02   0.174110E+04   0.265192E+03   0.953832E+05   0.150981E+05
   0.609000E+02   0.174185E+04   0.265183E+03   0.954505E+05   0.151001E+05
   0.610000E+02   0.174259E+04   0.265176E+03   0.955174E+05   0.151021E+05
   0.611000E+02   0.174333E+04   0.265166E+03   0.955842E+05   0.151041E+05
   0.612000E+02   0.174407E+04   0.265157E+03   0.956506E+05   0.151061E+05
   0.613000E+02   0.174480E+04   0.265149E+03   0.957167E+05   0.151079E+05
   0.614000E+02   0.174553E+04   0.265139E+03   0.957827E+05   0.151100E+05
   0.615000E+02   0.174626E+04   0.265132E+03   0.958484E+05   0.151119E+05
   0.616000E+02   0.174699E+04   0.265122E+03   0.959137E+05   0.151136E+05
   0.617000E+02   0.174771E+04   0.265112E+03   0.959789E+05   0.151156E+05
   0.618000E+02   0.174843E+04   0.265103E+03   0.960438E+05   0.151175E+05
   0.619000E+02   0.174914E+04   0.265095E+03   0.961084E+05   0.151193E+05
   0.620000E+02   0.174986E+04   0.265082E+03   0.961727E+05   0.151210E+05
   0.621000E+02   0.175057E+04   0.265075E+03   0.962367E+05   0.151227E+05
   0.622000E+02   0.175128E+04   0.265066E+03   0.963006E+05   0.151246E+05
   0.623000E+02   0.175198E+04   0.265054E+03   0.963642E+05   0.151264E+05
   0.624000E+02   0.175268E+04   0.265048E+03   0.964275E+05   0.151281E+05
   0.625000E+02   0.175338E+04   0.265036E+03   0.964906E+05   0.151297E+05
   0.626000E+02   0.175408E+04   0.265028E+03   0.965533E+05   0.151314E+05
   0.627000E+02   0.175477E+04   0.265016E+03   0.966160E+05   0.151332E+05
   0.628000E+02   0.175546E+04   0.265006E+03   0.966784E+05   0.151349E+05
   0.629000E+02   0.175614E+04   0.264997E+03   0.967403E+05   0.151365E+05
   0.630000E+02   0.175683E+04   0.264987E+03   0.968021E+05   0.151380E+05
   0.631000E+02   0.175751E+04   0.264977E+03   0.968637E+05   0.151397E+05
   0.632000E+02   0.175819E+04   0.264966E+03   0.969251E+05   0.151414E+05
   0.633000E+02   0.175886E+04   0.264958E+03   0.969861E+05   0.151429E+05
   0.634000E+02   0.175954E+04   0.264948E+03   0.970470E+05   0.151444E+05
   0.635000E+02   0.176021E+04   0.264938E+03   0.971076E+05   0.151461E+05
   0.636000E+02   0.176088E+04   0.264928E+03   0.971681E+05   0.151477E+05
   0.637000E+02   0.176154E+04   0.264917E+03   0.972280E+05   0.151490E+05
   0.638000E+02   0.176220E+04   0.264907E+03   0.972880E+05   0.151507E+05
   0.639000E+02   0.176286E+04   0.264898E+03   0.973476E+05   0.151521E+05
   0.640000E+02   0.176352E+04   0.264886E+03   0.974070E+05   0.151536E+05
   0.641000E+02   0.176417E+04   0.264875E+03   0.974661E+05   0.151551E+05
   0.642000E+02   0.176482E+04   0.264867E+03   0.975250E+05   0.151564E+05
   0.643000E+02   0.176547E+04   0.264856E+03   0.975836E+05   0.151578E+05
   0.644000E+02   0.176611E+04   0.264845E+03   0.976421E+05   0.151592E+05
   0.645000E+02   0.176676E+04   0.264836E+03   0.977002E+05   0.151605E+05
   0.646000E+02   0.176740E+04   0.264824E+03   0.977583E+05   0.151620E+05
   0.647000E+02   0.176804E+04   0.264814E+03   0.978160E+05   0.151634E+05
   0.648000E+02   0.176867E+04   0.264804E+03   0.978735E+05   0.151647E+05
   0.649000E+02   0.176930E+04   0.264791E+03   0.979308E+05   0.151660E+05
   0.650000E+02   0.176993E+04   0.264782E+03   0.979877E+05   0.151672E+05
   0.651000E+02   0.177056E+04   0.264771E+03   0.980446E+05   0.151685E+05
   0.652000E+02   0.177118E+04   0.264762E+03   0.981013E+05   0.151700E+05
   0.653000E+02   0.177180E+04   0.264751E+03   0.981576E+05   0.151713E+05
   0.654000E+02   0.177242E+04   0.264739E+03   0.982138E+05   0.151725E+05
   0.655000E+02   0.177304E+04   0.264729E+03   0.982696E+05   0.151737E+05
   0.656000E+02   0.177365E+04   0.264719E+03   0.983253E+05   0.151750E+05
   0.657000E+02   0.177427E+04   0.264708E+03   0.983807E+05   0.151761E+05
   0.658000E+02   0.177487E+04   0.264696E+03   0.984360E+05   0.151775E+05
   0.659000E+02   0.177548E+04   0.264686E+03   0.984910E+05   0.151786E+05
   0.660000E+02   0.177608E+04   0.264674E+03   0.985456E+05   0.151797E+05
   0.661000E+02   0.177668E+04   0.264666E+03   0.986003E+05   0.151809E+05
   0.662000E+02   0.177728E+04   0.264653E+03   0.986546E+05   0.151820E+05
   0.663000E+02   0.177788E+04   0.264642E+03   0.987088E+05   0.151832E+05
   0.664000E+02   0.177847E+04   0.264631E+03   0.987627E+05   0.151843E+05
   0.665000E+02   0.177907E+04   0.264618E+03   0.988162E+05   0.151852E+05
   0.666000E+02   0.177965E+04   0.264610E+03   0.988698E+05   0.151865E+05
   0.667000E+02   0.178024E+04   0.264598E+03   0.989230E+05   0.151876E+05
   0.668000E+02   0.178082E+04   0.264588E+03   0.989761E+05   0.151888E+05
   0.669000E+02   0.178140E+04   0.264576E+03   0.990289E+05   0.151897E+05
   0.670000E+02   0.178198E+04   0.264565E+03   0.990813E+05   0.151906E+05
   0.671000E+02   0.178256E+04   0.264553E+03   0.991339E+05   0.151919E+05
   0.672000E+02   0.178313E+04   0.264543E+03   0.991859E+05   0.151926E+05
   0.673000E+02   0.178370E+04   0.264532E+03   0.992380E+05   0.151938E+05
   0.674000E+02   0.178428E+04   0.264518E+03   0.992897E+05   0.151949E+05
   0.675000E+02   0.178484E+04   0.264509E+03   0.993413E+05   0.151959E+05
   0.676000E+02   0.178541E+04   0.264499E+03   0.993926E+05   0.151967E+05
   0.677000E+02   0.178597E+04   0.264485E+03   0.994437E+05   0.151976E+05
   0.678000E+02   0.178653E+04   0.264475E+03   0.994946E+05   0.151987E+05
   0.679000E+02   0.178709E+04   0.264465E+03   0.995453E+05   0.151995E+05
   0.680000E+02   0.178764E+04   0.264454E+03   0.995959E+05   0.152005E+05
   0.681000E+02   0.178819E+04   0.264442E+03   0.996461E+05   0.152014E+05
   0.682000E+02   0.178875E+04   0.264430E+03   0.996962E+05   0.152022E+05
   0.683000E+02   0.178930E+04   0.264418E+03   0.997461E+05   0.152032E+05
   0.684000E+02   0.178984E+04   0.264409E+03   0.997958E+05   0.152041E+05
   0.685000E+02   0.179039E+04   0.264398E+03   0.998453E+05   0.152050E+05
   0.686000E+02   0.179092E+04   0.264385E+03   0.998946E+05   0.152059E+05
   0.687000E+02   0.179146E+04   0.264375E+03   0.999436E+05   0.152066E+05
   0.688000E+02   0.179200E+04   0.264362E+03   0.999925E+05   0.152074E+05
   0.689000E+02   0.179254E+04   0.264351E+03   0.100041E+06   0.152082E+05
   0.690000E+02   0.179307E+04   0.264339E+03   0.100090E+06   0.152091E+05
   0.691000E+02   0.179360E+04   0.264330E+03   0.100138E+06   0.152100E+05
   0.692000E+02   0.179413E+04   0.264319E+03   0.100186E+06   0.152106E+05
   0.693000E+02   0.179465E+04   0.264308E+03   0.100234E+06   0.152114E+05
   0.694000E+02   0.179518E+04   0.264295E+03   0.100282E+06   0.152122E+05
   0.695000E+02   0.179570E+04   0.264284E+03   0.100329E+06   0.152131E+05
   0.696000E+02   0.179622E+04   0.264272E+03   0.100376E+06   0.152137E+05
   0.697000E+02   0.179673E+04   0.264261E+03   0.100424E+06   0.152146E+05
   0.698000E+02   0.179725E+04   0.264248E+03   0.100471E+06   0.152153E+05
   0.699000E+02   0.179776E+04   0.264238E+03   0.100517E+06   0.152160E+05
   0.700000E+02   0.179827E+04   0.264225E+03   0.100564E+06   0.152165E+05
   0.701000E+02   0.179878E+04   0.264214E+03   0.100610E+06   0.152173E+05
   0.702000E+02   0.179929E+04   0.264203E+03   0.100656E+06   0.152181E+05
   0.703000E+02   0.179979E+04   0.264192E+03   0.100702E+06   0.152186E+05
   0.704000E+02   0.180029E+04   0.264183E+03   0.100748E+06   0.152194E+05
   0.705000E+02   0.180079E+04   0.264170E+03   0.100794E+06   0.152202E+05
   0.706000E+02   0.180129E+04   0.264157E+03   0.100839E+06   0.152207E+05
   0.707000E+02   0.180179E+04   0.264145E+03   0.100884E+06   0.152215E+05
   0.708000E+02   0.180228E+04   0.264135E+03   0.100929E+06   0.152221E+05
   0.709000E+02   0.180277E+04   0.264124E+03   0.100974E+06   0.152226E+05
   0.710000E+02   0.180326E+04   0.264110E+03   0.101019E+06   0.152232E+05
   0.711000E+02   0.180375E+04   0.264098E+03   0.101063E+06   0.152239E+05
   0.712000E+02   0.180424E+04   0.264086E+03   0.101108E+06   0.152244E+05
   0.713000E+02   0.180472E+04   0.264077E+03   0.101152E+06   0.152250E+05
   0.714000E+02   0.180520E+04   0.264064E+03   0.101196E+06   0.152257E+05
   0.715000E+02   0.180568E+04   0.264055E+03   0.101240E+06   0.152261E+05
   0.716000E+02   0.180616E+04   0.264042E+03   0.101283E+06   0.152268E+05
   0.717000E+02   0.180663E+04   0.264031E+03   0.101327E+06   0.152273E+05
   0.718000E+02   0.180711E+04   0.264020E+03   0.101370E+06   0.152278E+05
   0.719000E+02   0.180758E+04   0.264009E+03   0.101413E+06   0.152284E+05
   0.720000E+02   0.180805E+04   0.263997E+03   0.101456E+06   0.152289E+05
   0.721000E+02   0.180851E+04   0.263984E+03   0.101498E+06   0.152294E+05
   0.722000E+02   0.180898E+04   0.263973E+03   0.101541E+06   0.152300E+05
   0.723000E+02   0.180944E+04   0.263963E+03   0.101583E+06   0.152305E+05
   0.724000E+02   0.180991E+04   0.263950E+03   0.101625E+06   0.152310E+05
   0.725000E+02   0.181037E+04   0.263939E+03   0.101667E+06   0.152313E+05
   0.726000E+02   0.181082E+04   0.263928E+03   0.101709E+06   0.152319E+05
   0.727000E+02   0.181128E+04   0.263916E+03   0.101751E+06   0.152323E+05
   0.728000E+02   0.181173E+04   0.263905E+03   0.101792E+06   0.152329E+05
   0.729000E+02   0.181218E+04   0.263894E+03   0.101834E+06   0.152334E+05
   0.730000E+02   0.181264E+04   0.263882E+03   0.101875E+06   0.152339E+05
   0.731000E+02   0.181308E+04   0.263869E+03   0.101916E+06   0.152342E+05
   0.732000E+02   0.181353E+04   0.263860E+03   0.101957E+06   0.152348E+05
   0.733000E+02   0.181398E+04   0.263847E+03   0.101997E+06   0.152351E+05
   0.734000E+02   0.181441E+04   0.263835E+03   0.102038E+06   0.152355E+05
   0.735000E+02   0.181486E+04   0.263825E+03   0.102078E+06   0.152360E+05
   0.736000E+02   0.181530E+04   0.263813E+03   0.102118E+06   0.152363E+05
   0.737000E+02   0.181573E+04   0.263801E+03   0.102158E+06   0.152367E+05
   0.738000E+02   0.181617E+04   0.263790E+03   0.102198E+06   0.152371E+05
   0.739000E+02   0.181660E+04   0.263779E+03   0.102238E+06   0.152375E+05
   0.740000E+02   0.181703E+04   0.263768E+03   0.102277E+06   0.152378E+05
   0.741000E+02   0.181746E+04   0.263756E+03   0.102317E+06   0.152383E+05
   0.742000E+02   0.181789E+04   0.263745E+03   0.102356E+06   0.152387E+05
   0.743000E+02   0.181832E+04   0.263733E+03   0.102395E+06   0.152389E+05
   0.744000E+02   0.181874E+04   0.263722E+03   0.102434E+06   0.152394E+05
   0.745000E+02   0.181916E+04   0.263711E+03   0.102472E+06   0.152398E+05
   0.746000E+02   0.181959E+04   0.263699E+03   0.102511E+06   0.152400E+05
   0.747000E+02   0.182000E+04   0.263687E+03   0.102549E+06   0.152404E+05
   0.748000E+02   0.182042E+04   0.263676E+03   0.102587E+06   0.152406E+05
   0.749000E+02   0.182084E+04   0.263665E+03   0.102625E+06   0.152410E+05
   0.750000E+02   0.182125E+04   0.263653E+03   0.102663E+06   0.152412E+05
   0.751000E+02   0.182166E+04   0.263642E+03   0.102701E+06   0.152416E+05
   0.752000E+02   0.182207E+04   0.263631E+03   0.102739E+06   0.152418E+05
   0.753000E+02   0.182248E+04   0.263620E+03   0.102776E+06   0.152421E+05
   0.754000E+02   0.182289E+04   0.263609E+03   0.102813E+06   0.152425E+05
   0.755000E+02   0.182330E+04   0.263597E+03   0.102850E+06   0.152427E+05
   0.756000E+02   0.182370E+04   0.263587E+03   0.102887E+06   0.152432E+05
   0.757000E+02   0.182410E+04   0.263573E+03   0.102924E+06   0.152434E+05
   0.758000E+02   0.182450E+04   0.263564E+03   0.102961E+06   0.152437E+05
   0.759000E+02   0.182490E+04   0.263551E+03   0.102997E+06   0.152438E+05
   0.760000E+02   0.182529E+04   0.263540E+03   0.103034E+06   0.152442E+05
   0.761000E+02   0.182569E+04   0.263528E+03   0.103070E+06   0.152443E+05
   0.762000E+02   0.182608E+04   0.263518E+03   0.103106E+06   0.152445E+05
   0.763000E+02   0.182648E+04   0.263507E+03   0.103142E+06   0.152449E+05
   0.764000E+02   0.182687E+04   0.263497E+03   0.103178E+06   0.152451E+05
   0.765000E+02   0.182725E+04   0.263485E+03   0.103213E+06   0.152454E+05
   0.766000E+02   0.182764E+04   0.263473E+03   0.103249E+06   0.152453E+05
   0.767000E+02   0.182803E+04   0.263462E+03   0.103284E+06   0.152457E+05
   0.768000E+02   0.182841E+04   0.263449E+03   0.103319E+06   0.152458E+05
   0.769000E+02   0.182879E+04   0.263439E+03   0.103354E+06   0.152462E+05
   0.770000E+02   0.182917E+04   0.263429E+03   0.103389E+06   0.152463E+05
   0.771000E+02   0.182955E+04   0.263418E+03   0.103424E+06   0.152466E+05
   0.772000E+02   0.182993E+04   0.263408E+03   0.103458E+06   0.152467E+05
   0.773000E+02   0.183030E+04   0.263396E+03   0.103493E+06   0.152468E+05
   0.774000E+02   0.183067E+04   0.263385E+03   0.103527E+06   0.152470E+05
   0.775000E+02   0.183105E+04   0.263373E+03   0.103561E+06   0.152472E+05
   0.776000E+02   0.183142E+04   0.263360E+03   0.103595E+06   0.152475E+05
   0.777000E+02   0.183179E+04   0.263351E+03   0.103629E+06   0.152476E+05
   0.778000E+02   0.183216E+04   0.263339E+03   0.103663E+06   0.152478E+05
   0.779000E+02   0.183252E+04   0.263328E+03   0.103696E+06   0.152477E+05
   0.780000E+02   0.183289E+04   0.263318E+03   0.103730E+06   0.152480E+05
   0.781000E+02   0.183325E+04   0.263307E+03   0.103763E+06   0.152480E+05
   0.782000E+02   0.183361E+04   0.263295E+03   0.103797E+06   0.152483E+05
   0.783000E+02   0.183397E+04   0.263285E+03   0.103830E+06   0.152484E+05
   0.784000E+02   0.183433E+04   0.263276E+03   0.103862E+06   0.152485E+05
   0.785000E+02   0.183469E+04   0.263264E+03   0.103895E+06   0.152487E+05
   0.786000E+02   0.183504E+04   0.263252E+03   0.103928E+06   0.152487E+05
   0.787000E+02   0.183540E+04   0.263241E+03   0.103960E+06   0.152488E+05
   0.788000E+02   0.183575E+04   0.263230E+03   0.103993E+06   0.152489E+05
   0.789000E+02   0.183610E+04   0.263217E+03   0.104025E+06   0.152491E+05
   0.790000E+02   0.183645E+04   0.263209E+03   0.104057E+06   0.152491E+05
   0.791000E+02   0.183680E+04   0.263198E+03   0.104089E+06   0.152494E+05
   0.792000E+02   0.183714E+04   0.263186E+03   0.104121E+06   0.152493E+05
   0.793000E+02   0.183749E+04   0.263176E+03   0.104153E+06   0.152493E+05
   0.794000E+02   0.183783E+04   0.263166E+03   0.104184E+06   0.152495E+05
   0.795000E+02   0.183818E+04   0.263154E+03   0.104216E+06   0.152494E+05
   0.796000E+02   0.183852E+04   0.263145E+03   0.104247E+06   0.152498E+05
   0.797000E+02   0.183886E+04   0.263132E+03   0.104278E+06   0.152497E+05
   0.798000E+02   0.183919E+04   0.263121E+03   0.104309E+06   0.152498E+05
   0.799000E+02   0.183953E+04   0.263109E+03   0.104340E+06   0.152499E+05
   0.800000E+02   0.183987E+04   0.263099E+03   0.104371E+06   0.152500E+05
   0.801000E+02   0.184020E+04   0.263090E+03   0.104402E+06   0.152500E+05
   0.802000E+02   0.184053E+04   0.263079E+03   0.104432E+06   0.152500E+05
   0.803000E+02   0.184086E+04   0.263067E+03   0.104463E+06   0.152502E+05
   0.804000E+02   0.184119E+04   0.263057E+03   0.104493E+06   0.152501E+05
   0.805000E+02   0.184152E+04   0.263046E+03   0.104523E+06   0.152501E+05
   0.806000E+02   0.184185E+04   0.263035E+03   0.104553E+06   0.152501E+05
   0.807000E+02   0.184217E+04   0.263025E+03   0.104583E+06   0.152502E+05
   0.808000E+02   0.184250E+04   0.263015E+03   0.104613E+06   0.152503E+05
   0.809000E+02   0.184282E+04   0.263004E+03   0.104642E+06   0.152501E+05
   0.810000E+02   0.184314E+04   0.262993E+03   0.104672E+06   0.152503E+05
   0.811000E+02   0.184346E+04   0.262984E+03   0.104701E+06   0.152502E+05
   0.812000E+02   0.184378E+04   0.262972E+03   0.104731E+06   0.152504E+05
   0.813000E+02   0.184410E+04   0.262962E+03   0.104760E+06   0.152503E+05
   0.814000E+02   0.184441E+04   0.262951E+03   0.104789E+06   0.152504E+05
   0.815000E+02   0.184473E+04   0.262943E+03   0.104818E+06   0.152504E+05
   0.816000E+02   0.184504E+04   0.262932E+03   0.104846E+06   0.152503E+05
   0.817000E+02   0.184535E+04   0.262920E+03   0.104875E+06   0.152503E+05
   0.818000E+02   0.184566E+04   0.262911E+03   0.104904E+06   0.152503E+05
   0.819000E+02   0.184597E+04   0.262898E+03   0.104932E+06   0.152503E+05
   0.820000E+02   0.184628E+04   0.262889E+03   0.104960E+06   0.152503E+05
   0.821000E+02   0.184658E+04   0.262879E+03   0.104989E+06   0.152502E+05
   0.822000E+02   0.184689E+04   0.262867E+03   0.105017E+06   0.152502E+05
   0.823000E+02   0.184720E+04   0.262857E+03   0.105045E+06   0.152502E+05
   0.824000E+02   0.184750E+04   0.262849E+03   0.105073E+06   0.152503E+05
   0.825000E+02   0.184780E+04   0.262838E+03   0.105100E+06   0.152500E+05
   0.826000E+02   0.184810E+04   0.262828E+03   0.105128E+06   0.152502E+05
   0.827000E+02   0.184840E+04   0.262816E+03   0.105155E+06   0.152500E+05
   0.828000E+02   0.184870E+04   0.262805E+03   0.105183E+06   0.152501E+05
   0.829000E+02   0.184899E+04   0.262797E+03   0.105210E+06   0.152500E+05
   0.830000E+02   0.184929E+04   0.262786E+03   0.105237E+06   0.152499E+05
   0.831000E+02   0.184958E+04   0.262774E+03   0.105264E+06   0.152499E+05
   0.832000E+02   0.184988E+04   0.262765E+03   0.105291E+06   0.152499E+05
   0.833000E+02   0.185017E+04   0.262756E+03   0.105318E+06   0.152498E+05
   0.834000E+02   0.185046E+04   0.262745E+03   0.105345E+06   0.152498E+05
   0.835000E+02   0.185074E+04   0.262735E+03   0.105371E+06   0.152497E+05
   0.836000E+02   0.185103E+04   0.262724E+03   0.105398E+06   0.152497E+05
   0.837000E+02   0.185132E+04   0.262715E+03   0.105424E+06   0.152496E+05
   0.838000E+02   0.185160E+04   0.262704E+03   0.105451E+06   0.152495E+05
   0.839000E+02   0.185189E+04   0.262695E+03   0.105477E+06   0.152494E+05
   0.840000E+02   0.185217E+04   0.262685E+03   0.105503E+06   0.152494E+05
   0.841000E+02   0.185245E+04   0.262674E+03   0.105529E+06   0.152494E+05
   0.842000E+02   0.185273E+04   0.262664E+03   0.105554E+06   0.152491E+05
   0.843000E+02   0.185301E+04   0.262654E+03   0.105580E+06   0.152491E+05
   0.844000E+02   0.185329E+04   0.262644E+03   0.105606E+06   0.152489E+05
   0.845000E+02   0.185357E+04   0.262635E+03   0.105631E+06   0.152489E+05
   0.846000E+02   0.185384E+04   0.262623E+03   0.105657E+06   0.152488E+05
   0.847000E+02   0.185412E+04   0.262614E+03   0.105682E+06   0.152487E+05
   0.848000E+02   0.185439E+04   0.262605E+03   0.105707E+06   0.152486E+05
   0.849000E+02   0.185467E+04   0.262596E+03   0.105733E+06   0.152485E+05
   0.850000E+02   0.185494E+04   0.262586E+03   0.105758E+06   0.152485E+05
   0.851000E+02   0.185521E+04   0.262577E+03   0.105782E+06   0.152484E+05
   0.852000E+02   0.185547E+04   0.262566E+03   0.105807E+06   0.152483E+05
   0.853000E+02   0.185574E+04   0.262556E+03   0.105832E+06   0.152482E+05
   0.854000E+02   0.185601E+04   0.262545E+03   0.105856E+06   0.152481E+05
   0.855000E+02   0.185628E+04   0.262538E+03   0.105881E+06   0.152479E+05
   0.856000E+02   0.185654E+04   0.262525E+03   0.105905E+06   0.152477E+05
   0.857000E+02   0.185680E+04   0.262517E+03   0.105930E+06   0.152476E+05
   0.858000E+02   0.185707E+04   0.262507E+03   0.105954E+06   0.152476E+05
   0.859000E+02   0.185733E+04   0.262496E+03   0.105978E+06   0.152474E+05
   0.860000E+02   0.185759E+04   0.262487E+03   0.106002E+06   0.152474E+05
   0.861000E+02   0.185785E+04   0.262477E+03   0.106026E+06   0.152474E+05
   0.862000E+02   0.185810E+04   0.262468E+03   0.106049E+06   0.152471E+05
   0.863000E+02   0.185836E+04   0.262460E+03   0.106073E+06   0.152468E+05
   0.864000E+02   0.185862E+04   0.262450E+03   0.106097E+06   0.152469E+05
   0.865000E+02   0.185887E+04   0.262439E+03   0.106120E+06   0.152467E+05
   0.866000E+02   0.185912E+04   0.262430E+03   0.106143E+06   0.152466E+05
   0.867000E+02   0.185937E+04   0.262422E+03   0.106167E+06   0.152464E+05
   0.868000E+02   0.185963E+04   0.262413E+03   0.106190E+06   0.152464E+05
   0.869000E+02   0.185988E+04   0.262403E+03   0.106213E+06   0.152462E+05
   0.870000E+02   0.186013E+04   0.262395E+03   0.106236E+06   0.152461E+05
   0.871000E+02   0.186038E+04   0.262384E+03   0.106259E+06   0.152458E+05
   0.872000E+02   0.186062E+04   0.262374E+03   0.106282E+06   0.152458E+05
   0.873000E+02   0.186087E+04   0.262365E+03   0.106304E+06   0.152456E+05
   0.874000E+02   0.186111E+04   0.262355E+03   0.106327E+06   0.152455E+05
   0.875000E+02   0.186136E+04   0.262347E+03   0.106349E+06   0.152454E+05
   0.876000E+02   0.186160E+04   0.262337E+03   0.106372E+06   0.152452E+05
   0.877000E+02   0.186184E+04   0.262330E+03   0.106394E+06   0.152451E+05
   0.878000E+02   0.186208E+04   0.262319E+03   0.106416E+06   0.152448E+05
   0.879000E+02   0.186232E+04   0.262310E+03   0.106438E+06   0.152447E+05
   0.880000E+02   0.186256E+04   0.262299E+03   0.106461E+06   0.152447E+05
   0.881000E+02   0.186280E+04   0.262290E+03   0.106482E+06   0.152443E+05
   0.882000E+02   0.186304E+04   0.262280E+03   0.106504E+06   0.152443E+05
   0.883000E+02   0.186327E+04   0.262274E+03   0.106526E+06   0.152440E+05
   0.884000E+02   0.186351E+04   0.262264E+03   0.106548E+06   0.152440E+05
   0.885000E+02   0.186374E+04   0.262253E+03   0.106569E+06   0.152438E+05
   0.886000E+02   0.186397E+04   0.262246E+03   0.106591E+06   0.152436E+05
   0.887000E+02   0.186420E+04   0.262235E+03   0.106612E+06   0.152434E+05
   0.888000E+02   0.186444E+04   0.262228E+03   0.106633E+06   0.152432E+05
   0.889000E+02   0.186467E+04   0.262217E+03   0.106655E+06   0.152431E+05
   0.890000E+02   0.186489E+04   0.262208E+03   0.106676E+06   0.152428E+05
   0.891000E+02   0.186512E+04   0.262200E+03   0.106697E+06   0.152428E+05
   0.892000E+02   0.186535E+04   0.262191E+03   0.106718E+06   0.152424E+05
   0.893000E+02   0.186558E+04   0.262182E+03   0.106739E+06   0.152424E+05
   0.894000E+02   0.186580E+04   0.262173E+03   0.106759E+06   0.152421E+05
   0.895000E+02   0.186603E+04   0.262165E+03   0.106780E+06   0.152421E+05
   0.896000E+02   0.186625E+04   0.262155E+03   0.106801E+06   0.152419E+05
   0.897000E+02   0.186647E+04   0.262148E+03   0.106821E+06   0.152416E+05
   0.898000E+02   0.186669E+04   0.262136E+03   0.106842E+06   0.152414E+05
   0.899000E+02   0.186691E+04   0.262130E+03   0.106862E+06   0.152412E+05
   0.900000E+02   0.186713E+04   0.262121E+03   0.106882E+06   0.152410E+05
   0.901000E+02   0.186735E+04   0.262111E+03   0.106902E+06   0.152408E+05
   0.902000E+02   0.186757E+04   0.262103E+03   0.106922E+06   0.152407E+05
   0.903000E+02   0.186779E+04   0.262093E+03   0.106943E+06   0.152407E+05
   0.904000E+02   0.186800E+04   0.262086E+03   0.106962E+06   0.152403E+05
   0.905000E+02   0.186822E+04   0.262077E+03   0.106982E+06   0.152403E+05
   0.906000E+02   0.186843E+04   0.262069E+03   0.107002E+06   0.152399E+05
   0.907000E+02   0.186864E+04   0.262058E+03   0.107022E+06   0.152396E+05
   0.908000E+02   0.186886E+04   0.262050E+03   0.107041E+06   0.152395E+05
   0.909000E+02   0.186907E+04   0.262041E+03   0.107061E+06   0.152393E+05
   0.910000E+02   0.186928E+04   0.262033E+03   0.107080E+06   0.152391E+05
   0.911000E+02   0.186949E+04   0.262024E+03   0.107099E+06   0.152389E+05
   0.912000E+02   0.186969E+04   0.262015E+03   0.107119E+06   0.152387E+05
   0.913000E+02   0.186990E+04   0.262009E+03   0.107138E+06   0.152386E+05
   0.914000E+02   0.187011E+04   0.262000E+03   0.107157E+06   0.152384E+05
   0.915000E+02   0.187031E+04   0.261992E+03   0.107176E+06   0.152381E+05
   0.916000E+02   0.187052E+04   0.261983E+03   0.107195E+06   0.152379E+05
   0.917000E+02   0.187072E+04   0.261973E+03   0.107214E+06   0.152376E+05
   0.918000E+02   0.187093E+04   0.261965E+03   0.107233E+06   0.152375E+05
   0.919000E+02   0.187113E+04   0.261957E+03   0.107251E+06   0.152372E+05
   0.920000E+02   0.187133E+04   0.261948E+03   0.107270E+06   0.152371E+05
   0.921000E+02   0.187153E+04   0.261939E+03   0.107288E+06   0.152370E+05
   0.922000E+02   0.187173E+04   0.261932E+03   0.107307E+06   0.152368E+05
   0.923000E+02   0.187193E+04   0.261925E+03   0.107325E+06   0.152366E+05
   0.924000E+02   0.187213E+04   0.261915E+03   0.107344E+06   0.152362E+05
   0.925000E+02   0.187233E+04   0.261907E+03   0.107362E+06   0.152361E+05
   0.926000E+02   0.187252E+04   0.261898E+03   0.107380E+06   0.152357E+05
   0.927000E+02   0.187272E+04   0.261889E+03   0.107398E+06   0.152355E+05
   0.928000E+02   0.187291E+04   0.261882E+03   0.107416E+06   0.152354E+05
   0.929000E+02   0.187311E+04   0.261874E+03   0.107434E+06   0.152350E+05
   0.930000E+02   0.187330E+04   0.261867E+03   0.107452E+06   0.152350E+05
   0.931000E+02   0.187349E+04   0.261859E+03   0.107470E+06   0.152347E+05
   0.932000E+02   0.187368E+04   0.261849E+03   0.107487E+06   0.152345E+05
   0.933000E+02   0.187388E+04   0.261842E+03   0.107505E+06   0.152342E+05
   0.934000E+02   0.187407E+04   0.261835E+03   0.107523E+06   0.152341E+05
   0.935000E+02   0.187425E+04   0.261826E+03   0.107540E+06   0.152338E+05
   0.936000E+02   0.187445E+04   0.261817E+03   0.107557E+06   0.152335E+05
   0.937000E+02   0.187463E+04   0.261811E+03   0.107575E+06   0.152332E+05
   0.938000E+02   0.187482E+04   0.261804E+03   0.107592E+06   0.152331E+05
   0.939000E+02   0.187500E+04   0.261795E+03   0.107609E+06   0.152329E+05
   0.940000E+02   0.187519E+04   0.261786E+03   0.107626E+06   0.152327E+05
   0.941000E+02   0.187537E+04   0.261777E+03   0.107643E+06   0.152326E+05
   0.942000E+02   0.187556E+04   0.261770E+03   0.107660E+06   0.152322E+05
   0.943000E+02   0.187574E+04   0.261763E+03   0.107677E+06   0.152321E+05
   0.944000E+02   0.187592E+04   0.261756E+03   0.107694E+06   0.152317E+05
   0.945000E+02   0.187610E+04   0.261746E+03   0.107711E+06   0.152317E+05
   0.946000E+02   0.187628E+04   0.261739E+03   0.107728E+06   0.152314E+05
   0.947000E+02   0.187646E+04   0.261730E+03   0.107744E+06   0.152311E+05
   0.948000E+02   0.187664E+04   0.261724E+03   0.107761E+06   0.152308E+05
   0.949000E+02   0.187682E+04   0.261715E+03   0.107777E+06   0.152306E+05
   0.950000E+02   0.187700E+04   0.261708E+03   0.107794E+06   0.152303E+05
   0.951000E+02   0.187717E+04   0.261701E+03   0.107810E+06   0.152301E+05
   0.952000E+02   0.187735E+04   0.261692E+03   0.107826E+06   0.152299E+05
   0.953000E+02   0.187753E+04   0.261684E+03   0.107842E+06   0.152297E+05
   0.954000E+02   0.187770E+04   0.261676E+03   0.107858E+06   0.152295E+05
   0.955000E+02   0.187787E+04   0.261669E+03   0.107875E+06   0.152293E+05
   0.956000E+02   0.187805E+04   0.261663E+03   0.107891E+06   0.152290E+05
   0.957000E+02   0.187822E+04   0.261654E+03   0.107906E+06   0.152288E+05
   0.958000E+02   0.187839E+04   0.261645E+03   0.107922E+06   0.152285E+05
   0.959000E+02   0.187856E+04   0.261640E+03   0.107938E+06   0.152284E+05
   0.960000E+02   0.187873E+04   0.261632E+03   0.107954E+06   0.152280E+05
   0.961000E+02   0.187890E+04   0.261623E+03   0.107969E+06   0.152277E+05
   0.962000E+02   0.187907E+04   0.261616E+03   0.107985E+06   0.152277E+05
   0.963000E+02   0.187924E+04   0.261608E+03   0.108001E+06   0.152274E+05
   0.964000E+02   0.187941E+04   0.261602E+03   0.108016E+06   0.152271E+05
   0.965000E+02   0.187957E+04   0.261593E+03   0.108031E+06   0.152268E+05
   0.966000E+02   0.187974E+04   0.261588E+03   0.108047E+06   0.152267E+05
   0.967000E+02   0.187990E+04   0.261579E+03   0.108062E+06   0.152265E+05
   0.968000E+02   0.188007E+04   0.261572E+03   0.108077E+06   0.152263E+05
   0.969000E+02   0.188023E+04   0.261564E+03   0.108093E+06   0.152260E+05
   0.970000E+02   0.188039E+04   0.261557E+03   0.108108E+06   0.152257E+05
   0.971000E+02   0.188056E+04   0.261549E+03   0.108123E+06   0.152255E+05
   0.972000E+02   0.188072E+04   0.261543E+03   0.108138E+06   0.152252E+05
   0.973000E+02   0.188088E+04   0.261537E+03   0.108152E+06   0.152249E+05
   0.974000E+02   0.188104E+04   0.261528E+03   0.108167E+06   0.152246E+05
   0.975000E+02   0.188120E+04   0.261520E+03   0.108182E+06   0.152246E+05
   0.976000E+02   0.188136E+04   0.261515E+03   0.108197E+06   0.152243E+05
   0.977000E+02   0.188152E+04   0.261506E+03   0.108211E+06   0.152239E+05
   0.978000E+02   0.188167E+04   0.261501E+03   0.108226E+06   0.152239E+05
   0.979000E+02   0.188183E+04   0.261492E+03   0.108240E+06   0.152235E+05
   0.980000E+02   0.188199E+04   0.261487E+03   0.108255E+06   0.152233E+05
   0.981000E+02   0.188214E+04   0.261479E+03   0.108269E+06   0.152231E+05
   0.982000E+02   0.188230E+04   0.261470E+03   0.108284E+06   0.152229E+05
   0.983000E+02   0.188245E+04   0.261464E+03   0.108298E+06   0.152226E+05
   0.984000E+02   0.188261E+04   0.261457E+03   0.108312E+06   0.152224E+05
   0.985000E+02   0.188276E+04   0.261451E+03   0.108326E+06   0.152220E+05
   0.986000E+02   0.188291E+04   0.261442E+03   0.108340E+06   0.152217E+05
   0.987000E+02   0.188306E+04   0.261436E+03   0.108354E+06   0.152216E+05
   0.988000E+02   0.188322E+04   0.261428E+03   0.108368E+06   0.152212E+05
   0.989000E+02   0.188336E+04   0.261422E+03   0.108382E+06   0.152211E+05
   0.990000E+02   0.188352E+04   0.261415E+03   0.108396E+06   0.152210E+05
   0.991000E+02   0.188366E+04   0.261408E+03   0.108410E+06   0.152206E+05
   0.992000E+02   0.188381E+04   0.261399E+03   0.108424E+06   0.152202E+05
   0.993000E+02   0.188396E+04   0.261396E+03   0.108437E+06   0.152202E+05
   0.994000E+02   0.188411E+04   0.261386E+03   0.108451E+06   0.152200E+05
   0.995000E+02   0.188425E+04   0.261382E+03   0.108465E+06   0.152196E+05
   0.996000E+02   0.188440E+04   0.261373E+03   0.108478E+06   0.152194E+05
   0.997000E+02   0.188455E+04   0.261367E+03   0.108492E+06   0.152191E+05
   0.998000E+02   0.188469E+04   0.261361E+03   0.108505E+06   0.152189E+05
   0.999000E+02   0.188484E+04   0.261354E+03   0.108518E+06   0.152185E+05
   0.100000E+03   0.188498E+04   0.261346E+03   0.108531E+06   0.152183E+05
   0.100100E+03   0.188512E+04   0.261339E+03   0.108545E+06   0.152181E+05
   0.100200E+03   0.188526E+04   0.261332E+03   0.108558E+06   0.152178E+05
   0.100300E+03   0.188541E+04   0.261325E+03   0.108571E+06   0.152177E+05
   0.100400E+03   0.188555E+04   0.261319E+03   0.108584E+06   0.152174E+05
   0.100500E+03   0.188569E+04   0.261312E+03   0.108597E+06   0.152171E+05
   0.100600E+03   0.188583E+04   0.261308E+03   0.108610E+06   0.152171E+05
   0.100700E+03   0.188597E+04   0.261301E+03   0.108623E+06   0.152167E+05
   0.100800E+03   0.188611E+04   0.261295E+03   0.108636E+06   0.152165E+05
   0.100900E+03   0.188624E+04   0.261287E+03   0.108649E+06   0.152161E+05
   0.101000E+03   0.188638E+04   0.261281E+03   0.108661E+06   0.152158E+05
   0.101100E+03   0.188652E+04   0.261274E+03   0.108674E+06   0.152158E+05
   0.101200E+03   0.188666E+04   0.261268E+03   0.108687E+06   0.152154E+05
   0.101300E+03   0.188679E+04   0.261260E+03   0.108699E+06   0.152151E+05
   0.101400E+03   0.188693E+04   0.261256E+03   0.108712E+06   0.152148E+05
   0.101500E+03   0.188706E+04   0.261249E+03   0.108724E+06   0.152148E+05
   0.101600E+03   0.188719E+04   0.261241E+03   0.108737E+06   0.152145E+05
   0.101700E+03   0.188733E+04   0.261236E+03   0.108749E+06   0.152143E+05
   0.101800E+03   0.188746E+04   0.261229E+03   0.108761E+06   0.152140E+05
   0.101900E+03   0.188759E+04   0.261223E+03   0.108773E+06   0.152136E+05
   0.102000E+03   0.188773E+04   0.261216E+03   0.108786E+06   0.152134E+05
   0.102100E+03   0.188786E+04   0.261210E+03   0.108798E+06   0.152131E+05
   0.102200E+03   0.188799E+04   0.261204E+03   0.108810E+06   0.152130E+05
   0.102300E+03   0.188812E+04   0.261197E+03   0.108822E+06   0.152129E+05
   0.102400E+03   0.188825E+04   0.261190E+03   0.108834E+06   0.152124E+05
   0.102500E+03   0.188838E+04   0.261185E+03   0.108846E+06   0.152122E+05
   0.102600E+03   0.188851E+04   0.261180E+03   0.108858E+06   0.152119E+05
   0.102700E+03   0.188863E+04   0.261170E+03   0.108870E+06   0.152118E+05
   0.102800E+03   0.188876E+04   0.261166E+03   0.108881E+06   0.152113E+05
   0.102900E+03   0.188889E+04   0.261161E+03   0.108893E+06   0.152113E+05
   0.103000E+03   0.188901E+04   0.261153E+03   0.108905E+06   0.152111E+05
   0.103100E+03   0.188914E+04   0.261149E+03   0.108917E+06   0.152107E+05
   0.103200E+03   0.188927E+04   0.261141E+03   0.108928E+06   0.152106E+05
   0.103300E+03   0.188939E+04   0.261136E+03   0.108940E+06   0.152103E+05
   0.103400E+03   0.188951E+04   0.261129E+03   0.108951E+06   0.152100E+05
   0.103500E+03   0.188964E+04   0.261123E+03   0.108963E+06   0.152098E+05
   0.103600E+03   0.188976E+04   0.261118E+03   0.108974E+06   0.152095E+05
   0.103700E+03   0.188988E+04   0.261111E+03   0.108986E+06   0.152092E+05
   0.103800E+03   0.189000E+04   0.261104E+03   0.108997E+06   0.152090E+05
   0.103900E+03   0.189013E+04   0.261099E+03   0.109008E+06   0.152088E+05
   0.104000E+03   0.189025E+04   0.261093E+03   0.109019E+06   0.152085E+05
   0.104100E+03   0.189037E+04   0.261089E+03   0.109031E+06   0.152084E+05
   0.104200E+03   0.189049E+04   0.261081E+03   0.109042E+06   0.152079E+05
   0.104300E+03   0.189061E+04   0.261074E+03   0.109053E+06   0.152078E+05
   0.104400E+03   0.189073E+04   0.261069E+03   0.109064E+06   0.152075E+05
   0.104500E+03   0.189085E+04   0.261064E+03   0.109075E+06   0.152072E+05
   0.104600E+03   0.189097E+04   0.261058E+03   0.109086E+06   0.152070E+05
   0.104700E+03   0.189108E+04   0.261052E+03   0.109096E+06   0.152068E+05
   0.104800E+03   0.189120E+04   0.261048E+03   0.109107E+06   0.152066E+05
   0.104900E+03   0.189132E+04   0.261039E+03   0.109118E+06   0.152064E+05
   0.105000E+03   0.189143E+04   0.261035E+03   0.109129E+06   0.152061E+05
   0.105100E+03   0.189155E+04   0.261030E+03   0.109140E+06   0.152057E+05
   0.105200E+03   0.189166E+04   0.261023E+03   0.109150E+06   0.152057E+05
   0.105300E+03   0.189178E+04   0.261020E+03   0.109161E+06   0.152054E+05
   0.105400E+03   0.189189E+04   0.261012E+03   0.109171E+06   0.152051E+05
   0.105500E+03   0.189200E+04   0.261005E+03   0.109182E+06   0.152048E+05
   0.105600E+03   0.189212E+04   0.261000E+03   0.109192E+06   0.152045E+05
   0.105700E+03   0.189223E+04   0.260996E+03   0.109203E+06   0.152045E+05
   0.105800E+03   0.189234E+04   0.260989E+03   0.109213E+06   0.152043E+05
   0.105900E+03   0.189245E+04   0.260985E+03   0.109224E+06   0.152039E+05
   0.106000E+03   0.189257E+04   0.260978E+03   0.109234E+06   0.152038E+05
   0.106100E+03   0.189267E+04   0.260973E+03   0.109244E+06   0.152035E+05
   0.106200E+03   0.189279E+04   0.260967E+03   0.109254E+06   0.152031E+05
   0.106300E+03   0.189290E+04   0.260960E+03   0.109264E+06   0.152029E+05
   0.106400E+03   0.189301E+04   0.260956E+03   0.109275E+06   0.152027E+05
   0.106500E+03   0.189312E+04   0.260950E+03   0.109285E+06   0.152025E+05
   0.106600E+03   0.189322E+04   0.260946E+03   0.109295E+06   0.152024E+05
   0.106700E+03   0.189333E+04   0.260938E+03   0.109305E+06   0.152019E+05
   0.106800E+03   0.189344E+04   0.260934E+03   0.109315E+06   0.152018E+05
   0.106900E+03   0.189355E+04   0.260929E+03   0.109325E+06   0.152013E+05
   0.107000E+03   0.189365E+04   0.260923E+03   0.109335E+06   0.152013E+05
   0.107100E+03   0.189376E+04   0.260917E+03   0.109344E+06   0.152009E+05
   0.107200E+03   0.189386E+04   0.260914E+03   0.109354E+06   0.152007E+05
   0.107300E+03   0.189397E+04   0.260906E+03   0.109364E+06   0.152004E+05
   0.107400E+03   0.189408E+04   0.260902E+03   0.109374E+06   0.152004E+05
   0.107500E+03   0.189418E+04   0.260896E+03   0.109383E+06   0.152000E+05
   0.107600E+03   0.189428E+04   0.260892E+03   0.109393E+06   0.151997E+05
   0.107700E+03   0.189439E+04   0.260887E+03   0.109402E+06   0.151996E+05
   0.107800E+03   0.189449E+04   0.260880E+03   0.109412E+06   0.151994E+05
   0.107900E+03   0.189459E+04   0.260874E+03   0.109422E+06   0.151991E+05
   0.108000E+03   0.189470E+04   0.260870E+03   0.109431E+06   0.151988E+05
   0.108100E+03   0.189480E+04   0.260864E+03   0.109440E+06   0.151986E+05
   0.108200E+03   0.189490E+04   0.260858E+03   0.109450E+06   0.151984E+05
   0.108300E+03   0.189500E+04   0.260855E+03   0.109459E+06   0.151981E+05
   0.108400E+03   0.189510E+04   0.260849E+03   0.109468E+06   0.151978E+05
   0.108500E+03   0.189520E+04   0.260844E+03   0.109478E+06   0.151976E+05
   0.108600E+03   0.189530E+04   0.260838E+03   0.109487E+06   0.151974E+05
   0.108700E+03   0.189540E+04   0.260833E+03   0.109496E+06   0.151973E+05
   0.108800E+03   0.189550E+04   0.260827E+03   0.109505E+06   0.151970E+05
   0.108900E+03   0.189560E+04   0.260822E+03   0.109514E+06   0.151968E+05
   0.109000E+03   0.189569E+04   0.260818E+03   0.109523E+06   0.151965E+05
   0.109100E+03   0.189579E+04   0.260813E+03   0.109532E+06   0.151962E+05
   0.109200E+03   0.189589E+04   0.260807E+03   0.109542E+06   0.151961E+05
   0.109300E+03   0.189599E+04   0.260803E+03   0.109551E+06   0.151959E+05
   0.109400E+03   0.189608E+04   0.260799E+03   0.109559E+06   0.151955E+05
   0.109500E+03   0.189618E+04   0.260791E+03   0.109568E+06   0.151954E+05
   0.109600E+03   0.189627E+04   0.260788E+03   0.109577E+06   0.151950E+05
   0.109700E+03   0.189637E+04   0.260784E+03   0.109586E+06   0.151949E+05
   0.109800E+03   0.189646E+04   0.260776E+03   0.109595E+06   0.151947E+05
   0.109900E+03   0.189656E+04   0.260773E+03   0.109603E+06   0.151945E+05
   0.110000E+03   0.189665E+04   0.260768E+03   0.109612E+06   0.151942E+05
   0.110100E+03   0.189674E+04   0.260760E+03   0.109621E+06   0.151938E+05
   0.110200E+03   0.189684E+04   0.260758E+03   0.109629E+06   0.151938E+05
   0.110300E+03   0.189693E+04   0.260752E+03   0.109638E+06   0.151935E+05
   0.110400E+03   0.189702E+04   0.260749E+03   0.109646E+06   0.151933E+05
   0.110500E+03   0.189711E+04   0.260743E+03   0.109655E+06   0.151930E+05
   0.110600E+03   0.189721E+04   0.260737E+03   0.109663E+06   0.151930E+05
   0.110700E+03   0.189730E+04   0.260734E+03   0.109672E+06   0.151927E+05
   0.110800E+03   0.189739E+04   0.260728E+03   0.109680E+06   0.151923E+05
   0.110900E+03   0.189748E+04   0.260723E+03   0.109689E+06   0.151921E+05
   0.111000E+03   0.189757E+04   0.260719E+03   0.109697E+06   0.151919E+05
   0.111100E+03   0.189766E+04   0.260713E+03   0.109705E+06   0.151917E+05
   0.111200E+03   0.189775E+04   0.260711E+03   0.109714E+06   0.151915E+05
   0.111300E+03   0.189784E+04   0.260703E+03   0.109722E+06   0.151912E+05
   0.111400E+03   0.189792E+04   0.260699E+03   0.109730E+06   0.151910E+05
   0.111500E+03   0.189801E+04   0.260694E+03   0.109738E+06   0.151909E+05
   0.111600E+03   0.189810E+04   0.260689E+03   0.109746E+06   0.151906E+05
   0.111700E+03   0.189819E+04   0.260686E+03   0.109754E+06   0.151903E+05
   0.111800E+03   0.189827E+04   0.260681E+03   0.109763E+06   0.151902E+05
   0.111900E+03   0.189836E+04   0.260677E+03   0.109770E+06   0.151899E+05
   0.112000E+03   0.189845E+04   0.260672E+03   0.109779E+06   0.151898E+05
   0.112100E+03   0.189853E+04   0.260668E+03   0.109786E+06   0.151894E+05
   0.112200E+03   0.189862E+04   0.260663E+03   0.109794E+06   0.151893E+05
   0.112300E+03   0.189870E+04   0.260657E+03   0.109802E+06   0.151889E+05
   0.112400E+03   0.189879E+04   0.260653E+03   0.109810E+06   0.151887E+05
   0.112500E+03   0.189887E+04   0.260649E+03   0.109818E+06   0.151887E+05
   0.112600E+03   0.189896E+04   0.260646E+03   0.109826E+06   0.151883E+05
   0.112700E+03   0.189904E+04   0.260641E+03   0.109833E+06   0.151880E+05
   0.112800E+03   0.189912E+04   0.260636E+03   0.109841E+06   0.151880E+05
   0.112900E+03   0.189920E+04   0.260630E+03   0.109849E+06   0.151876E+05
   0.113000E+03   0.189929E+04   0.260627E+03   0.109856E+06   0.151876E+05
   0.113100E+03   0.189937E+04   0.260621E+03   0.109864E+06   0.151872E+05
   0.113200E+03   0.189945E+04   0.260616E+03   0.109872E+06   0.151869E+05
   0.113300E+03   0.189954E+04   0.260612E+03   0.109879E+06   0.151868E+05
   0.113400E+03   0.189962E+04   0.260608E+03   0.109887E+06   0.151866E+05
   0.113500E+03   0.189970E+04   0.260603E+03   0.109894E+06   0.151863E+05
   0.113600E+03   0.189978E+04   0.260600E+03   0.109902E+06   0.151860E+05
   0.113700E+03   0.189986E+04   0.260596E+03   0.109909E+06   0.151858E+05
   0.113800E+03   0.189994E+04   0.260591E+03   0.109917E+06   0.151857E+05
   0.113900E+03   0.190002E+04   0.260587E+03   0.109924E+06   0.151855E+05
   0.114000E+03   0.190010E+04   0.260582E+03   0.109931E+06   0.151853E+05
   0.114100E+03   0.190017E+04   0.260578E+03   0.109939E+06   0.151851E+05
   0.114200E+03   0.190025E+04   0.260573E+03   0.109946E+06   0.151849E+05
   0.114300E+03   0.190033E+04   0.260569E+03   0.109953E+06   0.151846E+05
   0.114400E+03   0.190041E+04   0.260564E+03   0.109960E+06   0.151845E+05
   0.114500E+03   0.190049E+04   0.260562E+03   0.109968E+06   0.151844E+05
   0.114600E+03   0.190057E+04   0.260557E+03   0.109975E+06   0.151839E+05
   0.114700E+03   0.190064E+04   0.260553E+03   0.109982E+06   0.151837E+05
   0.114800E+03   0.190072E+04   0.260549E+03   0.109989E+06   0.151836E+05
   0.114900E+03   0.190080E+04   0.260544E+03   0.109996E+06   0.151834E+05
   0.115000E+03   0.190087E+04   0.260540E+03   0.110003E+06   0.151832E+05
   0.115100E+03   0.190095E+04   0.260535E+03   0.110010E+06   0.151829E+05
   0.115200E+03   0.190102E+04   0.260532E+03   0.110017E+06   0.151827E+05
   0.115300E+03   0.190110E+04   0.260526E+03   0.110024E+06   0.151826E+05
   0.115400E+03   0.190117E+04   0.260523E+03   0.110031E+06   0.151822E+05
   0.115500E+03   0.190125E+04   0.260519E+03   0.110038E+06   0.151821E+05
   0.115600E+03   0.190132E+04   0.260516E+03   0.110045E+06   0.151819E+05
   0.115700E+03   0.190139E+04   0.260510E+03   0.110051E+06   0.151816E+05
   0.115800E+03   0.190147E+04   0.260506E+03   0.110058E+06   0.151816E+05
   0.115900E+03   0.190154E+04   0.260503E+03   0.110065E+06   0.151812E+05
   0.116000E+03   0.190161E+04   0.260498E+03   0.110072E+06   0.151810E+05
   0.116100E+03   0.190169E+04   0.260494E+03   0.110078E+06   0.151807E+05
   0.116200E+03   0.190176E+04   0.260491E+03   0.110085E+06   0.151808E+05
   0.116300E+03   0.190183E+04   0.260485E+03   0.110092E+06   0.151804E+05
   0.116400E+03   0.190190E+04   0.260483E+03   0.110098E+06   0.151801E+05
   0.116500E+03   0.190197E+04   0.260479E+03   0.110105E+06   0.151800E+05
   0.116600E+03   0.190204E+04   0.260475E+03   0.110112E+06   0.151797E+05
   0.116700E+03   0.190211E+04   0.260471E+03   0.110118E+06   0.151795E+05
   0.116800E+03   0.190218E+04   0.260467E+03   0.110125E+06   0.151795E+05
   0.116900E+03   0.190225E+04   0.260462E+03   0.110131E+06   0.151793E+05
   0.117000E+03   0.190232E+04   0.260457E+03   0.110138E+06   0.151790E+05
   0.117100E+03   0.190239E+04   0.260456E+03   0.110144E+06   0.151788E+05
   0.117200E+03   0.190246E+04   0.260452E+03   0.110150E+06   0.151786E+05
   0.117300E+03   0.190253E+04   0.260447E+03   0.110157E+06   0.151784E+05
   0.117400E+03   0.190260E+04   0.260445E+03   0.110163E+06   0.151782E+05
   0.117500E+03   0.190267E+04   0.260440E+03   0.110169E+06   0.151781E+05
   0.117600E+03   0.190274E+04   0.260435E+03   0.110176E+06   0.151778E+05
   0.117700E+03   0.190280E+04   0.260430E+03   0.110182E+06   0.151776E+05
   0.117800E+03   0.190287E+04   0.260428E+03   0.110188E+06   0.151775E+05
   0.117900E+03   0.190294E+04   0.260423E+03   0.110195E+06   0.151773E+05
   0.118000E+03   0.190301E+04   0.260420E+03   0.110201E+06   0.151770E+05
   0.118100E+03   0.190307E+04   0.260417E+03   0.110207E+06   0.151768E+05
   0.118200E+03   0.190314E+04   0.260414E+03   0.110213E+06   0.151767E+05
   0.118300E+03   0.190320E+04   0.260408E+03   0.110219E+06   0.151765E+05
   0.118400E+03   0.190327E+04   0.260406E+03   0.110225E+06   0.151761E+05
   0.118500E+03   0.190334E+04   0.260401E+03   0.110231E+06   0.151760E+05
   0.118600E+03   0.190340E+04   0.260398E+03   0.110237E+06   0.151758E+05
   0.118700E+03   0.190346E+04   0.260396E+03   0.110243E+06   0.151757E+05
   0.118800E+03   0.190353E+04   0.260388E+03   0.110249E+06   0.151753E+05
   0.118900E+03   0.190359E+04   0.260385E+03   0.110255E+06   0.151752E+05
   0.119000E+03   0.190366E+04   0.260383E+03   0.110261E+06   0.151750E+05
   0.119100E+03   0.190372E+04   0.260379E+03   0.110267E+06   0.151750E+05
   0.119200E+03   0.190378E+04   0.260375E+03   0.110273E+06   0.151746E+05
   0.119300E+03   0.190385E+04   0.260372E+03   0.110279E+06   0.151745E+05
   0.119400E+03   0.190391E+04   0.260367E+03   0.110285E+06   0.151741E+05
   0.119500E+03   0.190397E+04   0.260364E+03   0.110291E+06   0.151741E+05
   0.119600E+03   0.190404E+04   0.260361E+03   0.110296E+06   0.151740E+05
   0.119700E+03   0.190410E+04   0.260359E+03   0.110302E+06   0.151736E+05
   0.119800E+03   0.190416E+04   0.260353E+03   0.110308E+06   0.151736E+05
   0.119900E+03   0.190422E+04   0.260350E+03   0.110313E+06   0.151733E+05
   0.120000E+03   0.190428E+04   0.260345E+03   0.110319E+06   0.151732E+05
   0.120100E+03   0.190434E+04   0.260342E+03   0.110325E+06   0.151729E+05
   0.120200E+03   0.190441E+04   0.260340E+03   0.110330E+06   0.151727E+05
   0.120300E+03   0.190446E+04   0.260335E+03   0.110336E+06   0.151726E+05
   0.120400E+03   0.190453E+04   0.260332E+03   0.110342E+06   0.151723E+05
   0.120500E+03   0.190459E+04   0.260329E+03   0.110347E+06   0.151723E+05
   0.120600E+03   0.190465E+04   0.260326E+03   0.110353E+06   0.151720E+05
   0.120700E+03   0.190470E+04   0.260322E+03   0.110358E+06   0.151717E+05
   0.120800E+03   0.190477E+04   0.260318E+03   0.110364E+06   0.151715E+05
   0.120900E+03   0.190483E+04   0.260315E+03   0.110369E+06   0.151716E+05
   0.121000E+03   0.190488E+04   0.260312E+03   0.110375E+06   0.151713E+05
   0.121100E+03   0.190494E+04   0.260310E+03   0.110380E+06   0.151711E+05
   0.121200E+03   0.190500E+04   0.260305E+03   0.110386E+06   0.151708E+05
   0.121300E+03   0.190506E+04   0.260300E+03   0.110391E+06   0.151708E+05
   0.121400E+03   0.190512E+04   0.260298E+03   0.110396E+06   0.151705E+05
   0.121500E+03   0.190517E+04   0.260295E+03   0.110402E+06   0.151703E+05
   0.121600E+03   0.190523E+04   0.260292E+03   0.110407E+06   0.151701E+05
   0.121700E+03   0.190529E+04   0.260287E+03   0.110412E+06   0.151700E+05
   0.121800E+03   0.190534E+04   0.260284E+03   0.110418E+06   0.151697E+05
   0.121900E+03   0.190540E+04   0.260281E+03   0.110423E+06   0.151696E+05
   0.122000E+03   0.190546E+04   0.260278E+03   0.110428E+06   0.151694E+05
   0.122100E+03   0.190551E+04   0.260276E+03   0.110433E+06   0.151693E+05
   0.122200E+03   0.190557E+04   0.260271E+03   0.110438E+06   0.151690E+05
   0.122300E+03   0.190562E+04   0.260267E+03   0.110444E+06   0.151689E+05
   0.122400E+03   0.190568E+04   0.260264E+03   0.110449E+06   0.151687E+05
   0.122500E+03   0.190573E+04   0.260261E+03   0.110454E+06   0.151686E+05
   0.122600E+03   0.190579E+04   0.260257E+03   0.110459E+06   0.151684E+05
   0.122700E+03   0.190585E+04   0.260255E+03   0.110464E+06   0.151683E+05
   0.122800E+03   0.190590E+04   0.260252E+03   0.110469E+06   0.151680E+05
   0.122900E+03   0.190596E+04   0.260247E+03   0.110474E+06   0.151678E+05
   0.123000E+03   0.190601E+04   0.260246E+03   0.110479E+06   0.151676E+05
   0.123100E+03   0.190606E+04   0.260243E+03   0.110484E+06   0.151674E+05
   0.123200E+03   0.190612E+04   0.260239E+03   0.110489E+06   0.151674E+05
   0.123300E+03   0.190617E+04   0.260236E+03   0.110494E+06   0.151670E+05
   0.123400E+03   0.190622E+04   0.260233E+03   0.110499E+06   0.151669E+05
   0.123500E+03   0.190628E+04   0.260230E+03   0.110504E+06   0.151669E+05
   0.123600E+03   0.190633E+04   0.260226E+03   0.110509E+06   0.151664E+05
   0.123700E+03   0.190638E+04   0.260223E+03   0.110513E+06   0.151663E+05
   0.123800E+03   0.190643E+04   0.260220E+03   0.110518E+06   0.151663E+05
   0.123900E+03   0.190648E+04   0.260219E+03   0.110523E+06   0.151659E+05
   0.124000E+03   0.190653E+04   0.260213E+03   0.110528E+06   0.151660E+05
   0.124100E+03   0.190659E+04   0.260211E+03   0.110533E+06   0.151658E+05
   0.124200E+03   0.190664E+04   0.260208E+03   0.110538E+06   0.151656E+05
   0.124300E+03   0.190669E+04   0.260206E+03   0.110542E+06   0.151655E+05
   0.124400E+03   0.190674E+04   0.260201E+03   0.110547E+06   0.151651E+05
   0.124500E+03   0.190679E+04   0.260200E+03   0.110552E+06   0.151652E+05
   0.124600E+03   0.190684E+04   0.260194E+03   0.110556E+06   0.151649E+05
   0.124700E+03   0.190689E+04   0.260192E+03   0.110561E+06   0.151648E+05
   0.124800E+03   0.190694E+04   0.260191E+03   0.110566E+06   0.151644E+05
   0.124900E+03   0.190699E+04   0.260185E+03   0.110570E+06   0.151645E+05
   0.125000E+03   0.190704E+04   0.260184E+03   0.110575E+06   0.151642E+05
   0.125100E+03   0.190709E+04   0.260180E+03   0.110579E+06   0.151639E+05
   0.125200E+03   0.190714E+04   0.260177E+03   0.110584E+06   0.151639E+05
   0.125300E+03   0.190719E+04   0.260175E+03   0.110588E+06   0.151636E+05
   0.125400E+03   0.190724E+04   0.260172E+03   0.110593E+06   0.151635E+05
   0.125500E+03   0.190729E+04   0.260169E+03   0.110598E+06   0.151635E+05
   0.125600E+03   0.190734E+04   0.260167E+03   0.110602E+06   0.151632E+05
   0.125700E+03   0.190739E+04   0.260163E+03   0.110606E+06   0.151630E+05
   0.125800E+03   0.190743E+04   0.260159E+03   0.110611E+06   0.151630E+05
   0.125900E+03   0.190748E+04   0.260158E+03   0.110615E+06   0.151628E+05
   0.126000E+03   0.190753E+04   0.260155E+03   0.110620E+06   0.151625E+05
   0.126100E+03   0.190757E+04   0.260150E+03   0.110624E+06   0.151623E+05
   0.126200E+03   0.190762E+04   0.260150E+03   0.110628E+06   0.151621E+05
   0.126300E+03   0.190767E+04   0.260147E+03   0.110633E+06   0.151621E+05
   0.126400E+03   0.190772E+04   0.260143E+03   0.110637E+06   0.151619E+05
   0.126500E+03   0.190776E+04   0.260142E+03   0.110641E+06   0.151618E+05
   0.126600E+03   0.190781E+04   0.260139E+03   0.110646E+06   0.151616E+05
   0.126700E+03   0.190786E+04   0.260135E+03   0.110650E+06   0.151614E+05
   0.126800E+03   0.190790E+04   0.260132E+03   0.110654E+06   0.151613E+05
   0.126900E+03   0.190795E+04   0.260129E+03   0.110659E+06   0.151611E+05
   0.127000E+03   0.190799E+04   0.260127E+03   0.110663E+06   0.151608E+05
   0.127100E+03   0.190804E+04   0.260124E+03   0.110667E+06   0.151607E+05
   0.127200E+03   0.190808E+04   0.260121E+03   0.110671E+06   0.151605E+05
   0.127300E+03   0.190813E+04   0.260118E+03   0.110675E+06   0.151604E+05
   0.127400E+03   0.190817E+04   0.260115E+03   0.110679E+06   0.151603E+05
   0.127500E+03   0.190822E+04   0.260112E+03   0.110684E+06   0.151600E+05
   0.127600E+03   0.190826E+04   0.260109E+03   0.110688E+06   0.151599E+05
   0.127700E+03   0.190831E+04   0.260106E+03   0.110692E+06   0.151598E+05
   0.127800E+03   0.190835E+04   0.260104E+03   0.110696E+06   0.151597E+05
   0.127900E+03   0.190839E+04   0.260101E+03   0.110700E+06   0.151594E+05
   0.128000E+03   0.190844E+04   0.260099E+03   0.110704E+06   0.151593E+05
   0.128100E+03   0.190848E+04   0.260094E+03   0.110708E+06   0.151593E+05
   0.128200E+03   0.190853E+04   0.260092E+03   0.110712E+06   0.151591E+05
   0.128300E+03   0.190857E+04   0.260090E+03   0.110716E+06   0.151588E+05
   0.128400E+03   0.190861E+04   0.260089E+03   0.110720E+06   0.151587E+05
   0.128500E+03   0.190865E+04   0.260085E+03   0.110724E+06   0.151586E+05
   0.128600E+03   0.190870E+04   0.260082E+03   0.110728E+06   0.151585E+05
   0.128700E+03   0.190874E+04   0.260081E+03   0.110732E+06   0.151584E+05
   0.128800E+03   0.190878E+04   0.260078E+03   0.110736E+06   0.151580E+05
   0.128900E+03   0.190882E+04   0.260076E+03   0.110740E+06   0.151580E+05
   0.129000E+03   0.190887E+04   0.260071E+03   0.110744E+06   0.151578E+05
   0.129100E+03   0.190891E+04   0.260068E+03   0.110748E+06   0.151578E+05
   0.129200E+03   0.190895E+04   0.260067E+03   0.110751E+06   0.151575E+05
   0.129300E+03   0.190899E+04   0.260067E+03   0.110755E+06   0.151574E+05
   0.129400E+03   0.190903E+04   0.260064E+03   0.110759E+06   0.151573E+05
   0.129500E+03   0.190907E+04   0.260059E+03   0.110763E+06   0.151571E+05
   0.129600E+03   0.190911E+04   0.260057E+03   0.110766E+06   0.151570E+05
   0.129700E+03   0.190916E+04   0.260055E+03   0.110770E+06   0.151567E+05
   0.129800E+03   0.190919E+04   0.260053E+03   0.110774E+06   0.151567E+05
   0.129900E+03   0.190924E+04   0.260048E+03   0.110778E+06   0.151565E+05
   0.130000E+03   0.190927E+04   0.260047E+03   0.110782E+06   0.151564E+05
   0.130100E+03   0.190931E+04   0.260046E+03   0.110785E+06   0.151563E+05
   0.130200E+03   0.190935E+04   0.260041E+03   0.110789E+06   0.151560E+05
   0.130300E+03   0.190939E+04   0.260041E+03   0.110793E+06   0.151560E+05
   0.130400E+03   0.190943E+04   0.260036E+03   0.110796E+06   0.151557E+05
   0.130500E+03   0.190947E+04   0.260034E+03   0.110800E+06   0.151556E+05
   0.130600E+03   0.190951E+04   0.260034E+03   0.110804E+06   0.151555E+05
   0.130700E+03   0.190955E+04   0.260029E+03   0.110807E+06   0.151554E+05
   0.130800E+03   0.190959E+04   0.260028E+03   0.110811E+06   0.151551E+05
   0.130900E+03   0.190963E+04   0.260025E+03   0.110814E+06   0.151551E+05
   0.131000E+03   0.190967E+04   0.260022E+03   0.110818E+06   0.151549E+05
   0.131100E+03   0.190970E+04   0.260020E+03   0.110821E+06   0.151547E+05
   0.131200E+03   0.190974E+04   0.260019E+03   0.110825E+06   0.151546E+05
   0.131300E+03   0.190978E+04   0.260015E+03   0.110829E+06   0.151544E+05
   0.131400E+03   0.190982E+04   0.260013E+03   0.110832E+06   0.151544E+05
   0.131500E+03   0.190986E+04   0.260011E+03   0.110835E+06   0.151543E+05
   0.131600E+03   0.190990E+04   0.260009E+03   0.110839E+06   0.151540E+05
   0.131700E+03   0.190993E+04   0.260006E+03   0.110842E+06   0.151540E+05
   0.131800E+03   0.190997E+04   0.260002E+03   0.110846E+06   0.151538E+05
   0.131900E+03   0.191000E+04   0.260003E+03   0.110849E+06   0.151536E+05
   0.132000E+03   0.191004E+04   0.259998E+03   0.110853E+06   0.151534E+05
   0.132100E+03   0.191008E+04   0.259998E+03   0.110856E+06   0.151534E+05
   0.132200E+03   0.191012E+04   0.259993E+03   0.110859E+06   0.151532E+05
   0.132300E+03   0.191015E+04   0.259991E+03   0.110863E+06   0.151529E+05
   0.132400E+03   0.191019E+04   0.259991E+03   0.110866E+06   0.151528E+05
   0.132500E+03   0.191023E+04   0.259988E+03   0.110870E+06   0.151530E+05
   0.132600E+03   0.191026E+04   0.259985E+03   0.110873E+06   0.151528E+05
   0.132700E+03   0.191030E+04   0.259984E+03   0.110876E+06   0.151526E+05
   0.132800E+03   0.191033E+04   0.259982E+03   0.110879E+06   0.151525E+05
   0.132900E+03   0.191037E+04   0.259979E+03   0.110883E+06   0.151521E+05
   0.133000E+03   0.191040E+04   0.259977E+03   0.110886E+06   0.151520E+05
   0.133100E+03   0.191044E+04   0.259975E+03   0.110889E+06   0.151518E+05
   0.133200E+03   0.191047E+04   0.259973E+03   0.110893E+06   0.151519E+05
   0.133300E+03   0.191051E+04   0.259970E+03   0.110896E+06   0.151517E+05
   0.133400E+03   0.191054E+04   0.259967E+03   0.110899E+06   0.151516E+05
   0.133500E+03   0.191058E+04   0.259965E+03   0.110902E+06   0.151515E+05
   0.133600E+03   0.191061E+04   0.259962E+03   0.110905E+06   0.151514E+05
   0.133700E+03   0.191065E+04   0.259962E+03   0.110908E+06   0.151513E+05
   0.133800E+03   0.191068E+04   0.259959E+03   0.110912E+06   0.151511E+05
   0.133900E+03   0.191071E+04   0.259957E+03   0.110915E+06   0.151510E+05
   0.134000E+03   0.191075E+04   0.259955E+03   0.110918E+06   0.151508E+05
   0.134100E+03   0.191078E+04   0.259953E+03   0.110921E+06   0.151506E+05
   0.134200E+03   0.191081E+04   0.259950E+03   0.110924E+06   0.151506E+05
   0.134300E+03   0.191085E+04   0.259947E+03   0.110927E+06   0.151505E+05
   0.134400E+03   0.191088E+04   0.259946E+03   0.110930E+06   0.151504E+05
   0.134500E+03   0.191092E+04   0.259943E+03   0.110934E+06   0.151501E+05
   0.134600E+03   0.191095E+04   0.259941E+03   0.110937E+06   0.151501E+05
   0.134700E+03   0.191098E+04   0.259939E+03   0.110940E+06   0.151500E+05
   0.134800E+03   0.191102E+04   0.259937E+03   0.110943E+06   0.151499E+05
   0.134900E+03   0.191105E+04   0.259934E+03   0.110946E+06   0.151498E+05
   0.135000E+03   0.191108E+04   0.259931E+03   0.110949E+06   0.151495E+05
   0.135100E+03   0.191111E+04   0.259930E+03   0.110952E+06   0.151494E+05
   0.135200E+03   0.191114E+04   0.259929E+03   0.110955E+06   0.151492E+05
   0.135300E+03   0.191118E+04   0.259926E+03   0.110958E+06   0.151492E+05
   0.135400E+03   0.191121E+04   0.259924E+03   0.110961E+06   0.151491E+05
   0.135500E+03   0.191124E+04   0.259922E+03   0.110964E+06   0.151489E+05
   0.135600E+03   0.191127E+04   0.259921E+03   0.110966E+06   0.151487E+05
   0.135700E+03   0.191130E+04   0.259919E+03   0.110969E+06   0.151487E+05
   0.135800E+03   0.191133E+04   0.259917E+03   0.110972E+06   0.151485E+05
   0.135900E+03   0.191137E+04   0.259916E+03   0.110975E+06   0.151485E+05
   0.136000E+03   0.191140E+04   0.259911E+03   0.110978E+06   0.151483E+05
   0.136100E+03   0.191143E+04   0.259909E+03   0.110981E+06   0.151481E+05
   0.136200E+03   0.191146E+04   0.259908E+03   0.110984E+06   0.151481E+05
   0.136300E+03   0.191149E+04   0.259906E+03   0.110987E+06   0.151479E+05
   0.136400E+03   0.191152E+04   0.259905E+03   0.110989E+06   0.151477E+05
   0.136500E+03   0.191155E+04   0.259902E+03   0.110992E+06   0.151476E+05
   0.136600E+03   0.191158E+04   0.259899E+03   0.110995E+06   0.151476E+05
   0.136700E+03   0.191161E+04   0.259898E+03   0.110998E+06   0.151475E+05
   0.136800E+03   0.191164E+04   0.259897E+03   0.111001E+06   0.151473E+05
   0.136900E+03   0.191167E+04   0.259896E+03   0.111003E+06   0.151472E+05
   0.137000E+03   0.191170E+04   0.259892E+03   0.111006E+06   0.151472E+05
   0.137100E+03   0.191173E+04   0.259891E+03   0.111009E+06   0.151469E+05
   0.137200E+03   0.191176E+04   0.259890E+03   0.111012E+06   0.151469E+05
   0.137300E+03   0.191179E+04   0.259886E+03   0.111014E+06   0.151466E+05
   0.137400E+03   0.191182E+04   0.259885E+03   0.111017E+06   0.151466E+05
   0.137500E+03   0.191185E+04   0.259883E+03   0.111020E+06   0.151466E+05
   0.137600E+03   0.191188E+04   0.259880E+03   0.111022E+06   0.151463E+05
   0.137700E+03   0.191191E+04   0.259879E+03   0.111025E+06   0.151463E+05
   0.137800E+03   0.191194E+04   0.259878E+03   0.111028E+06   0.151460E+05
   0.137900E+03   0.191196E+04   0.259874E+03   0.111031E+06   0.151461E+05
   0.138000E+03   0.191199E+04   0.259874E+03   0.111033E+06   0.151458E+05
   0.138100E+03   0.191202E+04   0.259872E+03   0.111036E+06   0.151457E+05
   0.138200E+03   0.191205E+04   0.259869E+03   0.111039E+06   0.151456E+05
   0.138300E+03   0.191208E+04   0.259868E+03   0.111041E+06   0.151455E+05
   0.138400E+03   0.191211E+04   0.259864E+03   0.111044E+06   0.151453E+05
   0.138500E+03   0.191213E+04   0.259864E+03   0.111046E+06   0.151454E+05
   0.138600E+03   0.191216E+04   0.259864E+03   0.111049E+06   0.151451E+05
   0.138700E+03   0.191219E+04   0.259860E+03   0.111052E+06   0.151451E+05
   0.138800E+03   0.191222E+04   0.259861E+03   0.111054E+06   0.151450E+05
   0.138900E+03   0.191224E+04   0.259858E+03   0.111057E+06   0.151449E+05
   0.139000E+03   0.191227E+04   0.259855E+03   0.111059E+06   0.151447E+05
   0.139100E+03   0.191230E+04   0.259854E+03   0.111062E+06   0.151447E+05
   0.139200E+03   0.191233E+04   0.259853E+03   0.111064E+06   0.151446E+05
   0.139300E+03   0.191235E+04   0.259848E+03   0.111067E+06   0.151444E+05
   0.139400E+03   0.191238E+04   0.259850E+03   0.111069E+06   0.151443E+05
   0.139500E+03   0.191241E+04   0.259846E+03   0.111072E+06   0.151441E+05
   0.139600E+03   0.191243E+04   0.259846E+03   0.111074E+06   0.151442E+05
   0.139700E+03   0.191246E+04   0.259842E+03   0.111077E+06   0.151440E+05
   0.139800E+03   0.191249E+04   0.259841E+03   0.111079E+06   0.151438E+05
   0.139900E+03   0.191251E+04   0.259840E+03   0.111081E+06   0.151438E+05
   0.140000E+03   0.191254E+04   0.259837E+03   0.111084E+06   0.151436E+05
   0.140100E+03   0.191257E+04   0.259836E+03   0.111086E+06   0.151434E+05
   0.140200E+03   0.191259E+04   0.259834E+03   0.111089E+06   0.151436E+05
   0.140300E+03   0.191262E+04   0.259831E+03   0.111091E+06   0.151434E+05
   0.140400E+03   0.191264E+04   0.259831E+03   0.111094E+06   0.151432E+05
   0.140500E+03   0.191267E+04   0.259829E+03   0.111096E+06   0.151432E+05
   0.140600E+03   0.191270E+04   0.259827E+03   0.111098E+06   0.151430E+05
   0.140700E+03   0.191272E+04   0.259827E+03   0.111101E+06   0.151429E+05
   0.140800E+03   0.191274E+04   0.259825E+03   0.111103E+06   0.151427E+05
   0.140900E+03   0.191277E+04   0.259824E+03   0.111105E+06   0.151427E+05
   0.141000E+03   0.191280E+04   0.259821E+03   0.111108E+06   0.151426E+05
   0.141100E+03   0.191282E+04   0.259818E+03   0.111110E+06   0.151426E+05
   0.141200E+03   0.191284E+04   0.259816E+03   0.111112E+06   0.151424E+05
   0.141300E+03   0.191287E+04   0.259815E+03   0.111115E+06   0.151422E+05
   0.141400E+03   0.191289E+04   0.259814E+03   0.111117E+06   0.151423E+05
   0.141500E+03   0.191292E+04   0.259812E+03   0.111119E+06   0.151422E+05
   0.141600E+03   0.191294E+04   0.259810E+03   0.111122E+06   0.151420E+05
   0.141700E+03   0.191297E+04   0.259810E+03   0.111124E+06   0.151419E+05
   0.141800E+03   0.191299E+04   0.259807E+03   0.111126E+06   0.151417E+05
   0.141900E+03   0.191302E+04   0.259805E+03   0.111128E+06   0.151416E+05
   0.142000E+03   0.191304E+04   0.259803E+03   0.111130E+06   0.151417E+05
   0.142100E+03   0.191307E+04   0.259804E+03   0.111133E+06   0.151415E+05
   0.142200E+03   0.191309E+04   0.259801E+03   0.111135E+06   0.151414E+05
   0.142300E+03   0.191311E+04   0.259799E+03   0.111137E+06   0.151413E+05
   0.142400E+03   0.191314E+04   0.259797E+03   0.111139E+06   0.151412E+05
   0.142500E+03   0.191316E+04   0.259795E+03   0.111141E+06   0.151411E+05
   0.142600E+03   0.191318E+04   0.259796E+03   0.111144E+06   0.151408E+05
   0.142700E+03   0.191321E+04   0.259793E+03   0.111146E+06   0.151407E+05
   0.142800E+03   0.191323E+04   0.259791E+03   0.111148E+06   0.151406E+05
   0.142900E+03   0.191325E+04   0.259790E+03   0.111150E+06   0.151407E+05
   0.143000E+03   0.191328E+04   0.259787E+03   0.111152E+06   0.151406E+05
   0.143100E+03   0.191330E+04   0.259786E+03   0.111154E+06   0.151406E+05
   0.143200E+03   0.191332E+04   0.259785E+03   0.111156E+06   0.151405E+05
   0.143300E+03   0.191334E+04   0.259784E+03   0.111159E+06   0.151403E+05
   0.143400E+03   0.191337E+04   0.259784E+03   0.111161E+06   0.151403E+05
   0.143500E+03   0.191339E+04   0.259782E+03   0.111163E+06   0.151401E+05
   0.143600E+03   0.191342E+04   0.259778E+03   0.111165E+06   0.151400E+05
   0.143700E+03   0.191344E+04   0.259777E+03   0.111167E+06   0.151399E+05
   0.143800E+03   0.191346E+04   0.259776E+03   0.111169E+06   0.151398E+05
   0.143900E+03   0.191348E+04   0.259774E+03   0.111171E+06   0.151397E+05
   0.144000E+03   0.191350E+04   0.259773E+03   0.111173E+06   0.151397E+05
   0.144100E+03   0.191353E+04   0.259772E+03   0.111175E+06   0.151395E+05
   0.144200E+03   0.191355E+04   0.259770E+03   0.111177E+06   0.151394E+05
   0.144300E+03   0.191357E+04   0.259769E+03   0.111179E+06   0.151391E+05
   0.144400E+03   0.191359E+04   0.259766E+03   0.111181E+06   0.151392E+05
   0.144500E+03   0.191361E+04   0.259765E+03   0.111183E+06   0.151391E+05
   0.144600E+03   0.191363E+04   0.259764E+03   0.111185E+06   0.151389E+05
   0.144700E+03   0.191366E+04   0.259762E+03   0.111187E+06   0.151388E+05
   0.144800E+03   0.191368E+04   0.259761E+03   0.111189E+06   0.151388E+05
   0.144900E+03   0.191370E+04   0.259759E+03   0.111191E+06   0.151387E+05
   0.145000E+03   0.191372E+04   0.259758E+03   0.111193E+06   0.151386E+05
   0.145100E+03   0.191374E+04   0.259757E+03   0.111195E+06   0.151386E+05
   0.145200E+03   0.191376E+04   0.259755E+03   0.111197E+06   0.151386E+05
   0.145300E+03   0.191378E+04   0.259755E+03   0.111199E+06   0.151383E+05
   0.145400E+03   0.191380E+04   0.259752E+03   0.111201E+06   0.151381E+05
   0.145500E+03   0.191382E+04   0.259750E+03   0.111203E+06   0.151381E+05
   0.145600E+03   0.191385E+04   0.259748E+03   0.111205E+06   0.151380E+05
   0.145700E+03   0.191387E+04   0.259748E+03   0.111207E+06   0.151380E+05
   0.145800E+03   0.191389E+04   0.259745E+03   0.111209E+06   0.151380E+05
   0.145900E+03   0.191391E+04   0.259744E+03   0.111211E+06   0.151379E+05
   0.146000E+03   0.191393E+04   0.259744E+03   0.111212E+06   0.151375E+05
   0.146100E+03   0.191395E+04   0.259742E+03   0.111214E+06   0.151376E+05
   0.146200E+03   0.191397E+04   0.259740E+03   0.111216E+06   0.151376E+05
   0.146300E+03   0.191399E+04   0.259741E+03   0.111218E+06   0.151375E+05
   0.146400E+03   0.191401E+04   0.259738E+03   0.111220E+06   0.151372E+05
   0.146500E+03   0.191403E+04   0.259737E+03   0.111222E+06   0.151373E+05
   0.146600E+03   0.191405E+04   0.259736E+03   0.111223E+06   0.151372E+05
   0.146700E+03   0.191407E+04   0.259735E+03   0.111225E+06   0.151372E+05
   0.146800E+03   0.191409E+04   0.259734E+03   0.111227E+06   0.151370E+05
   0.146900E+03   0.191411E+04   0.259730E+03   0.111229E+06   0.151368E+05
   0.147000E+03   0.191413E+04   0.259728E+03   0.111231E+06   0.151369E+05
   0.147100E+03   0.191415E+04   0.259729E+03   0.111233E+06   0.151367E+05
   0.147200E+03   0.191417E+04   0.259728E+03   0.111234E+06   0.151366E+05
   0.147300E+03   0.191419E+04   0.259726E+03   0.111236E+06   0.151364E+05
   0.147400E+03   0.191420E+04   0.259724E+03   0.111238E+06   0.151364E+05
   0.147500E+03   0.191422E+04   0.259725E+03   0.111240E+06   0.151366E+05
   0.147600E+03   0.191424E+04   0.259722E+03   0.111242E+06   0.151362E+05
   0.147700E+03   0.191426E+04   0.259721E+03   0.111243E+06   0.151362E+05
   0.147800E+03   0.191428E+04   0.259718E+03   0.111245E+06   0.151362E+05
   0.147900E+03   0.191430E+04   0.259718E+03   0.111247E+06   0.151360E+05
   0.148000E+03   0.191432E+04   0.259718E+03   0.111249E+06   0.151359E+05
   0.148100E+03   0.191434E+04   0.259716E+03   0.111250E+06   0.151360E+05
   0.148200E+03   0.191436E+04   0.259714E+03   0.111252E+06   0.151357E+05
   0.148300E+03   0.191437E+04   0.259713E+03   0.111254E+06   0.151358E+05
   0.148400E+03   0.191439E+04   0.259713E+03   0.111255E+06   0.151357E+05
   0.148500E+03   0.191441E+04   0.259708E+03   0.111257E+06   0.151355E+05
   0.148600E+03   0.191443E+04   0.259710E+03   0.111259E+06   0.151355E+05
   0.148700E+03   0.191445E+04   0.259707E+03   0.111260E+06   0.151353E+05
   0.148800E+03   0.191447E+04   0.259705E+03   0.111262E+06   0.151353E+05
   0.148900E+03   0.191448E+04   0.259705E+03   0.111264E+06   0.151353E+05
   0.149000E+03   0.191450E+04   0.259705E+03   0.111265E+06   0.151351E+05
   0.149100E+03   0.191452E+04   0.259701E+03   0.111267E+06   0.151352E+05
   0.149200E+03   0.191454E+04   0.259702E+03   0.111269E+06   0.151349E+05
   0.149300E+03   0.191455E+04   0.259701E+03   0.111270E+06   0.151348E+05
   0.149400E+03   0.191457E+04   0.259699E+03   0.111272E+06   0.151349E+05
   0.149500E+03   0.191459E+04   0.259698E+03   0.111274E+06   0.151347E+05
   0.149600E+03   0.191461E+04   0.259698E+03   0.111275E+06   0.151347E+05
   0.149700E+03   0.191462E+04   0.259695E+03   0.111277E+06   0.151346E+05
   0.149800E+03   0.191464E+04   0.259696E+03   0.111278E+06   0.151346E+05
   0.149900E+03   0.191466E+04   0.259693E+03   0.111280E+06   0.151344E+05
   0.150000E+03   0.191467E+04   0.259694E+03   0.111282E+06   0.151343E+05
   0.150100E+03   0.191469E+04   0.259689E+03   0.111283E+06   0.151343E+05
   0.150200E+03   0.191471E+04   0.259689E+03   0.111285E+06   0.151342E+05
   0.150300E+03   0.191473E+04   0.259689E+03   0.111286E+06   0.151339E+05
   0.150400E+03   0.191474E+04   0.259687E+03   0.111288E+06   0.151341E+05
   0.150500E+03   0.191476E+04   0.259687E+03   0.111289E+06   0.151338E+05
   0.150600E+03   0.191478E+04   0.259684E+03   0.111291E+06   0.151340E+05
   0.150700E+03   0.191479E+04   0.259683E+03   0.111293E+06   0.151337E+05
   0.150800E+03   0.191481E+04   0.259683E+03   0.111294E+06   0.151338E+05
   0.150900E+03   0.191483E+04   0.259680E+03   0.111296E+06   0.151336E+05
   0.151000E+03   0.191484E+04   0.259680E+03   0.111297E+06   0.151337E+05
   0.151100E+03   0.191486E+04   0.259680E+03   0.111299E+06   0.151334E+05
   0.151200E+03   0.191488E+04   0.259676E+03   0.111300E+06   0.151335E+05
   0.151300E+03   0.191489E+04   0.259677E+03   0.111302E+06   0.151333E+05
   0.151400E+03   0.191491E+04   0.259675E+03   0.111303E+06   0.151333E+05
   0.151500E+03   0.191493E+04   0.259673E+03   0.111305E+06   0.151331E+05
   0.151600E+03   0.191494E+04   0.259673E+03   0.111306E+06   0.151331E+05
   0.151700E+03   0.191496E+04   0.259672E+03   0.111308E+06   0.151331E+05
   0.151800E+03   0.191497E+04   0.259669E+03   0.111309E+06   0.151329E+05
   0.151900E+03   0.191499E+04   0.259671E+03   0.111311E+06   0.151330E+05
   0.152000E+03   0.191501E+04   0.259668E+03   0.111312E+06   0.151328E+05
   0.152100E+03   0.191502E+04   0.259668E+03   0.111313E+06   0.151326E+05
   0.152200E+03   0.191504E+04   0.259666E+03   0.111315E+06   0.151326E+05
   0.152300E+03   0.191505E+04   0.259666E+03   0.111316E+06   0.151325E+05
   0.152400E+03   0.191507E+04   0.259664E+03   0.111318E+06   0.151326E+05
   0.152500E+03   0.191508E+04   0.259665E+03   0.111319E+06   0.151324E+05
   0.152600E+03   0.191510E+04   0.259662E+03   0.111321E+06   0.151322E+05
   0.152700E+03   0.191511E+04   0.259660E+03   0.111322E+06   0.151324E+05
   0.152800E+03   0.191513E+04   0.259660E+03   0.111324E+06   0.151322E+05
   0.152900E+03   0.191514E+04   0.259659E+03   0.111325E+06   0.151320E+05
   0.153000E+03   0.191516E+04   0.259658E+03   0.111326E+06   0.151321E+05
   0.153100E+03   0.191517E+04   0.259656E+03   0.111328E+06   0.151320E+05
   0.153200E+03   0.191519E+04   0.259655E+03   0.111329E+06   0.151321E+05
   0.153300E+03   0.191520E+04   0.259656E+03   0.111331E+06   0.151318E+05
   0.153400E+03   0.191522E+04   0.259654E+03   0.111332E+06   0.151318E+05
   0.153500E+03   0.191523E+04   0.259650E+03   0.111333E+06   0.151316E+05
   0.153600E+03   0.191525E+04   0.259651E+03   0.111335E+06   0.151318E+05
   0.153700E+03   0.191526E+04   0.259650E+03   0.111336E+06   0.151316E+05
   0.153800E+03   0.191528E+04   0.259651E+03   0.111337E+06   0.151314E+05
   0.153900E+03   0.191529E+04   0.259649E+03   0.111339E+06   0.151315E+05
   0.154000E+03   0.191531E+04   0.259646E+03   0.111340E+06   0.151313E+05
   0.154100E+03   0.191532E+04   0.259646E+03   0.111341E+06   0.151312E+05
   0.154200E+03   0.191534E+04   0.259644E+03   0.111343E+06   0.151313E+05
   0.154300E+03   0.191535E+04   0.259644E+03   0.111344E+06   0.151313E+05
   0.154400E+03   0.191537E+04   0.259644E+03   0.111345E+06   0.151311E+05
   0.154500E+03   0.191538E+04   0.259642E+03   0.111347E+06   0.151310E+05
   0.154600E+03   0.191539E+04   0.259641E+03   0.111348E+06   0.151310E+05
   0.154700E+03   0.191541E+04   0.259638E+03   0.111349E+06   0.151309E+05
   0.154800E+03   0.191542E+04   0.259640E+03   0.111351E+06   0.151307E+05
   0.154900E+03   0.191543E+04   0.259638E+03   0.111352E+06   0.151308E+05
   0.155000E+03   0.191545E+04   0.259636E+03   0.111353E+06   0.151308E+05
   0.155100E+03   0.191546E+04   0.259637E+03   0.111354E+06   0.151308E+05
   0.155200E+03   0.191548E+04   0.259635E+03   0.111356E+06   0.151305E+05
   0.155300E+03   0.191549E+04   0.259633E+03   0.111357E+06   0.151304E+05
   0.155400E+03   0.191550E+04   0.259632E+03   0.111358E+06   0.151305E+05
   0.155500E+03   0.191552E+04   0.259634E+03   0.111359E+06   0.151304E+05
   0.155600E+03   0.191553E+04   0.259632E+03   0.111361E+06   0.151302E+05
   0.155700E+03   0.191555E+04   0.259629E+03   0.111362E+06   0.151302E+05
   0.155800E+03   0.191556E+04   0.259627E+03   0.111363E+06   0.151300E+05
   0.155900E+03   0.191557E+04   0.259629E+03   0.111365E+06   0.151303E+05
   0.156000E+03   0.191559E+04   0.259627E+03   0.111366E+06   0.151302E+05
   0.156100E+03   0.191560E+04   0.259625E+03   0.111367E+06   0.151300E+05
   0.156200E+03   0.191561E+04   0.259624E+03   0.111368E+06   0.151299E+05
   0.156300E+03   0.191563E+04   0.259624E+03   0.111369E+06   0.151298E+05
   0.156400E+03   0.191564E+04   0.259623E+03   0.111370E+06   0.151297E+05
   0.156500E+03   0.191565E+04   0.259623E+03   0.111372E+06   0.151299E+05
   0.156600E+03   0.191566E+04   0.259622E+03   0.111373E+06   0.151297E+05
   0.156700E+03   0.191568E+04   0.259620E+03   0.111374E+06   0.151296E+05
   0.156800E+03   0.191569E+04   0.259621E+03   0.111375E+06   0.151295E+05
   0.156900E+03   0.191570E+04   0.259620E+03   0.111377E+06   0.151294E+05
   0.157000E+03   0.191572E+04   0.259618E+03   0.111378E+06   0.151294E+05
   0.157100E+03   0.191573E+04   0.259617E+03   0.111379E+06   0.151292E+05
   0.157200E+03   0.191574E+04   0.259616E+03   0.111380E+06   0.151294E+05
   0.157300E+03   0.191575E+04   0.259616E+03   0.111381E+06   0.151293E+05
   0.157400E+03   0.191577E+04   0.259614E+03   0.111382E+06   0.151292E+05
   0.157500E+03   0.191578E+04   0.259613E+03   0.111384E+06   0.151291E+05
   0.157600E+03   0.191579E+04   0.259612E+03   0.111385E+06   0.151291E+05
   0.157700E+03   0.191580E+04   0.259611E+03   0.111386E+06   0.151289E+05
   0.157800E+03   0.191581E+04   0.259611E+03   0.111387E+06   0.151288E+05
   0.157900E+03   0.191583E+04   0.259609E+03   0.111388E+06   0.151288E+05
   0.158000E+03   0.191584E+04   0.259610E+03   0.111389E+06   0.151289E+05
   0.158100E+03   0.191585E+04   0.259608E+03   0.111391E+06   0.151288E+05
   0.158200E+03   0.191586E+04   0.259607E+03   0.111392E+06   0.151288E+05
   0.158300E+03   0.191588E+04   0.259605E+03   0.111393E+06   0.151287E+05
   0.158400E+03   0.191589E+04   0.259605E+03   0.111394E+06   0.151286E+05
   0.158500E+03   0.191590E+04   0.259603E+03   0.111395E+06   0.151286E+05
   0.158600E+03   0.191591E+04   0.259603E+03   0.111396E+06   0.151285E+05
   0.158700E+03   0.191592E+04   0.259602E+03   0.111397E+06   0.151284E+05
   0.158800E+03   0.191594E+04   0.259602E+03   0.111398E+06   0.151283E+05
   0.158900E+03   0.191595E+04   0.259602E+03   0.111399E+06   0.151283E+05
   0.159000E+03   0.191596E+04   0.259601E+03   0.111400E+06   0.151282E+05
   0.159100E+03   0.191597E+04   0.259599E+03   0.111402E+06   0.151282E+05
   0.159200E+03   0.191598E+04   0.259598E+03   0.111402E+06   0.151280E+05
   0.159300E+03   0.191600E+04   0.259597E+03   0.111404E+06   0.151280E+05
   0.159400E+03   0.191601E+04   0.259597E+03   0.111405E+06   0.151278E+05
   0.159500E+03   0.191602E+04   0.259596E+03   0.111406E+06   0.151278E+05
   0.159600E+03   0.191603E+04   0.259595E+03   0.111407E+06   0.151278E+05
   0.159700E+03   0.191604E+04   0.259595E+03   0.111408E+06   0.151278E+05
   0.159800E+03   0.191605E+04   0.259593E+03   0.111409E+06   0.151277E+05
   0.159900E+03   0.191606E+04   0.259591E+03   0.111410E+06   0.151276E+05
   0.160000E+03   0.191607E+04   0.259590E+03   0.111411E+06   0.151276E+05
   0.160100E+03   0.191609E+04   0.259589E+03   0.111412E+06   0.151276E+05
   0.160200E+03   0.191610E+04   0.259588E+03   0.111413E+06   0.151276E+05
   0.160300E+03   0.191611E+04   0.259586E+03   0.111414E+06   0.151273E+05
   0.160400E+03   0.191612E+04   0.259589E+03   0.111415E+06   0.151272E+05
   0.160500E+03   0.191613E+04   0.259589E+03   0.111416E+06   0.151272E+05
   0.160600E+03   0.191614E+04   0.259587E+03   0.111417E+06   0.151272E+05
   0.160700E+03   0.191615E+04   0.259587E+03   0.111418E+06   0.151273E+05
   0.160800E+03   0.191616E+04   0.259586E+03   0.111419E+06   0.151272E+05
   0.160900E+03   0.191618E+04   0.259585E+03   0.111420E+06   0.151271E+05
   0.161000E+03   0.191618E+04   0.259584E+03   0.111421E+06   0.151270E+05
   0.161100E+03   0.191620E+04   0.259584E+03   0.111422E+06   0.151270E+05
   0.161200E+03   0.191621E+04   0.259582E+03   0.111423E+06   0.151270E+05
   0.161300E+03   0.191622E+04   0.259582E+03   0.111424E+06   0.151270E+05
   0.161400E+03   0.191623E+04   0.259581E+03   0.111425E+06   0.151270E+05
   0.161500E+03   0.191624E+04   0.259580E+03   0.111426E+06   0.151268E+05
   0.161600E+03   0.191625E+04   0.259580E+03   0.111427E+06   0.151268E+05
   0.161700E+03   0.191626E+04   0.259579E+03   0.111428E+06   0.151266E+05
   0.161800E+03   0.191627E+04   0.259576E+03   0.111429E+06   0.151267E+05
   0.161900E+03   0.191628E+04   0.259575E+03   0.111430E+06   0.151267E+05
   0.162000E+03   0.191629E+04   0.259575E+03   0.111431E+06   0.151267E+05
   0.162100E+03   0.191630E+04   0.259574E+03   0.111432E+06   0.151267E+05
   0.162200E+03   0.191631E+04   0.259573E+03   0.111433E+06   0.151266E+05
   0.162300E+03   0.191632E+04   0.259574E+03   0.111434E+06   0.151262E+05
   0.162400E+03   0.191633E+04   0.259572E+03   0.111435E+06   0.151262E+05
   0.162500E+03   0.191634E+04   0.259571E+03   0.111436E+06   0.151262E+05
   0.162600E+03   0.191635E+04   0.259570E+03   0.111437E+06   0.151263E+05
   0.162700E+03   0.191636E+04   0.259570E+03   0.111438E+06   0.151261E+05
   0.162800E+03   0.191637E+04   0.259570E+03   0.111438E+06   0.151262E+05
   0.162900E+03   0.191638E+04   0.259568E+03   0.111439E+06   0.151262E+05
   0.163000E+03   0.191639E+04   0.259568E+03   0.111440E+06   0.151261E+05
   0.163100E+03   0.191640E+04   0.259568E+03   0.111441E+06   0.151261E+05
   0.163200E+03   0.191641E+04   0.259568E+03   0.111442E+06   0.151258E+05
   0.163300E+03   0.191642E+04   0.259567E+03   0.111443E+06   0.151259E+05
   0.163400E+03   0.191643E+04   0.259563E+03   0.111444E+06   0.151259E+05
   0.163500E+03   0.191644E+04   0.259563E+03   0.111445E+06   0.151258E+05
   0.163600E+03   0.191645E+04   0.259563E+03   0.111446E+06   0.151256E+05
   0.163700E+03   0.191646E+04   0.259563E+03   0.111447E+06   0.151256E+05
   0.163800E+03   0.191647E+04   0.259562E+03   0.111447E+06   0.151257E+05
   0.163900E+03   0.191648E+04   0.259561E+03   0.111448E+06   0.151257E+05
   0.164000E+03   0.191649E+04   0.259561E+03   0.111449E+06   0.151255E+05
   0.164100E+03   0.191650E+04   0.259561E+03   0.111450E+06   0.151254E+05
   0.164200E+03   0.191651E+04   0.259561E+03   0.111451E+06   0.151254E+05
   0.164300E+03   0.191652E+04   0.259557E+03   0.111452E+06   0.151255E+05
   0.164400E+03   0.191653E+04   0.259557E+03   0.111453E+06   0.151253E+05
   0.164500E+03   0.191653E+04   0.259557E+03   0.111454E+06   0.151254E+05
   0.164600E+03   0.191654E+04   0.259557E+03   0.111454E+06   0.151251E+05
   0.164700E+03   0.191655E+04   0.259555E+03   0.111455E+06   0.151252E+05
   0.164800E+03   0.191656E+04   0.259556E+03   0.111456E+06   0.151251E+05
   0.164900E+03   0.191657E+04   0.259555E+03   0.111457E+06   0.151251E+05
   0.165000E+03   0.191658E+04   0.259552E+03   0.111458E+06   0.151251E+05
   0.165100E+03   0.191659E+04   0.259552E+03   0.111459E+06   0.151249E+05
   0.165200E+03   0.191660E+04   0.259551E+03   0.111459E+06   0.151249E+05
   0.165300E+03   0.191661E+04   0.259552E+03   0.111460E+06   0.151249E+05
   0.165400E+03   0.191662E+04   0.259551E+03   0.111461E+06   0.151249E+05
   0.165500E+03   0.191663E+04   0.259551E+03   0.111462E+06   0.151248E+05
   0.165600E+03   0.191663E+04   0.259551E+03   0.111463E+06   0.151247E+05
   0.165700E+03   0.191664E+04   0.259548E+03   0.111464E+06   0.151247E+05
   0.165800E+03   0.191665E+04   0.259549E+03   0.111464E+06   0.151246E+05
   0.165900E+03   0.191666E+04   0.259548E+03   0.111465E+06   0.151246E+05
   0.166000E+03   0.191667E+04   0.259546E+03   0.111466E+06   0.151247E+05
   0.166100E+03   0.191668E+04   0.259549E+03   0.111467E+06   0.151246E+05
   0.166200E+03   0.191669E+04   0.259545E+03   0.111468E+06   0.151245E+05
   0.166300E+03   0.191670E+04   0.259544E+03   0.111468E+06   0.151245E+05
   0.166400E+03   0.191671E+04   0.259545E+03   0.111469E+06   0.151246E+05
   0.166500E+03   0.191671E+04   0.259544E+03   0.111470E+06   0.151242E+05
   0.166600E+03   0.191672E+04   0.259544E+03   0.111471E+06   0.151243E+05
   0.166700E+03   0.191673E+04   0.259542E+03   0.111472E+06   0.151243E+05
   0.166800E+03   0.191674E+04   0.259543E+03   0.111472E+06   0.151243E+05
   0.166900E+03   0.191675E+04   0.259541E+03   0.111473E+06   0.151243E+05
   0.167000E+03   0.191676E+04   0.259542E+03   0.111474E+06   0.151241E+05
   0.167100E+03   0.191676E+04   0.259542E+03   0.111475E+06   0.151241E+05
   0.167200E+03   0.191677E+04   0.259537E+03   0.111475E+06   0.151241E+05
   0.167300E+03   0.191678E+04   0.259539E+03   0.111476E+06   0.151240E+05
   0.167400E+03   0.191679E+04   0.259539E+03   0.111477E+06   0.151240E+05
   0.167500E+03   0.191680E+04   0.259538E+03   0.111478E+06   0.151240E+05
   0.167600E+03   0.191681E+04   0.259536E+03   0.111478E+06   0.151239E+05
   0.167700E+03   0.191681E+04   0.259536E+03   0.111479E+06   0.151237E+05
   0.167800E+03   0.191682E+04   0.259536E+03   0.111480E+06   0.151238E+05
   0.167900E+03   0.191683E+04   0.259536E+03   0.111481E+06   0.151237E+05
   0.168000E+03   0.191684E+04   0.259532E+03   0.111482E+06   0.151238E+05
   0.168100E+03   0.191685E+04   0.259534E+03   0.111482E+06   0.151237E+05
   0.168200E+03   0.191685E+04   0.259533E+03   0.111483E+06   0.151236E+05
   0.168300E+03   0.191686E+04   0.259532E+03   0.111484E+06   0.151237E+05
   0.168400E+03   0.191687E+04   0.259532E+03   0.111484E+06   0.151234E+05
   0.168500E+03   0.191688E+04   0.259531E+03   0.111485E+06   0.151234E+05
   0.168600E+03   0.191689E+04   0.259531E+03   0.111486E+06   0.151235E+05
   0.168700E+03   0.191689E+04   0.259531E+03   0.111487E+06   0.151235E+05
   0.168800E+03   0.191690E+04   0.259529E+03   0.111487E+06   0.151233E+05
   0.168900E+03   0.191691E+04   0.259529E+03   0.111488E+06   0.151233E+05
   0.169000E+03   0.191692E+04   0.259529E+03   0.111489E+06   0.151234E+05
   0.169100E+03   0.191692E+04   0.259526E+03   0.111489E+06   0.151232E+05
   0.169200E+03   0.191693E+04   0.259527E+03   0.111490E+06   0.151231E+05
   0.169300E+03   0.191694E+04   0.259527E+03   0.111491E+06   0.151233E+05
   0.169400E+03   0.191695E+04   0.259527E+03   0.111491E+06   0.151230E+05
   0.169500E+03   0.191696E+04   0.259525E+03   0.111492E+06   0.151231E+05
   0.169600E+03   0.191696E+04   0.259525E+03   0.111493E+06   0.151232E+05
   0.169700E+03   0.191697E+04   0.259526E+03   0.111494E+06   0.151229E+05
   0.169800E+03   0.191698E+04   0.259524E+03   0.111494E+06   0.151230E+05
   0.169900E+03   0.191698E+04   0.259522E+03   0.111495E+06   0.151229E+05
   0.170000E+03   0.191699E+04   0.259523E+03   0.111496E+06   0.151228E+05
   0.170100E+03   0.191700E+04   0.259521E+03   0.111496E+06   0.151229E+05
   0.170200E+03   0.191701E+04   0.259520E+03   0.111497E+06   0.151229E+05
   0.170300E+03   0.191701E+04   0.259522E+03   0.111498E+06   0.151228E+05
   0.170400E+03   0.191702E+04   0.259521E+03   0.111498E+06   0.151227E+05
   0.170500E+03   0.191703E+04   0.259519E+03   0.111499E+06   0.151228E+05
   0.170600E+03   0.191704E+04   0.259519E+03   0.111500E+06   0.151226E+05
   0.170700E+03   0.191704E+04   0.259519E+03   0.111500E+06   0.151226E+05
   0.170800E+03   0.191705E+04   0.259519E+03   0.111501E+06   0.151227E+05
   0.170900E+03   0.191706E+04   0.259518E+03   0.111502E+06   0.151225E+05
   0.171000E+03   0.191707E+04   0.259519E+03   0.111503E+06   0.151225E+05
   0.171100E+03   0.191707E+04   0.259516E+03   0.111503E+06   0.151224E+05
   0.171200E+03   0.191708E+04   0.259517E+03   0.111504E+06   0.151225E+05
   0.171300E+03   0.191708E+04   0.259514E+03   0.111504E+06   0.151224E+05
   0.171400E+03   0.191709E+04   0.259515E+03   0.111505E+06   0.151223E+05
   0.171500E+03   0.191710E+04   0.259513E+03   0.111506E+06   0.151223E+05
   0.171600E+03   0.191711E+04   0.259513E+03   0.111506E+06   0.151224E+05
   0.171700E+03   0.191711E+04   0.259514E+03   0.111507E+06   0.151221E+05
   0.171800E+03   0.191712E+04   0.259514E+03   0.111508E+06   0.151222E+05
   0.171900E+03   0.191713E+04   0.259512E+03   0.111508E+06   0.151220E+05
   0.172000E+03   0.191713E+04   0.259512E+03   0.111509E+06   0.151221E+05
   0.172100E+03   0.191714E+04   0.259512E+03   0.111509E+06   0.151221E+05
   0.172200E+03   0.191715E+04   0.259509E+03   0.111510E+06   0.151220E+05
   0.172300E+03   0.191715E+04   0.259511E+03   0.111511E+06   0.151221E+05
   0.172400E+03   0.191716E+04   0.259511E+03   0.111511E+06   0.151219E+05
   0.172500E+03   0.191717E+04   0.259509E+03   0.111512E+06   0.151220E+05
   0.172600E+03   0.191717E+04   0.259509E+03   0.111513E+06   0.151219E+05
   0.172700E+03   0.191718E+04   0.259508E+03   0.111513E+06   0.151219E+05
   0.172800E+03   0.191719E+04   0.259506E+03   0.111514E+06   0.151219E+05
   0.172900E+03   0.191719E+04   0.259508E+03   0.111514E+06   0.151218E+05
   0.173000E+03   0.191720E+04   0.259505E+03   0.111515E+06   0.151218E+05
   0.173100E+03   0.191721E+04   0.259506E+03   0.111516E+06   0.151218E+05
   0.173200E+03   0.191721E+04   0.259505E+03   0.111516E+06   0.151216E+05
   0.173300E+03   0.191722E+04   0.259505E+03   0.111517E+06   0.151217E+05
   0.173400E+03   0.191723E+04   0.259505E+03   0.111517E+06   0.151216E+05
   0.173500E+03   0.191723E+04   0.259504E+03   0.111518E+06   0.151217E+05
   0.173600E+03   0.191724E+04   0.259504E+03   0.111518E+06   0.151214E+05
   0.173700E+03   0.191724E+04   0.259502E+03   0.111519E+06   0.151216E+05
   0.173800E+03   0.191725E+04   0.259504E+03   0.111520E+06   0.151216E+05
   0.173900E+03   0.191726E+04   0.259502E+03   0.111520E+06   0.151215E+05
   0.174000E+03   0.191726E+04   0.259503E+03   0.111521E+06   0.151215E+05
   0.174100E+03   0.191727E+04   0.259502E+03   0.111521E+06   0.151213E+05
   0.174200E+03   0.191728E+04   0.259500E+03   0.111522E+06   0.151214E+05
   0.174300E+03   0.191728E+04   0.259500E+03   0.111522E+06   0.151212E+05
   0.174400E+03   0.191729E+04   0.259498E+03   0.111523E+06   0.151213E+05
   0.174500E+03   0.191729E+04   0.259499E+03   0.111524E+06   0.151211E+05
   0.174600E+03   0.191730E+04   0.259500E+03   0.111524E+06   0.151213E+05
   0.174700E+03   0.191731E+04   0.259497E+03   0.111525E+06   0.151212E+05
   0.174800E+03   0.191731E+04   0.259497E+03   0.111525E+06   0.151212E+05
   0.174900E+03   0.191732E+04   0.259497E+03   0.111526E+06   0.151212E+05
   0.175000E+03   0.191732E+04   0.259497E+03   0.111526E+06   0.151211E+05
   0.175100E+03   0.191733E+04   0.259496E+03   0.111527E+06   0.151211E+05
   0.175200E+03   0.191734E+04   0.259496E+03   0.111527E+06   0.151211E+05
   0.175300E+03   0.191734E+04   0.259498E+03   0.111528E+06   0.151210E+05
   0.175400E+03   0.191735E+04   0.259494E+03   0.111529E+06   0.151210E+05
   0.175500E+03   0.191735E+04   0.259496E+03   0.111529E+06   0.151210E+05
   0.175600E+03   0.191736E+04   0.259493E+03   0.111529E+06   0.151208E+05
   0.175700E+03   0.191736E+04   0.259495E+03   0.111530E+06   0.151209E+05
   0.175800E+03   0.191737E+04   0.259492E+03   0.111530E+06   0.151208E+05
   0.175900E+03   0.191738E+04   0.259493E+03   0.111531E+06   0.151208E+05
   0.176000E+03   0.191738E+04   0.259491E+03   0.111532E+06   0.151206E+05
   0.176100E+03   0.191739E+04   0.259492E+03   0.111532E+06   0.151208E+05
   0.176200E+03   0.191739E+04   0.259490E+03   0.111533E+06   0.151205E+05
   0.176300E+03   0.191740E+04   0.259490E+03   0.111533E+06   0.151207E+05
   0.176400E+03   0.191740E+04   0.259490E+03   0.111534E+06   0.151205E+05
   0.176500E+03   0.191741E+04   0.259489E+03   0.111534E+06   0.151205E+05
   0.176600E+03   0.191742E+04   0.259491E+03   0.111535E+06   0.151205E+05
   0.176700E+03   0.191742E+04   0.259489E+03   0.111535E+06   0.151205E+05
   0.176800E+03   0.191743E+04   0.259490E+03   0.111536E+06   0.151204E+05
   0.176900E+03   0.191743E+04   0.259488E+03   0.111536E+06   0.151205E+05
   0.177000E+03   0.191744E+04   0.259488E+03   0.111537E+06   0.151204E+05
   0.177100E+03   0.191744E+04   0.259488E+03   0.111537E+06   0.151205E+05
   0.177200E+03   0.191745E+04   0.259486E+03   0.111538E+06   0.151202E+05
   0.177300E+03   0.191745E+04   0.259487E+03   0.111538E+06   0.151204E+05
   0.177400E+03   0.191746E+04   0.259486E+03   0.111539E+06   0.151202E+05
   0.177500E+03   0.191747E+04   0.259486E+03   0.111540E+06   0.151204E+05
   0.177600E+03   0.191747E+04   0.259486E+03   0.111540E+06   0.151201E+05
   0.177700E+03   0.191747E+04   0.259483E+03   0.111540E+06   0.151202E+05
   0.177800E+03   0.191748E+04   0.259485E+03   0.111541E+06   0.151200E+05
   0.177900E+03   0.191748E+04   0.259483E+03   0.111541E+06   0.151202E+05
   0.178000E+03   0.191749E+04   0.259484E+03   0.111542E+06   0.151201E+05
   0.178100E+03   0.191750E+04   0.259483E+03   0.111542E+06   0.151201E+05
   0.178200E+03   0.191750E+04   0.259484E+03   0.111543E+06   0.151200E+05
   0.178300E+03   0.191751E+04   0.259482E+03   0.111543E+06   0.151201E+05
   0.178400E+03   0.191751E+04   0.259483E+03   0.111544E+06   0.151200E+05
   0.178500E+03   0.191752E+04   0.259481E+03   0.111544E+06   0.151201E+05
   0.178600E+03   0.191752E+04   0.259482E+03   0.111545E+06   0.151200E+05
   0.178700E+03   0.191753E+04   0.259481E+03   0.111545E+06   0.151200E+05
   0.178800E+03   0.191753E+04   0.259481E+03   0.111546E+06   0.151199E+05
   0.178900E+03   0.191754E+04   0.259479E+03   0.111546E+06   0.151198E+05
   0.179000E+03   0.191754E+04   0.259481E+03   0.111547E+06   0.151198E+05
   0.179100E+03   0.191755E+04   0.259479E+03   0.111547E+06   0.151197E+05
   0.179200E+03   0.191755E+04   0.259479E+03   0.111547E+06   0.151197E+05
   0.179300E+03   0.191756E+04   0.259478E+03   0.111548E+06   0.151197E+05
   0.179400E+03   0.191756E+04   0.259476E+03   0.111548E+06   0.151198E+05
   0.179500E+03   0.191757E+04   0.259478E+03   0.111549E+06   0.151196E+05
   0.179600E+03   0.191757E+04   0.259476E+03   0.111550E+06   0.151198E+05
   0.179700E+03   0.191758E+04   0.259478E+03   0.111550E+06   0.151196E+05
   0.179800E+03   0.191758E+04   0.259476E+03   0.111550E+06   0.151198E+05
   0.179900E+03   0.191759E+04   0.259477E+03   0.111551E+06   0.151197E+05
   0.180000E+03   0.191759E+04   0.259475E+03   0.111551E+06   0.151194E+05
   0.180100E+03   0.191760E+04   0.259476E+03   0.111552E+06   0.151196E+05
   0.180200E+03   0.191760E+04   0.259474E+03   0.111552E+06   0.151194E+05
   0.180300E+03   0.191761E+04   0.259477E+03   0.111553E+06   0.151195E+05
   0.180400E+03   0.191761E+04   0.259474E+03   0.111553E+06   0.151195E+05
   0.180500E+03   0.191762E+04   0.259473E+03   0.111553E+06   0.151194E+05
   0.180600E+03   0.191762E+04   0.259474E+03   0.111554E+06   0.151195E+05
   0.180700E+03   0.191763E+04   0.259471E+03   0.111554E+06   0.151192E+05
   0.180800E+03   0.191763E+04   0.259474E+03   0.111555E+06   0.151193E+05
   0.180900E+03   0.191764E+04   0.259471E+03   0.111555E+06   0.151194E+05
   0.181000E+03   0.191764E+04   0.259472E+03   0.111556E+06   0.151194E+05
   0.181100E+03   0.191764E+04   0.259472E+03   0.111556E+06   0.151192E+05
   0.181200E+03   0.191765E+04   0.259469E+03   0.111556E+06   0.151192E+05
   0.181300E+03   0.191765E+04   0.259472E+03   0.111557E+06   0.151192E+05
   0.181400E+03   0.191766E+04   0.259471E+03   0.111557E+06   0.151191E+05
   0.181500E+03   0.191766E+04   0.259469E+03   0.111558E+06   0.151192E+05
   0.181600E+03   0.191767E+04   0.259470E+03   0.111558E+06   0.151191E+05
   0.181700E+03   0.191767E+04   0.259470E+03   0.111558E+06   0.151192E+05
   0.181800E+03   0.191767E+04   0.259468E+03   0.111559E+06   0.151191E+05
   0.181900E+03   0.191768E+04   0.259468E+03   0.111559E+06   0.151190E+05
   0.182000E+03   0.191768E+04   0.259469E+03   0.111560E+06   0.151191E+05
   0.182100E+03   0.191769E+04   0.259467E+03   0.111560E+06   0.151190E+05
   0.182200E+03   0.191770E+04   0.259468E+03   0.111561E+06   0.151191E+05
   0.182300E+03   0.191770E+04   0.259467E+03   0.111561E+06   0.151189E+05
   0.182400E+03   0.191770E+04   0.259467E+03   0.111561E+06   0.151189E+05
   0.182500E+03   0.191771E+04   0.259467E+03   0.111562E+06   0.151190E+05
   0.182600E+03   0.191771E+04   0.259465E+03   0.111562E+06   0.151188E+05
   0.182700E+03   0.191772E+04   0.259466E+03   0.111563E+06   0.151190E+05
   0.182800E+03   0.191772E+04   0.259465E+03   0.111563E+06   0.151189E+05
   0.182900E+03   0.191772E+04   0.259466E+03   0.111563E+06   0.151186E+05
   0.183000E+03   0.191773E+04   0.259464E+03   0.111564E+06   0.151189E+05
   0.183100E+03   0.191773E+04   0.259463E+03   0.111564E+06   0.151188E+05
   0.183200E+03   0.191774E+04   0.259465E+03   0.111565E+06   0.151185E+05
   0.183300E+03   0.191774E+04   0.259462E+03   0.111565E+06   0.151187E+05
   0.183400E+03   0.191775E+04   0.259464E+03   0.111565E+06   0.151187E+05
   0.183500E+03   0.191775E+04   0.259464E+03   0.111566E+06   0.151186E+05
   0.183600E+03   0.191775E+04   0.259462E+03   0.111566E+06   0.151187E+05
   0.183700E+03   0.191776E+04   0.259463E+03   0.111566E+06   0.151185E+05
   0.183800E+03   0.191776E+04   0.259462E+03   0.111567E+06   0.151186E+05
   0.183900E+03   0.191777E+04   0.259462E+03   0.111567E+06   0.151187E+05
   0.184000E+03   0.191777E+04   0.259462E+03   0.111568E+06   0.151185E+05
   0.184100E+03   0.191778E+04   0.259459E+03   0.111568E+06   0.151185E+05
   0.184200E+03   0.191778E+04   0.259462E+03   0.111568E+06   0.151185E+05
   0.184300E+03   0.191778E+04   0.259460E+03   0.111569E+06   0.151186E+05
   0.184400E+03   0.191779E+04   0.259458E+03   0.111569E+06   0.151184E+05
   0.184500E+03   0.191779E+04   0.259460E+03   0.111569E+06   0.151183E+05
   0.184600E+03   0.191779E+04   0.259459E+03   0.111570E+06   0.151185E+05
   0.184700E+03   0.191780E+04   0.259460E+03   0.111570E+06   0.151184E+05
   0.184800E+03   0.191780E+04   0.259459E+03   0.111570E+06   0.151182E+05
   0.184900E+03   0.191780E+04   0.259457E+03   0.111571E+06   0.151185E+05
   0.185000E+03   0.191781E+04   0.259459E+03   0.111571E+06   0.151183E+05
   0.185100E+03   0.191781E+04   0.259457E+03   0.111572E+06   0.151181E+05
   0.185200E+03   0.191782E+04   0.259456E+03   0.111572E+06   0.151184E+05
   0.185300E+03   0.191782E+04   0.259459E+03   0.111572E+06   0.151182E+05
   0.185400E+03   0.191783E+04   0.259456E+03   0.111573E+06   0.151181E+05
   0.185500E+03   0.191783E+04   0.259457E+03   0.111573E+06   0.151182E+05
   0.185600E+03   0.191784E+04   0.259457E+03   0.111573E+06   0.151182E+05
   0.185700E+03   0.191784E+04   0.259455E+03   0.111574E+06   0.151180E+05
   0.185800E+03   0.191784E+04   0.259455E+03   0.111574E+06   0.151182E+05
   0.185900E+03   0.191785E+04   0.259455E+03   0.111574E+06   0.151181E+05
   0.186000E+03   0.191785E+04   0.259454E+03   0.111575E+06   0.151181E+05
   0.186100E+03   0.191785E+04   0.259456E+03   0.111575E+06   0.151181E+05
   0.186200E+03   0.191786E+04   0.259453E+03   0.111575E+06   0.151179E+05
   0.186300E+03   0.191786E+04   0.259454E+03   0.111576E+06   0.151181E+05
   0.186400E+03   0.191786E+04   0.259455E+03   0.111576E+06   0.151181E+05
   0.186500E+03   0.191787E+04   0.259452E+03   0.111576E+06   0.151179E+05
   0.186600E+03   0.191787E+04   0.259452E+03   0.111577E+06   0.151180E+05
   0.186700E+03   0.191788E+04   0.259454E+03   0.111577E+06   0.151179E+05
   0.186800E+03   0.191788E+04   0.259451E+03   0.111577E+06   0.151179E+05
   0.186900E+03   0.191788E+04   0.259451E+03   0.111578E+06   0.151180E+05
   0.187000E+03   0.191789E+04   0.259453E+03   0.111578E+06   0.151179E+05
   0.187100E+03   0.191789E+04   0.259451E+03   0.111578E+06   0.151178E+05
   0.187200E+03   0.191789E+04   0.259452E+03   0.111579E+06   0.151177E+05
   0.187300E+03   0.191790E+04   0.259450E+03   0.111579E+06   0.151178E+05
   0.187400E+03   0.191790E+04   0.259451E+03   0.111579E+06   0.151178E+05
   0.187500E+03   0.191790E+04   0.259451E+03   0.111580E+06   0.151177E+05
   0.187600E+03   0.191791E+04   0.259450E+03   0.111580E+06   0.151177E+05
   0.187700E+03   0.191791E+04   0.259450E+03   0.111580E+06   0.151176E+05
   0.187800E+03   0.191791E+04   0.259451E+03   0.111581E+06   0.151176E+05
   0.187900E+03   0.191792E+04   0.259450E+03   0.111581E+06   0.151178E+05
   0.188000E+03   0.191792E+04   0.259448E+03   0.111581E+06   0.151176E+05
   0.188100E+03   0.191792E+04   0.259451E+03   0.111582E+06   0.151175E+05
   0.188200E+03   0.191793E+04   0.259449E+03   0.111582E+06   0.151177E+05
   0.188300E+03   0.191793E+04   0.259449E+03   0.111582E+06   0.151176E+05
   0.188400E+03   0.191793E+04   0.259446E+03   0.111582E+06   0.151175E+05
   0.188500E+03   0.191794E+04   0.259448E+03   0.111583E+06   0.151176E+05
   0.188600E+03   0.191794E+04   0.259448E+03   0.111583E+06   0.151176E+05
   0.188700E+03   0.191794E+04   0.259447E+03   0.111583E+06   0.151175E+05
   0.188800E+03   0.191795E+04   0.259446E+03   0.111584E+06   0.151173E+05
   0.188900E+03   0.191795E+04   0.259446E+03   0.111584E+06   0.151176E+05
   0.189000E+03   0.191795E+04   0.259447E+03   0.111585E+06   0.151174E+05
   0.189100E+03   0.191796E+04   0.259446E+03   0.111585E+06   0.151173E+05
   0.189200E+03   0.191796E+04   0.259444E+03   0.111585E+06   0.151175E+05
   0.189300E+03   0.191796E+04   0.259445E+03   0.111585E+06   0.151174E+05
   0.189400E+03   0.191797E+04   0.259446E+03   0.111586E+06   0.151173E+05
   0.189500E+03   0.191797E+04   0.259445E+03   0.111586E+06   0.151175E+05
   0.189600E+03   0.191797E+04   0.259443E+03   0.111586E+06   0.151173E+05
   0.189700E+03   0.191798E+04   0.259446E+03   0.111586E+06   0.151173E+05
   0.189800E+03   0.191798E+04   0.259444E+03   0.111587E+06   0.151172E+05
   0.189900E+03   0.191798E+04   0.259444E+03   0.111587E+06   0.151173E+05
   0.190000E+03   0.191799E+04   0.259441E+03   0.111587E+06   0.151172E+05
   0.190100E+03   0.191799E+04   0.259445E+03   0.111588E+06   0.151172E+05
   0.190200E+03   0.191799E+04   0.259443E+03   0.111588E+06   0.151173E+05
   0.190300E+03   0.191800E+04   0.259442E+03   0.111588E+06   0.151173E+05
   0.190400E+03   0.191800E+04   0.259443E+03   0.111589E+06   0.151171E+05
   0.190500E+03   0.191800E+04   0.259443E+03   0.111589E+06   0.151170E+05
   0.190600E+03   0.191801E+04   0.259441E+03   0.111589E+06   0.151173E+05
   0.190700E+03   0.191801E+04   0.259442E+03   0.111589E+06   0.151171E+05
   0.190800E+03   0.191801E+04   0.259441E+03   0.111590E+06   0.151171E+05
   0.190900E+03   0.191802E+04   0.259441E+03   0.111590E+06   0.151172E+05
   0.191000E+03   0.191802E+04   0.259440E+03   0.111590E+06   0.151171E+05
   0.191100E+03   0.191802E+04   0.259441E+03   0.111591E+06   0.151171E+05
   0.191200E+03   0.191802E+04   0.259441E+03   0.111591E+06   0.151170E+05
   0.191300E+03   0.191803E+04   0.259440E+03   0.111591E+06   0.151171E+05
   0.191400E+03   0.191803E+04   0.259441E+03   0.111592E+06   0.151169E+05
   0.191500E+03   0.191803E+04   0.259439E+03   0.111592E+06   0.151169E+05
   0.191600E+03   0.191803E+04   0.259439E+03   0.111592E+06   0.151168E+05
   0.191700E+03   0.191804E+04   0.259437E+03   0.111592E+06   0.151170E+05
   0.191800E+03   0.191804E+04   0.259439E+03   0.111593E+06   0.151168E+05
   0.191900E+03   0.191805E+04   0.259438E+03   0.111593E+06   0.151169E+05
   0.192000E+03   0.191805E+04   0.259438E+03   0.111593E+06   0.151170E+05
   0.192100E+03   0.191805E+04   0.259439E+03   0.111593E+06   0.151169E+05
   0.192200E+03   0.191805E+04   0.259439E+03   0.111594E+06   0.151168E+05
   0.192300E+03   0.191806E+04   0.259437E+03   0.111594E+06   0.151167E+05
   0.192400E+03   0.191806E+04   0.259437E+03   0.111594E+06   0.151170E+05
   0.192500E+03   0.191806E+04   0.259438E+03   0.111594E+06   0.151168E+05
   0.192600E+03   0.191806E+04   0.259437E+03   0.111595E+06   0.151167E+05
   0.192700E+03   0.191807E+04   0.259437E+03   0.111595E+06   0.151167E+05
   0.192800E+03   0.191807E+04   0.259436E+03   0.111595E+06   0.151167E+05
   0.192900E+03   0.191807E+04   0.259437E+03   0.111595E+06   0.151168E+05
   0.193000E+03   0.191808E+04   0.259436E+03   0.111596E+06   0.151167E+05
   0.193100E+03   0.191808E+04   0.259436E+03   0.111596E+06   0.151166E+05
   0.193200E+03   0.191808E+04   0.259435E+03   0.111596E+06   0.151167E+05
   0.193300E+03   0.191808E+04   0.259436E+03   0.111596E+06   0.151166E+05
   0.193400E+03   0.191809E+04   0.259434E+03   0.111597E+06   0.151166E+05
   0.193500E+03   0.191809E+04   0.259434E+03   0.111597E+06   0.151166E+05
   0.193600E+03   0.191809E+04   0.259437E+03   0.111597E+06   0.151167E+05
   0.193700E+03   0.191809E+04   0.259436E+03   0.111598E+06   0.151165E+05
   0.193800E+03   0.191810E+04   0.259434E+03   0.111598E+06   0.151165E+05
   0.193900E+03   0.191810E+04   0.259433E+03   0.111598E+06   0.151165E+05
   0.194000E+03   0.191810E+04   0.259434E+03   0.111598E+06   0.151166E+05
   0.194100E+03   0.191811E+04   0.259435E+03   0.111598E+06   0.151165E+05
   0.194200E+03   0.191811E+04   0.259435E+03   0.111599E+06   0.151164E+05
   0.194300E+03   0.191811E+04   0.259432E+03   0.111599E+06   0.151164E+05
   0.194400E+03   0.191811E+04   0.259434E+03   0.111599E+06   0.151166E+05
   0.194500E+03   0.191812E+04   0.259433E+03   0.111600E+06   0.151165E+05
   0.194600E+03   0.191812E+04   0.259433E+03   0.111600E+06   0.151164E+05
   0.194700E+03   0.191812E+04   0.259432E+03   0.111600E+06   0.151163E+05
   0.194800E+03   0.191812E+04   0.259433E+03   0.111600E+06   0.151164E+05
   0.194900E+03   0.191813E+04   0.259431E+03   0.111601E+06   0.151165E+05
   0.195000E+03   0.191813E+04   0.259431E+03   0.111601E+06   0.151163E+05
   0.195100E+03   0.191813E+04   0.259430E+03   0.111601E+06   0.151163E+05
   0.195200E+03   0.191814E+04   0.259433E+03   0.111601E+06   0.151162E+05
   0.195300E+03   0.191814E+04   0.259433E+03   0.111601E+06   0.151163E+05
   0.195400E+03   0.191814E+04   0.259430E+03   0.111602E+06   0.151163E+05
   0.195500E+03   0.191814E+04   0.259429E+03   0.111602E+06   0.151163E+05
   0.195600E+03   0.191815E+04   0.259431E+03   0.111602E+06   0.151162E+05
   0.195700E+03   0.191815E+04   0.259431E+03   0.111602E+06   0.151163E+05
   0.195800E+03   0.191815E+04   0.259430E+03   0.111602E+06   0.151162E+05
   0.195900E+03   0.191815E+04   0.259429E+03   0.111603E+06   0.151162E+05
   0.196000E+03   0.191815E+04   0.259427E+03   0.111603E+06   0.151162E+05
   0.196100E+03   0.191816E+04   0.259430E+03   0.111603E+06   0.151163E+05
   0.196200E+03   0.191816E+04   0.259430E+03   0.111603E+06   0.151162E+05
   0.196300E+03   0.191816E+04   0.259429E+03   0.111603E+06   0.151162E+05
   0.196400E+03   0.191816E+04   0.259428E+03   0.111604E+06   0.151160E+05
   0.196500E+03   0.191817E+04   0.259429E+03   0.111604E+06   0.151161E+05
   0.196600E+03   0.191817E+04   0.259428E+03   0.111604E+06   0.151162E+05
   0.196700E+03   0.191817E+04   0.259428E+03   0.111605E+06   0.151161E+05
   0.196800E+03   0.191818E+04   0.259427E+03   0.111605E+06   0.151160E+05
   0.196900E+03   0.191818E+04   0.259429E+03   0.111605E+06   0.151159E+05
   0.197000E+03   0.191818E+04   0.259427E+03   0.111605E+06   0.151161E+05
   0.197100E+03   0.191818E+04   0.259426E+03   0.111606E+06   0.151162E+05
   0.197200E+03   0.191818E+04   0.259427E+03   0.111606E+06   0.151161E+05
   0.197300E+03   0.191819E+04   0.259426E+03   0.111606E+06   0.151160E+05
   0.197400E+03   0.191819E+04   0.259428E+03   0.111606E+06   0.151159E+05
   0.197500E+03   0.191819E+04   0.259426E+03   0.111606E+06   0.151161E+05
   0.197600E+03   0.191819E+04   0.259425E+03   0.111607E+06   0.151159E+05
   0.197700E+03   0.191819E+04   0.259425E+03   0.111607E+06   0.151160E+05
   0.197800E+03   0.191820E+04   0.259427E+03   0.111607E+06   0.151160E+05
   0.197900E+03   0.191820E+04   0.259427E+03   0.111607E+06   0.151158E+05
   0.198000E+03   0.191820E+04   0.259425E+03   0.111607E+06   0.151160E+05
   0.198100E+03   0.191820E+04   0.259424E+03   0.111608E+06   0.151159E+05
   0.198200E+03   0.191821E+04   0.259425E+03   0.111608E+06   0.151158E+05
   0.198300E+03   0.191821E+04   0.259424E+03   0.111608E+06   0.151158E+05
   0.198400E+03   0.191821E+04   0.259426E+03   0.111608E+06   0.151158E+05
   0.198500E+03   0.191821E+04   0.259425E+03   0.111608E+06   0.151159E+05
   0.198600E+03   0.191821E+04   0.259424E+03   0.111609E+06   0.151159E+05
   0.198700E+03   0.191822E+04   0.259423E+03   0.111609E+06   0.151157E+05
   0.198800E+03   0.191822E+04   0.259425E+03   0.111609E+06   0.151157E+05
   0.198900E+03   0.191822E+04   0.259424E+03   0.111609E+06   0.151158E+05
   0.199000E+03   0.191822E+04   0.259424E+03   0.111609E+06   0.151159E+05
   0.199100E+03   0.191823E+04   0.259422E+03   0.111610E+06   0.151157E+05
   0.199200E+03   0.191823E+04   0.259424E+03   0.111610E+06   0.151157E+05
   0.199300E+03   0.191823E+04   0.259424E+03   0.111610E+06   0.151157E+05
   0.199400E+03   0.191823E+04   0.259423E+03   0.111610E+06   0.151156E+05
   0.199500E+03   0.191823E+04   0.259423E+03   0.111610E+06   0.151159E+05
   0.199600E+03   0.191824E+04   0.259421E+03   0.111611E+06   0.151157E+05
   0.199700E+03   0.191824E+04   0.259423E+03   0.111611E+06   0.151156E+05
   0.199800E+03   0.191824E+04   0.259423E+03   0.111611E+06   0.151156E+05
   0.199900E+03   0.191824E+04   0.259422E+03   0.111611E+06   0.151155E+05
   0.200000E+03   0.191824E+04   0.259422E+03   0.111611E+06   0.151157E+05
   0.200100E+03   0.191825E+04   0.259421E+03   0.111611E+06   0.151156E+05
   0.200200E+03   0.191825E+04   0.259423E+03   0.111612E+06   0.151157E+05
   0.200300E+03   0.191825E+04   0.259422E+03   0.111612E+06   0.151155E+05
   0.200400E+03   0.191825E+04   0.259421E+03   0.111612E+06   0.151155E+05
   0.200500E+03   0.191826E+04   0.259420E+03   0.111612E+06   0.151157E+05
   0.200600E+03   0.191826E+04   0.259420E+03   0.111612E+06   0.151156E+05
   0.200700E+03   0.191826E+04   0.259421E+03   0.111613E+06   0.151156E+05
   0.200800E+03   0.191826E+04   0.259420E+03   0.111613E+06   0.151156E+05
   0.200900E+03   0.191826E+04   0.259421E+03   0.111613E+06   0.151155E+05
   0.201000E+03   0.191827E+04   0.259419E+03   0.111613E+06   0.151155E+05
   0.201100E+03   0.191827E+04   0.259420E+03   0.111613E+06   0.151156E+05
   0.201200E+03   0.191827E+04   0.259419E+03   0.111614E+06   0.151155E+05
   0.201300E+03   0.191827E+04   0.259419E+03   0.111614E+06   0.151154E+05
   0.201400E+03   0.191827E+04   0.259419E+03   0.111614E+06   0.151154E+05
   0.201500E+03   0.191828E+04   0.259420E+03   0.111614E+06   0.151154E+05
   0.201600E+03   0.191828E+04   0.259419E+03   0.111614E+06   0.151155E+05
   0.201700E+03   0.191828E+04   0.259418E+03   0.111614E+06   0.151155E+05
   0.201800E+03   0.191828E+04   0.259420E+03   0.111615E+06   0.151154E+05
   0.201900E+03   0.191828E+04   0.259418E+03   0.111615E+06   0.151154E+05
   0.202000E+03   0.191829E+04   0.259417E+03   0.111615E+06   0.151153E+05
   0.202100E+03   0.191829E+04   0.259417E+03   0.111615E+06   0.151152E+05
   0.202200E+03   0.191829E+04   0.259418E+03   0.111615E+06   0.151155E+05
   0.202300E+03   0.191829E+04   0.259419E+03   0.111616E+06   0.151155E+05
   0.202400E+03   0.191829E+04   0.259419E+03   0.111616E+06   0.151154E+05
   0.202500E+03   0.191830E+04   0.259417E+03   0.111616E+06   0.151153E+05
   0.202600E+03   0.191830E+04   0.259417E+03   0.111616E+06   0.151153E+05
   0.202700E+03   0.191830E+04   0.259416E+03   0.111616E+06   0.151152E+05
   0.202800E+03   0.191830E+04   0.259415E+03   0.111616E+06   0.151153E+05
   0.202900E+03   0.191830E+04   0.259419E+03   0.111616E+06   0.151153E+05
   0.203000E+03   0.191830E+04   0.259418E+03   0.111617E+06   0.151153E+05
   0.203100E+03   0.191831E+04   0.259418E+03   0.111617E+06   0.151152E+05
   0.203200E+03   0.191831E+04   0.259415E+03   0.111617E+06   0.151152E+05
   0.203300E+03   0.191831E+04   0.259415E+03   0.111617E+06   0.151152E+05
   0.203400E+03   0.191831E+04   0.259415E+03   0.111617E+06   0.151153E+05
   0.203500E+03   0.191831E+04   0.259417E+03   0.111618E+06   0.151152E+05
   0.203600E+03   0.191831E+04   0.259416E+03   0.111618E+06   0.151151E+05
   0.203700E+03   0.191832E+04   0.259417E+03   0.111618E+06   0.151152E+05
   0.203800E+03   0.191832E+04   0.259416E+03   0.111618E+06   0.151152E+05
   0.203900E+03   0.191832E+04   0.259415E+03   0.111618E+06   0.151151E+05
   0.204000E+03   0.191832E+04   0.259416E+03   0.111618E+06   0.151153E+05
   0.204100E+03   0.191832E+04   0.259415E+03   0.111618E+06   0.151152E+05
   0.204200E+03   0.191833E+04   0.259415E+03   0.111619E+06   0.151150E+05
   0.204300E+03   0.191833E+04   0.259415E+03   0.111619E+06   0.151150E+05
   0.204400E+03   0.191833E+04   0.259414E+03   0.111619E+06   0.151150E+05
   0.204500E+03   0.191833E+04   0.259414E+03   0.111619E+06   0.151151E+05
   0.204600E+03   0.191833E+04   0.259416E+03   0.111619E+06   0.151153E+05
   0.204700E+03   0.191833E+04   0.259415E+03   0.111620E+06   0.151152E+05
   0.204800E+03   0.191834E+04   0.259414E+03   0.111620E+06   0.151151E+05
   0.204900E+03   0.191834E+04   0.259413E+03   0.111620E+06   0.151150E+05
   0.205000E+03   0.191834E+04   0.259413E+03   0.111620E+06   0.151149E+05
   0.205100E+03   0.191834E+04   0.259412E+03   0.111620E+06   0.151149E+05
   0.205200E+03   0.191834E+04   0.259416E+03   0.111620E+06   0.151149E+05
   0.205300E+03   0.191835E+04   0.259415E+03   0.111620E+06   0.151152E+05
   0.205400E+03   0.191835E+04   0.259414E+03   0.111621E+06   0.151152E+05
   0.205500E+03   0.191835E+04   0.259413E+03   0.111621E+06   0.151150E+05
   0.205600E+03   0.191835E+04   0.259413E+03   0.111621E+06   0.151150E+05
   0.205700E+03   0.191835E+04   0.259411E+03   0.111621E+06   0.151148E+05
   0.205800E+03   0.191835E+04   0.259411E+03   0.111621E+06   0.151148E+05
   0.205900E+03   0.191836E+04   0.259413E+03   0.111621E+06   0.151150E+05
   0.206000E+03   0.191836E+04   0.259414E+03   0.111622E+06   0.151149E+05
   0.206100E+03   0.191836E+04   0.259413E+03   0.111622E+06   0.151149E+05
   0.206200E+03   0.191836E+04   0.259412E+03   0.111622E+06   0.151150E+05
   0.206300E+03   0.191836E+04   0.259412E+03   0.111622E+06   0.151149E+05
   0.206400E+03   0.191836E+04   0.259411E+03   0.111622E+06   0.151149E+05
   0.206500E+03   0.191836E+04   0.259413E+03   0.111622E+06   0.151148E+05
   0.206600E+03   0.191836E+04   0.259412E+03   0.111622E+06   0.151149E+05
   0.206700E+03   0.191837E+04   0.259411E+03   0.111622E+06   0.151148E+05
   0.206800E+03   0.191837E+04   0.259410E+03   0.111623E+06   0.151149E+05
   0.206900E+03   0.191837E+04   0.259411E+03   0.111623E+06   0.151148E+05
   0.207000E+03   0.191837E+04   0.259411E+03   0.111623E+06   0.151149E+05
   0.207100E+03   0.191837E+04   0.259411E+03   0.111623E+06   0.151148E+05
   0.207200E+03   0.191837E+04   0.259412E+03   0.111623E+06   0.151147E+05
   0.207300E+03   0.191837E+04   0.259412E+03   0.111623E+06   0.151149E+05
   0.207400E+03   0.191838E+04   0.259410E+03   0.111623E+06   0.151148E+05
   0.207500E+03   0.191838E+04   0.259409E+03   0.111624E+06   0.151148E+05
   0.207600E+03   0.191838E+04   0.259409E+03   0.111624E+06   0.151148E+05
   0.207700E+03   0.191838E+04   0.259408E+03   0.111624E+06   0.151146E+05
   0.207800E+03   0.191838E+04   0.259410E+03   0.111624E+06   0.151146E+05
   0.207900E+03   0.191839E+04   0.259411E+03   0.111624E+06   0.151147E+05
   0.208000E+03   0.191839E+04   0.259411E+03   0.111624E+06   0.151149E+05
   0.208100E+03   0.191839E+04   0.259410E+03   0.111625E+06   0.151148E+05
   0.208200E+03   0.191839E+04   0.259409E+03   0.111625E+06   0.151148E+05
   0.208300E+03   0.191839E+04   0.259408E+03   0.111625E+06   0.151147E+05
   0.208400E+03   0.191839E+04   0.259408E+03   0.111625E+06   0.151146E+05
   0.208500E+03   0.191839E+04   0.259407E+03   0.111625E+06   0.151146E+05
   0.208600E+03   0.191839E+04   0.259409E+03   0.111625E+06   0.151146E+05
   0.208700E+03   0.191840E+04   0.259409E+03   0.111625E+06   0.151145E+05
   0.208800E+03   0.191840E+04   0.259409E+03   0.111625E+06   0.151147E+05
   0.208900E+03   0.191840E+04   0.259409E+03   0.111626E+06   0.151147E+05
   0.209000E+03   0.191840E+04   0.259408E+03   0.111626E+06   0.151147E+05
   0.209100E+03   0.191840E+04   0.259407E+03   0.111626E+06   0.151146E+05
   0.209200E+03   0.191840E+04   0.259407E+03   0.111626E+06   0.151146E+05
   0.209300E+03   0.191841E+04   0.259409E+03   0.111626E+06   0.151145E+05
   0.209400E+03   0.191841E+04   0.259408E+03   0.111626E+06   0.151145E+05
   0.209500E+03   0.191841E+04   0.259407E+03   0.111626E+06   0.151147E+05
   0.209600E+03   0.191841E+04   0.259408E+03   0.111626E+06   0.151146E+05
   0.209700E+03   0.191841E+04   0.259407E+03   0.111626E+06   0.151146E+05
   0.209800E+03   0.191841E+04   0.259406E+03   0.111626E+06   0.151146E+05
   0.209900E+03   0.191841E+04   0.259406E+03   0.111627E+06   0.151146E+05
   0.210000E+03   0.191842E+04   0.259408E+03   0.111627E+06   0.151145E+05
   0.210100E+03   0.191842E+04   0.259408E+03   0.111627E+06   0.151144E+05
   0.210200E+03   0.191842E+04   0.259407E+03   0.111627E+06   0.151144E+05
   0.210300E+03   0.191842E+04   0.259406E+03   0.111627E+06   0.151146E+05
   0.210400E+03   0.191842E+04   0.259406E+03   0.111627E+06   0.151146E+05
   0.210500E+03   0.191842E+04   0.259406E+03   0.111628E+06   0.151146E+05
   0.210600E+03   0.191842E+04   0.259407E+03   0.111628E+06   0.151145E+05
   0.210700E+03   0.191842E+04   0.259406E+03   0.111628E+06   0.151144E+05
   0.210800E+03   0.191843E+04   0.259406E+03   0.111628E+06   0.151143E+05
   0.210900E+03   0.191843E+04   0.259406E+03   0.111628E+06   0.151144E+05
   0.211000E+03   0.191843E+04   0.259406E+03   0.111628E+06   0.151144E+05
   0.211100E+03   0.191843E+04   0.259406E+03   0.111628E+06   0.151146E+05
   0.211200E+03   0.191843E+04   0.259406E+03   0.111628E+06   0.151145E+05
   0.211300E+03   0.191843E+04   0.259406E+03   0.111629E+06   0.151145E+05
   0.211400E+03   0.191843E+04   0.259405E+03   0.111629E+06   0.151144E+05
   0.211500E+03   0.191843E+04   0.259404E+03   0.111629E+06   0.151144E+05
   0.211600E+03   0.191844E+04   0.259407E+03   0.111629E+06   0.151144E+05
   0.211700E+03   0.191844E+04   0.259406E+03   0.111629E+06   0.151144E+05
   0.211800E+03   0.191844E+04   0.259406E+03   0.111629E+06   0.151142E+05
   0.211900E+03   0.191844E+04   0.259405E+03   0.111629E+06   0.151142E+05
   0.212000E+03   0.191844E+04   0.259404E+03   0.111630E+06   0.151144E+05
   0.212100E+03   0.191844E+04   0.259404E+03   0.111630E+06   0.151144E+05
   0.212200E+03   0.191844E+04   0.259404E+03   0.111630E+06   0.151144E+05
   0.212300E+03   0.191844E+04   0.259404E+03   0.111630E+06   0.151144E+05
   0.212400E+03   0.191845E+04   0.259405E+03   0.111630E+06   0.151144E+05
   0.212500E+03   0.191845E+04   0.259405E+03   0.111630E+06   0.151144E+05
   0.212600E+03   0.191845E+04   0.259405E+03   0.111630E+06   0.151143E+05
   0.212700E+03   0.191845E+04   0.259405E+03   0.111630E+06   0.151142E+05
   0.212800E+03   0.191845E+04   0.259404E+03   0.111630E+06   0.151141E+05
   0.212900E+03   0.191845E+04   0.259403E+03   0.111630E+06   0.151143E+05
   0.213000E+03   0.191845E+04   0.259403E+03   0.111631E+06   0.151142E+05
   0.213100E+03   0.191845E+04   0.259403E+03   0.111631E+06   0.151143E+05
   0.213200E+03   0.191845E+04   0.259403E+03   0.111631E+06   0.151143E+05
   0.213300E+03   0.191846E+04   0.259404E+03   0.111631E+06   0.151143E+05
   0.213400E+03   0.191846E+04   0.259404E+03   0.111631E+06   0.151142E+05
   0.213500E+03   0.191846E+04   0.259404E+03   0.111631E+06   0.151142E+05
   0.213600E+03   0.191846E+04   0.259403E+03   0.111631E+06   0.151141E+05
   0.213700E+03   0.191846E+04   0.259403E+03   0.111631E+06   0.151141E+05
   0.213800E+03   0.191846E+04   0.259401E+03   0.111631E+06   0.151143E+05
   0.213900E+03   0.191846E+04   0.259402E+03   0.111631E+06   0.151142E+05
   0.214000E+03   0.191847E+04   0.259402E+03   0.111631E+06   0.151142E+05
   0.214100E+03   0.191847E+04   0.259404E+03   0.111632E+06   0.151141E+05
   0.214200E+03   0.191847E+04   0.259403E+03   0.111632E+06   0.151140E+05
   0.214300E+03   0.191847E+04   0.259403E+03   0.111632E+06   0.151140E+05
   0.214400E+03   0.191847E+04   0.259402E+03   0.111632E+06   0.151141E+05
   0.214500E+03   0.191847E+04   0.259402E+03   0.111632E+06   0.151142E+05
   0.214600E+03   0.191847E+04   0.259402E+03   0.111632E+06   0.151141E+05
   0.214700E+03   0.191847E+04   0.259400E+03   0.111632E+06   0.151143E+05
   0.214800E+03   0.191847E+04   0.259400E+03   0.111632E+06   0.151143E+05
   0.214900E+03   0.191847E+04   0.259400E+03   0.111633E+06   0.151142E+05
   0.215000E+03   0.191848E+04   0.259402E+03   0.111633E+06   0.151141E+05
   0.215100E+03   0.191848E+04   0.259403E+03   0.111633E+06   0.151141E+05
   0.215200E+03   0.191848E+04   0.259403E+03   0.111633E+06   0.151140E+05
   0.215300E+03   0.191848E+04   0.259403E+03   0.111633E+06   0.151140E+05
   0.215400E+03   0.191848E+04   0.259401E+03   0.111633E+06   0.151140E+05
   0.215500E+03   0.191848E+04   0.259401E+03   0.111633E+06   0.151140E+05
   0.215600E+03   0.191848E+04   0.259401E+03   0.111633E+06   0.151140E+05
   0.215700E+03   0.191848E+04   0.259400E+03   0.111634E+06   0.151142E+05
   0.215800E+03   0.191849E+04   0.259399E+03   0.111634E+06   0.151142E+05
   0.215900E+03   0.191849E+04   0.259399E+03   0.111634E+06   0.151141E+05
   0.216000E+03   0.191849E+04   0.259401E+03   0.111634E+06   0.151141E+05
   0.216100E+03   0.191849E+04   0.259401E+03   0.111634E+06   0.151141E+05
   0.216200E+03   0.191849E+04   0.259400E+03   0.111634E+06   0.151140E+05
   0.216300E+03   0.191849E+04   0.259400E+03   0.111634E+06   0.151140E+05
   0.216400E+03   0.191849E+04   0.259401E+03   0.111634E+06   0.151140E+05
   0.216500E+03   0.191849E+04   0.259401E+03   0.111634E+06   0.151139E+05
   0.216600E+03   0.191849E+04   0.259401E+03   0.111634E+06   0.151138E+05
   0.216700E+03   0.191850E+04   0.259400E+03   0.111634E+06   0.151140E+05
   0.216800E+03   0.191850E+04   0.259399E+03   0.111634E+06   0.151140E+05
   0.216900E+03   0.191850E+04   0.259399E+03   0.111634E+06   0.151140E+05
   0.217000E+03   0.191850E+04   0.259400E+03   0.111635E+06   0.151141E+05
   0.217100E+03   0.191850E+04   0.259400E+03   0.111635E+06   0.151141E+05
   0.217200E+03   0.191850E+04   0.259399E+03   0.111635E+06   0.151140E+05
   0.217300E+03   0.191850E+04   0.259399E+03   0.111635E+06   0.151140E+05
   0.217400E+03   0.191850E+04   0.259398E+03   0.111635E+06   0.151139E+05
   0.217500E+03   0.191850E+04   0.259398E+03   0.111635E+06   0.151138E+05
   0.217600E+03   0.191850E+04   0.259398E+03   0.111635E+06   0.151138E+05
   0.217700E+03   0.191850E+04   0.259400E+03   0.111635E+06   0.151138E+05
   0.217800E+03   0.191851E+04   0.259399E+03   0.111635E+06   0.151139E+05
   0.217900E+03   0.191851E+04   0.259398E+03   0.111635E+06   0.151139E+05
   0.218000E+03   0.191851E+04   0.259400E+03   0.111635E+06   0.151139E+05
   0.218100E+03   0.191851E+04   0.259400E+03   0.111635E+06   0.151139E+05
   0.218200E+03   0.191851E+04   0.259400E+03   0.111636E+06   0.151138E+05
   0.218300E+03   0.191851E+04   0.259399E+03   0.111636E+06   0.151138E+05
   0.218400E+03   0.191851E+04   0.259398E+03   0.111636E+06   0.151139E+05
   0.218500E+03   0.191851E+04   0.259397E+03   0.111636E+06   0.151139E+05
   0.218600E+03   0.191851E+04   0.259397E+03   0.111636E+06   0.151139E+05
   0.218700E+03   0.191852E+04   0.259397E+03   0.111636E+06   0.151139E+05
   0.218800E+03   0.191852E+04   0.259397E+03   0.111636E+06   0.151138E+05
   0.218900E+03   0.191852E+04   0.259396E+03   0.111636E+06   0.151140E+05
   0.219000E+03   0.191852E+04   0.259396E+03   0.111637E+06   0.151138E+05
   0.219100E+03   0.191852E+04   0.259400E+03   0.111637E+06   0.151138E+05
   0.219200E+03   0.191852E+04   0.259400E+03   0.111637E+06   0.151138E+05
   0.219300E+03   0.191852E+04   0.259400E+03   0.111637E+06   0.151138E+05
   0.219400E+03   0.191852E+04   0.259400E+03   0.111637E+06   0.151137E+05
   0.219500E+03   0.191852E+04   0.259397E+03   0.111637E+06   0.151137E+05
   0.219600E+03   0.191852E+04   0.259397E+03   0.111637E+06   0.151138E+05
   0.219700E+03   0.191852E+04   0.259397E+03   0.111637E+06   0.151137E+05
   0.219800E+03   0.191853E+04   0.259397E+03   0.111637E+06   0.151137E+05
   0.219900E+03   0.191853E+04   0.259396E+03   0.111637E+06   0.151138E+05
   0.220000E+03   0.191853E+04   0.259396E+03   0.111637E+06   0.151137E+05
   0.220100E+03   0.191853E+04   0.259395E+03   0.111637E+06   0.151140E+05
   0.220200E+03   0.191853E+04   0.259397E+03   0.111637E+06   0.151139E+05
   0.220300E+03   0.191853E+04   0.259396E+03   0.111638E+06   0.151138E+05
   0.220400E+03   0.191853E+04   0.259397E+03   0.111638E+06   0.151138E+05
   0.220500E+03   0.191853E+04   0.259397E+03   0.111638E+06   0.151137E+05
   0.220600E+03   0.191853E+04   0.259397E+03   0.111638E+06   0.151137E+05
   0.220700E+03   0.191853E+04   0.259397E+03   0.111638E+06   0.151137E+05
   0.220800E+03   0.191854E+04   0.259396E+03   0.111638E+06   0.151137E+05
   0.220900E+03   0.191854E+04   0.259396E+03   0.111638E+06   0.151136E+05
   0.221000E+03   0.191854E+04   0.259396E+03   0.111638E+06   0.151136E+05
   0.221100E+03   0.191854E+04   0.259396E+03   0.111638E+06   0.151136E+05
   0.221200E+03   0.191854E+04   0.259395E+03   0.111638E+06   0.151136E+05
   0.221300E+03   0.191854E+04   0.259395E+03   0.111638E+06   0.151138E+05
   0.221400E+03   0.191854E+04   0.259397E+03   0.111638E+06   0.151138E+05
   0.221500E+03   0.191854E+04   0.259397E+03   0.111638E+06   0.151137E+05
   0.221600E+03   0.191854E+04   0.259396E+03   0.111639E+06   0.151137E+05
   0.221700E+03   0.191854E+04   0.259396E+03   0.111639E+06   0.151137E+05
   0.221800E+03   0.191854E+04   0.259396E+03   0.111639E+06   0.151137E+05
   0.221900E+03   0.191854E+04   0.259396E+03   0.111639E+06   0.151136E+05
   0.222000E+03   0.191854E+04   0.259394E+03   0.111639E+06   0.151136E+05
   0.222100E+03   0.191854E+04   0.259394E+03   0.111639E+06   0.151136E+05
   0.222200E+03   0.191855E+04   0.259394E+03   0.111639E+06   0.151136E+05
   0.222300E+03   0.191855E+04   0.259395E+03   0.111639E+06   0.151136E+05
   0.222400E+03   0.191855E+04   0.259395E+03   0.111639E+06   0.151135E+05
   0.222500E+03   0.191855E+04   0.259395E+03   0.111639E+06   0.151135E+05
   0.222600E+03   0.191855E+04   0.259396E+03   0.111639E+06   0.151137E+05
   0.222700E+03   0.191855E+04   0.259396E+03   0.111639E+06   0.151137E+05
   0.222800E+03   0.191855E+04   0.259396E+03   0.111639E+06   0.151137E+05
   0.222900E+03   0.191855E+04   0.259395E+03   0.111639E+06   0.151136E+05
   0.223000E+03   0.191855E+04   0.259395E+03   0.111640E+06   0.151136E+05
   0.223100E+03   0.191855E+04   0.259395E+03   0.111640E+06   0.151135E+05
   0.223200E+03   0.191855E+04   0.259395E+03   0.111640E+06   0.151134E+05
   0.223300E+03   0.191855E+04   0.259394E+03   0.111640E+06   0.151136E+05
   0.223400E+03   0.191855E+04   0.259394E+03   0.111640E+06   0.151136E+05
   0.223500E+03   0.191856E+04   0.259393E+03   0.111640E+06   0.151136E+05
   0.223600E+03   0.191856E+04   0.259393E+03   0.111640E+06   0.151135E+05
   0.223700E+03   0.191856E+04   0.259393E+03   0.111640E+06   0.151135E+05
   0.223800E+03   0.191856E+04   0.259392E+03   0.111640E+06   0.151135E+05
   0.223900E+03   0.191856E+04   0.259394E+03   0.111640E+06   0.151137E+05
   0.224000E+03   0.191856E+04   0.259393E+03   0.111640E+06   0.151136E+05
   0.224100E+03   0.191856E+04   0.259395E+03   0.111640E+06   0.151136E+05
   0.224200E+03   0.191856E+04   0.259394E+03   0.111640E+06   0.151136E+05
   0.224300E+03   0.191856E+04   0.259394E+03   0.111640E+06   0.151136E+05
   0.224400E+03   0.191856E+04   0.259394E+03   0.111641E+06   0.151135E+05
   0.224500E+03   0.191856E+04   0.259394E+03   0.111641E+06   0.151135E+05
   0.224600E+03   0.191856E+04   0.259394E+03   0.111641E+06   0.151135E+05
   0.224700E+03   0.191856E+04   0.259393E+03   0.111641E+06   0.151135E+05
   0.224800E+03   0.191857E+04   0.259392E+03   0.111641E+06   0.151135E+05
   0.224900E+03   0.191857E+04   0.259392E+03   0.111641E+06   0.151134E+05
   0.225000E+03   0.191857E+04   0.259392E+03   0.111641E+06   0.151134E+05
   0.225100E+03   0.191857E+04   0.259392E+03   0.111641E+06   0.151134E+05
   0.225200E+03   0.191857E+04   0.259393E+03   0.111641E+06   0.151134E+05
   0.225300E+03   0.191857E+04   0.259395E+03   0.111641E+06   0.151134E+05
   0.225400E+03   0.191857E+04   0.259394E+03   0.111641E+06   0.151136E+05
   0.225500E+03   0.191857E+04   0.259392E+03   0.111641E+06   0.151136E+05
   0.225600E+03   0.191857E+04   0.259392E+03   0.111641E+06   0.151136E+05
   0.225700E+03   0.191857E+04   0.259392E+03   0.111641E+06   0.151135E+05
   0.225800E+03   0.191857E+04   0.259392E+03   0.111641E+06   0.151135E+05
   0.225900E+03   0.191857E+04   0.259392E+03   0.111641E+06   0.151135E+05
   0.226000E+03   0.191857E+04   0.259393E+03   0.111642E+06   0.151134E+05
   0.226100E+03   0.191857E+04   0.259393E+03   0.111642E+06   0.151134E+05
   0.226200E+03   0.191858E+04   0.259392E+03   0.111642E+06   0.151134E+05
   0.226300E+03   0.191858E+04   0.259392E+03   0.111642E+06   0.151134E+05
   0.226400E+03   0.191858E+04   0.259392E+03   0.111642E+06   0.151134E+05
   0.226500E+03   0.191858E+04   0.259391E+03   0.111642E+06   0.151133E+05
   0.226600E+03   0.191858E+04   0.259391E+03   0.111642E+06   0.151133E+05
   0.226700E+03   0.191858E+04   0.259394E+03   0.111642E+06   0.151133E+05
   0.226800E+03   0.191858E+04   0.259394E+03   0.111642E+06   0.151132E+05
   0.226900E+03   0.191858E+04   0.259393E+03   0.111642E+06   0.151134E+05
   0.227000E+03   0.191858E+04   0.259393E+03   0.111642E+06   0.151134E+05
   0.227100E+03   0.191858E+04   0.259393E+03   0.111642E+06   0.151134E+05
   0.227200E+03   0.191858E+04   0.259392E+03   0.111642E+06   0.151134E+05
   0.227300E+03   0.191858E+04   0.259392E+03   0.111642E+06   0.151135E+05
   0.227400E+03   0.191858E+04   0.259392E+03   0.111642E+06   0.151135E+05
   0.227500E+03   0.191858E+04   0.259392E+03   0.111642E+06   0.151135E+05
   0.227600E+03   0.191858E+04   0.259392E+03   0.111643E+06   0.151134E+05
   0.227700E+03   0.191858E+04   0.259391E+03   0.111643E+06   0.151133E+05
   0.227800E+03   0.191859E+04   0.259390E+03   0.111643E+06   0.151133E+05
   0.227900E+03   0.191859E+04   0.259390E+03   0.111643E+06   0.151133E+05
   0.228000E+03   0.191859E+04   0.259389E+03   0.111643E+06   0.151133E+05
   0.228100E+03   0.191859E+04   0.259390E+03   0.111643E+06   0.151133E+05
   0.228200E+03   0.191859E+04   0.259393E+03   0.111643E+06   0.151132E+05
   0.228300E+03   0.191859E+04   0.259393E+03   0.111643E+06   0.151133E+05
   0.228400E+03   0.191859E+04   0.259393E+03   0.111643E+06   0.151133E+05
   0.228500E+03   0.191859E+04   0.259393E+03   0.111643E+06   0.151133E+05
   0.228600E+03   0.191859E+04   0.259392E+03   0.111643E+06   0.151135E+05
   0.228700E+03   0.191859E+04   0.259392E+03   0.111643E+06   0.151134E+05
   0.228800E+03   0.191859E+04   0.259392E+03   0.111643E+06   0.151134E+05
   0.228900E+03   0.191859E+04   0.259391E+03   0.111643E+06   0.151133E+05
   0.229000E+03   0.191859E+04   0.259391E+03   0.111643E+06   0.151133E+05
   0.229100E+03   0.191860E+04   0.259391E+03   0.111643E+06   0.151133E+05
   0.229200E+03   0.191860E+04   0.259390E+03   0.111644E+06   0.151132E+05
   0.229300E+03   0.191860E+04   0.259390E+03   0.111644E+06   0.151132E+05
   0.229400E+03   0.191860E+04   0.259389E+03   0.111644E+06   0.151132E+05
   0.229500E+03   0.191860E+04   0.259389E+03   0.111644E+06   0.151131E+05
   0.229600E+03   0.191860E+04   0.259389E+03   0.111644E+06   0.151133E+05
   0.229700E+03   0.191860E+04   0.259389E+03   0.111644E+06   0.151133E+05
   0.229800E+03   0.191860E+04   0.259389E+03   0.111644E+06   0.151132E+05
   0.229900E+03   0.191860E+04   0.259391E+03   0.111644E+06   0.151132E+05
   0.230000E+03   0.191860E+04   0.259391E+03   0.111644E+06   0.151132E+05
   0.230100E+03   0.191860E+04   0.259391E+03   0.111644E+06   0.151132E+05
   0.230200E+03   0.191860E+04   0.259391E+03   0.111644E+06   0.151132E+05
   0.230300E+03   0.191860E+04   0.259389E+03   0.111644E+06   0.151133E+05
   0.230400E+03   0.191860E+04   0.259390E+03   0.111644E+06   0.151133E+05
   0.230500E+03   0.191860E+04   0.259390E+03   0.111644E+06   0.151134E+05
   0.230600E+03   0.191860E+04   0.259390E+03   0.111644E+06   0.151133E+05
   0.230700E+03   0.191860E+04   0.259390E+03   0.111644E+06   0.151133E+05
   0.230800E+03   0.191860E+04   0.259390E+03   0.111644E+06   0.151133E+05
   0.230900E+03   0.191860E+04   0.259390E+03   0.111644E+06   0.151133E+05
   0.231000E+03   0.191860E+04   0.259390E+03   0.111645E+06   0.151132E+05
   0.231100E+03   0.191860E+04   0.259390E+03   0.111645E+06   0.151132E+05
   0.231200E+03   0.191861E+04   0.259389E+03   0.111645E+06   0.151132E+05
   0.231300E+03   0.191861E+04   0.259389E+03   0.111645E+06   0.151132E+05
   0.231400E+03   0.191861E+04   0.259389E+03   0.111645E+06   0.151132E+05
   0.231500E+03   0.191861E+04   0.259389E+03   0.111645E+06   0.151131E+05
   0.231600E+03   0.191861E+04   0.259388E+03   0.111645E+06   0.151131E+05
   0.231700E+03   0.191861E+04   0.259390E+03   0.111645E+06   0.151130E+05
   0.231800E+03   0.191861E+04   0.259390E+03   0.111645E+06   0.151130E+05
   0.231900E+03   0.191861E+04   0.259390E+03   0.111645E+06   0.151130E+05
   0.232000E+03   0.191861E+04   0.259390E+03   0.111645E+06   0.151129E+05
   0.232100E+03   0.191861E+04   0.259390E+03   0.111645E+06   0.151129E+05
   0.232200E+03   0.191861E+04   0.259389E+03   0.111645E+06   0.151133E+05
   0.232300E+03   0.191861E+04   0.259389E+03   0.111645E+06   0.151133E+05
   0.232400E+03   0.191861E+04   0.259389E+03   0.111645E+06   0.151133E+05
   0.232500E+03   0.191861E+04   0.259389E+03   0.111645E+06   0.151133E+05
   0.232600E+03   0.191861E+04   0.259389E+03   0.111645E+06   0.151133E+05
   0.232700E+03   0.191861E+04   0.259389E+03   0.111645E+06   0.151132E+05
   0.232800E+03   0.191861E+04   0.259389E+03   0.111645E+06   0.151132E+05
   0.232900E+03   0.191861E+04   0.259388E+03   0.111645E+06   0.151132E+05
   0.233000E+03   0.191862E+04   0.259390E+03   0.111645E+06   0.151133E+05
   0.233100E+03   0.191862E+04   0.259388E+03   0.111645E+06   0.151133E+05
   0.233200E+03   0.191862E+04   0.259387E+03   0.111645E+06   0.151132E+05
   0.233300E+03   0.191862E+04   0.259387E+03   0.111646E+06   0.151131E+05
   0.233400E+03   0.191862E+04   0.259387E+03   0.111646E+06   0.151131E+05
   0.233500E+03   0.191862E+04   0.259387E+03   0.111646E+06   0.151130E+05
   0.233600E+03   0.191862E+04   0.259389E+03   0.111646E+06   0.151130E+05
   0.233700E+03   0.191862E+04   0.259389E+03   0.111646E+06   0.151130E+05
   0.233800E+03   0.191862E+04   0.259389E+03   0.111646E+06   0.151130E+05
   0.233900E+03   0.191862E+04   0.259389E+03   0.111646E+06   0.151130E+05
   0.234000E+03   0.191862E+04   0.259389E+03   0.111646E+06   0.151129E+05
   0.234100E+03   0.191862E+04   0.259389E+03   0.111646E+06   0.151129E+05
   0.234200E+03   0.191862E+04   0.259388E+03   0.111646E+06   0.151129E+05
   0.234300E+03   0.191862E+04   0.259388E+03   0.111646E+06   0.151131E+05
   0.234400E+03   0.191862E+04   0.259388E+03   0.111646E+06   0.151131E+05
   0.234500E+03   0.191862E+04   0.259388E+03   0.111646E+06   0.151131E+05
   0.234600E+03   0.191862E+04   0.259388E+03   0.111646E+06   0.151131E+05
   0.234700E+03   0.191862E+04   0.259388E+03   0.111646E+06   0.151131E+05
   0.234800E+03   0.191862E+04   0.259388E+03   0.111646E+06   0.151131E+05
   0.234900E+03   0.191862E+04   0.259388E+03   0.111646E+06   0.151131E+05
   0.235000E+03   0.191862E+04   0.259388E+03   0.111646E+06   0.151130E+05
   0.235100E+03   0.191862E+04   0.259388E+03   0.111647E+06   0.151131E+05
   0.235200E+03   0.191863E+04   0.259387E+03   0.111647E+06   0.151131E+05
   0.235300E+03   0.191863E+04   0.259386E+03   0.111647E+06   0.151131E+05
   0.235400E+03   0.191863E+04   0.259386E+03   0.111647E+06   0.151131E+05
   0.235500E+03   0.191863E+04   0.259386E+03   0.111647E+06   0.151131E+05
   0.235600E+03   0.191863E+04   0.259388E+03   0.111647E+06   0.151130E+05
   0.235700E+03   0.191863E+04   0.259388E+03   0.111647E+06   0.151131E+05
   0.235800E+03   0.191863E+04   0.259388E+03   0.111647E+06   0.151131E+05
   0.235900E+03   0.191863E+04   0.259389E+03   0.111647E+06   0.151131E+05
   0.236000E+03   0.191863E+04   0.259389E+03   0.111647E+06   0.151131E+05
   0.236100E+03   0.191863E+04   0.259389E+03   0.111647E+06   0.151130E+05
   0.236200E+03   0.191863E+04   0.259388E+03   0.111647E+06   0.151129E+05
   0.236300E+03   0.191863E+04   0.259388E+03   0.111647E+06   0.151129E+05
   0.236400E+03   0.191864E+04   0.259386E+03   0.111647E+06   0.151129E+05
   0.236500E+03   0.191864E+04   0.259387E+03   0.111647E+06   0.151131E+05
   0.236600E+03   0.191864E+04   0.259387E+03   0.111647E+06   0.151131E+05
   0.236700E+03   0.191864E+04   0.259387E+03   0.111647E+06   0.151130E+05
   0.236800E+03   0.191864E+04   0.259387E+03   0.111647E+06   0.151130E+05
   0.236900E+03   0.191864E+04   0.259387E+03   0.111647E+06   0.151130E+05
   0.237000E+03   0.191864E+04   0.259387E+03   0.111647E+06   0.151130E+05
   0.237100E+03   0.191864E+04   0.259387E+03   0.111647E+06   0.151130E+05
   0.237200E+03   0.191864E+04   0.259387E+03   0.111647E+06   0.151130E+05
   0.237300E+03   0.191864E+04   0.259387E+03   0.111647E+06   0.151130E+05
   0.237400E+03   0.191864E+04   0.259387E+03   0.111647E+06   0.151129E+05
   0.237500E+03   0.191864E+04   0.259385E+03   0.111647E+06   0.151129E+05
   0.237600E+03   0.191864E+04   0.259385E+03   0.111647E+06   0.151129E+05
   0.237700E+03   0.191864E+04   0.259385E+03   0.111647E+06   0.151129E+05
   0.237800E+03   0.191864E+04   0.259385E+03   0.111647E+06   0.151129E+05
   0.237900E+03   0.191864E+04   0.259387E+03   0.111647E+06   0.151129E+05
   0.238000E+03   0.191864E+04   0.259387E+03   0.111647E+06   0.151129E+05
   0.238100E+03   0.191864E+04   0.259387E+03   0.111647E+06   0.151129E+05
   0.238200E+03   0.191864E+04   0.259387E+03   0.111647E+06   0.151129E+05
   0.238300E+03   0.191864E+04   0.259387E+03   0.111648E+06   0.151128E+05
   0.238400E+03   0.191864E+04   0.259387E+03   0.111648E+06   0.151130E+05
   0.238500E+03   0.191864E+04   0.259387E+03   0.111648E+06   0.151130E+05
   0.238600E+03   0.191864E+04   0.259387E+03   0.111648E+06   0.151130E+05
   0.238700E+03   0.191864E+04   0.259386E+03   0.111648E+06   0.151129E+05
   0.238800E+03   0.191864E+04   0.259386E+03   0.111648E+06   0.151129E+05
   0.238900E+03   0.191864E+04   0.259386E+03   0.111648E+06   0.151129E+05
   0.239000E+03   0.191864E+04   0.259386E+03   0.111648E+06   0.151131E+05
   0.239100E+03   0.191864E+04   0.259385E+03   0.111648E+06   0.151131E+05
   0.239200E+03   0.191865E+04   0.259386E+03   0.111648E+06   0.151130E+05
   0.239300E+03   0.191865E+04   0.259386E+03   0.111648E+06   0.151130E+05
   0.239400E+03   0.191865E+04   0.259386E+03   0.111648E+06   0.151130E+05
   0.239500E+03   0.191865E+04   0.259386E+03   0.111648E+06   0.151129E+05
   0.239600E+03   0.191865E+04   0.259386E+03   0.111648E+06   0.151129E+05
   0.239700E+03   0.191865E+04   0.259386E+03   0.111648E+06   0.151129E+05
   0.239800E+03   0.191865E+04   0.259386E+03   0.111648E+06   0.151129E+05
   0.239900E+03   0.191865E+04   0.259386E+03   0.111648E+06   0.151129E+05
   0.240000E+03   0.191865E+04   0.259386E+03   0.111648E+06   0.151129E+05
   0.240100E+03   0.191865E+04   0.259385E+03   0.111648E+06   0.151129E+05
   0.240200E+03   0.191865E+04   0.259384E+03   0.111648E+06   0.151129E+05
   0.240300E+03   0.191865E+04   0.259386E+03   0.111648E+06   0.151129E+05
   0.240400E+03   0.191865E+04   0.259386E+03   0.111648E+06   0.151129E+05
   0.240500E+03   0.191865E+04   0.259386E+03   0.111648E+06   0.151129E+05
   0.240600E+03   0.191865E+04   0.259386E+03   0.111648E+06   0.151129E+05
   0.240700E+03   0.191865E+04   0.259386E+03   0.111649E+06   0.151128E+05
   0.240800E+03   0.191865E+04   0.259386E+03   0.111649E+06   0.151128E+05
   0.240900E+03   0.191865E+04   0.259386E+03   0.111649E+06   0.151128E+05
   0.241000E+03   0.191865E+04   0.259385E+03   0.111649E+06   0.151128E+05
   0.241100E+03   0.191865E+04   0.259385E+03   0.111649E+06   0.151128E+05
   0.241200E+03   0.191865E+04   0.259385E+03   0.111649E+06   0.151127E+05
   0.241300E+03   0.191865E+04   0.259385E+03   0.111649E+06   0.151127E+05
   0.241400E+03   0.191865E+04   0.259385E+03   0.111649E+06   0.151127E+05
   0.241500E+03   0.191865E+04   0.259385E+03   0.111649E+06   0.151127E+05
   0.241600E+03   0.191865E+04   0.259385E+03   0.111649E+06   0.151127E+05
   0.241700E+03   0.191865E+04   0.259385E+03   0.111649E+06   0.151127E+05
   0.241800E+03   0.191865E+04   0.259385E+03   0.111649E+06   0.151129E+05
   0.241900E+03   0.191865E+04   0.259385E+03   0.111649E+06   0.151129E+05
   0.242000E+03   0.191865E+04   0.259385E+03   0.111649E+06   0.151129E+05
   0.242100E+03   0.191865E+04   0.259385E+03   0.111649E+06   0.151128E+05
   0.242200E+03   0.191865E+04   0.259385E+03   0.111649E+06   0.151128E+05
   0.242300E+03   0.191865E+04   0.259384E+03   0.111649E+06   0.151130E+05
   0.242400E+03   0.191866E+04   0.259384E+03   0.111649E+06   0.151130E+05
   0.242500E+03   0.191866E+04   0.259384E+03   0.111649E+06   0.151130E+05
   0.242600E+03   0.191866E+04   0.259384E+03   0.111649E+06   0.151130E+05
   0.242700E+03   0.191866E+04   0.259383E+03   0.111649E+06   0.151130E+05
   0.242800E+03   0.191866E+04   0.259383E+03   0.111649E+06   0.151130E+05
   0.242900E+03   0.191866E+04   0.259383E+03   0.111649E+06   0.151129E+05
   0.243000E+03   0.191866E+04   0.259382E+03   0.111649E+06   0.151128E+05
   0.243100E+03   0.191866E+04   0.259386E+03   0.111650E+06   0.151128E+05
   0.243200E+03   0.191866E+04   0.259386E+03   0.111650E+06   0.151128E+05
   0.243300E+03   0.191866E+04   0.259386E+03   0.111650E+06   0.151128E+05
   0.243400E+03   0.191866E+04   0.259386E+03   0.111650E+06   0.151128E+05
   0.243500E+03   0.191866E+04   0.259386E+03   0.111650E+06   0.151128E+05
   0.243600E+03   0.191866E+04   0.259386E+03   0.111650E+06   0.151128E+05
   0.243700E+03   0.191866E+04   0.259386E+03   0.111650E+06   0.151128E+05
   0.243800E+03   0.191866E+04   0.259386E+03   0.111650E+06   0.151127E+05
   0.243900E+03   0.191866E+04   0.259386E+03   0.111650E+06   0.151127E+05
   0.244000E+03   0.191866E+04   0.259386E+03   0.111650E+06   0.151127E+05
   0.244100E+03   0.191866E+04   0.259386E+03   0.111650E+06   0.151127E+05
   0.244200E+03   0.191866E+04   0.259385E+03   0.111650E+06   0.151127E+05
   0.244300E+03   0.191866E+04   0.259385E+03   0.111650E+06   0.151127E+05
   0.244400E+03   0.191866E+04   0.259385E+03   0.111650E+06   0.151127E+05
   0.244500E+03   0.191866E+04   0.259385E+03   0.111650E+06   0.151127E+05
   0.244600E+03   0.191866E+04   0.259385E+03   0.111650E+06   0.151127E+05
   0.244700E+03   0.191867E+04   0.259384E+03   0.111650E+06   0.151127E+05
   0.244800E+03   0.191867E+04   0.259384E+03   0.111650E+06   0.151127E+05
   0.244900E+03   0.191867E+04   0.259384E+03   0.111650E+06   0.151129E+05
   0.245000E+03   0.191867E+04   0.259384E+03   0.111650E+06   0.151129E+05
   0.245100E+03   0.191867E+04   0.259384E+03   0.111650E+06   0.151129E+05
   0.245200E+03   0.191867E+04   0.259383E+03   0.111650E+06   0.151128E+05
   0.245300E+03   0.191867E+04   0.259383E+03   0.111650E+06   0.151128E+05
   0.245400E+03   0.191867E+04   0.259383E+03   0.111650E+06   0.151128E+05
   0.245500E+03   0.191867E+04   0.259383E+03   0.111650E+06   0.151127E+05
   0.245600E+03   0.191867E+04   0.259383E+03   0.111650E+06   0.151127E+05
   0.245700E+03   0.191867E+04   0.259382E+03   0.111650E+06   0.151127E+05
   0.245800E+03   0.191867E+04   0.259382E+03   0.111650E+06   0.151127E+05
   0.245900E+03   0.191867E+04   0.259382E+03   0.111650E+06   0.151127E+05
   0.246000E+03   0.191867E+04   0.259382E+03   0.111650E+06   0.151127E+05
   0.246100E+03   0.191867E+04   0.259382E+03   0.111650E+06   0.151127E+05
   0.246200E+03   0.191867E+04   0.259384E+03   0.111650E+06   0.151127E+05
   0.246300E+03   0.191867E+04   0.259384E+03   0.111650E+06   0.151127E+05
   0.246400E+03   0.191867E+04   0.259384E+03   0.111650E+06   0.151127E+05
   0.246500E+03   0.191867E+04   0.259384E+03   0.111650E+06   0.151127E+05
   0.246600E+03   0.191867E+04   0.259383E+03   0.111650E+06   0.151126E+05
   0.246700E+03   0.191867E+04   0.259383E+03   0.111650E+06   0.151126E+05
   0.246800E+03   0.191867E+04   0.259383E+03   0.111650E+06   0.151127E+05
   0.246900E+03   0.191867E+04   0.259383E+03   0.111650E+06   0.151127E+05
   0.247000E+03   0.191867E+04   0.259383E+03   0.111651E+06   0.151128E+05
   0.247100E+03   0.191867E+04   0.259383E+03   0.111651E+06   0.151128E+05
   0.247200E+03   0.191867E+04   0.259383E+03   0.111651E+06   0.151127E+05
   0.247300E+03   0.191867E+04   0.259383E+03   0.111651E+06   0.151127E+05
   0.247400E+03   0.191867E+04   0.259382E+03   0.111651E+06   0.151127E+05
   0.247500E+03   0.191867E+04   0.259382E+03   0.111651E+06   0.151127E+05
   0.247600E+03   0.191867E+04   0.259382E+03   0.111651E+06   0.151127E+05
   0.247700E+03   0.191867E+04   0.259382E+03   0.111651E+06   0.151127E+05
   0.247800E+03   0.191868E+04   0.259383E+03   0.111651E+06   0.151127E+05
   0.247900E+03   0.191868E+04   0.259383E+03   0.111651E+06   0.151127E+05
   0.248000E+03   0.191868E+04   0.259383E+03   0.111651E+06   0.151127E+05
   0.248100E+03   0.191868E+04   0.259383E+03   0.111651E+06   0.151127E+05
   0.248200E+03   0.191868E+04   0.259383E+03   0.111651E+06   0.151127E+05
   0.248300E+03   0.191868E+04   0.259383E+03   0.111651E+06   0.151126E+05
   0.248400E+03   0.191868E+04   0.259383E+03   0.111651E+06   0.151126E+05
   0.248500E+03   0.191868E+04   0.259383E+03   0.111651E+06   0.151128E+05
   0.248600E+03   0.191868E+04   0.259383E+03   0.111651E+06   0.151128E+05
   0.248700E+03   0.191868E+04   0.259383E+03   0.111651E+06   0.151128E+05
   0.248800E+03   0.191868E+04   0.259383E+03   0.111651E+06   0.151128E+05
   0.248900E+03   0.191868E+04   0.259383E+03   0.111651E+06   0.151128E+05
   0.249000E+03   0.191868E+04   0.259383E+03   0.111651E+06   0.151128E+05
   0.249100E+03   0.191868E+04   0.259383E+03   0.111651E+06   0.151128E+05
   0.249200E+03   0.191868E+04   0.259383E+03   0.111651E+06   0.151128E+05
   0.249300E+03   0.191868E+04   0.259383E+03   0.111651E+06   0.151127E+05
   0.249400E+03   0.191868E+04   0.259383E+03   0.111651E+06   0.151127E+05
   0.249500E+03   0.191868E+04   0.259383E+03   0.111651E+06   0.151127E+05
   0.249600E+03   0.191868E+04   0.259383E+03   0.111651E+06   0.151127E+05
   0.249700E+03   0.191868E+04   0.259383E+03   0.111651E+06   0.151127E+05
   0.249800E+03   0.191868E+04   0.259385E+03   0.111651E+06   0.151126E+05
   0.249900E+03   0.191868E+04   0.259385E+03   0.111651E+06   0.151126E+05
   0.250000E+03   0.191868E+04   0.259385E+03   0.111651E+06   0.151126E+05
   0.250100E+03   0.191868E+04   0.259384E+03   0.111651E+06   0.151126E+05
   0.250200E+03   0.191868E+04   0.259384E+03   0.111651E+06   0.151126E+05
   0.250300E+03   0.191868E+04   0.259384E+03   0.111651E+06   0.151126E+05
   0.250400E+03   0.191868E+04   0.259384E+03   0.111651E+06   0.151126E+05
   0.250500E+03   0.191868E+04   0.259383E+03   0.111651E+06   0.151126E+05
   0.250600E+03   0.191868E+04   0.259383E+03   0.111651E+06   0.151126E+05
   0.250700E+03   0.191868E+04   0.259382E+03   0.111651E+06   0.151126E+05
   0.250800E+03   0.191868E+04   0.259382E+03   0.111651E+06   0.151126E+05
   0.250900E+03   0.191868E+04   0.259382E+03   0.111651E+06   0.151126E+05
   0.251000E+03   0.191868E+04   0.259382E+03   0.111651E+06   0.151126E+05
   0.251100E+03   0.191869E+04   0.259381E+03   0.111651E+06   0.151126E+05
   0.251200E+03   0.191869E+04   0.259381E+03   0.111651E+06   0.151126E+05
   0.251300E+03   0.191869E+04   0.259381E+03   0.111651E+06   0.151126E+05
   0.251400E+03   0.191869E+04   0.259381E+03   0.111651E+06   0.151126E+05
   0.251500E+03   0.191869E+04   0.259381E+03   0.111652E+06   0.151125E+05
   0.251600E+03   0.191869E+04   0.259381E+03   0.111652E+06   0.151125E+05
   0.251700E+03   0.191869E+04   0.259381E+03   0.111652E+06   0.151125E+05
   0.251800E+03   0.191869E+04   0.259381E+03   0.111652E+06   0.151125E+05
   0.251900E+03   0.191869E+04   0.259381E+03   0.111652E+06   0.151125E+05
   0.252000E+03   0.191869E+04   0.259381E+03   0.111652E+06   0.151125E+05
   0.252100E+03   0.191869E+04   0.259381E+03   0.111652E+06   0.151125E+05
   0.252200E+03   0.191869E+04   0.259381E+03   0.111652E+06   0.151125E+05
   0.252300E+03   0.191869E+04   0.259381E+03   0.111652E+06   0.151125E+05
   0.252400E+03   0.191869E+04   0.259381E+03   0.111652E+06   0.151125E+05
   0.252500E+03   0.191869E+04   0.259381E+03   0.111652E+06   0.151124E+05
   0.252600E+03   0.191869E+04   0.259381E+03   0.111652E+06   0.151126E+05
   0.252700E+03   0.191869E+04   0.259381E+03   0.111652E+06   0.151126E+05
   0.252800E+03   0.191869E+04   0.259381E+03   0.111652E+06   0.151126E+05
   0.252900E+03   0.191869E+04   0.259381E+03   0.111652E+06   0.151126E+05
   0.253000E+03   0.191869E+04   0.259381E+03   0.111652E+06   0.151127E+05
   0.253100E+03   0.191869E+04   0.259381E+03   0.111652E+06   0.151127E+05
   0.253200E+03   0.191869E+04   0.259380E+03   0.111652E+06   0.151127E+05
   0.253300E+03   0.191869E+04   0.259380E+03   0.111652E+06   0.151127E+05
   0.253400E+03   0.191869E+04   0.259380E+03   0.111652E+06   0.151127E+05
   0.253500E+03   0.191869E+04   0.259380E+03   0.111652E+06   0.151127E+05
   0.253600E+03   0.191869E+04   0.259380E+03   0.111652E+06   0.151127E+05
   0.253700E+03   0.191869E+04   0.259380E+03   0.111652E+06   0.151127E+05
   0.253800E+03   0.191869E+04   0.259381E+03   0.111652E+06   0.151127E+05
   0.253900E+03   0.191869E+04   0.259383E+03   0.111652E+06   0.151127E+05
   0.254000E+03   0.191869E+04   0.259383E+03   0.111652E+06   0.151127E+05
   0.254100E+03   0.191869E+04   0.259383E+03   0.111652E+06   0.151127E+05
   0.254200E+03   0.191869E+04   0.259383E+03   0.111652E+06   0.151126E+05
   0.254300E+03   0.191869E+04   0.259383E+03   0.111652E+06   0.151126E+05
   0.254400E+03   0.191869E+04   0.259383E+03   0.111652E+06   0.151126E+05
   0.254500E+03   0.191869E+04   0.259383E+03   0.111652E+06   0.151126E+05
   0.254600E+03   0.191869E+04   0.259383E+03   0.111652E+06   0.151126E+05
   0.254700E+03   0.191869E+04   0.259383E+03   0.111652E+06   0.151126E+05
   0.254800E+03   0.191869E+04   0.259383E+03   0.111652E+06   0.151126E+05
   0.254900E+03   0.191869E+04   0.259383E+03   0.111652E+06   0.151126E+05
   0.255000E+03   0.191869E+04   0.259383E+03   0.111652E+06   0.151126E+05
   0.255100E+03   0.191869E+04   0.259383E+03   0.111652E+06   0.151125E+05
   0.255200E+03   0.191869E+04   0.259383E+03   0.111652E+06   0.151125E+05
   0.255300E+03   0.191869E+04   0.259383E+03   0.111652E+06   0.151125E+05
   0.255400E+03   0.191869E+04   0.259383E+03   0.111652E+06   0.151125E+05
   0.255500E+03   0.191869E+04   0.259382E+03   0.111652E+06   0.151125E+05
   0.255600E+03   0.191869E+04   0.259382E+03   0.111652E+06   0.151125E+05
   0.255700E+03   0.191869E+04   0.259382E+03   0.111652E+06   0.151125E+05
   0.255800E+03   0.191869E+04   0.259382E+03   0.111652E+06   0.151125E+05
   0.255900E+03   0.191869E+04   0.259382E+03   0.111652E+06   0.151125E+05
   0.256000E+03   0.191869E+04   0.259382E+03   0.111652E+06   0.151125E+05
   0.256100E+03   0.191869E+04   0.259382E+03   0.111652E+06   0.151125E+05
   0.256200E+03   0.191869E+04   0.259382E+03   0.111652E+06   0.151125E+05
   0.256300E+03   0.191869E+04   0.259382E+03   0.111653E+06   0.151125E+05
   0.256400E+03   0.191869E+04   0.259381E+03   0.111653E+06   0.151125E+05
   0.256500E+03   0.191869E+04   0.259381E+03   0.111653E+06   0.151125E+05
   0.256600E+03   0.191869E+04   0.259381E+03   0.111653E+06   0.151125E+05
   0.256700E+03   0.191869E+04   0.259381E+03   0.111653E+06   0.151124E+05
   0.256800E+03   0.191869E+04   0.259381E+03   0.111653E+06   0.151124E+05
   0.256900E+03   0.191869E+04   0.259381E+03   0.111653E+06   0.151124E+05
   0.257000E+03   0.191869E+04   0.259381E+03   0.111653E+06   0.151124E+05
   0.257100E+03   0.191870E+04   0.259381E+03   0.111653E+06   0.151124E+05
   0.257200E+03   0.191870E+04   0.259381E+03   0.111653E+06   0.151124E+05
   0.257300E+03   0.191870E+04   0.259381E+03   0.111653E+06   0.151124E+05
   0.257400E+03   0.191870E+04   0.259380E+03   0.111653E+06   0.151124E+05
   0.257500E+03   0.191870E+04   0.259380E+03   0.111653E+06   0.151124E+05
   0.257600E+03   0.191870E+04   0.259380E+03   0.111653E+06   0.151126E+05
   0.257700E+03   0.191870E+04   0.259380E+03   0.111653E+06   0.151126E+05
   0.257800E+03   0.191870E+04   0.259380E+03   0.111653E+06   0.151126E+05
   0.257900E+03   0.191870E+04   0.259380E+03   0.111653E+06   0.151126E+05
   0.258000E+03   0.191870E+04   0.259380E+03   0.111653E+06   0.151126E+05
   0.258100E+03   0.191870E+04   0.259380E+03   0.111653E+06   0.151126E+05
   0.258200E+03   0.191870E+04   0.259380E+03   0.111653E+06   0.151126E+05
   0.258300E+03   0.191870E+04   0.259379E+03   0.111653E+06   0.151126E+05
   0.258400E+03   0.191870E+04   0.259379E+03   0.111653E+06   0.151126E+05
   0.258500E+03   0.191870E+04   0.259379E+03   0.111653E+06   0.151126E+05
   0.258600E+03   0.191870E+04   0.259379E+03   0.111653E+06   0.151126E+05
   0.258700E+03   0.191870E+04   0.259379E+03   0.111653E+06   0.151126E+05
   0.258800E+03   0.191870E+04   0.259379E+03   0.111653E+06   0.151126E+05
   0.258900E+03   0.191870E+04   0.259379E+03   0.111653E+06   0.151126E+05
   0.259000E+03   0.191870E+04   0.259381E+03   0.111653E+06   0.151125E+05
   0.259100E+03   0.191870E+04   0.259381E+03   0.111653E+06   0.151126E+05
   0.259200E+03   0.191870E+04   0.259381E+03   0.111653E+06   0.151126E+05
   0.259300E+03   0.191870E+04   0.259381E+03   0.111653E+06   0.151124E+05
   0.259400E+03   0.191870E+04   0.259381E+03   0.111653E+06   0.151124E+05
   0.259500E+03   0.191870E+04   0.259381E+03   0.111653E+06   0.151124E+05
   0.259600E+03   0.191870E+04   0.259381E+03   0.111653E+06   0.151124E+05
   0.259700E+03   0.191870E+04   0.259381E+03   0.111653E+06   0.151124E+05
   0.259800E+03   0.191870E+04   0.259381E+03   0.111653E+06   0.151124E+05
   0.259900E+03   0.191870E+04   0.259381E+03   0.111653E+06   0.151124E+05
   0.260000E+03   0.191870E+04   0.259381E+03   0.111653E+06   0.151124E+05
   0.260100E+03   0.191870E+04   0.259381E+03   0.111653E+06   0.151124E+05
   0.260200E+03   0.191870E+04   0.259381E+03   0.111653E+06   0.151124E+05
   0.260300E+03   0.191870E+04   0.259380E+03   0.111653E+06   0.151124E+05
   0.260400E+03   0.191870E+04   0.259380E+03   0.111653E+06   0.151124E+05
   0.260500E+03   0.191870E+04   0.259380E+03   0.111653E+06   0.151124E+05
   0.260600E+03   0.191870E+04   0.259380E+03   0.111653E+06   0.151123E+05
   0.260700E+03   0.191870E+04   0.259380E+03   0.111653E+06   0.151123E+05
   0.260800E+03   0.191870E+04   0.259380E+03   0.111653E+06   0.151123E+05
   0.260900E+03   0.191870E+04   0.259380E+03   0.111653E+06   0.151123E+05
   0.261000E+03   0.191870E+04   0.259380E+03   0.111654E+06   0.151125E+05
   0.261100E+03   0.191870E+04   0.259380E+03   0.111654E+06   0.151125E+05
   0.261200E+03   0.191870E+04   0.259379E+03   0.111654E+06   0.151125E+05
   0.261300E+03   0.191870E+04   0.259379E+03   0.111654E+06   0.151125E+05
   0.261400E+03   0.191870E+04   0.259379E+03   0.111654E+06   0.151125E+05
   0.261500E+03   0.191870E+04   0.259379E+03   0.111654E+06   0.151125E+05
   0.261600E+03   0.191870E+04   0.259379E+03   0.111654E+06   0.151125E+05
   0.261700E+03   0.191870E+04   0.259379E+03   0.111654E+06   0.151124E+05
   0.261800E+03   0.191870E+04   0.259379E+03   0.111654E+06   0.151124E+05
   0.261900E+03   0.191870E+04   0.259381E+03   0.111654E+06   0.151124E+05
   0.262000E+03   0.191871E+04   0.259380E+03   0.111654E+06   0.151124E+05
   0.262100E+03   0.191871E+04   0.259380E+03   0.111654E+06   0.151124E+05
   0.262200E+03   0.191871E+04   0.259380E+03   0.111654E+06   0.151124E+05
   0.262300E+03   0.191871E+04   0.259380E+03   0.111654E+06   0.151124E+05
   0.262400E+03   0.191871E+04   0.259380E+03   0.111654E+06   0.151124E+05
   0.262500E+03   0.191871E+04   0.259380E+03   0.111654E+06   0.151124E+05
   0.262600E+03   0.191871E+04   0.259380E+03   0.111654E+06   0.151124E+05
   0.262700E+03   0.191871E+04   0.259380E+03   0.111654E+06   0.151124E+05
   0.262800E+03   0.191871E+04   0.259380E+03   0.111654E+06   0.151124E+05
   0.262900E+03   0.191871E+04   0.259380E+03   0.111654E+06   0.151124E+05
   0.263000E+03   0.191871E+04   0.259380E+03   0.111654E+06   0.151124E+05
   0.263100E+03   0.191871E+04   0.259380E+03   0.111654E+06   0.151124E+05
   0.263200E+03   0.191871E+04   0.259380E+03   0.111654E+06   0.151124E+05
   0.263300E+03   0.191871E+04   0.259380E+03   0.111654E+06   0.151124E+05
   0.263400E+03   0.191871E+04   0.259380E+03   0.111654E+06   0.151124E+05
   0.263500E+03   0.191871E+04   0.259380E+03   0.111654E+06   0.151124E+05
   0.263600E+03   0.191871E+04   0.259380E+03   0.111654E+06   0.151124E+05
   0.263700E+03   0.191871E+04   0.259380E+03   0.111654E+06   0.151124E+05
   0.263800E+03   0.191871E+04   0.259380E+03   0.111654E+06   0.151124E+05
   0.263900E+03   0.191871E+04   0.259380E+03   0.111654E+06   0.151124E+05
   0.264000E+03   0.191871E+04   0.259380E+03   0.111654E+06   0.151126E+05
   0.264100E+03   0.191871E+04   0.259380E+03   0.111654E+06   0.151126E+05
   0.264200E+03   0.191871E+04   0.259380E+03   0.111654E+06   0.151126E+05
   0.264300E+03   0.191871E+04   0.259380E+03   0.111654E+06   0.151126E+05
   0.264400E+03   0.191871E+04   0.259380E+03   0.111654E+06   0.151125E+05
   0.264500E+03   0.191871E+04   0.259380E+03   0.111654E+06   0.151125E+05
   0.264600E+03   0.191871E+04   0.259380E+03   0.111654E+06   0.151125E+05
   0.264700E+03   0.191871E+04   0.259380E+03   0.111654E+06   0.151125E+05
   0.264800E+03   0.191871E+04   0.259379E+03   0.111654E+06   0.151125E+05
   0.264900E+03   0.191871E+04   0.259379E+03   0.111654E+06   0.151125E+05
   0.265000E+03   0.191871E+04   0.259379E+03   0.111654E+06   0.151125E+05
   0.265100E+03   0.191871E+04   0.259379E+03   0.111654E+06   0.151125E+05
   0.265200E+03   0.191871E+04   0.259378E+03   0.111654E+06   0.151125E+05
   0.265300E+03   0.191871E+04   0.259380E+03   0.111654E+06   0.151125E+05
   0.265400E+03   0.191871E+04   0.259380E+03   0.111654E+06   0.151125E+05
   0.265500E+03   0.191871E+04   0.259380E+03   0.111654E+06   0.151125E+05
   0.265600E+03   0.191871E+04   0.259380E+03   0.111654E+06   0.151125E+05
   0.265700E+03   0.191871E+04   0.259380E+03   0.111654E+06   0.151125E+05
   0.265800E+03   0.191871E+04   0.259380E+03   0.111654E+06   0.151125E+05
   0.265900E+03   0.191871E+04   0.259380E+03   0.111654E+06   0.151125E+05
   0.266000E+03   0.191871E+04   0.259380E+03   0.111654E+06   0.151125E+05
   0.266100E+03   0.191871E+04   0.259380E+03   0.111654E+06   0.151125E+05
   0.266200E+03   0.191871E+04   0.259380E+03   0.111654E+06   0.151125E+05
   0.266300E+03   0.191871E+04   0.259380E+03   0.111654E+06   0.151125E+05
   0.266400E+03   0.191871E+04   0.259380E+03   0.111654E+06   0.151124E+05
   0.266500E+03   0.191871E+04   0.259380E+03   0.111654E+06   0.151124E+05
   0.266600E+03   0.191871E+04   0.259380E+03   0.111654E+06   0.151124E+05
   0.266700E+03   0.191871E+04   0.259380E+03   0.111654E+06   0.151124E+05
   0.266800E+03   0.191871E+04   0.259380E+03   0.111654E+06   0.151124E+05
   0.266900E+03   0.191871E+04   0.259380E+03   0.111654E+06   0.151124E+05
   0.267000E+03   0.191871E+04   0.259380E+03   0.111654E+06   0.151124E+05
   0.267100E+03   0.191871E+04   0.259380E+03   0.111654E+06   0.151124E+05
   0.267200E+03   0.191871E+04   0.259380E+03   0.111654E+06   0.151124E+05
   0.267300E+03   0.191871E+04   0.259380E+03   0.111654E+06   0.151124E+05
   0.267400E+03   0.191871E+04   0.259380E+03   0.111654E+06   0.151124E+05
   0.267500E+03   0.191871E+04   0.259380E+03   0.111654E+06   0.151124E+05
   0.267600E+03   0.191871E+04   0.259380E+03   0.111654E+06   0.151124E+05
   0.267700E+03   0.191871E+04   0.259379E+03   0.111654E+06   0.151124E+05
   0.267800E+03   0.191871E+04   0.259379E+03   0.111654E+06   0.151124E+05
   0.267900E+03   0.191871E+04   0.259379E+03   0.111654E+06   0.151124E+05
   0.268000E+03   0.191871E+04   0.259379E+03   0.111654E+06   0.151124E+05
   0.268100E+03   0.191871E+04   0.259379E+03   0.111654E+06   0.151124E+05
   0.268200E+03   0.191871E+04   0.259379E+03   0.111654E+06   0.151124E+05
   0.268300E+03   0.191871E+04   0.259379E+03   0.111654E+06   0.151124E+05
   0.268400E+03   0.191871E+04   0.259379E+03   0.111654E+06   0.151124E+05
   0.268500E+03   0.191871E+04   0.259379E+03   0.111654E+06   0.151124E+05
   0.268600E+03   0.191871E+04   0.259379E+03   0.111654E+06   0.151124E+05
   0.268700E+03   0.191871E+04   0.259379E+03   0.111654E+06   0.151124E+05
   0.268800E+03   0.191871E+04   0.259379E+03   0.111654E+06   0.151124E+05
   0.268900E+03   0.191871E+04   0.259379E+03   0.111654E+06   0.151123E+05
   0.269000E+03   0.191871E+04   0.259379E+03   0.111654E+06   0.151123E+05
   0.269100E+03   0.191871E+04   0.259379E+03   0.111654E+06   0.151123E+05
   0.269200E+03   0.191871E+04   0.259379E+03   0.111654E+06   0.151123E+05
   0.269300E+03   0.191871E+04   0.259379E+03   0.111654E+06   0.151123E+05
   0.269400E+03   0.191871E+04   0.259379E+03   0.111654E+06   0.151123E+05
   0.269500E+03   0.191871E+04   0.259379E+03   0.111654E+06   0.151123E+05
   0.269600E+03   0.191871E+04   0.259379E+03   0.111654E+06   0.151123E+05
   0.269700E+03   0.191871E+04   0.259379E+03   0.111654E+06   0.151123E+05
   0.269800E+03   0.191871E+04   0.259379E+03   0.111654E+06   0.151123E+05
   0.269900E+03   0.191871E+04   0.259379E+03   0.111654E+06   0.151123E+05
   0.270000E+03   0.191871E+04   0.259379E+03   0.111654E+06   0.151123E+05
   0.270100E+03   0.191871E+04   0.259379E+03   0.111655E+06   0.151123E+05
   0.270200E+03   0.191871E+04   0.259379E+03   0.111655E+06   0.151123E+05
   0.270300E+03   0.191871E+04   0.259379E+03   0.111655E+06   0.151123E+05
   0.270400E+03   0.191872E+04   0.259378E+03   0.111655E+06   0.151123E+05
   0.270500E+03   0.191872E+04   0.259378E+03   0.111655E+06   0.151123E+05
   0.270600E+03   0.191872E+04   0.259378E+03   0.111655E+06   0.151122E+05
   0.270700E+03   0.191872E+04   0.259378E+03   0.111655E+06   0.151122E+05
   0.270800E+03   0.191872E+04   0.259378E+03   0.111655E+06   0.151122E+05
   0.270900E+03   0.191872E+04   0.259378E+03   0.111655E+06   0.151122E+05
   0.271000E+03   0.191872E+04   0.259378E+03   0.111655E+06   0.151122E+05
   0.271100E+03   0.191872E+04   0.259378E+03   0.111655E+06   0.151122E+05
   0.271200E+03   0.191872E+04   0.259378E+03   0.111655E+06   0.151122E+05
   0.271300E+03   0.191872E+04   0.259377E+03   0.111655E+06   0.151122E+05
   0.271400E+03   0.191872E+04   0.259377E+03   0.111655E+06   0.151122E+05
   0.271500E+03   0.191872E+04   0.259377E+03   0.111655E+06   0.151122E+05
   0.271600E+03   0.191872E+04   0.259377E+03   0.111655E+06   0.151122E+05
   0.271700E+03   0.191872E+04   0.259377E+03   0.111655E+06   0.151122E+05
   0.271800E+03   0.191872E+04   0.259377E+03   0.111655E+06   0.151122E+05
   0.271900E+03   0.191872E+04   0.259377E+03   0.111655E+06   0.151122E+05
   0.272000E+03   0.191872E+04   0.259377E+03   0.111655E+06   0.151122E+05
   0.272100E+03   0.191872E+04   0.259377E+03   0.111655E+06   0.151121E+05
   0.272200E+03   0.191872E+04   0.259377E+03   0.111655E+06   0.151121E+05
   0.272300E+03   0.191872E+04   0.259377E+03   0.111655E+06   0.151121E+05
   0.272400E+03   0.191872E+04   0.259377E+03   0.111655E+06   0.151121E+05
   0.272500E+03   0.191872E+04   0.259377E+03   0.111655E+06   0.151124E+05
   0.272600E+03   0.191872E+04   0.259377E+03   0.111655E+06   0.151124E+05
   0.272700E+03   0.191872E+04   0.259377E+03   0.111655E+06   0.151124E+05
   0.272800E+03   0.191872E+04   0.259377E+03   0.111655E+06   0.151124E+05
   0.272900E+03   0.191872E+04   0.259377E+03   0.111655E+06   0.151123E+05
   0.273000E+03   0.191872E+04   0.259377E+03   0.111655E+06   0.151123E+05
   0.273100E+03   0.191872E+04   0.259377E+03   0.111655E+06   0.151123E+05
   0.273200E+03   0.191872E+04   0.259377E+03   0.111655E+06   0.151123E+05
   0.273300E+03   0.191872E+04   0.259377E+03   0.111655E+06   0.151123E+05
   0.273400E+03   0.191872E+04   0.259377E+03   0.111655E+06   0.151123E+05
   0.273500E+03   0.191872E+04   0.259377E+03   0.111655E+06   0.151123E+05
   0.273600E+03   0.191872E+04   0.259377E+03   0.111655E+06   0.151123E+05
   0.273700E+03   0.191872E+04   0.259377E+03   0.111655E+06   0.151125E+05
   0.273800E+03   0.191872E+04   0.259379E+03   0.111655E+06   0.151125E+05
   0.273900E+03   0.191872E+04   0.259379E+03   0.111655E+06   0.151125E+05
   0.274000E+03   0.191872E+04   0.259379E+03   0.111655E+06   0.151125E+05
   0.274100E+03   0.191872E+04   0.259379E+03   0.111655E+06   0.151125E+05
   0.274200E+03   0.191872E+04   0.259379E+03   0.111655E+06   0.151125E+05
   0.274300E+03   0.191872E+04   0.259379E+03   0.111655E+06   0.151125E+05
   0.274400E+03   0.191872E+04   0.259379E+03   0.111655E+06   0.151125E+05
   0.274500E+03   0.191872E+04   0.259379E+03   0.111655E+06   0.151125E+05
   0.274600E+03   0.191872E+04   0.259379E+03   0.111655E+06   0.151124E+05
   0.274700E+03   0.191872E+04   0.259381E+03   0.111655E+06   0.151124E+05
   0.274800E+03   0.191872E+04   0.259381E+03   0.111655E+06   0.151124E+05
   0.274900E+03   0.191872E+04   0.259381E+03   0.111655E+06   0.151124E+05
   0.275000E+03   0.191872E+04   0.259381E+03   0.111655E+06   0.151124E+05
   0.275100E+03   0.191872E+04   0.259380E+03   0.111655E+06   0.151124E+05
   0.275200E+03   0.191872E+04   0.259380E+03   0.111655E+06   0.151124E+05
   0.275300E+03   0.191872E+04   0.259380E+03   0.111655E+06   0.151124E+05
   0.275400E+03   0.191872E+04   0.259380E+03   0.111655E+06   0.151124E+05
   0.275500E+03   0.191872E+04   0.259380E+03   0.111655E+06   0.151124E+05
   0.275600E+03   0.191872E+04   0.259380E+03   0.111655E+06   0.151124E+05
   0.275700E+03   0.191872E+04   0.259380E+03   0.111655E+06   0.151124E+05
   0.275800E+03   0.191872E+04   0.259380E+03   0.111655E+06   0.151124E+05
   0.275900E+03   0.191872E+04   0.259380E+03   0.111655E+06   0.151124E+05
   0.276000E+03   0.191872E+04   0.259380E+03   0.111655E+06   0.151124E+05
   0.276100E+03   0.191872E+04   0.259379E+03   0.111655E+06   0.151124E+05
   0.276200E+03   0.191872E+04   0.259379E+03   0.111655E+06   0.151124E+05
   0.276300E+03   0.191872E+04   0.259379E+03   0.111655E+06   0.151124E+05
   0.276400E+03   0.191872E+04   0.259379E+03   0.111655E+06   0.151124E+05
   0.276500E+03   0.191872E+04   0.259379E+03   0.111655E+06   0.151124E+05
   0.276600E+03   0.191872E+04   0.259379E+03   0.111655E+06   0.151124E+05
   0.276700E+03   0.191872E+04   0.259379E+03   0.111655E+06   0.151124E+05
   0.276800E+03   0.191872E+04   0.259379E+03   0.111655E+06   0.151124E+05
   0.276900E+03   0.191872E+04   0.259379E+03   0.111655E+06   0.151124E+05
   0.277000E+03   0.191872E+04   0.259379E+03   0.111655E+06   0.151124E+05
   0.277100E+03   0.191872E+04   0.259379E+03   0.111655E+06   0.151124E+05
   0.277200E+03   0.191872E+04   0.259379E+03   0.111655E+06   0.151124E+05
   0.277300E+03   0.191872E+04   0.259379E+03   0.111655E+06   0.151124E+05
   0.277400E+03   0.191872E+04   0.259379E+03   0.111655E+06   0.151124E+05
   0.277500E+03   0.191872E+04   0.259379E+03   0.111655E+06   0.151124E+05
   0.277600E+03   0.191872E+04   0.259379E+03   0.111655E+06   0.151124E+05
   0.277700E+03   0.191872E+04   0.259379E+03   0.111655E+06   0.151124E+05
   0.277800E+03   0.191872E+04   0.259378E+03   0.111655E+06   0.151124E+05
   0.277900E+03   0.191872E+04   0.259378E+03   0.111655E+06   0.151124E+05
   0.278000E+03   0.191872E+04   0.259378E+03   0.111655E+06   0.151124E+05
   0.278100E+03   0.191872E+04   0.259378E+03   0.111655E+06   0.151124E+05
   0.278200E+03   0.191872E+04   0.259378E+03   0.111655E+06   0.151124E+05
   0.278300E+03   0.191872E+04   0.259378E+03   0.111655E+06   0.151124E+05
   0.278400E+03   0.191872E+04   0.259378E+03   0.111655E+06   0.151124E+05
   0.278500E+03   0.191872E+04   0.259378E+03   0.111655E+06   0.151124E+05
   0.278600E+03   0.191872E+04   0.259378E+03   0.111655E+06   0.151124E+05
   0.278700E+03   0.191872E+04   0.259378E+03   0.111655E+06   0.151123E+05
   0.278800E+03   0.191872E+04   0.259378E+03   0.111655E+06   0.151123E+05
   0.278900E+03   0.191872E+04   0.259378E+03   0.111655E+06   0.151123E+05
   0.279000E+03   0.191872E+04   0.259378E+03   0.111655E+06   0.151123E+05
   0.279100E+03   0.191872E+04   0.259378E+03   0.111655E+06   0.151123E+05
   0.279200E+03   0.191872E+04   0.259378E+03   0.111655E+06   0.151123E+05
   0.279300E+03   0.191872E+04   0.259378E+03   0.111655E+06   0.151123E+05
   0.279400E+03   0.191872E+04   0.259378E+03   0.111655E+06   0.151123E+05
   0.279500E+03   0.191872E+04   0.259378E+03   0.111655E+06   0.151123E+05
   0.279600E+03   0.191872E+04   0.259378E+03   0.111655E+06   0.151123E+05
   0.279700E+03   0.191872E+04   0.259378E+03   0.111655E+06   0.151123E+05
   0.279800E+03   0.191872E+04   0.259378E+03   0.111655E+06   0.151123E+05
   0.279900E+03   0.191872E+04   0.259378E+03   0.111655E+06   0.151122E+05
   0.280000E+03   0.191872E+04   0.259378E+03   0.111655E+06   0.151122E+05
   0.280100E+03   0.191872E+04   0.259378E+03   0.111655E+06   0.151122E+05
   0.280200E+03   0.191872E+04   0.259378E+03   0.111655E+06   0.151122E+05
   0.280300E+03   0.191872E+04   0.259378E+03   0.111655E+06   0.151122E+05
   0.280400E+03   0.191872E+04   0.259378E+03   0.111655E+06   0.151122E+05
   0.280500E+03   0.191872E+04   0.259378E+03   0.111655E+06   0.151122E+05
   0.280600E+03   0.191872E+04   0.259378E+03   0.111655E+06   0.151122E+05
   0.280700E+03   0.191872E+04   0.259378E+03   0.111655E+06   0.151122E+05
   0.280800E+03   0.191872E+04   0.259378E+03   0.111655E+06   0.151122E+05
   0.280900E+03   0.191872E+04   0.259378E+03   0.111655E+06   0.151122E+05
   0.281000E+03   0.191872E+04   0.259378E+03   0.111655E+06   0.151122E+05
   0.281100E+03   0.191872E+04   0.259378E+03   0.111655E+06   0.151122E+05
   0.281200E+03   0.191872E+04   0.259378E+03   0.111655E+06   0.151122E+05
   0.281300E+03   0.191872E+04   0.259378E+03   0.111655E+06   0.151122E+05
   0.281400E+03   0.191872E+04   0.259378E+03   0.111655E+06   0.151122E+05
   0.281500E+03   0.191873E+04   0.259378E+03   0.111655E+06   0.151122E+05
   0.281600E+03   0.191873E+04   0.259378E+03   0.111655E+06   0.151122E+05
   0.281700E+03   0.191873E+04   0.259378E+03   0.111655E+06   0.151122E+05
   0.281800E+03   0.191873E+04   0.259378E+03   0.111655E+06   0.151122E+05
   0.281900E+03   0.191873E+04   0.259378E+03   0.111655E+06   0.151122E+05
   0.282000E+03   0.191873E+04   0.259377E+03   0.111655E+06   0.151122E+05
   0.282100E+03   0.191873E+04   0.259377E+03   0.111655E+06   0.151122E+05
   0.282200E+03   0.191873E+04   0.259377E+03   0.111655E+06   0.151122E+05
   0.282300E+03   0.191873E+04   0.259377E+03   0.111655E+06   0.151122E+05
   0.282400E+03   0.191873E+04   0.259377E+03   0.111655E+06   0.151122E+05
   0.282500E+03   0.191873E+04   0.259377E+03   0.111655E+06   0.151122E+05
   0.282600E+03   0.191873E+04   0.259377E+03   0.111655E+06   0.151122E+05
   0.282700E+03   0.191873E+04   0.259377E+03   0.111655E+06   0.151122E+05
   0.282800E+03   0.191873E+04   0.259377E+03   0.111655E+06   0.151122E+05
   0.282900E+03   0.191873E+04   0.259377E+03   0.111655E+06   0.151122E+05
   0.283000E+03   0.191873E+04   0.259377E+03   0.111655E+06   0.151122E+05
   0.283100E+03   0.191873E+04   0.259377E+03   0.111655E+06   0.151122E+05
   0.283200E+03   0.191873E+04   0.259377E+03   0.111655E+06   0.151122E+05
   0.283300E+03   0.191873E+04   0.259377E+03   0.111655E+06   0.151122E+05
   0.283400E+03   0.191873E+04   0.259377E+03   0.111655E+06   0.151122E+05
   0.283500E+03   0.191873E+04   0.259377E+03   0.111655E+06   0.151122E+05
   0.283600E+03   0.191873E+04   0.259377E+03   0.111655E+06   0.151122E+05
   0.283700E+03   0.191873E+04   0.259377E+03   0.111655E+06   0.151121E+05
   0.283800E+03   0.191873E+04   0.259377E+03   0.111655E+06   0.151121E+05
   0.283900E+03   0.191873E+04   0.259377E+03   0.111655E+06   0.151121E+05
   0.284000E+03   0.191873E+04   0.259377E+03   0.111655E+06   0.151121E+05
   0.284100E+03   0.191873E+04   0.259377E+03   0.111655E+06   0.151121E+05
   0.284200E+03   0.191873E+04   0.259377E+03   0.111655E+06   0.151121E+05
   0.284300E+03   0.191873E+04   0.259377E+03   0.111655E+06   0.151121E+05
   0.284400E+03   0.191873E+04   0.259377E+03   0.111655E+06   0.151121E+05
   0.284500E+03   0.191873E+04   0.259377E+03   0.111656E+06   0.151121E+05
   0.284600E+03   0.191873E+04   0.259377E+03   0.111656E+06   0.151121E+05
   0.284700E+03   0.191873E+04   0.259377E+03   0.111656E+06   0.151121E+05
   0.284800E+03   0.191873E+04   0.259377E+03   0.111656E+06   0.151121E+05
   0.284900E+03   0.191873E+04   0.259377E+03   0.111656E+06   0.151121E+05
   0.285000E+03   0.191873E+04   0.259377E+03   0.111656E+06   0.151121E+05
   0.285100E+03   0.191873E+04   0.259377E+03   0.111656E+06   0.151121E+05
   0.285200E+03   0.191873E+04   0.259377E+03   0.111656E+06   0.151121E+05
   0.285300E+03   0.191873E+04   0.259377E+03   0.111656E+06   0.151121E+05
   0.285400E+03   0.191873E+04   0.259377E+03   0.111656E+06   0.151121E+05
   0.285500E+03   0.191873E+04   0.259377E+03   0.111656E+06   0.151121E+05
   0.285600E+03   0.191873E+04   0.259377E+03   0.111656E+06   0.151121E+05
   0.285700E+03   0.191873E+04   0.259377E+03   0.111656E+06   0.151121E+05
   0.285800E+03   0.191873E+04   0.259377E+03   0.111656E+06   0.151123E+05
   0.285900E+03   0.191873E+04   0.259377E+03   0.111656E+06   0.151123E+05
   0.286000E+03   0.191873E+04   0.259377E+03   0.111656E+06   0.151123E+05
   0.286100E+03   0.191873E+04   0.259377E+03   0.111656E+06   0.151123E+05
   0.286200E+03   0.191873E+04   0.259377E+03   0.111656E+06   0.151123E+05
   0.286300E+03   0.191873E+04   0.259377E+03   0.111656E+06   0.151123E+05
   0.286400E+03   0.191873E+04   0.259377E+03   0.111656E+06   0.151123E+05
   0.286500E+03   0.191873E+04   0.259377E+03   0.111656E+06   0.151123E+05
   0.286600E+03   0.191873E+04   0.259377E+03   0.111656E+06   0.151123E+05
   0.286700E+03   0.191873E+04   0.259377E+03   0.111656E+06   0.151123E+05
   0.286800E+03   0.191873E+04   0.259377E+03   0.111656E+06   0.151123E+05
   0.286900E+03   0.191873E+04   0.259377E+03   0.111656E+06   0.151123E+05
   0.287000E+03   0.191873E+04   0.259379E+03   0.111656E+06   0.151123E+05
   0.287100E+03   0.191873E+04   0.259379E+03   0.111656E+06   0.151123E+05
   0.287200E+03   0.191873E+04   0.259379E+03   0.111656E+06   0.151123E+05
   0.287300E+03   0.191873E+04   0.259379E+03   0.111656E+06   0.151123E+05
   0.287400E+03   0.191873E+04   0.259379E+03   0.111656E+06   0.151123E+05
   0.287500E+03   0.191873E+04   0.259379E+03   0.111656E+06   0.151123E+05
   0.287600E+03   0.191873E+04   0.259379E+03   0.111656E+06   0.151123E+05
   0.287700E+03   0.191873E+04   0.259379E+03   0.111656E+06   0.151123E+05
   0.287800E+03   0.191873E+04   0.259379E+03   0.111656E+06   0.151123E+05
   0.287900E+03   0.191873E+04   0.259379E+03   0.111656E+06   0.151123E+05
   0.288000E+03   0.191873E+04   0.259379E+03   0.111656E+06   0.151123E+05
   0.288100E+03   0.191873E+04   0.259378E+03   0.111656E+06   0.151123E+05
   0.288200E+03   0.191873E+04   0.259378E+03   0.111656E+06   0.151123E+05
   0.288300E+03   0.191873E+04   0.259378E+03   0.111656E+06   0.151123E+05
   0.288400E+03   0.191873E+04   0.259378E+03   0.111656E+06   0.151123E+05
   0.288500E+03   0.191873E+04   0.259378E+03   0.111656E+06   0.151123E+05
   0.288600E+03   0.191873E+04   0.259378E+03   0.111656E+06   0.151123E+05
   0.288700E+03   0.191873E+04   0.259378E+03   0.111656E+06   0.151123E+05
   0.288800E+03   0.191873E+04   0.259378E+03   0.111656E+06   0.151123E+05
   0.288900E+03   0.191873E+04   0.259379E+03   0.111656E+06   0.151123E+05
   0.289000E+03   0.191873E+04   0.259379E+03   0.111656E+06   0.151123E+05
   0.289100E+03   0.191873E+04   0.259379E+03   0.111656E+06   0.151123E+05
   0.289200E+03   0.191873E+04   0.259379E+03   0.111656E+06   0.151123E+05
   0.289300E+03   0.191873E+04   0.259379E+03   0.111656E+06   0.151123E+05
   0.289400E+03   0.191873E+04   0.259379E+03   0.111656E+06   0.151123E+05
   0.289500E+03   0.191873E+04   0.259379E+03   0.111656E+06   0.151123E+05
   0.289600E+03   0.191873E+04   0.259378E+03   0.111656E+06   0.151123E+05
   0.289700E+03   0.191873E+04   0.259378E+03   0.111656E+06   0.151123E+05
   0.289800E+03   0.191873E+04   0.259378E+03   0.111656E+06   0.151123E+05
   0.289900E+03   0.191873E+04   0.259378E+03   0.111656E+06   0.151123E+05
   0.290000E+03   0.191873E+04   0.259378E+03   0.111656E+06   0.151123E+05
   0.290100E+03   0.191873E+04   0.259378E+03   0.111656E+06   0.151123E+05
   0.290200E+03   0.191873E+04   0.259378E+03   0.111656E+06   0.151123E+05
   0.290300E+03   0.191873E+04   0.259378E+03   0.111656E+06   0.151123E+05
   0.290400E+03   0.191873E+04   0.259378E+03   0.111656E+06   0.151123E+05
   0.290500E+03   0.191873E+04   0.259378E+03   0.111656E+06   0.151123E+05
   0.290600E+03   0.191873E+04   0.259378E+03   0.111656E+06   0.151123E+05
   0.290700E+03   0.191873E+04   0.259378E+03   0.111656E+06   0.151123E+05
   0.290800E+03   0.191873E+04   0.259378E+03   0.111656E+06   0.151123E+05
   0.290900E+03   0.191873E+04   0.259378E+03   0.111656E+06   0.151123E+05
   0.291000E+03   0.191873E+04   0.259378E+03   0.111656E+06   0.151123E+05
   0.291100E+03   0.191873E+04   0.259378E+03   0.111656E+06   0.151123E+05
   0.291200E+03   0.191873E+04   0.259378E+03   0.111656E+06   0.151123E+05
   0.291300E+03   0.191873E+04   0.259378E+03   0.111656E+06   0.151123E+05
   0.291400E+03   0.191873E+04   0.259378E+03   0.111656E+06   0.151123E+05
   0.291500E+03   0.191873E+04   0.259378E+03   0.111656E+06   0.151123E+05
   0.291600E+03   0.191873E+04   0.259378E+03   0.111656E+06   0.151123E+05
   0.291700E+03   0.191873E+04   0.259378E+03   0.111656E+06   0.151123E+05
   0.291800E+03   0.191873E+04   0.259378E+03   0.111656E+06   0.151123E+05
   0.291900E+03   0.191873E+04   0.259378E+03   0.111656E+06   0.151123E+05
   0.292000E+03   0.191873E+04   0.259378E+03   0.111656E+06   0.151123E+05
   0.292100E+03   0.191873E+04   0.259378E+03   0.111656E+06   0.151123E+05
   0.292200E+03   0.191873E+04   0.259378E+03   0.111656E+06   0.151123E+05
   0.292300E+03   0.191873E+04   0.259378E+03   0.111656E+06   0.151123E+05
   0.292400E+03   0.191873E+04   0.259378E+03   0.111656E+06   0.151123E+05
   0.292500E+03   0.191873E+04   0.259378E+03   0.111656E+06   0.151123E+05
   0.292600E+03   0.191873E+04   0.259378E+03   0.111656E+06   0.151123E+05
   0.292700E+03   0.191873E+04   0.259378E+03   0.111656E+06   0.151123E+05
   0.292800E+03   0.191873E+04   0.259378E+03   0.111656E+06   0.151123E+05
   0.292900E+03   0.191873E+04   0.259378E+03   0.111656E+06   0.151123E+05
   0.293000E+03   0.191873E+04   0.259378E+03   0.111656E+06   0.151123E+05
   0.293100E+03   0.191873E+04   0.259378E+03   0.111656E+06   0.151122E+05
   0.293200E+03   0.191873E+04   0.259378E+03   0.111656E+06   0.151122E+05
   0.293300E+03   0.191873E+04   0.259378E+03   0.111656E+06   0.151122E+05
   0.293400E+03   0.191873E+04   0.259378E+03   0.111656E+06   0.151122E+05
   0.293500E+03   0.191873E+04   0.259378E+03   0.111656E+06   0.151122E+05
   0.293600E+03   0.191873E+04   0.259378E+03   0.111656E+06   0.151122E+05
   0.293700E+03   0.191873E+04   0.259378E+03   0.111656E+06   0.151121E+05
   0.293800E+03   0.191873E+04   0.259378E+03   0.111656E+06   0.151121E+05
   0.293900E+03   0.191873E+04   0.259378E+03   0.111656E+06   0.151121E+05
   0.294000E+03   0.191873E+04   0.259378E+03   0.111656E+06   0.151121E+05
   0.294100E+03   0.191873E+04   0.259378E+03   0.111656E+06   0.151121E+05
   0.294200E+03   0.191873E+04   0.259378E+03   0.111656E+06   0.151121E+05
   0.294300E+03   0.191873E+04   0.259378E+03   0.111656E+06   0.151121E+05
   0.294400E+03   0.191873E+04   0.259378E+03   0.111656E+06   0.151121E+05
   0.294500E+03   0.191873E+04   0.259378E+03   0.111656E+06   0.151121E+05
   0.294600E+03   0.191873E+04   0.259378E+03   0.111656E+06   0.151121E+05
   0.294700E+03   0.191873E+04   0.259378E+03   0.111656E+06   0.151121E+05
   0.294800E+03   0.191873E+04   0.259378E+03   0.111656E+06   0.151121E+05
   0.294900E+03   0.191873E+04   0.259378E+03   0.111656E+06   0.151121E+05
   0.295000E+03   0.191873E+04   0.259378E+03   0.111656E+06   0.151121E+05
   0.295100E+03   0.191873E+04   0.259378E+03   0.111656E+06   0.151121E+05
   0.295200E+03   0.191873E+04   0.259378E+03   0.111656E+06   0.151121E+05
   0.295300E+03   0.191873E+04   0.259378E+03   0.111656E+06   0.151121E+05
   0.295400E+03   0.191873E+04   0.259378E+03   0.111656E+06   0.151121E+05
   0.295500E+03   0.191873E+04   0.259378E+03   0.111656E+06   0.151121E+05
   0.295600E+03   0.191873E+04   0.259378E+03   0.111656E+06   0.151121E+05
   0.295700E+03   0.191873E+04   0.259378E+03   0.111656E+06   0.151121E+05
   0.295800E+03   0.191873E+04   0.259378E+03   0.111656E+06   0.151121E+05
   0.295900E+03   0.191873E+04   0.259378E+03   0.111656E+06   0.151121E+05
   0.296000E+03   0.191873E+04   0.259378E+03   0.111656E+06   0.151121E+05
   0.296100E+03   0.191873E+04   0.259378E+03   0.111656E+06   0.151121E+05
   0.296200E+03   0.191873E+04   0.259378E+03   0.111656E+06   0.151121E+05
   0.296300E+03   0.191873E+04   0.259378E+03   0.111656E+06   0.151121E+05
   0.296400E+03   0.191873E+04   0.259378E+03   0.111656E+06   0.151121E+05
   0.296500E+03   0.191873E+04   0.259378E+03   0.111656E+06   0.151121E+05
   0.296600E+03   0.191873E+04   0.259378E+03   0.111656E+06   0.151121E+05
   0.296700E+03   0.191873E+04   0.259378E+03   0.111656E+06   0.151121E+05
   0.296800E+03   0.191873E+04   0.259378E+03   0.111656E+06   0.151121E+05
   0.296900E+03   0.191873E+04   0.259378E+03   0.111656E+06   0.151121E+05
   0.297000E+03   0.191873E+04   0.259378E+03   0.111656E+06   0.151121E+05
   0.297100E+03   0.191873E+04   0.259378E+03   0.111656E+06   0.151121E+05
   0.297200E+03   0.191873E+04   0.259378E+03   0.111656E+06   0.151121E+05
   0.297300E+03   0.191873E+04   0.259378E+03   0.111656E+06   0.151121E+05
   0.297400E+03   0.191873E+04   0.259378E+03   0.111656E+06   0.151121E+05
   0.297500E+03   0.191873E+04   0.259378E+03   0.111656E+06   0.151121E+05
   0.297600E+03   0.191873E+04   0.259378E+03   0.111656E+06   0.151121E+05
   0.297700E+03   0.191873E+04   0.259378E+03   0.111656E+06   0.151121E+05
   0.297800E+03   0.191873E+04   0.259378E+03   0.111656E+06   0.151121E+05
   0.297900E+03   0.191873E+04   0.259378E+03   0.111656E+06   0.151121E+05
   0.298000E+03   0.191873E+04   0.259378E+03   0.111656E+06   0.151121E+05
   0.298100E+03   0.191873E+04   0.259378E+03   0.111656E+06   0.151121E+05
   0.298200E+03   0.191873E+04   0.259378E+03   0.111656E+06   0.151121E+05
   0.298300E+03   0.191873E+04   0.259378E+03   0.111656E+06   0.151121E+05
   0.298400E+03   0.191873E+04   0.259378E+03   0.111656E+06   0.151121E+05
   0.298500E+03   0.191873E+04   0.259378E+03   0.111656E+06   0.151121E+05
   0.298600E+03   0.191873E+04   0.259378E+03   0.111656E+06   0.151121E+05
   0.298700E+03   0.191873E+04   0.259378E+03   0.111656E+06   0.151121E+05
   0.298800E+03   0.191873E+04   0.259378E+03   0.111656E+06   0.151121E+05
   0.298900E+03   0.191873E+04   0.259378E+03   0.111656E+06   0.151121E+05
   0.299000E+03   0.191873E+04   0.259378E+03   0.111656E+06   0.151121E+05
   0.299100E+03   0.191873E+04   0.259377E+03   0.111656E+06   0.151121E+05
   0.299200E+03   0.191873E+04   0.259377E+03   0.111656E+06   0.151121E+05
   0.299300E+03   0.191873E+04   0.259377E+03   0.111656E+06   0.151121E+05
   0.299400E+03   0.191873E+04   0.259377E+03   0.111656E+06   0.151121E+05
   0.299500E+03   0.191873E+04   0.259377E+03   0.111656E+06   0.151121E+05
   0.299600E+03   0.191873E+04   0.259377E+03   0.111656E+06   0.151121E+05
   0.299700E+03   0.191873E+04   0.259377E+03   0.111656E+06   0.151121E+05
   0.299800E+03   0.191873E+04   0.259377E+03   0.111656E+06   0.151121E+05
   0.299900E+03   0.191873E+04   0.259377E+03   0.111656E+06   0.151121E+05
   0.300000E+03   0.191873E+04   0.259377E+03   0.111656E+06   0.151121E+05
   0.300100E+03   0.191873E+04   0.259377E+03   0.111656E+06   0.151121E+05
   0.300200E+03   0.191873E+04   0.259377E+03   0.111656E+06   0.151121E+05
   0.300300E+03   0.191873E+04   0.259377E+03   0.111656E+06   0.151121E+05
   0.300400E+03   0.191873E+04   0.259377E+03   0.111656E+06   0.151121E+05
   0.300500E+03   0.191873E+04   0.259376E+03   0.111656E+06   0.151121E+05
   0.300600E+03   0.191873E+04   0.259376E+03   0.111656E+06   0.151121E+05
   0.300700E+03   0.191873E+04   0.259376E+03   0.111656E+06   0.151121E+05
   0.300800E+03   0.191873E+04   0.259376E+03   0.111656E+06   0.151121E+05
   0.300900E+03   0.191873E+04   0.259376E+03   0.111656E+06   0.151121E+05
   0.301000E+03   0.191873E+04   0.259376E+03   0.111656E+06   0.151121E+05
   0.301100E+03   0.191873E+04   0.259376E+03   0.111656E+06   0.151121E+05
   0.301200E+03   0.191873E+04   0.259376E+03   0.111656E+06   0.151121E+05
   0.301300E+03   0.191873E+04   0.259376E+03   0.111656E+06   0.151121E+05
   0.301400E+03   0.191873E+04   0.259376E+03   0.111656E+06   0.151121E+05
   0.301500E+03   0.191873E+04   0.259376E+03   0.111656E+06   0.151121E+05
   0.301600E+03   0.191873E+04   0.259376E+03   0.111656E+06   0.151121E+05
   0.301700E+03   0.191873E+04   0.259376E+03   0.111656E+06   0.151121E+05
   0.301800E+03   0.191873E+04   0.259376E+03   0.111656E+06   0.151121E+05
   0.301900E+03   0.191873E+04   0.259376E+03   0.111656E+06   0.151121E+05
   0.302000E+03   0.191873E+04   0.259376E+03   0.111656E+06   0.151121E+05
   0.302100E+03   0.191873E+04   0.259376E+03   0.111656E+06   0.151121E+05
   0.302200E+03   0.191873E+04   0.259376E+03   0.111656E+06   0.151121E+05
   0.302300E+03   0.191873E+04   0.259376E+03   0.111656E+06   0.151121E+05
   0.302400E+03   0.191873E+04   0.259376E+03   0.111656E+06   0.151121E+05
   0.302500E+03   0.191873E+04   0.259376E+03   0.111656E+06   0.151121E+05
   0.302600E+03   0.191873E+04   0.259376E+03   0.111656E+06   0.151121E+05
   0.302700E+03   0.191873E+04   0.259376E+03   0.111656E+06   0.151121E+05
   0.302800E+03   0.191873E+04   0.259376E+03   0.111656E+06   0.151121E+05
   0.302900E+03   0.191873E+04   0.259376E+03   0.111656E+06   0.151121E+05
   0.303000E+03   0.191873E+04   0.259376E+03   0.111656E+06   0.151121E+05
   0.303100E+03   0.191873E+04   0.259376E+03   0.111656E+06   0.151121E+05
   0.303200E+03   0.191873E+04   0.259376E+03   0.111656E+06   0.151121E+05
   0.303300E+03   0.191873E+04   0.259376E+03   0.111656E+06   0.151121E+05
   0.303400E+03   0.191873E+04   0.259376E+03   0.111656E+06   0.151121E+05
   0.303500E+03   0.191873E+04   0.259376E+03   0.111656E+06   0.151121E+05
   0.303600E+03   0.191873E+04   0.259376E+03   0.111656E+06   0.151121E+05
   0.303700E+03   0.191873E+04   0.259376E+03   0.111656E+06   0.151121E+05
   0.303800E+03   0.191873E+04   0.259376E+03   0.111656E+06   0.151121E+05
   0.303900E+03   0.191873E+04   0.259376E+03   0.111656E+06   0.151121E+05
   0.304000E+03   0.191873E+04   0.259376E+03   0.111656E+06   0.151121E+05
   0.304100E+03   0.191873E+04   0.259376E+03   0.111656E+06   0.151121E+05
   0.304200E+03   0.191873E+04   0.259376E+03   0.111656E+06   0.151121E+05
   0.304300E+03   0.191873E+04   0.259376E+03   0.111656E+06   0.151121E+05
   0.304400E+03   0.191873E+04   0.259376E+03   0.111656E+06   0.151121E+05
   0.304500E+03   0.191873E+04   0.259376E+03   0.111656E+06   0.151121E+05
   0.304600E+03   0.191873E+04   0.259376E+03   0.111656E+06   0.151121E+05
   0.304700E+03   0.191873E+04   0.259376E+03   0.111656E+06   0.151121E+05
   0.304800E+03   0.191873E+04   0.259376E+03   0.111656E+06   0.151121E+05
   0.304900E+03   0.191873E+04   0.259376E+03   0.111656E+06   0.151121E+05
   0.305000E+03   0.191873E+04   0.259376E+03   0.111656E+06   0.151121E+05
   0.305100E+03   0.191873E+04   0.259376E+03   0.111656E+06   0.151121E+05
   0.305200E+03   0.191873E+04   0.259376E+03   0.111656E+06   0.151122E+05
   0.305300E+03   0.191873E+04   0.259376E+03   0.111656E+06   0.151122E+05
   0.305400E+03   0.191873E+04   0.259376E+03   0.111656E+06   0.151122E+05
   0.305500E+03   0.191873E+04   0.259376E+03   0.111656E+06   0.151122E+05
   0.305600E+03   0.191873E+04   0.259376E+03   0.111656E+06   0.151122E+05
   0.305700E+03   0.191873E+04   0.259376E+03   0.111656E+06   0.151122E+05
   0.305800E+03   0.191873E+04   0.259376E+03   0.111656E+06   0.151122E+05
   0.305900E+03   0.191873E+04   0.259376E+03   0.111656E+06   0.151122E+05
   0.306000E+03   0.191873E+04   0.259376E+03   0.111656E+06   0.151122E+05
   0.306100E+03   0.191873E+04   0.259376E+03   0.111656E+06   0.151122E+05
   0.306200E+03   0.191873E+04   0.259376E+03   0.111656E+06   0.151122E+05
   0.306300E+03   0.191873E+04   0.259376E+03   0.111656E+06   0.151122E+05
   0.306400E+03   0.191874E+04   0.259375E+03   0.111656E+06   0.151122E+05
   0.306500E+03   0.191874E+04   0.259375E+03   0.111656E+06   0.151122E+05
   0.306600E+03   0.191874E+04   0.259375E+03   0.111656E+06   0.151122E+05
   0.306700E+03   0.191874E+04   0.259375E+03   0.111656E+06   0.151122E+05
   0.306800E+03   0.191874E+04   0.259375E+03   0.111656E+06   0.151122E+05
   0.306900E+03   0.191874E+04   0.259377E+03   0.111656E+06   0.151122E+05
   0.307000E+03   0.191874E+04   0.259377E+03   0.111656E+06   0.151122E+05
   0.307100E+03   0.191874E+04   0.259377E+03   0.111656E+06   0.151122E+05
   0.307200E+03   0.191874E+04   0.259377E+03   0.111656E+06   0.151122E+05
   0.307300E+03   0.191874E+04   0.259377E+03   0.111656E+06   0.151122E+05
   0.307400E+03   0.191874E+04   0.259377E+03   0.111656E+06   0.151122E+05
   0.307500E+03   0.191874E+04   0.259377E+03   0.111656E+06   0.151122E+05
   0.307600E+03   0.191874E+04   0.259377E+03   0.111656E+06   0.151122E+05
   0.307700E+03   0.191874E+04   0.259377E+03   0.111656E+06   0.151122E+05
   0.307800E+03   0.191874E+04   0.259377E+03   0.111656E+06   0.151122E+05
   0.307900E+03   0.191874E+04   0.259377E+03   0.111656E+06   0.151122E+05
   0.308000E+03   0.191874E+04   0.259377E+03   0.111656E+06   0.151122E+05
   0.308100E+03   0.191874E+04   0.259377E+03   0.111656E+06   0.151122E+05
   0.308200E+03   0.191874E+04   0.259377E+03   0.111656E+06   0.151122E+05
   0.308300E+03   0.191874E+04   0.259377E+03   0.111656E+06   0.151122E+05
   0.308400E+03   0.191874E+04   0.259377E+03   0.111656E+06   0.151122E+05
   0.308500E+03   0.191874E+04   0.259377E+03   0.111656E+06   0.151122E+05
   0.308600E+03   0.191874E+04   0.259376E+03   0.111656E+06   0.151122E+05
   0.308700E+03   0.191874E+04   0.259376E+03   0.111656E+06   0.151122E+05
   0.308800E+03   0.191874E+04   0.259376E+03   0.111656E+06   0.151122E+05
   0.308900E+03   0.191874E+04   0.259376E+03   0.111656E+06   0.151122E+05
   0.309000E+03   0.191874E+04   0.259376E+03   0.111656E+06   0.151122E+05
   0.309100E+03   0.191874E+04   0.259375E+03   0.111656E+06   0.151122E+05
   0.309200E+03   0.191874E+04   0.259375E+03   0.111656E+06   0.151122E+05
   0.309300E+03   0.191874E+04   0.259375E+03   0.111656E+06   0.151122E+05
   0.309400E+03   0.191874E+04   0.259375E+03   0.111656E+06   0.151122E+05
   0.309500E+03   0.191874E+04   0.259375E+03   0.111656E+06   0.151122E+05
   0.309600E+03   0.191874E+04   0.259375E+03   0.111656E+06   0.151122E+05
   0.309700E+03   0.191874E+04   0.259375E+03   0.111656E+06   0.151122E+05
   0.309800E+03   0.191874E+04   0.259375E+03   0.111656E+06   0.151122E+05
   0.309900E+03   0.191874E+04   0.259375E+03   0.111656E+06   0.151122E+05
   0.310000E+03   0.191874E+04   0.259375E+03   0.111656E+06   0.151122E+05
   0.310100E+03   0.191874E+04   0.259375E+03   0.111656E+06   0.151122E+05
   0.310200E+03   0.191874E+04   0.259375E+03   0.111656E+06   0.151122E+05
   0.310300E+03   0.191874E+04   0.259375E+03   0.111656E+06   0.151122E+05
   0.310400E+03   0.191874E+04   0.259375E+03   0.111656E+06   0.151122E+05
   0.310500E+03   0.191874E+04   0.259375E+03   0.111656E+06   0.151122E+05
   0.310600E+03   0.191874E+04   0.259375E+03   0.111656E+06   0.151122E+05
   0.310700E+03   0.191874E+04   0.259375E+03   0.111656E+06   0.151122E+05
   0.310800E+03   0.191874E+04   0.259375E+03   0.111656E+06   0.151122E+05
   0.310900E+03   0.191874E+04   0.259375E+03   0.111656E+06   0.151122E+05
   0.311000E+03   0.191874E+04   0.259375E+03   0.111656E+06   0.151122E+05
   0.311100E+03   0.191874E+04   0.259375E+03   0.111656E+06   0.151122E+05
   0.311200E+03   0.191874E+04   0.259375E+03   0.111656E+06   0.151122E+05
   0.311300E+03   0.191874E+04   0.259375E+03   0.111656E+06   0.151122E+05
   0.311400E+03   0.191874E+04   0.259375E+03   0.111656E+06   0.151122E+05
   0.311500E+03   0.191874E+04   0.259375E+03   0.111656E+06   0.151122E+05
   0.311600E+03   0.191874E+04   0.259375E+03   0.111656E+06   0.151122E+05
   0.311700E+03   0.191874E+04   0.259375E+03   0.111656E+06   0.151122E+05
   0.311800E+03   0.191874E+04   0.259375E+03   0.111656E+06   0.151122E+05
   0.311900E+03   0.191874E+04   0.259375E+03   0.111656E+06   0.151122E+05
   0.312000E+03   0.191874E+04   0.259375E+03   0.111656E+06   0.151122E+05
   0.312100E+03   0.191874E+04   0.259375E+03   0.111656E+06   0.151122E+05
   0.312200E+03   0.191874E+04   0.259375E+03   0.111656E+06   0.151122E+05
   0.312300E+03   0.191874E+04   0.259375E+03   0.111656E+06   0.151122E+05
   0.312400E+03   0.191874E+04   0.259375E+03   0.111656E+06   0.151122E+05
   0.312500E+03   0.191874E+04   0.259375E+03   0.111656E+06   0.151122E+05
   0.312600E+03   0.191874E+04   0.259375E+03   0.111656E+06   0.151122E+05
   0.312700E+03   0.191874E+04   0.259375E+03   0.111656E+06   0.151122E+05
   0.312800E+03   0.191874E+04   0.259375E+03   0.111656E+06   0.151122E+05
   0.312900E+03   0.191874E+04   0.259375E+03   0.111656E+06   0.151122E+05
   0.313000E+03   0.191874E+04   0.259375E+03   0.111656E+06   0.151122E+05
   0.313100E+03   0.191874E+04   0.259375E+03   0.111656E+06   0.151122E+05
   0.313200E+03   0.191874E+04   0.259375E+03   0.111656E+06   0.151122E+05
   0.313300E+03   0.191874E+04   0.259375E+03   0.111656E+06   0.151122E+05
   0.313400E+03   0.191874E+04   0.259375E+03   0.111656E+06   0.151122E+05
   0.313500E+03   0.191874E+04   0.259375E+03   0.111656E+06   0.151122E+05
   0.313600E+03   0.191874E+04   0.259375E+03   0.111656E+06   0.151122E+05
   0.313700E+03   0.191874E+04   0.259375E+03   0.111656E+06   0.151122E+05
   0.313800E+03   0.191874E+04   0.259375E+03   0.111656E+06   0.151122E+05
   0.313900E+03   0.191874E+04   0.259375E+03   0.111656E+06   0.151122E+05
   0.314000E+03   0.191874E+04   0.259375E+03   0.111656E+06   0.151122E+05
   0.314100E+03   0.191874E+04   0.259375E+03   0.111656E+06   0.151122E+05
   0.314200E+03   0.191874E+04   0.259375E+03   0.111656E+06   0.151122E+05
   0.314300E+03   0.191874E+04   0.259375E+03   0.111656E+06   0.151122E+05
   0.314400E+03   0.191874E+04   0.259375E+03   0.111656E+06   0.151122E+05
   0.314500E+03   0.191874E+04   0.259375E+03   0.111656E+06   0.151122E+05
   0.314600E+03   0.191874E+04   0.259375E+03   0.111656E+06   0.151122E+05
   0.314700E+03   0.191874E+04   0.259375E+03   0.111656E+06   0.151122E+05
   0.314800E+03   0.191874E+04   0.259375E+03   0.111656E+06   0.151122E+05
   0.314900E+03   0.191874E+04   0.259375E+03   0.111656E+06   0.151122E+05
   0.315000E+03   0.191874E+04   0.259375E+03   0.111656E+06   0.151122E+05
   0.315100E+03   0.191874E+04   0.259375E+03   0.111656E+06   0.151122E+05
   0.315200E+03   0.191874E+04   0.259375E+03   0.111656E+06   0.151122E+05
   0.315300E+03   0.191874E+04   0.259375E+03   0.111656E+06   0.151122E+05
   0.315400E+03   0.191874E+04   0.259375E+03   0.111656E+06   0.151122E+05
   0.315500E+03   0.191874E+04   0.259375E+03   0.111656E+06   0.151122E+05
   0.315600E+03   0.191874E+04   0.259375E+03   0.111656E+06   0.151122E+05
   0.315700E+03   0.191874E+04   0.259375E+03   0.111656E+06   0.151122E+05
   0.315800E+03   0.191874E+04   0.259375E+03   0.111656E+06   0.151122E+05
   0.315900E+03   0.191874E+04   0.259375E+03   0.111656E+06   0.151122E+05
   0.316000E+03   0.191874E+04   0.259375E+03   0.111656E+06   0.151122E+05
   0.316100E+03   0.191874E+04   0.259375E+03   0.111656E+06   0.151122E+05
   0.316200E+03   0.191874E+04   0.259375E+03   0.111656E+06   0.151122E+05
   0.316300E+03   0.191874E+04   0.259375E+03   0.111656E+06   0.151122E+05
   0.316400E+03   0.191874E+04   0.259375E+03   0.111656E+06   0.151122E+05
   0.316500E+03   0.191874E+04   0.259375E+03   0.111656E+06   0.151124E+05
   0.316600E+03   0.191874E+04   0.259375E+03   0.111656E+06   0.151124E+05
   0.316700E+03   0.191874E+04   0.259375E+03   0.111656E+06   0.151124E+05
   0.316800E+03   0.191874E+04   0.259375E+03   0.111656E+06   0.151124E+05
   0.316900E+03   0.191874E+04   0.259375E+03   0.111656E+06   0.151124E+05
   0.317000E+03   0.191874E+04   0.259375E+03   0.111656E+06   0.151124E+05
   0.317100E+03   0.191874E+04   0.259375E+03   0.111656E+06   0.151124E+05
   0.317200E+03   0.191874E+04   0.259375E+03   0.111656E+06   0.151124E+05
   0.317300E+03   0.191874E+04   0.259375E+03   0.111656E+06   0.151124E+05
   0.317400E+03   0.191874E+04   0.259378E+03   0.111656E+06   0.151124E+05
   0.317500E+03   0.191874E+04   0.259378E+03   0.111656E+06   0.151124E+05
   0.317600E+03   0.191874E+04   0.259378E+03   0.111656E+06   0.151124E+05
   0.317700E+03   0.191874E+04   0.259378E+03   0.111656E+06   0.151124E+05
   0.317800E+03   0.191874E+04   0.259378E+03   0.111656E+06   0.151124E+05
   0.317900E+03   0.191874E+04   0.259378E+03   0.111657E+06   0.151123E+05
   0.318000E+03   0.191874E+04   0.259378E+03   0.111657E+06   0.151123E+05
   0.318100E+03   0.191874E+04   0.259378E+03   0.111657E+06   0.151123E+05
   0.318200E+03   0.191874E+04   0.259378E+03   0.111657E+06   0.151123E+05
   0.318300E+03   0.191874E+04   0.259378E+03   0.111657E+06   0.151123E+05
   0.318400E+03   0.191874E+04   0.259378E+03   0.111657E+06   0.151123E+05
   0.318500E+03   0.191874E+04   0.259378E+03   0.111657E+06   0.151123E+05
   0.318600E+03   0.191874E+04   0.259378E+03   0.111657E+06   0.151123E+05
   0.318700E+03   0.191874E+04   0.259378E+03   0.111657E+06   0.151123E+05
   0.318800E+03   0.191874E+04   0.259378E+03   0.111657E+06   0.151123E+05
   0.318900E+03   0.191874E+04   0.259378E+03   0.111657E+06   0.151123E+05
   0.319000E+03   0.191874E+04   0.259378E+03   0.111657E+06   0.151123E+05
   0.319100E+03   0.191874E+04   0.259378E+03   0.111657E+06   0.151123E+05
   0.319200E+03   0.191874E+04   0.259378E+03   0.111657E+06   0.151123E+05
   0.319300E+03   0.191874E+04   0.259378E+03   0.111657E+06   0.151123E+05
   0.319400E+03   0.191874E+04   0.259378E+03   0.111657E+06   0.151123E+05
   0.319500E+03   0.191874E+04   0.259378E+03   0.111657E+06   0.151123E+05
   0.319600E+03   0.191874E+04   0.259377E+03   0.111657E+06   0.151123E+05
   0.319700E+03   0.191874E+04   0.259377E+03   0.111657E+06   0.151123E+05
   0.319800E+03   0.191874E+04   0.259377E+03   0.111657E+06   0.151123E+05
   0.319900E+03   0.191874E+04   0.259377E+03   0.111657E+06   0.151123E+05
   0.320000E+03   0.191874E+04   0.259377E+03   0.111657E+06   0.151123E+05
   0.320100E+03   0.191874E+04   0.259377E+03   0.111657E+06   0.151123E+05
   0.320200E+03   0.191874E+04   0.259377E+03   0.111657E+06   0.151123E+05
   0.320300E+03   0.191874E+04   0.259377E+03   0.111657E+06   0.151123E+05
   0.320400E+03   0.191874E+04   0.259377E+03   0.111657E+06   0.151123E+05
   0.320500E+03   0.191874E+04   0.259377E+03   0.111657E+06   0.151123E+05
   0.320600E+03   0.191874E+04   0.259377E+03   0.111657E+06   0.151123E+05
   0.320700E+03   0.191874E+04   0.259377E+03   0.111657E+06   0.151123E+05
   0.320800E+03   0.191874E+04   0.259377E+03   0.111657E+06   0.151123E+05
   0.320900E+03   0.191874E+04   0.259377E+03   0.111657E+06   0.151123E+05
   0.321000E+03   0.191874E+04   0.259377E+03   0.111657E+06   0.151123E+05
   0.321100E+03   0.191874E+04   0.259377E+03   0.111657E+06   0.151123E+05
   0.321200E+03   0.191874E+04   0.259377E+03   0.111657E+06   0.151123E+05
   0.321300E+03   0.191874E+04   0.259377E+03   0.111657E+06   0.151123E+05
   0.321400E+03   0.191874E+04   0.259377E+03   0.111657E+06   0.151123E+05
   0.321500E+03   0.191874E+04   0.259377E+03   0.111657E+06   0.151123E+05
   0.321600E+03   0.191874E+04   0.259377E+03   0.111657E+06   0.151123E+05
   0.321700E+03   0.191874E+04   0.259377E+03   0.111657E+06   0.151123E+05
   0.321800E+03   0.191874E+04   0.259377E+03   0.111657E+06   0.151123E+05
   0.321900E+03   0.191874E+04   0.259377E+03   0.111657E+06   0.151123E+05
   0.322000E+03   0.191874E+04   0.259377E+03   0.111657E+06   0.151123E+05
   0.322100E+03   0.191874E+04   0.259377E+03   0.111657E+06   0.151123E+05
   0.322200E+03   0.191874E+04   0.259377E+03   0.111657E+06   0.151123E+05
   0.322300E+03   0.191874E+04   0.259377E+03   0.111657E+06   0.151123E+05
   0.322400E+03   0.191874E+04   0.259377E+03   0.111657E+06   0.151123E+05
   0.322500E+03   0.191874E+04   0.259377E+03   0.111657E+06   0.151123E+05
   0.322600E+03   0.191874E+04   0.259377E+03   0.111657E+06   0.151123E+05
   0.322700E+03   0.191874E+04   0.259377E+03   0.111657E+06   0.151123E+05
   0.322800E+03   0.191874E+04   0.259377E+03   0.111657E+06   0.151123E+05
   0.322900E+03   0.191874E+04   0.259377E+03   0.111657E+06   0.151123E+05
   0.323000E+03   0.191874E+04   0.259377E+03   0.111657E+06   0.151123E+05
   0.323100E+03   0.191874E+04   0.259377E+03   0.111657E+06   0.151123E+05
   0.323200E+03   0.191874E+04   0.259377E+03   0.111657E+06   0.151123E+05
   0.323300E+03   0.191874E+04   0.259377E+03   0.111657E+06   0.151123E+05
   0.323400E+03   0.191874E+04   0.259377E+03   0.111657E+06   0.151123E+05
   0.323500E+03   0.191874E+04   0.259377E+03   0.111657E+06   0.151123E+05
   0.323600E+03   0.191874E+04   0.259377E+03   0.111657E+06   0.151123E+05
   0.323700E+03   0.191874E+04   0.259377E+03   0.111657E+06   0.151123E+05
   0.323800E+03   0.191874E+04   0.259377E+03   0.111657E+06   0.151123E+05
   0.323900E+03   0.191874E+04   0.259377E+03   0.111657E+06   0.151123E+05
   0.324000E+03   0.191874E+04   0.259377E+03   0.111657E+06   0.151123E+05
   0.324100E+03   0.191874E+04   0.259377E+03   0.111657E+06   0.151123E+05
   0.324200E+03   0.191874E+04   0.259377E+03   0.111657E+06   0.151123E+05
   0.324300E+03   0.191874E+04   0.259377E+03   0.111657E+06   0.151123E+05
   0.324400E+03   0.191874E+04   0.259377E+03   0.111657E+06   0.151123E+05
   0.324500E+03   0.191874E+04   0.259377E+03   0.111657E+06   0.151123E+05
   0.324600E+03   0.191874E+04   0.259377E+03   0.111657E+06   0.151123E+05
   0.324700E+03   0.191874E+04   0.259377E+03   0.111657E+06   0.151123E+05
   0.324800E+03   0.191874E+04   0.259377E+03   0.111657E+06   0.151123E+05
   0.324900E+03   0.191874E+04   0.259377E+03   0.111657E+06   0.151123E+05
   0.325000E+03   0.191874E+04   0.259377E+03   0.111657E+06   0.151123E+05
   0.325100E+03   0.191874E+04   0.259377E+03   0.111657E+06   0.151123E+05
   0.325200E+03   0.191874E+04   0.259377E+03   0.111657E+06   0.151123E+05
   0.325300E+03   0.191874E+04   0.259377E+03   0.111657E+06   0.151123E+05
   0.325400E+03   0.191874E+04   0.259377E+03   0.111657E+06   0.151123E+05
   0.325500E+03   0.191874E+04   0.259377E+03   0.111657E+06   0.151123E+05
   0.325600E+03   0.191874E+04   0.259377E+03   0.111657E+06   0.151123E+05
   0.325700E+03   0.191874E+04   0.259377E+03   0.111657E+06   0.151123E+05
   0.325800E+03   0.191874E+04   0.259377E+03   0.111657E+06   0.151123E+05
   0.325900E+03   0.191874E+04   0.259377E+03   0.111657E+06   0.151123E+05
   0.326000E+03   0.191874E+04   0.259377E+03   0.111657E+06   0.151123E+05
   0.326100E+03   0.191874E+04   0.259377E+03   0.111657E+06   0.151123E+05
   0.326200E+03   0.191874E+04   0.259377E+03   0.111657E+06   0.151123E+05
   0.326300E+03   0.191874E+04   0.259377E+03   0.111657E+06   0.151123E+05
   0.326400E+03   0.191874E+04   0.259377E+03   0.111657E+06   0.151123E+05
   0.326500E+03   0.191874E+04   0.259377E+03   0.111657E+06   0.151123E+05
   0.326600E+03   0.191874E+04   0.259377E+03   0.111657E+06   0.151123E+05
   0.326700E+03   0.191874E+04   0.259377E+03   0.111657E+06   0.151123E+05
   0.326800E+03   0.191874E+04   0.259377E+03   0.111657E+06   0.151123E+05
   0.326900E+03   0.191874E+04   0.259377E+03   0.111657E+06   0.151123E+05
   0.327000E+03   0.191874E+04   0.259377E+03   0.111657E+06   0.151123E+05
   0.327100E+03   0.191874E+04   0.259377E+03   0.111657E+06   0.151123E+05
   0.327200E+03   0.191874E+04   0.259377E+03   0.111657E+06   0.151123E+05
   0.327300E+03   0.191874E+04   0.259377E+03   0.111657E+06   0.151123E+05
   0.327400E+03   0.191874E+04   0.259377E+03   0.111657E+06   0.151123E+05
   0.327500E+03   0.191874E+04   0.259377E+03   0.111657E+06   0.151122E+05
   0.327600E+03   0.191874E+04   0.259377E+03   0.111657E+06   0.151122E+05
   0.327700E+03   0.191874E+04   0.259377E+03   0.111657E+06   0.151122E+05
   0.327800E+03   0.191874E+04   0.259377E+03   0.111657E+06   0.151122E+05
   0.327900E+03   0.191874E+04   0.259377E+03   0.111657E+06   0.151122E+05
   0.328000E+03   0.191874E+04   0.259377E+03   0.111657E+06   0.151122E+05
   0.328100E+03   0.191874E+04   0.259377E+03   0.111657E+06   0.151122E+05
   0.328200E+03   0.191874E+04   0.259377E+03   0.111657E+06   0.151122E+05
   0.328300E+03   0.191874E+04   0.259377E+03   0.111657E+06   0.151122E+05
   0.328400E+03   0.191874E+04   0.259377E+03   0.111657E+06   0.151122E+05
   0.328500E+03   0.191874E+04   0.259377E+03   0.111657E+06   0.151122E+05
   0.328600E+03   0.191874E+04   0.259377E+03   0.111657E+06   0.151122E+05
   0.328700E+03   0.191874E+04   0.259377E+03   0.111657E+06   0.151122E+05
   0.328800E+03   0.191874E+04   0.259377E+03   0.111657E+06   0.151122E+05
   0.328900E+03   0.191874E+04   0.259377E+03   0.111657E+06   0.151122E+05
   0.329000E+03   0.191874E+04   0.259377E+03   0.111657E+06   0.151122E+05
   0.329100E+03   0.191874E+04   0.259377E+03   0.111657E+06   0.151122E+05
   0.329200E+03   0.191874E+04   0.259377E+03   0.111657E+06   0.151122E+05
   0.329300E+03   0.191874E+04   0.259377E+03   0.111657E+06   0.151122E+05
   0.329400E+03   0.191874E+04   0.259377E+03   0.111657E+06   0.151122E+05
   0.329500E+03   0.191874E+04   0.259377E+03   0.111657E+06   0.151122E+05
   0.329600E+03   0.191874E+04   0.259377E+03   0.111657E+06   0.151122E+05
   0.329700E+03   0.191874E+04   0.259377E+03   0.111657E+06   0.151122E+05
   0.329800E+03   0.191874E+04   0.259377E+03   0.111657E+06   0.151122E+05
   0.329900E+03   0.191874E+04   0.259377E+03   0.111657E+06   0.151122E+05
   0.330000E+03   0.191874E+04   0.259377E+03   0.111657E+06   0.151122E+05
   0.330100E+03   0.191874E+04   0.259377E+03   0.111657E+06   0.151122E+05
   0.330200E+03   0.191874E+04   0.259377E+03   0.111657E+06   0.151122E+05
   0.330300E+03   0.191874E+04   0.259377E+03   0.111657E+06   0.151122E+05
   0.330400E+03   0.191874E+04   0.259377E+03   0.111657E+06   0.151122E+05
   0.330500E+03   0.191874E+04   0.259377E+03   0.111657E+06   0.151122E+05
   0.330600E+03   0.191874E+04   0.259377E+03   0.111657E+06   0.151122E+05
   0.330700E+03   0.191874E+04   0.259377E+03   0.111657E+06   0.151122E+05
   0.330800E+03   0.191874E+04   0.259377E+03   0.111657E+06   0.151122E+05
   0.330900E+03   0.191874E+04   0.259377E+03   0.111657E+06   0.151122E+05
   0.331000E+03   0.191874E+04   0.259377E+03   0.111657E+06   0.151122E+05
   0.331100E+03   0.191874E+04   0.259377E+03   0.111657E+06   0.151122E+05
   0.331200E+03   0.191874E+04   0.259377E+03   0.111657E+06   0.151122E+05
   0.331300E+03   0.191874E+04   0.259377E+03   0.111657E+06   0.151122E+05
   0.331400E+03   0.191874E+04   0.259377E+03   0.111657E+06   0.151122E+05
   0.331500E+03   0.191874E+04   0.259377E+03   0.111657E+06   0.151122E+05
   0.331600E+03   0.191874E+04   0.259377E+03   0.111657E+06   0.151122E+05
   0.331700E+03   0.191874E+04   0.259377E+03   0.111657E+06   0.151122E+05
   0.331800E+03   0.191874E+04   0.259377E+03   0.111657E+06   0.151122E+05
   0.331900E+03   0.191874E+04   0.259377E+03   0.111657E+06   0.151122E+05
   0.332000E+03   0.191874E+04   0.259377E+03   0.111657E+06   0.151122E+05
   0.332100E+03   0.191874E+04   0.259377E+03   0.111657E+06   0.151122E+05
   0.332200E+03   0.191874E+04   0.259377E+03   0.111657E+06   0.151122E+05
   0.332300E+03   0.191874E+04   0.259377E+03   0.111657E+06   0.151122E+05
   0.332400E+03   0.191874E+04   0.259377E+03   0.111657E+06   0.151122E+05
   0.332500E+03   0.191874E+04   0.259377E+03   0.111657E+06   0.151122E+05
   0.332600E+03   0.191874E+04   0.259377E+03   0.111657E+06   0.151122E+05
   0.332700E+03   0.191874E+04   0.259377E+03   0.111657E+06   0.151122E+05
   0.332800E+03   0.191874E+04   0.259377E+03   0.111657E+06   0.151122E+05
   0.332900E+03   0.191874E+04   0.259377E+03   0.111657E+06   0.151122E+05
   0.333000E+03   0.191874E+04   0.259377E+03   0.111657E+06   0.151122E+05
   0.333100E+03   0.191874E+04   0.259377E+03   0.111657E+06   0.151122E+05
   0.333200E+03   0.191874E+04   0.259377E+03   0.111657E+06   0.151122E+05
   0.333300E+03   0.191874E+04   0.259377E+03   0.111657E+06   0.151122E+05
   0.333400E+03   0.191874E+04   0.259377E+03   0.111657E+06   0.151122E+05
   0.333500E+03   0.191874E+04   0.259377E+03   0.111657E+06   0.151122E+05
   0.333600E+03   0.191874E+04   0.259377E+03   0.111657E+06   0.151122E+05
   0.333700E+03   0.191874E+04   0.259377E+03   0.111657E+06   0.151122E+05
   0.333800E+03   0.191874E+04   0.259377E+03   0.111657E+06   0.151122E+05
   0.333900E+03   0.191874E+04   0.259377E+03   0.111657E+06   0.151122E+05
   0.334000E+03   0.191874E+04   0.259377E+03   0.111657E+06   0.151122E+05
   0.334100E+03   0.191874E+04   0.259377E+03   0.111657E+06   0.151122E+05
   0.334200E+03   0.191874E+04   0.259377E+03   0.111657E+06   0.151122E+05
   0.334300E+03   0.191874E+04   0.259377E+03   0.111657E+06   0.151122E+05
   0.334400E+03   0.191874E+04   0.259377E+03   0.111657E+06   0.151122E+05
   0.334500E+03   0.191874E+04   0.259377E+03   0.111657E+06   0.151122E+05
   0.334600E+03   0.191874E+04   0.259377E+03   0.111657E+06   0.151122E+05
   0.334700E+03   0.191874E+04   0.259377E+03   0.111657E+06   0.151122E+05
   0.334800E+03   0.191874E+04   0.259377E+03   0.111657E+06   0.151122E+05
   0.334900E+03   0.191874E+04   0.259377E+03   0.111657E+06   0.151122E+05
   0.335000E+03   0.191874E+04   0.259377E+03   0.111657E+06   0.151122E+05
   0.335100E+03   0.191874E+04   0.259377E+03   0.111657E+06   0.151122E+05
   0.335200E+03   0.191874E+04   0.259377E+03   0.111657E+06   0.151122E+05
   0.335300E+03   0.191874E+04   0.259377E+03   0.111657E+06   0.151122E+05
   0.335400E+03   0.191874E+04   0.259377E+03   0.111657E+06   0.151122E+05
   0.335500E+03   0.191874E+04   0.259377E+03   0.111657E+06   0.151122E+05
   0.335600E+03   0.191874E+04   0.259377E+03   0.111657E+06   0.151122E+05
   0.335700E+03   0.191874E+04   0.259377E+03   0.111657E+06   0.151122E+05
   0.335800E+03   0.191874E+04   0.259377E+03   0.111657E+06   0.151122E+05
   0.335900E+03   0.191874E+04   0.259377E+03   0.111657E+06   0.151122E+05
   0.336000E+03   0.191874E+04   0.259377E+03   0.111657E+06   0.151122E+05
   0.336100E+03   0.191874E+04   0.259377E+03   0.111657E+06   0.151122E+05
   0.336200E+03   0.191874E+04   0.259377E+03   0.111657E+06   0.151122E+05
   0.336300E+03   0.191874E+04   0.259377E+03   0.111657E+06   0.151122E+05
   0.336400E+03   0.191874E+04   0.259377E+03   0.111657E+06   0.151122E+05
   0.336500E+03   0.191874E+04   0.259377E+03   0.111657E+06   0.151122E+05
   0.336600E+03   0.191874E+04   0.259377E+03   0.111657E+06   0.151122E+05
   0.336700E+03   0.191874E+04   0.259377E+03   0.111657E+06   0.151122E+05
   0.336800E+03   0.191874E+04   0.259377E+03   0.111657E+06   0.151122E+05
   0.336900E+03   0.191874E+04   0.259377E+03   0.111657E+06   0.151122E+05
   0.337000E+03   0.191874E+04   0.259377E+03   0.111657E+06   0.151122E+05
   0.337100E+03   0.191874E+04   0.259377E+03   0.111657E+06   0.151122E+05
   0.337200E+03   0.191874E+04   0.259377E+03   0.111657E+06   0.151122E+05
   0.337300E+03   0.191874E+04   0.259377E+03   0.111657E+06   0.151122E+05
   0.337400E+03   0.191874E+04   0.259377E+03   0.111657E+06   0.151122E+05
   0.337500E+03   0.191874E+04   0.259377E+03   0.111657E+06   0.151122E+05
   0.337600E+03   0.191874E+04   0.259377E+03   0.111657E+06   0.151122E+05
   0.337700E+03   0.191874E+04   0.259377E+03   0.111657E+06   0.151122E+05
   0.337800E+03   0.191874E+04   0.259377E+03   0.111657E+06   0.151122E+05
   0.337900E+03   0.191874E+04   0.259377E+03   0.111657E+06   0.151122E+05
   0.338000E+03   0.191874E+04   0.259377E+03   0.111657E+06   0.151122E+05
   0.338100E+03   0.191874E+04   0.259377E+03   0.111657E+06   0.151122E+05
   0.338200E+03   0.191874E+04   0.259377E+03   0.111657E+06   0.151122E+05
   0.338300E+03   0.191874E+04   0.259377E+03   0.111657E+06   0.151122E+05
   0.338400E+03   0.191874E+04   0.259377E+03   0.111657E+06   0.151122E+05
   0.338500E+03   0.191874E+04   0.259377E+03   0.111657E+06   0.151122E+05
   0.338600E+03   0.191874E+04   0.259377E+03   0.111657E+06   0.151122E+05
   0.338700E+03   0.191874E+04   0.259377E+03   0.111657E+06   0.151122E+05
   0.338800E+03   0.191874E+04   0.259377E+03   0.111657E+06   0.151122E+05
   0.338900E+03   0.191874E+04   0.259377E+03   0.111657E+06   0.151122E+05
   0.339000E+03   0.191874E+04   0.259377E+03   0.111657E+06   0.151122E+05
   0.339100E+03   0.191874E+04   0.259377E+03   0.111657E+06   0.151122E+05
   0.339200E+03   0.191874E+04   0.259377E+03   0.111657E+06   0.151122E+05
   0.339300E+03   0.191874E+04   0.259377E+03   0.111657E+06   0.151122E+05
   0.339400E+03   0.191874E+04   0.259377E+03   0.111657E+06   0.151122E+05
   0.339500E+03   0.191874E+04   0.259377E+03   0.111657E+06   0.151122E+05
   0.339600E+03   0.191874E+04   0.259377E+03   0.111657E+06   0.151122E+05
   0.339700E+03   0.191874E+04   0.259377E+03   0.111657E+06   0.151122E+05
   0.339800E+03   0.191874E+04   0.259377E+03   0.111657E+06   0.151122E+05
   0.339900E+03   0.191874E+04   0.259377E+03   0.111657E+06   0.151122E+05
   0.340000E+03   0.191874E+04   0.259377E+03   0.111657E+06   0.151122E+05
   0.340100E+03   0.191874E+04   0.259377E+03   0.111657E+06   0.151122E+05
   0.340200E+03   0.191874E+04   0.259377E+03   0.111657E+06   0.151122E+05
   0.340300E+03   0.191874E+04   0.259377E+03   0.111657E+06   0.151122E+05
   0.340400E+03   0.191874E+04   0.259377E+03   0.111657E+06   0.151122E+05
   0.340500E+03   0.191874E+04   0.259377E+03   0.111657E+06   0.151122E+05
   0.340600E+03   0.191874E+04   0.259377E+03   0.111657E+06   0.151122E+05
   0.340700E+03   0.191874E+04   0.259377E+03   0.111657E+06   0.151122E+05
   0.340800E+03   0.191874E+04   0.259377E+03   0.111657E+06   0.151122E+05
   0.340900E+03   0.191874E+04   0.259377E+03   0.111657E+06   0.151122E+05
   0.341000E+03   0.191874E+04   0.259377E+03   0.111657E+06   0.151122E+05
   0.341100E+03   0.191874E+04   0.259377E+03   0.111657E+06   0.151122E+05
   0.341200E+03   0.191874E+04   0.259377E+03   0.111657E+06   0.151122E+05
   0.341300E+03   0.191874E+04   0.259377E+03   0.111657E+06   0.151122E+05
   0.341400E+03   0.191874E+04   0.259377E+03   0.111657E+06   0.151122E+05
   0.341500E+03   0.191874E+04   0.259377E+03   0.111657E+06   0.151122E+05
   0.341600E+03   0.191874E+04   0.259377E+03   0.111657E+06   0.151122E+05
   0.341700E+03   0.191874E+04   0.259377E+03   0.111657E+06   0.151122E+05
   0.341800E+03   0.191874E+04   0.259377E+03   0.111657E+06   0.151122E+05
   0.341900E+03   0.191874E+04   0.259377E+03   0.111657E+06   0.151122E+05
   0.342000E+03   0.191874E+04   0.259377E+03   0.111657E+06   0.151122E+05
   0.342100E+03   0.191874E+04   0.259377E+03   0.111657E+06   0.151122E+05
   0.342200E+03   0.191874E+04   0.259377E+03   0.111657E+06   0.151122E+05
   0.342300E+03   0.191874E+04   0.259377E+03   0.111657E+06   0.151122E+05
   0.342400E+03   0.191874E+04   0.259377E+03   0.111657E+06   0.151122E+05
   0.342500E+03   0.191874E+04   0.259377E+03   0.111657E+06   0.151122E+05
   0.342600E+03   0.191874E+04   0.259377E+03   0.111657E+06   0.151122E+05
   0.342700E+03   0.191874E+04   0.259377E+03   0.111657E+06   0.151122E+05
   0.342800E+03   0.191874E+04   0.259377E+03   0.111657E+06   0.151122E+05
   0.342900E+03   0.191874E+04   0.259377E+03   0.111657E+06   0.151122E+05
   0.343000E+03   0.191874E+04   0.259377E+03   0.111657E+06   0.151122E+05
   0.343100E+03   0.191874E+04   0.259377E+03   0.111657E+06   0.151122E+05
   0.343200E+03   0.191874E+04   0.259377E+03   0.111657E+06   0.151122E+05
   0.343300E+03   0.191874E+04   0.259377E+03   0.111657E+06   0.151122E+05
   0.343400E+03   0.191874E+04   0.259377E+03   0.111657E+06   0.151122E+05
   0.343500E+03   0.191874E+04   0.259377E+03   0.111657E+06   0.151122E+05
   0.343600E+03   0.191874E+04   0.259377E+03   0.111657E+06   0.151122E+05
   0.343700E+03   0.191874E+04   0.259377E+03   0.111657E+06   0.151122E+05
   0.343800E+03   0.191874E+04   0.259377E+03   0.111657E+06   0.151122E+05
   0.343900E+03   0.191874E+04   0.259377E+03   0.111657E+06   0.151122E+05
   0.344000E+03   0.191874E+04   0.259377E+03   0.111657E+06   0.151122E+05
   0.344100E+03   0.191874E+04   0.259377E+03   0.111657E+06   0.151122E+05
   0.344200E+03   0.191874E+04   0.259377E+03   0.111657E+06   0.151122E+05
   0.344300E+03   0.191874E+04   0.259377E+03   0.111657E+06   0.151122E+05
   0.344400E+03   0.191874E+04   0.259377E+03   0.111657E+06   0.151122E+05
   0.344500E+03   0.191874E+04   0.259377E+03   0.111657E+06   0.151122E+05
   0.344600E+03   0.191874E+04   0.259377E+03   0.111657E+06   0.151122E+05
   0.344700E+03   0.191874E+04   0.259377E+03   0.111657E+06   0.151122E+05
   0.344800E+03   0.191874E+04   0.259377E+03   0.111657E+06   0.151122E+05
   0.344900E+03   0.191874E+04   0.259377E+03   0.111657E+06   0.151122E+05
   0.345000E+03   0.191874E+04   0.259377E+03   0.111657E+06   0.151122E+05
   0.345100E+03   0.191874E+04   0.259377E+03   0.111657E+06   0.151122E+05
   0.345200E+03   0.191874E+04   0.259377E+03   0.111657E+06   0.151122E+05
   0.345300E+03   0.191874E+04   0.259377E+03   0.111657E+06   0.151122E+05
   0.345400E+03   0.191874E+04   0.259377E+03   0.111657E+06   0.151122E+05
   0.345500E+03   0.191874E+04   0.259377E+03   0.111657E+06   0.151122E+05
   0.345600E+03   0.191874E+04   0.259377E+03   0.111657E+06   0.151122E+05
   0.345700E+03   0.191874E+04   0.259377E+03   0.111657E+06   0.151122E+05
   0.345800E+03   0.191874E+04   0.259377E+03   0.111657E+06   0.151122E+05
   0.345900E+03   0.191874E+04   0.259377E+03   0.111657E+06   0.151122E+05
   0.346000E+03   0.191874E+04   0.259377E+03   0.111657E+06   0.151122E+05
   0.346100E+03   0.191874E+04   0.259377E+03   0.111657E+06   0.151122E+05
   0.346200E+03   0.191874E+04   0.259377E+03   0.111657E+06   0.151122E+05
   0.346300E+03   0.191874E+04   0.259377E+03   0.111657E+06   0.151122E+05
   0.346400E+03   0.191874E+04   0.259377E+03   0.111657E+06   0.151122E+05
   0.346500E+03   0.191874E+04   0.259377E+03   0.111657E+06   0.151122E+05
   0.346600E+03   0.191874E+04   0.259377E+03   0.111657E+06   0.151122E+05
   0.346700E+03   0.191874E+04   0.259377E+03   0.111657E+06   0.151122E+05
   0.346800E+03   0.191874E+04   0.259377E+03   0.111657E+06   0.151122E+05
   0.346900E+03   0.191874E+04   0.259377E+03   0.111657E+06   0.151122E+05
   0.347000E+03   0.191874E+04   0.259377E+03   0.111657E+06   0.151122E+05
   0.347100E+03   0.191874E+04   0.259377E+03   0.111657E+06   0.151122E+05
   0.347200E+03   0.191874E+04   0.259377E+03   0.111657E+06   0.151122E+05
   0.347300E+03   0.191874E+04   0.259377E+03   0.111657E+06   0.151122E+05
   0.347400E+03   0.191874E+04   0.259377E+03   0.111657E+06   0.151122E+05
   0.347500E+03   0.191874E+04   0.259377E+03   0.111657E+06   0.151122E+05
   0.347600E+03   0.191874E+04   0.259377E+03   0.111657E+06   0.151122E+05
   0.347700E+03   0.191874E+04   0.259377E+03   0.111657E+06   0.151122E+05
   0.347800E+03   0.191874E+04   0.259377E+03   0.111657E+06   0.151122E+05
   0.347900E+03   0.191874E+04   0.259377E+03   0.111657E+06   0.151122E+05
   0.348000E+03   0.191874E+04   0.259377E+03   0.111657E+06   0.151122E+05
   0.348100E+03   0.191874E+04   0.259377E+03   0.111657E+06   0.151122E+05
   0.348200E+03   0.191874E+04   0.259377E+03   0.111657E+06   0.151122E+05
   0.348300E+03   0.191874E+04   0.259377E+03   0.111657E+06   0.151122E+05
   0.348400E+03   0.191874E+04   0.259377E+03   0.111657E+06   0.151122E+05
   0.348500E+03   0.191874E+04   0.259377E+03   0.111657E+06   0.151122E+05
   0.348600E+03   0.191874E+04   0.259377E+03   0.111657E+06   0.151122E+05
   0.348700E+03   0.191874E+04   0.259377E+03   0.111657E+06   0.151122E+05
   0.348800E+03   0.191874E+04   0.259377E+03   0.111657E+06   0.151122E+05
   0.348900E+03   0.191874E+04   0.259377E+03   0.111657E+06   0.151122E+05
   0.349000E+03   0.191874E+04   0.259377E+03   0.111657E+06   0.151122E+05
   0.349100E+03   0.191874E+04   0.259377E+03   0.111657E+06   0.151122E+05
   0.349200E+03   0.191874E+04   0.259377E+03   0.111657E+06   0.151122E+05
   0.349300E+03   0.191874E+04   0.259377E+03   0.111657E+06   0.151122E+05
   0.349400E+03   0.191874E+04   0.259377E+03   0.111657E+06   0.151122E+05
   0.349500E+03   0.191874E+04   0.259377E+03   0.111657E+06   0.151122E+05
   0.349600E+03   0.191874E+04   0.259377E+03   0.111657E+06   0.151122E+05
   0.349700E+03   0.191874E+04   0.259377E+03   0.111657E+06   0.151122E+05
   0.349800E+03   0.191874E+04   0.259377E+03   0.111657E+06   0.151122E+05
   0.349900E+03   0.191874E+04   0.259377E+03   0.111657E+06   0.151122E+05
   0.350000E+03   0.191874E+04   0.259377E+03   0.111657E+06   0.151122E+05
   0.350100E+03   0.191874E+04   0.259377E+03   0.111657E+06   0.151122E+05
   0.350200E+03   0.191874E+04   0.259377E+03   0.111657E+06   0.151122E+05
   0.350300E+03   0.191874E+04   0.259377E+03   0.111657E+06   0.151122E+05
   0.350400E+03   0.191874E+04   0.259377E+03   0.111657E+06   0.151122E+05
   0.350500E+03   0.191874E+04   0.259377E+03   0.111657E+06   0.151122E+05
   0.350600E+03   0.191874E+04   0.259377E+03   0.111657E+06   0.151122E+05
   0.350700E+03   0.191874E+04   0.259377E+03   0.111657E+06   0.151122E+05
   0.350800E+03   0.191874E+04   0.259377E+03   0.111657E+06   0.151122E+05
   0.350900E+03   0.191874E+04   0.259377E+03   0.111657E+06   0.151122E+05
   0.351000E+03   0.191874E+04   0.259377E+03   0.111657E+06   0.151122E+05
   0.351100E+03   0.191874E+04   0.259377E+03   0.111657E+06   0.151122E+05
   0.351200E+03   0.191874E+04   0.259377E+03   0.111657E+06   0.151122E+05
   0.351300E+03   0.191874E+04   0.259377E+03   0.111657E+06   0.151122E+05
   0.351400E+03   0.191874E+04   0.259377E+03   0.111657E+06   0.151122E+05
   0.351500E+03   0.191874E+04   0.259377E+03   0.111657E+06   0.151122E+05
   0.351600E+03   0.191874E+04   0.259377E+03   0.111657E+06   0.151122E+05
   0.351700E+03   0.191874E+04   0.259377E+03   0.111657E+06   0.151122E+05
   0.351800E+03   0.191874E+04   0.259377E+03   0.111657E+06   0.151122E+05
   0.351900E+03   0.191874E+04   0.259377E+03   0.111657E+06   0.151122E+05
   0.352000E+03   0.191874E+04   0.259377E+03   0.111657E+06   0.151122E+05
   0.352100E+03   0.191874E+04   0.259377E+03   0.111657E+06   0.151122E+05
   0.352200E+03   0.191874E+04   0.259377E+03   0.111657E+06   0.151122E+05
   0.352300E+03   0.191874E+04   0.259377E+03   0.111657E+06   0.151122E+05
   0.352400E+03   0.191874E+04   0.259377E+03   0.111657E+06   0.151122E+05
   0.352500E+03   0.191874E+04   0.259377E+03   0.111657E+06   0.151122E+05
   0.352600E+03   0.191874E+04   0.259377E+03   0.111657E+06   0.151122E+05
   0.352700E+03   0.191874E+04   0.259377E+03   0.111657E+06   0.151122E+05
   0.352800E+03   0.191874E+04   0.259377E+03   0.111657E+06   0.151122E+05
   0.352900E+03   0.191874E+04   0.259377E+03   0.111657E+06   0.151122E+05
   0.353000E+03   0.191874E+04   0.259377E+03   0.111657E+06   0.151122E+05
   0.353100E+03   0.191874E+04   0.259377E+03   0.111657E+06   0.151122E+05
   0.353200E+03   0.191874E+04   0.259377E+03   0.111657E+06   0.151122E+05
   0.353300E+03   0.191874E+04   0.259377E+03   0.111657E+06   0.151122E+05
   0.353400E+03   0.191874E+04   0.259377E+03   0.111657E+06   0.151122E+05
   0.353500E+03   0.191874E+04   0.259377E+03   0.111657E+06   0.151122E+05
   0.353600E+03   0.191874E+04   0.259377E+03   0.111657E+06   0.151122E+05
   0.353700E+03   0.191874E+04   0.259377E+03   0.111657E+06   0.151122E+05
   0.353800E+03   0.191874E+04   0.259377E+03   0.111657E+06   0.151122E+05
   0.353900E+03   0.191874E+04   0.259377E+03   0.111657E+06   0.151122E+05
   0.354000E+03   0.191874E+04   0.259377E+03   0.111657E+06   0.151122E+05
   0.354100E+03   0.191874E+04   0.259377E+03   0.111657E+06   0.151122E+05
   0.354200E+03   0.191874E+04   0.259377E+03   0.111657E+06   0.151122E+05
   0.354300E+03   0.191874E+04   0.259377E+03   0.111657E+06   0.151122E+05
   0.354400E+03   0.191874E+04   0.259377E+03   0.111657E+06   0.151122E+05
   0.354500E+03   0.191874E+04   0.259377E+03   0.111657E+06   0.151122E+05
   0.354600E+03   0.191874E+04   0.259377E+03   0.111657E+06   0.151122E+05
   0.354700E+03   0.191874E+04   0.259377E+03   0.111657E+06   0.151122E+05
   0.354800E+03   0.191874E+04   0.259377E+03   0.111657E+06   0.151122E+05
   0.354900E+03   0.191874E+04   0.259377E+03   0.111657E+06   0.151122E+05
   0.355000E+03   0.191874E+04   0.259377E+03   0.111657E+06   0.151122E+05
   0.355100E+03   0.191874E+04   0.259377E+03   0.111657E+06   0.151122E+05
   0.355200E+03   0.191874E+04   0.259377E+03   0.111657E+06   0.151122E+05
   0.355300E+03   0.191874E+04   0.259377E+03   0.111657E+06   0.151122E+05
   0.355400E+03   0.191874E+04   0.259377E+03   0.111657E+06   0.151122E+05
   0.355500E+03   0.191874E+04   0.259377E+03   0.111657E+06   0.151122E+05
   0.355600E+03   0.191874E+04   0.259377E+03   0.111657E+06   0.151122E+05
   0.355700E+03   0.191874E+04   0.259377E+03   0.111657E+06   0.151122E+05
   0.355800E+03   0.191874E+04   0.259377E+03   0.111657E+06   0.151122E+05
   0.355900E+03   0.191874E+04   0.259377E+03   0.111657E+06   0.151122E+05
   0.356000E+03   0.191874E+04   0.259377E+03   0.111657E+06   0.151122E+05
   0.356100E+03   0.191874E+04   0.259377E+03   0.111657E+06   0.151122E+05
   0.356200E+03   0.191874E+04   0.259377E+03   0.111657E+06   0.151122E+05
   0.356300E+03   0.191874E+04   0.259377E+03   0.111657E+06   0.151122E+05
   0.356400E+03   0.191874E+04   0.259377E+03   0.111657E+06   0.151122E+05
   0.356500E+03   0.191874E+04   0.259377E+03   0.111657E+06   0.151122E+05
   0.356600E+03   0.191874E+04   0.259377E+03   0.111657E+06   0.151122E+05
   0.356700E+03   0.191874E+04   0.259377E+03   0.111657E+06   0.151122E+05
   0.356800E+03   0.191874E+04   0.259377E+03   0.111657E+06   0.151122E+05
   0.356900E+03   0.191874E+04   0.259377E+03   0.111657E+06   0.151122E+05
   0.357000E+03   0.191874E+04   0.259377E+03   0.111657E+06   0.151122E+05
   0.357100E+03   0.191874E+04   0.259377E+03   0.111657E+06   0.151122E+05
   0.357200E+03   0.191874E+04   0.259377E+03   0.111657E+06   0.151122E+05
   0.357300E+03   0.191874E+04   0.259377E+03   0.111657E+06   0.151122E+05
   0.357400E+03   0.191874E+04   0.259377E+03   0.111657E+06   0.151122E+05
   0.357500E+03   0.191874E+04   0.259377E+03   0.111657E+06   0.151122E+05
   0.357600E+03   0.191874E+04   0.259377E+03   0.111657E+06   0.151122E+05
   0.357700E+03   0.191874E+04   0.259377E+03   0.111657E+06   0.151122E+05
   0.357800E+03   0.191874E+04   0.259377E+03   0.111657E+06   0.151122E+05
   0.357900E+03   0.191874E+04   0.259377E+03   0.111657E+06   0.151122E+05
   0.358000E+03   0.191874E+04   0.259377E+03   0.111657E+06   0.151122E+05
   0.358100E+03   0.191874E+04   0.259377E+03   0.111657E+06   0.151122E+05
   0.358200E+03   0.191874E+04   0.259377E+03   0.111657E+06   0.151122E+05
   0.358300E+03   0.191874E+04   0.259377E+03   0.111657E+06   0.151122E+05
   0.358400E+03   0.191874E+04   0.259377E+03   0.111657E+06   0.151122E+05
   0.358500E+03   0.191874E+04   0.259377E+03   0.111657E+06   0.151122E+05
   0.358600E+03   0.191874E+04   0.259377E+03   0.111657E+06   0.151122E+05
   0.358700E+03   0.191874E+04   0.259377E+03   0.111657E+06   0.151122E+05
   0.358800E+03   0.191874E+04   0.259377E+03   0.111657E+06   0.151122E+05
   0.358900E+03   0.191874E+04   0.259377E+03   0.111657E+06   0.151122E+05
   0.359000E+03   0.191874E+04   0.259377E+03   0.111657E+06   0.151122E+05
   0.359100E+03   0.191874E+04   0.259377E+03   0.111657E+06   0.151122E+05
   0.359200E+03   0.191874E+04   0.259377E+03   0.111657E+06   0.151122E+05
   0.359300E+03   0.191874E+04   0.259377E+03   0.111657E+06   0.151122E+05
   0.359400E+03   0.191874E+04   0.259377E+03   0.111657E+06   0.151122E+05
   0.359500E+03   0.191874E+04   0.259377E+03   0.111657E+06   0.151122E+05
   0.359600E+03   0.191874E+04   0.259377E+03   0.111657E+06   0.151122E+05
   0.359700E+03   0.191874E+04   0.259377E+03   0.111657E+06   0.151122E+05
   0.359800E+03   0.191874E+04   0.259377E+03   0.111657E+06   0.151122E+05
   0.359900E+03   0.191874E+04   0.259377E+03   0.111657E+06   0.151122E+05
   0.360000E+03   0.191874E+04   0.259377E+03   0.111657E+06   0.151122E+05
   0.360100E+03   0.191874E+04   0.259377E+03   0.111657E+06   0.151122E+05
   0.360200E+03   0.191874E+04   0.259377E+03   0.111657E+06   0.151122E+05
   0.360300E+03   0.191874E+04   0.259377E+03   0.111657E+06   0.151122E+05
   0.360400E+03   0.191874E+04   0.259377E+03   0.111657E+06   0.151122E+05
   0.360500E+03   0.191874E+04   0.259377E+03   0.111657E+06   0.151122E+05
   0.360600E+03   0.191874E+04   0.259377E+03   0.111657E+06   0.151122E+05
   0.360700E+03   0.191874E+04   0.259377E+03   0.111657E+06   0.151122E+05
   0.360800E+03   0.191874E+04   0.259377E+03   0.111657E+06   0.151122E+05
   0.360900E+03   0.191874E+04   0.259377E+03   0.111657E+06   0.151122E+05
   0.361000E+03   0.191874E+04   0.259377E+03   0.111657E+06   0.151122E+05
   0.361100E+03   0.191874E+04   0.259377E+03   0.111657E+06   0.151122E+05
   0.361200E+03   0.191874E+04   0.259377E+03   0.111657E+06   0.151122E+05
   0.361300E+03   0.191874E+04   0.259377E+03   0.111657E+06   0.151122E+05
   0.361400E+03   0.191874E+04   0.259377E+03   0.111657E+06   0.151122E+05
   0.361500E+03   0.191874E+04   0.259377E+03   0.111657E+06   0.151122E+05
   0.361600E+03   0.191874E+04   0.259377E+03   0.111657E+06   0.151122E+05
   0.361700E+03   0.191874E+04   0.259377E+03   0.111657E+06   0.151122E+05
   0.361800E+03   0.191874E+04   0.259377E+03   0.111657E+06   0.151122E+05
   0.361900E+03   0.191874E+04   0.259377E+03   0.111657E+06   0.151122E+05
   0.362000E+03   0.191874E+04   0.259377E+03   0.111657E+06   0.151122E+05
   0.362100E+03   0.191874E+04   0.259377E+03   0.111657E+06   0.151122E+05
   0.362200E+03   0.191874E+04   0.259377E+03   0.111657E+06   0.151122E+05
   0.362300E+03   0.191874E+04   0.259377E+03   0.111657E+06   0.151122E+05
   0.362400E+03   0.191874E+04   0.259377E+03   0.111657E+06   0.151122E+05
   0.362500E+03   0.191874E+04   0.259377E+03   0.111657E+06   0.151122E+05
   0.362600E+03   0.191874E+04   0.259377E+03   0.111657E+06   0.151122E+05
   0.362700E+03   0.191874E+04   0.259377E+03   0.111657E+06   0.151122E+05
   0.362800E+03   0.191874E+04   0.259377E+03   0.111657E+06   0.151122E+05
   0.362900E+03   0.191874E+04   0.259377E+03   0.111657E+06   0.151122E+05
   0.363000E+03   0.191874E+04   0.259377E+03   0.111657E+06   0.151122E+05
   0.363100E+03   0.191874E+04   0.259377E+03   0.111657E+06   0.151122E+05
   0.363200E+03   0.191874E+04   0.259377E+03   0.111657E+06   0.151122E+05
   0.363300E+03   0.191874E+04   0.259377E+03   0.111657E+06   0.151122E+05
   0.363400E+03   0.191874E+04   0.259377E+03   0.111657E+06   0.151122E+05
   0.363500E+03   0.191874E+04   0.259377E+03   0.111657E+06   0.151122E+05
   0.363600E+03   0.191874E+04   0.259377E+03   0.111657E+06   0.151122E+05
   0.363700E+03   0.191874E+04   0.259377E+03   0.111657E+06   0.151122E+05
   0.363800E+03   0.191874E+04   0.259377E+03   0.111657E+06   0.151122E+05
   0.363900E+03   0.191874E+04   0.259377E+03   0.111657E+06   0.151122E+05
   0.364000E+03   0.191874E+04   0.259377E+03   0.111657E+06   0.151122E+05
   0.364100E+03   0.191874E+04   0.259377E+03   0.111657E+06   0.151122E+05
   0.364200E+03   0.191874E+04   0.259377E+03   0.111657E+06   0.151122E+05
   0.364300E+03   0.191874E+04   0.259377E+03   0.111657E+06   0.151122E+05
   0.364400E+03   0.191874E+04   0.259377E+03   0.111657E+06   0.151122E+05
   0.364500E+03   0.191874E+04   0.259377E+03   0.111657E+06   0.151122E+05
   0.364600E+03   0.191874E+04   0.259377E+03   0.111657E+06   0.151122E+05
   0.364700E+03   0.191874E+04   0.259377E+03   0.111657E+06   0.151122E+05
   0.364800E+03   0.191874E+04   0.259377E+03   0.111657E+06   0.151122E+05
   0.364900E+03   0.191874E+04   0.259377E+03   0.111657E+06   0.151122E+05
   0.365000E+03   0.191874E+04   0.259377E+03   0.111657E+06   0.151122E+05
   0.365100E+03   0.191874E+04   0.259377E+03   0.111657E+06   0.151122E+05
   0.365200E+03   0.191874E+04   0.259377E+03   0.111657E+06   0.151122E+05
   0.365300E+03   0.191874E+04   0.259377E+03   0.111657E+06   0.151122E+05
   0.365400E+03   0.191874E+04   0.259377E+03   0.111657E+06   0.151122E+05
   0.365500E+03   0.191874E+04   0.259377E+03   0.111657E+06   0.151122E+05
   0.365600E+03   0.191874E+04   0.259377E+03   0.111657E+06   0.151122E+05
   0.365700E+03   0.191874E+04   0.259377E+03   0.111657E+06   0.151122E+05
   0.365800E+03   0.191874E+04   0.259377E+03   0.111657E+06   0.151122E+05
   0.365900E+03   0.191874E+04   0.259377E+03   0.111657E+06   0.151122E+05
   0.366000E+03   0.191874E+04   0.259377E+03   0.111657E+06   0.151122E+05
   0.366100E+03   0.191874E+04   0.259377E+03   0.111657E+06   0.151122E+05
   0.366200E+03   0.191874E+04   0.259377E+03   0.111657E+06   0.151122E+05
   0.366300E+03   0.191874E+04   0.259377E+03   0.111657E+06   0.151122E+05
   0.366400E+03   0.191874E+04   0.259377E+03   0.111657E+06   0.151122E+05
   0.366500E+03   0.191874E+04   0.259377E+03   0.111657E+06   0.151122E+05
   0.366600E+03   0.191874E+04   0.259377E+03   0.111657E+06   0.151122E+05
   0.366700E+03   0.191874E+04   0.259377E+03   0.111657E+06   0.151122E+05
   0.366800E+03   0.191874E+04   0.259377E+03   0.111657E+06   0.151122E+05
   0.366900E+03   0.191874E+04   0.259377E+03   0.111657E+06   0.151122E+05
   0.367000E+03   0.191874E+04   0.259377E+03   0.111657E+06   0.151122E+05
   0.367100E+03   0.191874E+04   0.259377E+03   0.111657E+06   0.151122E+05
   0.367200E+03   0.191874E+04   0.259377E+03   0.111657E+06   0.151122E+05
   0.367300E+03   0.191874E+04   0.259377E+03   0.111657E+06   0.151122E+05
   0.367400E+03   0.191874E+04   0.259377E+03   0.111657E+06   0.151122E+05
   0.367500E+03   0.191874E+04   0.259377E+03   0.111657E+06   0.151122E+05
   0.367600E+03   0.191874E+04   0.259377E+03   0.111657E+06   0.151122E+05
   0.367700E+03   0.191874E+04   0.259377E+03   0.111657E+06   0.151122E+05
   0.367800E+03   0.191874E+04   0.259377E+03   0.111657E+06   0.151122E+05
   0.367900E+03   0.191874E+04   0.259377E+03   0.111657E+06   0.151122E+05
   0.368000E+03   0.191874E+04   0.259377E+03   0.111657E+06   0.151122E+05
   0.368100E+03   0.191874E+04   0.259377E+03   0.111657E+06   0.151122E+05
   0.368200E+03   0.191874E+04   0.259377E+03   0.111657E+06   0.151122E+05
   0.368300E+03   0.191874E+04   0.259377E+03   0.111657E+06   0.151122E+05
   0.368400E+03   0.191874E+04   0.259377E+03   0.111657E+06   0.151122E+05
   0.368500E+03   0.191874E+04   0.259377E+03   0.111657E+06   0.151122E+05
   0.368600E+03   0.191874E+04   0.259377E+03   0.111657E+06   0.151122E+05
   0.368700E+03   0.191874E+04   0.259377E+03   0.111657E+06   0.151122E+05
   0.368800E+03   0.191874E+04   0.259377E+03   0.111657E+06   0.151122E+05
   0.368900E+03   0.191874E+04   0.259377E+03   0.111657E+06   0.151122E+05
   0.369000E+03   0.191874E+04   0.259377E+03   0.111657E+06   0.151122E+05
   0.369100E+03   0.191874E+04   0.259377E+03   0.111657E+06   0.151122E+05
   0.369200E+03   0.191874E+04   0.259377E+03   0.111657E+06   0.151122E+05
   0.369300E+03   0.191874E+04   0.259377E+03   0.111657E+06   0.151122E+05
   0.369400E+03   0.191874E+04   0.259377E+03   0.111657E+06   0.151122E+05
   0.369500E+03   0.191874E+04   0.259377E+03   0.111657E+06   0.151122E+05
   0.369600E+03   0.191874E+04   0.259377E+03   0.111657E+06   0.151122E+05
   0.369700E+03   0.191874E+04   0.259377E+03   0.111657E+06   0.151122E+05
   0.369800E+03   0.191874E+04   0.259377E+03   0.111657E+06   0.151122E+05
   0.369900E+03   0.191874E+04   0.259377E+03   0.111657E+06   0.151122E+05
   0.370000E+03   0.191874E+04   0.259377E+03   0.111657E+06   0.151122E+05
   0.370100E+03   0.191874E+04   0.259377E+03   0.111657E+06   0.151122E+05
   0.370200E+03   0.191874E+04   0.259377E+03   0.111657E+06   0.151122E+05
   0.370300E+03   0.191874E+04   0.259377E+03   0.111657E+06   0.151122E+05
   0.370400E+03   0.191874E+04   0.259377E+03   0.111657E+06   0.151122E+05
   0.370500E+03   0.191874E+04   0.259377E+03   0.111657E+06   0.151122E+05
   0.370600E+03   0.191874E+04   0.259377E+03   0.111657E+06   0.151122E+05
   0.370700E+03   0.191874E+04   0.259377E+03   0.111657E+06   0.151122E+05
   0.370800E+03   0.191874E+04   0.259377E+03   0.111657E+06   0.151122E+05
   0.370900E+03   0.191874E+04   0.259377E+03   0.111657E+06   0.151122E+05
   0.371000E+03   0.191874E+04   0.259377E+03   0.111657E+06   0.151122E+05
   0.371100E+03   0.191874E+04   0.259377E+03   0.111657E+06   0.151122E+05
   0.371200E+03   0.191874E+04   0.259377E+03   0.111657E+06   0.151122E+05
   0.371300E+03   0.191874E+04   0.259377E+03   0.111657E+06   0.151122E+05
   0.371400E+03   0.191874E+04   0.259377E+03   0.111657E+06   0.151122E+05
   0.371500E+03   0.191874E+04   0.259377E+03   0.111657E+06   0.151122E+05
   0.371600E+03   0.191874E+04   0.259377E+03   0.111657E+06   0.151122E+05
   0.371700E+03   0.191874E+04   0.259377E+03   0.111657E+06   0.151122E+05
   0.371800E+03   0.191874E+04   0.259377E+03   0.111657E+06   0.151122E+05
   0.371900E+03   0.191874E+04   0.259377E+03   0.111657E+06   0.151122E+05
   0.372000E+03   0.191874E+04   0.259377E+03   0.111657E+06   0.151122E+05
   0.372100E+03   0.191874E+04   0.259377E+03   0.111657E+06   0.151122E+05
   0.372200E+03   0.191874E+04   0.259377E+03   0.111657E+06   0.151122E+05
   0.372300E+03   0.191874E+04   0.259377E+03   0.111657E+06   0.151122E+05
   0.372400E+03   0.191874E+04   0.259377E+03   0.111657E+06   0.151122E+05
   0.372500E+03   0.191874E+04   0.259377E+03   0.111657E+06   0.151122E+05
   0.372600E+03   0.191874E+04   0.259377E+03   0.111657E+06   0.151122E+05
   0.372700E+03   0.191874E+04   0.259377E+03   0.111657E+06   0.151122E+05
   0.372800E+03   0.191874E+04   0.259377E+03   0.111657E+06   0.151122E+05
   0.372900E+03   0.191874E+04   0.259377E+03   0.111657E+06   0.151122E+05
   0.373000E+03   0.191874E+04   0.259377E+03   0.111657E+06   0.151122E+05
   0.373100E+03   0.191874E+04   0.259377E+03   0.111657E+06   0.151122E+05
   0.373200E+03   0.191874E+04   0.259377E+03   0.111657E+06   0.151122E+05
   0.373300E+03   0.191874E+04   0.259377E+03   0.111657E+06   0.151122E+05
   0.373400E+03   0.191874E+04   0.259377E+03   0.111657E+06   0.151122E+05
   0.373500E+03   0.191874E+04   0.259377E+03   0.111657E+06   0.151122E+05
   0.373600E+03   0.191874E+04   0.259377E+03   0.111657E+06   0.151122E+05
   0.373700E+03   0.191874E+04   0.259377E+03   0.111657E+06   0.151122E+05
   0.373800E+03   0.191874E+04   0.259377E+03   0.111657E+06   0.151122E+05
   0.373900E+03   0.191874E+04   0.259377E+03   0.111657E+06   0.151122E+05
   0.374000E+03   0.191874E+04   0.259377E+03   0.111657E+06   0.151122E+05
   0.374100E+03   0.191874E+04   0.259377E+03   0.111657E+06   0.151122E+05
   0.374200E+03   0.191874E+04   0.259377E+03   0.111657E+06   0.151122E+05
   0.374300E+03   0.191874E+04   0.259377E+03   0.111657E+06   0.151122E+05
   0.374400E+03   0.191874E+04   0.259377E+03   0.111657E+06   0.151122E+05
   0.374500E+03   0.191874E+04   0.259377E+03   0.111657E+06   0.151122E+05
   0.374600E+03   0.191874E+04   0.259377E+03   0.111657E+06   0.151122E+05
   0.374700E+03   0.191874E+04   0.259377E+03   0.111657E+06   0.151122E+05
   0.374800E+03   0.191874E+04   0.259377E+03   0.111657E+06   0.151122E+05
   0.374900E+03   0.191874E+04   0.259377E+03   0.111657E+06   0.151122E+05
   0.375000E+03   0.191874E+04   0.259377E+03   0.111657E+06   0.151122E+05
   0.375100E+03   0.191874E+04   0.259377E+03   0.111657E+06   0.151122E+05
   0.375200E+03   0.191874E+04   0.259377E+03   0.111657E+06   0.151122E+05
   0.375300E+03   0.191874E+04   0.259377E+03   0.111657E+06   0.151122E+05
   0.375400E+03   0.191874E+04   0.259377E+03   0.111657E+06   0.151122E+05
   0.375500E+03   0.191874E+04   0.259377E+03   0.111657E+06   0.151122E+05
   0.375600E+03   0.191874E+04   0.259377E+03   0.111657E+06   0.151122E+05
   0.375700E+03   0.191874E+04   0.259377E+03   0.111657E+06   0.151122E+05
   0.375800E+03   0.191874E+04   0.259377E+03   0.111657E+06   0.151122E+05
   0.375900E+03   0.191874E+04   0.259377E+03   0.111657E+06   0.151122E+05
   0.376000E+03   0.191874E+04   0.259377E+03   0.111657E+06   0.151122E+05
   0.376100E+03   0.191874E+04   0.259377E+03   0.111657E+06   0.151122E+05
   0.376200E+03   0.191874E+04   0.259377E+03   0.111657E+06   0.151122E+05
   0.376300E+03   0.191874E+04   0.259377E+03   0.111657E+06   0.151122E+05
   0.376400E+03   0.191874E+04   0.259377E+03   0.111657E+06   0.151122E+05
   0.376500E+03   0.191874E+04   0.259377E+03   0.111657E+06   0.151122E+05
   0.376600E+03   0.191874E+04   0.259377E+03   0.111657E+06   0.151122E+05
   0.376700E+03   0.191874E+04   0.259377E+03   0.111657E+06   0.151122E+05
   0.376800E+03   0.191874E+04   0.259377E+03   0.111657E+06   0.151122E+05
   0.376900E+03   0.191874E+04   0.259377E+03   0.111657E+06   0.151122E+05
   0.377000E+03   0.191874E+04   0.259377E+03   0.111657E+06   0.151122E+05
   0.377100E+03   0.191874E+04   0.259377E+03   0.111657E+06   0.151122E+05
   0.377200E+03   0.191874E+04   0.259377E+03   0.111657E+06   0.151122E+05
   0.377300E+03   0.191874E+04   0.259377E+03   0.111657E+06   0.151122E+05
   0.377400E+03   0.191874E+04   0.259377E+03   0.111657E+06   0.151122E+05
   0.377500E+03   0.191874E+04   0.259377E+03   0.111657E+06   0.151122E+05
   0.377600E+03   0.191874E+04   0.259377E+03   0.111657E+06   0.151122E+05
   0.377700E+03   0.191874E+04   0.259377E+03   0.111657E+06   0.151122E+05
   0.377800E+03   0.191874E+04   0.259377E+03   0.111657E+06   0.151122E+05
   0.377900E+03   0.191874E+04   0.259377E+03   0.111657E+06   0.151122E+05
   0.378000E+03   0.191874E+04   0.259377E+03   0.111657E+06   0.151122E+05
   0.378100E+03   0.191874E+04   0.259377E+03   0.111657E+06   0.151122E+05
   0.378200E+03   0.191874E+04   0.259377E+03   0.111657E+06   0.151122E+05
   0.378300E+03   0.191874E+04   0.259377E+03   0.111657E+06   0.151122E+05
   0.378400E+03   0.191874E+04   0.259377E+03   0.111657E+06   0.151122E+05
   0.378500E+03   0.191874E+04   0.259377E+03   0.111657E+06   0.151122E+05
   0.378600E+03   0.191874E+04   0.259377E+03   0.111657E+06   0.151122E+05
   0.378700E+03   0.191874E+04   0.259377E+03   0.111657E+06   0.151122E+05
   0.378800E+03   0.191874E+04   0.259377E+03   0.111657E+06   0.151122E+05
   0.378900E+03   0.191874E+04   0.259377E+03   0.111657E+06   0.151122E+05
   0.379000E+03   0.191874E+04   0.259377E+03   0.111657E+06   0.151122E+05
   0.379100E+03   0.191874E+04   0.259377E+03   0.111657E+06   0.151122E+05
   0.379200E+03   0.191874E+04   0.259377E+03   0.111657E+06   0.151122E+05
   0.379300E+03   0.191874E+04   0.259377E+03   0.111657E+06   0.151122E+05
   0.379400E+03   0.191874E+04   0.259377E+03   0.111657E+06   0.151122E+05
   0.379500E+03   0.191874E+04   0.259377E+03   0.111657E+06   0.151122E+05
   0.379600E+03   0.191874E+04   0.259377E+03   0.111657E+06   0.151122E+05
   0.379700E+03   0.191874E+04   0.259377E+03   0.111657E+06   0.151122E+05
   0.379800E+03   0.191874E+04   0.259377E+03   0.111657E+06   0.151122E+05
   0.379900E+03   0.191874E+04   0.259377E+03   0.111657E+06   0.151122E+05
   0.380000E+03   0.191874E+04   0.259377E+03   0.111657E+06   0.151122E+05
   0.380100E+03   0.191874E+04   0.259377E+03   0.111657E+06   0.151122E+05
   0.380200E+03   0.191874E+04   0.259377E+03   0.111657E+06   0.151122E+05
   0.380300E+03   0.191874E+04   0.259377E+03   0.111657E+06   0.151122E+05
   0.380400E+03   0.191874E+04   0.259377E+03   0.111657E+06   0.151122E+05
   0.380500E+03   0.191874E+04   0.259377E+03   0.111657E+06   0.151122E+05
   0.380600E+03   0.191874E+04   0.259377E+03   0.111657E+06   0.151122E+05
   0.380700E+03   0.191874E+04   0.259377E+03   0.111657E+06   0.151122E+05
   0.380800E+03   0.191874E+04   0.259377E+03   0.111657E+06   0.151122E+05
   0.380900E+03   0.191874E+04   0.259377E+03   0.111657E+06   0.151122E+05
   0.381000E+03   0.191874E+04   0.259377E+03   0.111657E+06   0.151122E+05
   0.381100E+03   0.191874E+04   0.259377E+03   0.111657E+06   0.151122E+05
   0.381200E+03   0.191874E+04   0.259377E+03   0.111657E+06   0.151122E+05
   0.381300E+03   0.191874E+04   0.259377E+03   0.111657E+06   0.151122E+05
   0.381400E+03   0.191874E+04   0.259377E+03   0.111657E+06   0.151122E+05
   0.381500E+03   0.191874E+04   0.259377E+03   0.111657E+06   0.151122E+05
   0.381600E+03   0.191874E+04   0.259377E+03   0.111657E+06   0.151122E+05
   0.381700E+03   0.191874E+04   0.259377E+03   0.111657E+06   0.151122E+05
   0.381800E+03   0.191874E+04   0.259377E+03   0.111657E+06   0.151122E+05
   0.381900E+03   0.191874E+04   0.259377E+03   0.111657E+06   0.151122E+05
   0.382000E+03   0.191874E+04   0.259377E+03   0.111657E+06   0.151122E+05
   0.382100E+03   0.191874E+04   0.259377E+03   0.111657E+06   0.151122E+05
   0.382200E+03   0.191874E+04   0.259377E+03   0.111657E+06   0.151122E+05
   0.382300E+03   0.191874E+04   0.259377E+03   0.111657E+06   0.151122E+05
   0.382400E+03   0.191874E+04   0.259377E+03   0.111657E+06   0.151122E+05
   0.382500E+03   0.191874E+04   0.259377E+03   0.111657E+06   0.151122E+05
   0.382600E+03   0.191874E+04   0.259377E+03   0.111657E+06   0.151122E+05
   0.382700E+03   0.191874E+04   0.259377E+03   0.111657E+06   0.151122E+05
   0.382800E+03   0.191874E+04   0.259377E+03   0.111657E+06   0.151122E+05
   0.382900E+03   0.191874E+04   0.259377E+03   0.111657E+06   0.151122E+05
   0.383000E+03   0.191874E+04   0.259377E+03   0.111657E+06   0.151122E+05
   0.383100E+03   0.191874E+04   0.259377E+03   0.111657E+06   0.151122E+05
   0.383200E+03   0.191874E+04   0.259377E+03   0.111657E+06   0.151122E+05
   0.383300E+03   0.191874E+04   0.259377E+03   0.111657E+06   0.151122E+05
   0.383400E+03   0.191874E+04   0.259377E+03   0.111657E+06   0.151122E+05
   0.383500E+03   0.191874E+04   0.259377E+03   0.111657E+06   0.151122E+05
   0.383600E+03   0.191874E+04   0.259377E+03   0.111657E+06   0.151122E+05
   0.383700E+03   0.191874E+04   0.259377E+03   0.111657E+06   0.151122E+05
   0.383800E+03   0.191874E+04   0.259377E+03   0.111657E+06   0.151122E+05
   0.383900E+03   0.191874E+04   0.259377E+03   0.111657E+06   0.151122E+05
   0.384000E+03   0.191874E+04   0.259377E+03   0.111657E+06   0.151122E+05
   0.384100E+03   0.191874E+04   0.259377E+03   0.111657E+06   0.151122E+05
   0.384200E+03   0.191874E+04   0.259377E+03   0.111657E+06   0.151122E+05
   0.384300E+03   0.191874E+04   0.259377E+03   0.111657E+06   0.151122E+05
   0.384400E+03   0.191874E+04   0.259377E+03   0.111657E+06   0.151122E+05
   0.384500E+03   0.191874E+04   0.259377E+03   0.111657E+06   0.151122E+05
   0.384600E+03   0.191874E+04   0.259377E+03   0.111657E+06   0.151122E+05
   0.384700E+03   0.191874E+04   0.259377E+03   0.111657E+06   0.151122E+05
   0.384800E+03   0.191874E+04   0.259377E+03   0.111657E+06   0.151122E+05
   0.384900E+03   0.191874E+04   0.259377E+03   0.111657E+06   0.151122E+05
   0.385000E+03   0.191874E+04   0.259377E+03   0.111657E+06   0.151122E+05
   0.385100E+03   0.191874E+04   0.259377E+03   0.111657E+06   0.151122E+05
   0.385200E+03   0.191874E+04   0.259377E+03   0.111657E+06   0.151122E+05
   0.385300E+03   0.191874E+04   0.259377E+03   0.111657E+06   0.151122E+05
   0.385400E+03   0.191874E+04   0.259377E+03   0.111657E+06   0.151122E+05
   0.385500E+03   0.191874E+04   0.259377E+03   0.111657E+06   0.151122E+05
   0.385600E+03   0.191874E+04   0.259377E+03   0.111657E+06   0.151122E+05
   0.385700E+03   0.191874E+04   0.259377E+03   0.111657E+06   0.151122E+05
   0.385800E+03   0.191874E+04   0.259377E+03   0.111657E+06   0.151122E+05
   0.385900E+03   0.191874E+04   0.259377E+03   0.111657E+06   0.151122E+05
   0.386000E+03   0.191874E+04   0.259377E+03   0.111657E+06   0.151122E+05
   0.386100E+03   0.191874E+04   0.259377E+03   0.111657E+06   0.151122E+05
   0.386200E+03   0.191874E+04   0.259377E+03   0.111657E+06   0.151122E+05
   0.386300E+03   0.191874E+04   0.259377E+03   0.111657E+06   0.151122E+05
   0.386400E+03   0.191874E+04   0.259377E+03   0.111657E+06   0.151122E+05
   0.386500E+03   0.191874E+04   0.259377E+03   0.111657E+06   0.151122E+05
   0.386600E+03   0.191874E+04   0.259377E+03   0.111657E+06   0.151122E+05
   0.386700E+03   0.191874E+04   0.259377E+03   0.111657E+06   0.151122E+05
   0.386800E+03   0.191874E+04   0.259377E+03   0.111657E+06   0.151122E+05
   0.386900E+03   0.191874E+04   0.259377E+03   0.111657E+06   0.151122E+05
   0.387000E+03   0.191874E+04   0.259377E+03   0.111657E+06   0.151122E+05
   0.387100E+03   0.191874E+04   0.259377E+03   0.111657E+06   0.151122E+05
   0.387200E+03   0.191874E+04   0.259377E+03   0.111657E+06   0.151122E+05
   0.387300E+03   0.191874E+04   0.259377E+03   0.111657E+06   0.151122E+05
   0.387400E+03   0.191874E+04   0.259377E+03   0.111657E+06   0.151122E+05
   0.387500E+03   0.191874E+04   0.259377E+03   0.111657E+06   0.151122E+05
   0.387600E+03   0.191874E+04   0.259377E+03   0.111657E+06   0.151122E+05
   0.387700E+03   0.191874E+04   0.259377E+03   0.111657E+06   0.151122E+05
   0.387800E+03   0.191874E+04   0.259377E+03   0.111657E+06   0.151122E+05
   0.387900E+03   0.191874E+04   0.259377E+03   0.111657E+06   0.151122E+05
   0.388000E+03   0.191874E+04   0.259377E+03   0.111657E+06   0.151122E+05
   0.388100E+03   0.191874E+04   0.259377E+03   0.111657E+06   0.151122E+05
   0.388200E+03   0.191874E+04   0.259377E+03   0.111657E+06   0.151122E+05
   0.388300E+03   0.191874E+04   0.259377E+03   0.111657E+06   0.151122E+05
   0.388400E+03   0.191874E+04   0.259377E+03   0.111657E+06   0.151122E+05
   0.388500E+03   0.191874E+04   0.259377E+03   0.111657E+06   0.151122E+05
   0.388600E+03   0.191874E+04   0.259377E+03   0.111657E+06   0.151122E+05
   0.388700E+03   0.191874E+04   0.259377E+03   0.111657E+06   0.151122E+05
   0.388800E+03   0.191874E+04   0.259377E+03   0.111657E+06   0.151122E+05
   0.388900E+03   0.191874E+04   0.259377E+03   0.111657E+06   0.151122E+05
   0.389000E+03   0.191874E+04   0.259377E+03   0.111657E+06   0.151122E+05
   0.389100E+03   0.191874E+04   0.259377E+03   0.111657E+06   0.151122E+05
   0.389200E+03   0.191874E+04   0.259377E+03   0.111657E+06   0.151122E+05
   0.389300E+03   0.191874E+04   0.259377E+03   0.111657E+06   0.151122E+05
   0.389400E+03   0.191874E+04   0.259377E+03   0.111657E+06   0.151122E+05
   0.389500E+03   0.191874E+04   0.259377E+03   0.111657E+06   0.151122E+05
   0.389600E+03   0.191874E+04   0.259377E+03   0.111657E+06   0.151122E+05
   0.389700E+03   0.191874E+04   0.259377E+03   0.111657E+06   0.151122E+05
   0.389800E+03   0.191874E+04   0.259377E+03   0.111657E+06   0.151122E+05
   0.389900E+03   0.191874E+04   0.259377E+03   0.111657E+06   0.151122E+05
   0.390000E+03   0.191874E+04   0.259377E+03   0.111657E+06   0.151122E+05
   0.390100E+03   0.191874E+04   0.259377E+03   0.111657E+06   0.151122E+05
   0.390200E+03   0.191874E+04   0.259377E+03   0.111657E+06   0.151122E+05
   0.390300E+03   0.191874E+04   0.259377E+03   0.111657E+06   0.151122E+05
   0.390400E+03   0.191874E+04   0.259377E+03   0.111657E+06   0.151122E+05
   0.390500E+03   0.191874E+04   0.259377E+03   0.111657E+06   0.151122E+05
   0.390600E+03   0.191874E+04   0.259377E+03   0.111657E+06   0.151122E+05
   0.390700E+03   0.191874E+04   0.259377E+03   0.111657E+06   0.151122E+05
   0.390800E+03   0.191874E+04   0.259377E+03   0.111657E+06   0.151122E+05
   0.390900E+03   0.191874E+04   0.259377E+03   0.111657E+06   0.151122E+05
   0.391000E+03   0.191874E+04   0.259377E+03   0.111657E+06   0.151122E+05
   0.391100E+03   0.191874E+04   0.259377E+03   0.111657E+06   0.151122E+05
   0.391200E+03   0.191874E+04   0.259377E+03   0.111657E+06   0.151122E+05
   0.391300E+03   0.191874E+04   0.259377E+03   0.111657E+06   0.151122E+05
   0.391400E+03   0.191874E+04   0.259377E+03   0.111657E+06   0.151122E+05
   0.391500E+03   0.191874E+04   0.259377E+03   0.111657E+06   0.151122E+05
   0.391600E+03   0.191874E+04   0.259377E+03   0.111657E+06   0.151122E+05
   0.391700E+03   0.191874E+04   0.259377E+03   0.111657E+06   0.151122E+05
   0.391800E+03   0.191874E+04   0.259377E+03   0.111657E+06   0.151122E+05
   0.391900E+03   0.191874E+04   0.259377E+03   0.111657E+06   0.151122E+05
   0.392000E+03   0.191874E+04   0.259377E+03   0.111657E+06   0.151122E+05
   0.392100E+03   0.191874E+04   0.259377E+03   0.111657E+06   0.151122E+05
   0.392200E+03   0.191874E+04   0.259377E+03   0.111657E+06   0.151122E+05
   0.392300E+03   0.191874E+04   0.259377E+03   0.111657E+06   0.151122E+05
   0.392400E+03   0.191874E+04   0.259377E+03   0.111657E+06   0.151122E+05
   0.392500E+03   0.191874E+04   0.259377E+03   0.111657E+06   0.151122E+05
   0.392600E+03   0.191874E+04   0.259377E+03   0.111657E+06   0.151122E+05
   0.392700E+03   0.191874E+04   0.259377E+03   0.111657E+06   0.151122E+05
   0.392800E+03   0.191874E+04   0.259377E+03   0.111657E+06   0.151122E+05
   0.392900E+03   0.191874E+04   0.259377E+03   0.111657E+06   0.151122E+05
   0.393000E+03   0.191874E+04   0.259377E+03   0.111657E+06   0.151122E+05
   0.393100E+03   0.191874E+04   0.259377E+03   0.111657E+06   0.151122E+05
   0.393200E+03   0.191874E+04   0.259377E+03   0.111657E+06   0.151122E+05
   0.393300E+03   0.191874E+04   0.259377E+03   0.111657E+06   0.151122E+05
   0.393400E+03   0.191874E+04   0.259377E+03   0.111657E+06   0.151122E+05
   0.393500E+03   0.191874E+04   0.259377E+03   0.111657E+06   0.151122E+05
   0.393600E+03   0.191874E+04   0.259377E+03   0.111657E+06   0.151122E+05
   0.393700E+03   0.191874E+04   0.259377E+03   0.111657E+06   0.151122E+05
   0.393800E+03   0.191874E+04   0.259377E+03   0.111657E+06   0.151122E+05
   0.393900E+03   0.191874E+04   0.259377E+03   0.111657E+06   0.151122E+05
   0.394000E+03   0.191874E+04   0.259377E+03   0.111657E+06   0.151122E+05
   0.394100E+03   0.191874E+04   0.259377E+03   0.111657E+06   0.151122E+05
   0.394200E+03   0.191874E+04   0.259377E+03   0.111657E+06   0.151122E+05
   0.394300E+03   0.191874E+04   0.259377E+03   0.111657E+06   0.151122E+05
   0.394400E+03   0.191874E+04   0.259377E+03   0.111657E+06   0.151122E+05
   0.394500E+03   0.191874E+04   0.259377E+03   0.111657E+06   0.151122E+05
   0.394600E+03   0.191874E+04   0.259377E+03   0.111657E+06   0.151122E+05
   0.394700E+03   0.191874E+04   0.259377E+03   0.111657E+06   0.151122E+05
   0.394800E+03   0.191874E+04   0.259377E+03   0.111657E+06   0.151122E+05
   0.394900E+03   0.191874E+04   0.259377E+03   0.111657E+06   0.151122E+05
   0.395000E+03   0.191874E+04   0.259377E+03   0.111657E+06   0.151122E+05
   0.395100E+03   0.191874E+04   0.259377E+03   0.111657E+06   0.151122E+05
   0.395200E+03   0.191874E+04   0.259377E+03   0.111657E+06   0.151122E+05
   0.395300E+03   0.191874E+04   0.259377E+03   0.111657E+06   0.151122E+05
   0.395400E+03   0.191874E+04   0.259377E+03   0.111657E+06   0.151122E+05
   0.395500E+03   0.191874E+04   0.259377E+03   0.111657E+06   0.151122E+05
   0.395600E+03   0.191874E+04   0.259377E+03   0.111657E+06   0.151122E+05
   0.395700E+03   0.191874E+04   0.259377E+03   0.111657E+06   0.151122E+05
   0.395800E+03   0.191874E+04   0.259377E+03   0.111657E+06   0.151122E+05
   0.395900E+03   0.191874E+04   0.259377E+03   0.111657E+06   0.151122E+05
   0.396000E+03   0.191874E+04   0.259377E+03   0.111657E+06   0.151122E+05
   0.396100E+03   0.191874E+04   0.259377E+03   0.111657E+06   0.151122E+05
   0.396200E+03   0.191874E+04   0.259377E+03   0.111657E+06   0.151122E+05
   0.396300E+03   0.191874E+04   0.259377E+03   0.111657E+06   0.151122E+05
   0.396400E+03   0.191874E+04   0.259377E+03   0.111657E+06   0.151122E+05
   0.396500E+03   0.191874E+04   0.259377E+03   0.111657E+06   0.151122E+05
   0.396600E+03   0.191874E+04   0.259377E+03   0.111657E+06   0.151122E+05
   0.396700E+03   0.191874E+04   0.259377E+03   0.111657E+06   0.151122E+05
   0.396800E+03   0.191874E+04   0.259377E+03   0.111657E+06   0.151122E+05
   0.396900E+03   0.191874E+04   0.259377E+03   0.111657E+06   0.151122E+05
   0.397000E+03   0.191874E+04   0.259377E+03   0.111657E+06   0.151122E+05
   0.397100E+03   0.191874E+04   0.259377E+03   0.111657E+06   0.151122E+05
   0.397200E+03   0.191874E+04   0.259377E+03   0.111657E+06   0.151122E+05
   0.397300E+03   0.191874E+04   0.259377E+03   0.111657E+06   0.151122E+05
   0.397400E+03   0.191874E+04   0.259377E+03   0.111657E+06   0.151122E+05
   0.397500E+03   0.191874E+04   0.259377E+03   0.111657E+06   0.151122E+05
   0.397600E+03   0.191874E+04   0.259377E+03   0.111657E+06   0.151122E+05
   0.397700E+03   0.191874E+04   0.259377E+03   0.111657E+06   0.151122E+05
   0.397800E+03   0.191874E+04   0.259377E+03   0.111657E+06   0.151122E+05
   0.397900E+03   0.191874E+04   0.259377E+03   0.111657E+06   0.151122E+05
   0.398000E+03   0.191874E+04   0.259377E+03   0.111657E+06   0.151122E+05
   0.398100E+03   0.191874E+04   0.259377E+03   0.111657E+06   0.151122E+05
   0.398200E+03   0.191874E+04   0.259377E+03   0.111657E+06   0.151122E+05
   0.398300E+03   0.191874E+04   0.259377E+03   0.111657E+06   0.151122E+05
   0.398400E+03   0.191874E+04   0.259377E+03   0.111657E+06   0.151122E+05
   0.398500E+03   0.191874E+04   0.259377E+03   0.111657E+06   0.151122E+05
   0.398600E+03   0.191874E+04   0.259377E+03   0.111657E+06   0.151122E+05
   0.398700E+03   0.191874E+04   0.259377E+03   0.111657E+06   0.151122E+05
   0.398800E+03   0.191874E+04   0.259377E+03   0.111657E+06   0.151122E+05
   0.398900E+03   0.191874E+04   0.259377E+03   0.111657E+06   0.151122E+05
   0.399000E+03   0.191874E+04   0.259377E+03   0.111657E+06   0.151122E+05
   0.399100E+03   0.191874E+04   0.259377E+03   0.111657E+06   0.151122E+05
   0.399200E+03   0.191874E+04   0.259377E+03   0.111657E+06   0.151122E+05
   0.399300E+03   0.191874E+04   0.259377E+03   0.111657E+06   0.151122E+05
   0.399400E+03   0.191874E+04   0.259377E+03   0.111657E+06   0.151122E+05
   0.399500E+03   0.191874E+04   0.259377E+03   0.111657E+06   0.151122E+05
   0.399600E+03   0.191874E+04   0.259377E+03   0.111657E+06   0.151122E+05
   0.399700E+03   0.191874E+04   0.259377E+03   0.111657E+06   0.151122E+05
   0.399800E+03   0.191874E+04   0.259377E+03   0.111657E+06   0.151122E+05
   0.399900E+03   0.191874E+04   0.259377E+03   0.111657E+06   0.151122E+05
   0.400000E+03   0.191874E+04   0.259377E+03   0.111657E+06   0.151122E+05
   0.400100E+03   0.191874E+04   0.259377E+03   0.111657E+06   0.151122E+05
   0.400200E+03   0.191874E+04   0.259377E+03   0.111657E+06   0.151122E+05
   0.400300E+03   0.191874E+04   0.259377E+03   0.111657E+06   0.151122E+05
   0.400400E+03   0.191874E+04   0.259377E+03   0.111657E+06   0.151122E+05
   0.400500E+03   0.191874E+04   0.259377E+03   0.111657E+06   0.151122E+05
   0.400600E+03   0.191874E+04   0.259377E+03   0.111657E+06   0.151122E+05
   0.400700E+03   0.191874E+04   0.259377E+03   0.111657E+06   0.151122E+05
   0.400800E+03   0.191874E+04   0.259377E+03   0.111657E+06   0.151122E+05
   0.400900E+03   0.191874E+04   0.259377E+03   0.111657E+06   0.151122E+05
   0.401000E+03   0.191874E+04   0.259377E+03   0.111657E+06   0.151122E+05
   0.401100E+03   0.191874E+04   0.259377E+03   0.111657E+06   0.151122E+05
   0.401200E+03   0.191874E+04   0.259377E+03   0.111657E+06   0.151122E+05
   0.401300E+03   0.191874E+04   0.259377E+03   0.111657E+06   0.151122E+05
   0.401400E+03   0.191874E+04   0.259377E+03   0.111657E+06   0.151122E+05
   0.401500E+03   0.191874E+04   0.259377E+03   0.111657E+06   0.151122E+05
   0.401600E+03   0.191874E+04   0.259377E+03   0.111657E+06   0.151122E+05
   0.401700E+03   0.191874E+04   0.259377E+03   0.111657E+06   0.151122E+05
   0.401800E+03   0.191874E+04   0.259377E+03   0.111657E+06   0.151122E+05
   0.401900E+03   0.191874E+04   0.259377E+03   0.111657E+06   0.151122E+05
   0.402000E+03   0.191874E+04   0.259377E+03   0.111657E+06   0.151122E+05
   0.402100E+03   0.191874E+04   0.259377E+03   0.111657E+06   0.151122E+05
   0.402200E+03   0.191874E+04   0.259377E+03   0.111657E+06   0.151122E+05
   0.402300E+03   0.191874E+04   0.259377E+03   0.111657E+06   0.151122E+05
   0.402400E+03   0.191874E+04   0.259377E+03   0.111657E+06   0.151122E+05
   0.402500E+03   0.191874E+04   0.259377E+03   0.111657E+06   0.151122E+05
   0.402600E+03   0.191874E+04   0.259377E+03   0.111657E+06   0.151122E+05
   0.402700E+03   0.191874E+04   0.259377E+03   0.111657E+06   0.151122E+05
   0.402800E+03   0.191874E+04   0.259377E+03   0.111657E+06   0.151122E+05
   0.402900E+03   0.191874E+04   0.259377E+03   0.111657E+06   0.151122E+05
   0.403000E+03   0.191874E+04   0.259377E+03   0.111657E+06   0.151122E+05
   0.403100E+03   0.191874E+04   0.259377E+03   0.111657E+06   0.151122E+05
   0.403200E+03   0.191874E+04   0.259377E+03   0.111657E+06   0.151122E+05
   0.403300E+03   0.191874E+04   0.259377E+03   0.111657E+06   0.151122E+05
   0.403400E+03   0.191874E+04   0.259377E+03   0.111657E+06   0.151122E+05
   0.403500E+03   0.191874E+04   0.259377E+03   0.111657E+06   0.151122E+05
   0.403600E+03   0.191874E+04   0.259377E+03   0.111657E+06   0.151122E+05
   0.403700E+03   0.191874E+04   0.259377E+03   0.111657E+06   0.151122E+05
   0.403800E+03   0.191874E+04   0.259377E+03   0.111657E+06   0.151122E+05
   0.403900E+03   0.191874E+04   0.259377E+03   0.111657E+06   0.151122E+05
   0.404000E+03   0.191874E+04   0.259377E+03   0.111657E+06   0.151122E+05
   0.404100E+03   0.191874E+04   0.259377E+03   0.111657E+06   0.151122E+05
   0.404200E+03   0.191874E+04   0.259377E+03   0.111657E+06   0.151122E+05
   0.404300E+03   0.191874E+04   0.259377E+03   0.111657E+06   0.151122E+05
   0.404400E+03   0.191874E+04   0.259377E+03   0.111657E+06   0.151122E+05
   0.404500E+03   0.191874E+04   0.259377E+03   0.111657E+06   0.151122E+05
   0.404600E+03   0.191874E+04   0.259377E+03   0.111657E+06   0.151122E+05
   0.404700E+03   0.191874E+04   0.259377E+03   0.111657E+06   0.151122E+05
   0.404800E+03   0.191874E+04   0.259377E+03   0.111657E+06   0.151122E+05
   0.404900E+03   0.191874E+04   0.259377E+03   0.111657E+06   0.151122E+05
   0.405000E+03   0.191874E+04   0.259377E+03   0.111657E+06   0.151122E+05
   0.405100E+03   0.191874E+04   0.259377E+03   0.111657E+06   0.151122E+05
   0.405200E+03   0.191874E+04   0.259377E+03   0.111657E+06   0.151122E+05
   0.405300E+03   0.191874E+04   0.259377E+03   0.111657E+06   0.151122E+05
   0.405400E+03   0.191874E+04   0.259377E+03   0.111657E+06   0.151122E+05
   0.405500E+03   0.191874E+04   0.259377E+03   0.111657E+06   0.151122E+05
   0.405600E+03   0.191874E+04   0.259377E+03   0.111657E+06   0.151122E+05
   0.405700E+03   0.191874E+04   0.259377E+03   0.111657E+06   0.151122E+05
   0.405800E+03   0.191874E+04   0.259377E+03   0.111657E+06   0.151122E+05
   0.405900E+03   0.191874E+04   0.259377E+03   0.111657E+06   0.151122E+05
   0.406000E+03   0.191874E+04   0.259377E+03   0.111657E+06   0.151122E+05
   0.406100E+03   0.191874E+04   0.259377E+03   0.111657E+06   0.151122E+05
   0.406200E+03   0.191874E+04   0.259377E+03   0.111657E+06   0.151122E+05
   0.406300E+03   0.191874E+04   0.259377E+03   0.111657E+06   0.151122E+05
   0.406400E+03   0.191874E+04   0.259377E+03   0.111657E+06   0.151122E+05
   0.406500E+03   0.191874E+04   0.259377E+03   0.111657E+06   0.151122E+05
   0.406600E+03   0.191874E+04   0.259377E+03   0.111657E+06   0.151122E+05
   0.406700E+03   0.191874E+04   0.259377E+03   0.111657E+06   0.151122E+05
   0.406800E+03   0.191874E+04   0.259377E+03   0.111657E+06   0.151122E+05
   0.406900E+03   0.191874E+04   0.259377E+03   0.111657E+06   0.151122E+05
   0.407000E+03   0.191874E+04   0.259377E+03   0.111657E+06   0.151122E+05
   0.407100E+03   0.191874E+04   0.259377E+03   0.111657E+06   0.151122E+05
   0.407200E+03   0.191874E+04   0.259377E+03   0.111657E+06   0.151122E+05
   0.407300E+03   0.191874E+04   0.259377E+03   0.111657E+06   0.151122E+05
   0.407400E+03   0.191874E+04   0.259377E+03   0.111657E+06   0.151122E+05
   0.407500E+03   0.191874E+04   0.259377E+03   0.111657E+06   0.151122E+05
   0.407600E+03   0.191874E+04   0.259377E+03   0.111657E+06   0.151122E+05
   0.407700E+03   0.191874E+04   0.259377E+03   0.111657E+06   0.151122E+05
   0.407800E+03   0.191874E+04   0.259377E+03   0.111657E+06   0.151122E+05
   0.407900E+03   0.191874E+04   0.259377E+03   0.111657E+06   0.151122E+05
   0.408000E+03   0.191874E+04   0.259377E+03   0.111657E+06   0.151122E+05
   0.408100E+03   0.191874E+04   0.259377E+03   0.111657E+06   0.151122E+05
   0.408200E+03   0.191874E+04   0.259377E+03   0.111657E+06   0.151122E+05
   0.408300E+03   0.191874E+04   0.259377E+03   0.111657E+06   0.151122E+05
   0.408400E+03   0.191874E+04   0.259377E+03   0.111657E+06   0.151122E+05
   0.408500E+03   0.191874E+04   0.259377E+03   0.111657E+06   0.151122E+05
   0.408600E+03   0.191874E+04   0.259377E+03   0.111657E+06   0.151122E+05
   0.408700E+03   0.191874E+04   0.259377E+03   0.111657E+06   0.151122E+05
   0.408800E+03   0.191874E+04   0.259377E+03   0.111657E+06   0.151122E+05
   0.408900E+03   0.191874E+04   0.259377E+03   0.111657E+06   0.151122E+05
   0.409000E+03   0.191874E+04   0.259377E+03   0.111657E+06   0.151122E+05
   0.409100E+03   0.191874E+04   0.259377E+03   0.111657E+06   0.151122E+05
   0.409200E+03   0.191874E+04   0.259377E+03   0.111657E+06   0.151122E+05
   0.409300E+03   0.191874E+04   0.259377E+03   0.111657E+06   0.151122E+05
   0.409400E+03   0.191874E+04   0.259377E+03   0.111657E+06   0.151122E+05
   0.409500E+03   0.191874E+04   0.259377E+03   0.111657E+06   0.151122E+05
   0.409600E+03   0.191874E+04   0.259377E+03   0.111657E+06   0.151122E+05
   0.409700E+03   0.191874E+04   0.259377E+03   0.111657E+06   0.151122E+05
   0.409800E+03   0.191874E+04   0.259377E+03   0.111657E+06   0.151122E+05
   0.409900E+03   0.191874E+04   0.259377E+03   0.111657E+06   0.151122E+05
   0.410000E+03   0.191874E+04   0.259377E+03   0.111657E+06   0.151122E+05
   0.410100E+03   0.191874E+04   0.259377E+03   0.111657E+06   0.151122E+05
   0.410200E+03   0.191874E+04   0.259377E+03   0.111657E+06   0.151122E+05
   0.410300E+03   0.191874E+04   0.259377E+03   0.111657E+06   0.151122E+05
   0.410400E+03   0.191874E+04   0.259377E+03   0.111657E+06   0.151122E+05
   0.410500E+03   0.191874E+04   0.259377E+03   0.111657E+06   0.151122E+05
   0.410600E+03   0.191874E+04   0.259377E+03   0.111657E+06   0.151122E+05
   0.410700E+03   0.191874E+04   0.259377E+03   0.111657E+06   0.151122E+05
   0.410800E+03   0.191874E+04   0.259377E+03   0.111657E+06   0.151122E+05
   0.410900E+03   0.191874E+04   0.259377E+03   0.111657E+06   0.151122E+05
   0.411000E+03   0.191874E+04   0.259377E+03   0.111657E+06   0.151122E+05
   0.411100E+03   0.191874E+04   0.259377E+03   0.111657E+06   0.151122E+05
   0.411200E+03   0.191874E+04   0.259377E+03   0.111657E+06   0.151122E+05
   0.411300E+03   0.191874E+04   0.259377E+03   0.111657E+06   0.151122E+05
   0.411400E+03   0.191874E+04   0.259377E+03   0.111657E+06   0.151122E+05
   0.411500E+03   0.191874E+04   0.259377E+03   0.111657E+06   0.151122E+05
   0.411600E+03   0.191874E+04   0.259377E+03   0.111657E+06   0.151122E+05
   0.411700E+03   0.191874E+04   0.259377E+03   0.111657E+06   0.151122E+05
   0.411800E+03   0.191874E+04   0.259377E+03   0.111657E+06   0.151122E+05
   0.411900E+03   0.191874E+04   0.259377E+03   0.111657E+06   0.151122E+05
   0.412000E+03   0.191874E+04   0.259377E+03   0.111657E+06   0.151122E+05
   0.412100E+03   0.191874E+04   0.259377E+03   0.111657E+06   0.151122E+05
   0.412200E+03   0.191874E+04   0.259377E+03   0.111657E+06   0.151122E+05
   0.412300E+03   0.191874E+04   0.259377E+03   0.111657E+06   0.151122E+05
   0.412400E+03   0.191874E+04   0.259377E+03   0.111657E+06   0.151122E+05
   0.412500E+03   0.191874E+04   0.259377E+03   0.111657E+06   0.151122E+05
   0.412600E+03   0.191874E+04   0.259377E+03   0.111657E+06   0.151122E+05
   0.412700E+03   0.191874E+04   0.259377E+03   0.111657E+06   0.151122E+05
   0.412800E+03   0.191874E+04   0.259377E+03   0.111657E+06   0.151122E+05
   0.412900E+03   0.191874E+04   0.259377E+03   0.111657E+06   0.151122E+05
   0.413000E+03   0.191874E+04   0.259377E+03   0.111657E+06   0.151122E+05
   0.413100E+03   0.191874E+04   0.259377E+03   0.111657E+06   0.151122E+05
   0.413200E+03   0.191874E+04   0.259377E+03   0.111657E+06   0.151122E+05
   0.413300E+03   0.191874E+04   0.259377E+03   0.111657E+06   0.151122E+05
   0.413400E+03   0.191874E+04   0.259377E+03   0.111657E+06   0.151122E+05
   0.413500E+03   0.191874E+04   0.259377E+03   0.111657E+06   0.151122E+05
   0.413600E+03   0.191874E+04   0.259377E+03   0.111657E+06   0.151122E+05
   0.413700E+03   0.191874E+04   0.259377E+03   0.111657E+06   0.151122E+05
   0.413800E+03   0.191874E+04   0.259377E+03   0.111657E+06   0.151122E+05
   0.413900E+03   0.191874E+04   0.259377E+03   0.111657E+06   0.151122E+05
   0.414000E+03   0.191874E+04   0.259377E+03   0.111657E+06   0.151122E+05
   0.414100E+03   0.191874E+04   0.259377E+03   0.111657E+06   0.151122E+05
   0.414200E+03   0.191874E+04   0.259377E+03   0.111657E+06   0.151122E+05
   0.414300E+03   0.191874E+04   0.259377E+03   0.111657E+06   0.151122E+05
   0.414400E+03   0.191874E+04   0.259377E+03   0.111657E+06   0.151122E+05
   0.414500E+03   0.191874E+04   0.259377E+03   0.111657E+06   0.151122E+05
   0.414600E+03   0.191874E+04   0.259377E+03   0.111657E+06   0.151122E+05
   0.414700E+03   0.191874E+04   0.259377E+03   0.111657E+06   0.151122E+05
   0.414800E+03   0.191874E+04   0.259377E+03   0.111657E+06   0.151122E+05
   0.414900E+03   0.191874E+04   0.259377E+03   0.111657E+06   0.151122E+05
   0.415000E+03   0.191874E+04   0.259377E+03   0.111657E+06   0.151122E+05
   0.415100E+03   0.191874E+04   0.259377E+03   0.111657E+06   0.151122E+05
   0.415200E+03   0.191874E+04   0.259377E+03   0.111657E+06   0.151122E+05
   0.415300E+03   0.191874E+04   0.259377E+03   0.111657E+06   0.151122E+05
   0.415400E+03   0.191874E+04   0.259377E+03   0.111657E+06   0.151122E+05
   0.415500E+03   0.191874E+04   0.259377E+03   0.111657E+06   0.151122E+05
   0.415600E+03   0.191874E+04   0.259377E+03   0.111657E+06   0.151122E+05
   0.415700E+03   0.191874E+04   0.259377E+03   0.111657E+06   0.151122E+05
   0.415800E+03   0.191874E+04   0.259377E+03   0.111657E+06   0.151122E+05
   0.415900E+03   0.191874E+04   0.259377E+03   0.111657E+06   0.151122E+05
   0.416000E+03   0.191874E+04   0.259377E+03   0.111657E+06   0.151122E+05
   0.416100E+03   0.191874E+04   0.259377E+03   0.111657E+06   0.151122E+05
   0.416200E+03   0.191874E+04   0.259377E+03   0.111657E+06   0.151122E+05
   0.416300E+03   0.191874E+04   0.259377E+03   0.111657E+06   0.151122E+05
   0.416400E+03   0.191874E+04   0.259377E+03   0.111657E+06   0.151122E+05
   0.416500E+03   0.191874E+04   0.259377E+03   0.111657E+06   0.151122E+05
   0.416600E+03   0.191874E+04   0.259377E+03   0.111657E+06   0.151122E+05
   0.416700E+03   0.191874E+04   0.259377E+03   0.111657E+06   0.151122E+05
   0.416800E+03   0.191874E+04   0.259377E+03   0.111657E+06   0.151122E+05
   0.416900E+03   0.191874E+04   0.259377E+03   0.111657E+06   0.151122E+05
   0.417000E+03   0.191874E+04   0.259377E+03   0.111657E+06   0.151122E+05
   0.417100E+03   0.191874E+04   0.259377E+03   0.111657E+06   0.151122E+05
   0.417200E+03   0.191874E+04   0.259377E+03   0.111657E+06   0.151122E+05
   0.417300E+03   0.191874E+04   0.259377E+03   0.111657E+06   0.151122E+05
   0.417400E+03   0.191874E+04   0.259377E+03   0.111657E+06   0.151122E+05
   0.417500E+03   0.191874E+04   0.259377E+03   0.111657E+06   0.151122E+05
   0.417600E+03   0.191874E+04   0.259377E+03   0.111657E+06   0.151122E+05
   0.417700E+03   0.191874E+04   0.259377E+03   0.111657E+06   0.151122E+05
   0.417800E+03   0.191874E+04   0.259377E+03   0.111657E+06   0.151122E+05
   0.417900E+03   0.191874E+04   0.259377E+03   0.111657E+06   0.151122E+05
   0.418000E+03   0.191874E+04   0.259377E+03   0.111657E+06   0.151122E+05
   0.418100E+03   0.191874E+04   0.259377E+03   0.111657E+06   0.151122E+05
   0.418200E+03   0.191874E+04   0.259377E+03   0.111657E+06   0.151122E+05
   0.418300E+03   0.191874E+04   0.259377E+03   0.111657E+06   0.151122E+05
   0.418400E+03   0.191874E+04   0.259377E+03   0.111657E+06   0.151122E+05
   0.418500E+03   0.191874E+04   0.259377E+03   0.111657E+06   0.151122E+05
   0.418600E+03   0.191874E+04   0.259377E+03   0.111657E+06   0.151122E+05
   0.418700E+03   0.191874E+04   0.259377E+03   0.111657E+06   0.151122E+05
   0.418800E+03   0.191874E+04   0.259377E+03   0.111657E+06   0.151122E+05
   0.418900E+03   0.191874E+04   0.259377E+03   0.111657E+06   0.151122E+05
   0.419000E+03   0.191874E+04   0.259377E+03   0.111657E+06   0.151122E+05
   0.419100E+03   0.191874E+04   0.259377E+03   0.111657E+06   0.151122E+05
   0.419200E+03   0.191874E+04   0.259377E+03   0.111657E+06   0.151122E+05
   0.419300E+03   0.191874E+04   0.259377E+03   0.111657E+06   0.151122E+05
   0.419400E+03   0.191874E+04   0.259377E+03   0.111657E+06   0.151122E+05
   0.419500E+03   0.191874E+04   0.259377E+03   0.111657E+06   0.151122E+05
   0.419600E+03   0.191874E+04   0.259377E+03   0.111657E+06   0.151122E+05
   0.419700E+03   0.191874E+04   0.259377E+03   0.111657E+06   0.151122E+05
   0.419800E+03   0.191874E+04   0.259377E+03   0.111657E+06   0.151122E+05
   0.419900E+03   0.191874E+04   0.259377E+03   0.111657E+06   0.151122E+05
   0.420000E+03   0.191874E+04   0.259377E+03   0.111657E+06   0.151122E+05
   0.420100E+03   0.191874E+04   0.259377E+03   0.111657E+06   0.151122E+05
   0.420200E+03   0.191874E+04   0.259377E+03   0.111657E+06   0.151122E+05
   0.420300E+03   0.191874E+04   0.259377E+03   0.111657E+06   0.151122E+05
   0.420400E+03   0.191874E+04   0.259377E+03   0.111657E+06   0.151122E+05
   0.420500E+03   0.191874E+04   0.259377E+03   0.111657E+06   0.151122E+05
   0.420600E+03   0.191874E+04   0.259377E+03   0.111657E+06   0.151122E+05
   0.420700E+03   0.191874E+04   0.259377E+03   0.111657E+06   0.151122E+05
   0.420800E+03   0.191874E+04   0.259377E+03   0.111657E+06   0.151122E+05
   0.420900E+03   0.191874E+04   0.259377E+03   0.111657E+06   0.151122E+05
   0.421000E+03   0.191874E+04   0.259377E+03   0.111657E+06   0.151122E+05
   0.421100E+03   0.191874E+04   0.259377E+03   0.111657E+06   0.151122E+05
   0.421200E+03   0.191874E+04   0.259377E+03   0.111657E+06   0.151122E+05
   0.421300E+03   0.191874E+04   0.259377E+03   0.111657E+06   0.151122E+05
   0.421400E+03   0.191874E+04   0.259377E+03   0.111657E+06   0.151122E+05
   0.421500E+03   0.191874E+04   0.259377E+03   0.111657E+06   0.151122E+05
   0.421600E+03   0.191874E+04   0.259377E+03   0.111657E+06   0.151122E+05
   0.421700E+03   0.191874E+04   0.259377E+03   0.111657E+06   0.151122E+05
   0.421800E+03   0.191874E+04   0.259377E+03   0.111657E+06   0.151122E+05
   0.421900E+03   0.191874E+04   0.259377E+03   0.111657E+06   0.151122E+05
   0.422000E+03   0.191874E+04   0.259377E+03   0.111657E+06   0.151122E+05
   0.422100E+03   0.191874E+04   0.259377E+03   0.111657E+06   0.151122E+05
   0.422200E+03   0.191874E+04   0.259377E+03   0.111657E+06   0.151122E+05
   0.422300E+03   0.191874E+04   0.259377E+03   0.111657E+06   0.151122E+05
   0.422400E+03   0.191874E+04   0.259377E+03   0.111657E+06   0.151122E+05
   0.422500E+03   0.191874E+04   0.259377E+03   0.111657E+06   0.151122E+05
   0.422600E+03   0.191874E+04   0.259377E+03   0.111657E+06   0.151122E+05
   0.422700E+03   0.191874E+04   0.259377E+03   0.111657E+06   0.151122E+05
   0.422800E+03   0.191874E+04   0.259377E+03   0.111657E+06   0.151122E+05
   0.422900E+03   0.191874E+04   0.259377E+03   0.111657E+06   0.151122E+05
   0.423000E+03   0.191874E+04   0.259377E+03   0.111657E+06   0.151122E+05
   0.423100E+03   0.191874E+04   0.259377E+03   0.111657E+06   0.151122E+05
   0.423200E+03   0.191874E+04   0.259377E+03   0.111657E+06   0.151122E+05
   0.423300E+03   0.191874E+04   0.259377E+03   0.111657E+06   0.151122E+05
   0.423400E+03   0.191874E+04   0.259377E+03   0.111657E+06   0.151122E+05
   0.423500E+03   0.191874E+04   0.259377E+03   0.111657E+06   0.151122E+05
   0.423600E+03   0.191874E+04   0.259377E+03   0.111657E+06   0.151122E+05
   0.423700E+03   0.191874E+04   0.259377E+03   0.111657E+06   0.151122E+05
   0.423800E+03   0.191874E+04   0.259377E+03   0.111657E+06   0.151122E+05
   0.423900E+03   0.191874E+04   0.259377E+03   0.111657E+06   0.151122E+05
   0.424000E+03   0.191874E+04   0.259377E+03   0.111657E+06   0.151122E+05
   0.424100E+03   0.191874E+04   0.259377E+03   0.111657E+06   0.151122E+05
   0.424200E+03   0.191874E+04   0.259377E+03   0.111657E+06   0.151122E+05
   0.424300E+03   0.191874E+04   0.259377E+03   0.111657E+06   0.151122E+05
   0.424400E+03   0.191874E+04   0.259377E+03   0.111657E+06   0.151122E+05
   0.424500E+03   0.191874E+04   0.259377E+03   0.111657E+06   0.151122E+05
   0.424600E+03   0.191874E+04   0.259377E+03   0.111657E+06   0.151122E+05
   0.424700E+03   0.191874E+04   0.259377E+03   0.111657E+06   0.151122E+05
   0.424800E+03   0.191874E+04   0.259377E+03   0.111657E+06   0.151122E+05
   0.424900E+03   0.191874E+04   0.259377E+03   0.111657E+06   0.151122E+05
   0.425000E+03   0.191874E+04   0.259377E+03   0.111657E+06   0.151122E+05
   0.425100E+03   0.191874E+04   0.259377E+03   0.111657E+06   0.151122E+05
   0.425200E+03   0.191874E+04   0.259377E+03   0.111657E+06   0.151122E+05
   0.425300E+03   0.191874E+04   0.259377E+03   0.111657E+06   0.151122E+05
   0.425400E+03   0.191874E+04   0.259377E+03   0.111657E+06   0.151122E+05
   0.425500E+03   0.191874E+04   0.259377E+03   0.111657E+06   0.151122E+05
   0.425600E+03   0.191874E+04   0.259377E+03   0.111657E+06   0.151122E+05
   0.425700E+03   0.191874E+04   0.259377E+03   0.111657E+06   0.151122E+05
   0.425800E+03   0.191874E+04   0.259377E+03   0.111657E+06   0.151122E+05
   0.425900E+03   0.191874E+04   0.259377E+03   0.111657E+06   0.151122E+05
   0.426000E+03   0.191874E+04   0.259377E+03   0.111657E+06   0.151122E+05
   0.426100E+03   0.191874E+04   0.259377E+03   0.111657E+06   0.151122E+05
   0.426200E+03   0.191874E+04   0.259377E+03   0.111657E+06   0.151122E+05
   0.426300E+03   0.191874E+04   0.259377E+03   0.111657E+06   0.151122E+05
   0.426400E+03   0.191874E+04   0.259377E+03   0.111657E+06   0.151122E+05
   0.426500E+03   0.191874E+04   0.259377E+03   0.111657E+06   0.151122E+05
   0.426600E+03   0.191874E+04   0.259377E+03   0.111657E+06   0.151122E+05
   0.426700E+03   0.191874E+04   0.259377E+03   0.111657E+06   0.151122E+05
   0.426800E+03   0.191874E+04   0.259377E+03   0.111657E+06   0.151122E+05
   0.426900E+03   0.191874E+04   0.259377E+03   0.111657E+06   0.151122E+05
   0.427000E+03   0.191874E+04   0.259377E+03   0.111657E+06   0.151122E+05
   0.427100E+03   0.191874E+04   0.259377E+03   0.111657E+06   0.151122E+05
   0.427200E+03   0.191874E+04   0.259377E+03   0.111657E+06   0.151122E+05
   0.427300E+03   0.191874E+04   0.259377E+03   0.111657E+06   0.151122E+05
   0.427400E+03   0.191874E+04   0.259377E+03   0.111657E+06   0.151122E+05
   0.427500E+03   0.191874E+04   0.259377E+03   0.111657E+06   0.151122E+05
   0.427600E+03   0.191874E+04   0.259377E+03   0.111657E+06   0.151122E+05
   0.427700E+03   0.191874E+04   0.259377E+03   0.111657E+06   0.151122E+05
   0.427800E+03   0.191874E+04   0.259377E+03   0.111657E+06   0.151122E+05
   0.427900E+03   0.191874E+04   0.259377E+03   0.111657E+06   0.151122E+05
   0.428000E+03   0.191874E+04   0.259377E+03   0.111657E+06   0.151122E+05
   0.428100E+03   0.191874E+04   0.259377E+03   0.111657E+06   0.151122E+05
   0.428200E+03   0.191874E+04   0.259377E+03   0.111657E+06   0.151122E+05
   0.428300E+03   0.191874E+04   0.259377E+03   0.111657E+06   0.151122E+05
   0.428400E+03   0.191874E+04   0.259377E+03   0.111657E+06   0.151122E+05
   0.428500E+03   0.191874E+04   0.259377E+03   0.111657E+06   0.151122E+05
   0.428600E+03   0.191874E+04   0.259377E+03   0.111657E+06   0.151122E+05
   0.428700E+03   0.191874E+04   0.259377E+03   0.111657E+06   0.151122E+05
   0.428800E+03   0.191874E+04   0.259377E+03   0.111657E+06   0.151122E+05
   0.428900E+03   0.191874E+04   0.259377E+03   0.111657E+06   0.151122E+05
   0.429000E+03   0.191874E+04   0.259377E+03   0.111657E+06   0.151122E+05
   0.429100E+03   0.191874E+04   0.259377E+03   0.111657E+06   0.151122E+05
   0.429200E+03   0.191874E+04   0.259377E+03   0.111657E+06   0.151122E+05
   0.429300E+03   0.191874E+04   0.259377E+03   0.111657E+06   0.151122E+05
   0.429400E+03   0.191874E+04   0.259377E+03   0.111657E+06   0.151122E+05
   0.429500E+03   0.191874E+04   0.259377E+03   0.111657E+06   0.151122E+05
   0.429600E+03   0.191874E+04   0.259377E+03   0.111657E+06   0.151122E+05
   0.429700E+03   0.191874E+04   0.259377E+03   0.111657E+06   0.151122E+05
   0.429800E+03   0.191874E+04   0.259377E+03   0.111657E+06   0.151122E+05
   0.429900E+03   0.191874E+04   0.259377E+03   0.111657E+06   0.151122E+05
   0.430000E+03   0.191874E+04   0.259377E+03   0.111657E+06   0.151122E+05
   0.430100E+03   0.191874E+04   0.259377E+03   0.111657E+06   0.151122E+05
   0.430200E+03   0.191874E+04   0.259377E+03   0.111657E+06   0.151122E+05
   0.430300E+03   0.191874E+04   0.259377E+03   0.111657E+06   0.151122E+05
   0.430400E+03   0.191874E+04   0.259377E+03   0.111657E+06   0.151122E+05
   0.430500E+03   0.191874E+04   0.259377E+03   0.111657E+06   0.151122E+05
   0.430600E+03   0.191874E+04   0.259377E+03   0.111657E+06   0.151122E+05
   0.430700E+03   0.191874E+04   0.259377E+03   0.111657E+06   0.151122E+05
   0.430800E+03   0.191874E+04   0.259377E+03   0.111657E+06   0.151122E+05
   0.430900E+03   0.191874E+04   0.259377E+03   0.111657E+06   0.151122E+05
   0.431000E+03   0.191874E+04   0.259377E+03   0.111657E+06   0.151122E+05
   0.431100E+03   0.191874E+04   0.259377E+03   0.111657E+06   0.151122E+05
   0.431200E+03   0.191874E+04   0.259377E+03   0.111657E+06   0.151122E+05
   0.431300E+03   0.191874E+04   0.259377E+03   0.111657E+06   0.151122E+05
   0.431400E+03   0.191874E+04   0.259377E+03   0.111657E+06   0.151122E+05
   0.431500E+03   0.191874E+04   0.259377E+03   0.111657E+06   0.151122E+05
   0.431600E+03   0.191874E+04   0.259377E+03   0.111657E+06   0.151122E+05
   0.431700E+03   0.191874E+04   0.259377E+03   0.111657E+06   0.151122E+05
   0.431800E+03   0.191874E+04   0.259377E+03   0.111657E+06   0.151122E+05
   0.431900E+03   0.191874E+04   0.259377E+03   0.111657E+06   0.151122E+05
   0.432000E+03   0.191874E+04   0.259377E+03   0.111657E+06   0.151122E+05
   0.432100E+03   0.191874E+04   0.259377E+03   0.111657E+06   0.151122E+05
   0.432200E+03   0.191874E+04   0.259377E+03   0.111657E+06   0.151122E+05
   0.432300E+03   0.191874E+04   0.259377E+03   0.111657E+06   0.151122E+05
   0.432400E+03   0.191874E+04   0.259377E+03   0.111657E+06   0.151122E+05
   0.432500E+03   0.191874E+04   0.259377E+03   0.111657E+06   0.151122E+05
   0.432600E+03   0.191874E+04   0.259377E+03   0.111657E+06   0.151122E+05
   0.432700E+03   0.191874E+04   0.259377E+03   0.111657E+06   0.151122E+05
   0.432800E+03   0.191874E+04   0.259377E+03   0.111657E+06   0.151122E+05
   0.432900E+03   0.191874E+04   0.259377E+03   0.111657E+06   0.151122E+05
   0.433000E+03   0.191874E+04   0.259377E+03   0.111657E+06   0.151122E+05
   0.433100E+03   0.191874E+04   0.259377E+03   0.111657E+06   0.151122E+05
   0.433200E+03   0.191874E+04   0.259377E+03   0.111657E+06   0.151122E+05
   0.433300E+03   0.191874E+04   0.259377E+03   0.111657E+06   0.151122E+05
   0.433400E+03   0.191874E+04   0.259377E+03   0.111657E+06   0.151122E+05
   0.433500E+03   0.191874E+04   0.259377E+03   0.111657E+06   0.151122E+05
   0.433600E+03   0.191874E+04   0.259377E+03   0.111657E+06   0.151122E+05
   0.433700E+03   0.191874E+04   0.259377E+03   0.111657E+06   0.151122E+05
   0.433800E+03   0.191874E+04   0.259377E+03   0.111657E+06   0.151122E+05
   0.433900E+03   0.191874E+04   0.259377E+03   0.111657E+06   0.151122E+05
   0.434000E+03   0.191874E+04   0.259377E+03   0.111657E+06   0.151122E+05
   0.434100E+03   0.191874E+04   0.259377E+03   0.111657E+06   0.151122E+05
   0.434200E+03   0.191874E+04   0.259377E+03   0.111657E+06   0.151122E+05
   0.434300E+03   0.191874E+04   0.259377E+03   0.111657E+06   0.151122E+05
   0.434400E+03   0.191874E+04   0.259377E+03   0.111657E+06   0.151122E+05
   0.434500E+03   0.191874E+04   0.259377E+03   0.111657E+06   0.151122E+05
   0.434600E+03   0.191874E+04   0.259377E+03   0.111657E+06   0.151122E+05
   0.434700E+03   0.191874E+04   0.259377E+03   0.111657E+06   0.151122E+05
   0.434800E+03   0.191874E+04   0.259377E+03   0.111657E+06   0.151122E+05
   0.434900E+03   0.191874E+04   0.259377E+03   0.111657E+06   0.151122E+05
   0.435000E+03   0.191874E+04   0.259377E+03   0.111657E+06   0.151122E+05
   0.435100E+03   0.191874E+04   0.259377E+03   0.111657E+06   0.151122E+05
   0.435200E+03   0.191874E+04   0.259377E+03   0.111657E+06   0.151122E+05
   0.435300E+03   0.191874E+04   0.259377E+03   0.111657E+06   0.151122E+05
   0.435400E+03   0.191874E+04   0.259377E+03   0.111657E+06   0.151122E+05
   0.435500E+03   0.191874E+04   0.259377E+03   0.111657E+06   0.151122E+05
   0.435600E+03   0.191874E+04   0.259377E+03   0.111657E+06   0.151122E+05
   0.435700E+03   0.191874E+04   0.259377E+03   0.111657E+06   0.151122E+05
   0.435800E+03   0.191874E+04   0.259377E+03   0.111657E+06   0.151122E+05
   0.435900E+03   0.191874E+04   0.259377E+03   0.111657E+06   0.151122E+05
   0.436000E+03   0.191874E+04   0.259377E+03   0.111657E+06   0.151122E+05
   0.436100E+03   0.191874E+04   0.259377E+03   0.111657E+06   0.151122E+05
   0.436200E+03   0.191874E+04   0.259377E+03   0.111657E+06   0.151122E+05
   0.436300E+03   0.191874E+04   0.259377E+03   0.111657E+06   0.151122E+05
   0.436400E+03   0.191874E+04   0.259377E+03   0.111657E+06   0.151122E+05
   0.436500E+03   0.191874E+04   0.259377E+03   0.111657E+06   0.151122E+05
   0.436600E+03   0.191874E+04   0.259377E+03   0.111657E+06   0.151122E+05
   0.436700E+03   0.191874E+04   0.259377E+03   0.111657E+06   0.151122E+05
   0.436800E+03   0.191874E+04   0.259377E+03   0.111657E+06   0.151122E+05
   0.436900E+03   0.191874E+04   0.259377E+03   0.111657E+06   0.151122E+05
   0.437000E+03   0.191874E+04   0.259377E+03   0.111657E+06   0.151122E+05
   0.437100E+03   0.191874E+04   0.259377E+03   0.111657E+06   0.151122E+05
   0.437200E+03   0.191874E+04   0.259377E+03   0.111657E+06   0.151122E+05
   0.437300E+03   0.191874E+04   0.259377E+03   0.111657E+06   0.151122E+05
   0.437400E+03   0.191874E+04   0.259377E+03   0.111657E+06   0.151122E+05
   0.437500E+03   0.191874E+04   0.259377E+03   0.111657E+06   0.151122E+05
   0.437600E+03   0.191874E+04   0.259377E+03   0.111657E+06   0.151122E+05
   0.437700E+03   0.191874E+04   0.259377E+03   0.111657E+06   0.151122E+05
   0.437800E+03   0.191874E+04   0.259377E+03   0.111657E+06   0.151122E+05
   0.437900E+03   0.191874E+04   0.259377E+03   0.111657E+06   0.151122E+05
   0.438000E+03   0.191874E+04   0.259377E+03   0.111657E+06   0.151122E+05
   0.438100E+03   0.191874E+04   0.259377E+03   0.111657E+06   0.151122E+05
   0.438200E+03   0.191874E+04   0.259377E+03   0.111657E+06   0.151122E+05
   0.438300E+03   0.191874E+04   0.259377E+03   0.111657E+06   0.151122E+05
   0.438400E+03   0.191874E+04   0.259377E+03   0.111657E+06   0.151122E+05
   0.438500E+03   0.191874E+04   0.259377E+03   0.111657E+06   0.151122E+05
   0.438600E+03   0.191874E+04   0.259377E+03   0.111657E+06   0.151122E+05
   0.438700E+03   0.191874E+04   0.259377E+03   0.111657E+06   0.151122E+05
   0.438800E+03   0.191874E+04   0.259377E+03   0.111657E+06   0.151122E+05
   0.438900E+03   0.191874E+04   0.259377E+03   0.111657E+06   0.151122E+05
   0.439000E+03   0.191874E+04   0.259377E+03   0.111657E+06   0.151122E+05
   0.439100E+03   0.191874E+04   0.259377E+03   0.111657E+06   0.151122E+05
   0.439200E+03   0.191874E+04   0.259377E+03   0.111657E+06   0.151122E+05
   0.439300E+03   0.191874E+04   0.259377E+03   0.111657E+06   0.151122E+05
   0.439400E+03   0.191874E+04   0.259377E+03   0.111657E+06   0.151122E+05
   0.439500E+03   0.191874E+04   0.259377E+03   0.111657E+06   0.151122E+05
   0.439600E+03   0.191874E+04   0.259377E+03   0.111657E+06   0.151122E+05
   0.439700E+03   0.191874E+04   0.259377E+03   0.111657E+06   0.151122E+05
   0.439800E+03   0.191874E+04   0.259377E+03   0.111657E+06   0.151122E+05
   0.439900E+03   0.191874E+04   0.259377E+03   0.111657E+06   0.151122E+05
   0.440000E+03   0.191874E+04   0.259377E+03   0.111657E+06   0.151122E+05
   0.440100E+03   0.191874E+04   0.259377E+03   0.111657E+06   0.151122E+05
   0.440200E+03   0.191874E+04   0.259377E+03   0.111657E+06   0.151122E+05
   0.440300E+03   0.191874E+04   0.259377E+03   0.111657E+06   0.151122E+05
   0.440400E+03   0.191874E+04   0.259377E+03   0.111657E+06   0.151122E+05
   0.440500E+03   0.191874E+04   0.259377E+03   0.111657E+06   0.151122E+05
   0.440600E+03   0.191874E+04   0.259377E+03   0.111657E+06   0.151122E+05
   0.440700E+03   0.191874E+04   0.259377E+03   0.111657E+06   0.151122E+05
   0.440800E+03   0.191874E+04   0.259377E+03   0.111657E+06   0.151122E+05
   0.440900E+03   0.191874E+04   0.259377E+03   0.111657E+06   0.151122E+05
   0.441000E+03   0.191874E+04   0.259377E+03   0.111657E+06   0.151122E+05
   0.441100E+03   0.191874E+04   0.259377E+03   0.111657E+06   0.151122E+05
   0.441200E+03   0.191874E+04   0.259377E+03   0.111657E+06   0.151122E+05
   0.441300E+03   0.191874E+04   0.259377E+03   0.111657E+06   0.151122E+05
   0.441400E+03   0.191874E+04   0.259377E+03   0.111657E+06   0.151122E+05
   0.441500E+03   0.191874E+04   0.259377E+03   0.111657E+06   0.151122E+05
   0.441600E+03   0.191874E+04   0.259377E+03   0.111657E+06   0.151122E+05
   0.441700E+03   0.191874E+04   0.259377E+03   0.111657E+06   0.151122E+05
   0.441800E+03   0.191874E+04   0.259377E+03   0.111657E+06   0.151122E+05
   0.441900E+03   0.191874E+04   0.259377E+03   0.111657E+06   0.151122E+05
   0.442000E+03   0.191874E+04   0.259377E+03   0.111657E+06   0.151122E+05
   0.442100E+03   0.191874E+04   0.259377E+03   0.111657E+06   0.151122E+05
   0.442200E+03   0.191874E+04   0.259377E+03   0.111657E+06   0.151122E+05
   0.442300E+03   0.191874E+04   0.259377E+03   0.111657E+06   0.151122E+05
   0.442400E+03   0.191874E+04   0.259377E+03   0.111657E+06   0.151122E+05
   0.442500E+03   0.191874E+04   0.259377E+03   0.111657E+06   0.151122E+05
   0.442600E+03   0.191874E+04   0.259377E+03   0.111657E+06   0.151122E+05
   0.442700E+03   0.191874E+04   0.259377E+03   0.111657E+06   0.151122E+05
   0.442800E+03   0.191874E+04   0.259377E+03   0.111657E+06   0.151122E+05
   0.442900E+03   0.191874E+04   0.259377E+03   0.111657E+06   0.151122E+05
   0.443000E+03   0.191874E+04   0.259377E+03   0.111657E+06   0.151122E+05
   0.443100E+03   0.191874E+04   0.259377E+03   0.111657E+06   0.151122E+05
   0.443200E+03   0.191874E+04   0.259377E+03   0.111657E+06   0.151122E+05
   0.443300E+03   0.191874E+04   0.259377E+03   0.111657E+06   0.151122E+05
   0.443400E+03   0.191874E+04   0.259377E+03   0.111657E+06   0.151122E+05
   0.443500E+03   0.191874E+04   0.259377E+03   0.111657E+06   0.151122E+05
   0.443600E+03   0.191874E+04   0.259377E+03   0.111657E+06   0.151122E+05
   0.443700E+03   0.191874E+04   0.259377E+03   0.111657E+06   0.151122E+05
   0.443800E+03   0.191874E+04   0.259377E+03   0.111657E+06   0.151122E+05
   0.443900E+03   0.191874E+04   0.259377E+03   0.111657E+06   0.151122E+05
   0.444000E+03   0.191874E+04   0.259377E+03   0.111657E+06   0.151122E+05
   0.444100E+03   0.191874E+04   0.259377E+03   0.111657E+06   0.151122E+05
   0.444200E+03   0.191874E+04   0.259377E+03   0.111657E+06   0.151122E+05
   0.444300E+03   0.191874E+04   0.259377E+03   0.111657E+06   0.151122E+05
   0.444400E+03   0.191874E+04   0.259377E+03   0.111657E+06   0.151122E+05
   0.444500E+03   0.191874E+04   0.259377E+03   0.111657E+06   0.151122E+05
   0.444600E+03   0.191874E+04   0.259377E+03   0.111657E+06   0.151122E+05
   0.444700E+03   0.191874E+04   0.259377E+03   0.111657E+06   0.151122E+05
   0.444800E+03   0.191874E+04   0.259377E+03   0.111657E+06   0.151122E+05
   0.444900E+03   0.191874E+04   0.259377E+03   0.111657E+06   0.151122E+05
   0.445000E+03   0.191874E+04   0.259377E+03   0.111657E+06   0.151122E+05
   0.445100E+03   0.191874E+04   0.259377E+03   0.111657E+06   0.151122E+05
   0.445200E+03   0.191874E+04   0.259377E+03   0.111657E+06   0.151122E+05
   0.445300E+03   0.191874E+04   0.259377E+03   0.111657E+06   0.151122E+05
   0.445400E+03   0.191874E+04   0.259377E+03   0.111657E+06   0.151122E+05
   0.445500E+03   0.191874E+04   0.259377E+03   0.111657E+06   0.151122E+05
   0.445600E+03   0.191874E+04   0.259377E+03   0.111657E+06   0.151122E+05
   0.445700E+03   0.191874E+04   0.259377E+03   0.111657E+06   0.151122E+05
   0.445800E+03   0.191874E+04   0.259377E+03   0.111657E+06   0.151122E+05
   0.445900E+03   0.191874E+04   0.259377E+03   0.111657E+06   0.151122E+05
   0.446000E+03   0.191874E+04   0.259377E+03   0.111657E+06   0.151122E+05
   0.446100E+03   0.191874E+04   0.259377E+03   0.111657E+06   0.151122E+05
   0.446200E+03   0.191874E+04   0.259377E+03   0.111657E+06   0.151122E+05
   0.446300E+03   0.191874E+04   0.259377E+03   0.111657E+06   0.151122E+05
   0.446400E+03   0.191874E+04   0.259377E+03   0.111657E+06   0.151122E+05
   0.446500E+03   0.191874E+04   0.259377E+03   0.111657E+06   0.151122E+05
   0.446600E+03   0.191874E+04   0.259377E+03   0.111657E+06   0.151122E+05
   0.446700E+03   0.191874E+04   0.259377E+03   0.111657E+06   0.151122E+05
   0.446800E+03   0.191874E+04   0.259377E+03   0.111657E+06   0.151122E+05
   0.446900E+03   0.191874E+04   0.259377E+03   0.111657E+06   0.151122E+05
   0.447000E+03   0.191874E+04   0.259377E+03   0.111657E+06   0.151122E+05
   0.447100E+03   0.191874E+04   0.259377E+03   0.111657E+06   0.151122E+05
   0.447200E+03   0.191874E+04   0.259377E+03   0.111657E+06   0.151122E+05
   0.447300E+03   0.191874E+04   0.259377E+03   0.111657E+06   0.151122E+05
   0.447400E+03   0.191874E+04   0.259377E+03   0.111657E+06   0.151122E+05
   0.447500E+03   0.191874E+04   0.259377E+03   0.111657E+06   0.151122E+05
   0.447600E+03   0.191874E+04   0.259377E+03   0.111657E+06   0.151122E+05
   0.447700E+03   0.191874E+04   0.259377E+03   0.111657E+06   0.151122E+05
   0.447800E+03   0.191874E+04   0.259377E+03   0.111657E+06   0.151122E+05
   0.447900E+03   0.191874E+04   0.259377E+03   0.111657E+06   0.151122E+05
   0.448000E+03   0.191874E+04   0.259377E+03   0.111657E+06   0.151122E+05
   0.448100E+03   0.191874E+04   0.259377E+03   0.111657E+06   0.151122E+05
   0.448200E+03   0.191874E+04   0.259377E+03   0.111657E+06   0.151122E+05
   0.448300E+03   0.191874E+04   0.259377E+03   0.111657E+06   0.151122E+05
   0.448400E+03   0.191874E+04   0.259377E+03   0.111657E+06   0.151122E+05
   0.448500E+03   0.191874E+04   0.259377E+03   0.111657E+06   0.151122E+05
   0.448600E+03   0.191874E+04   0.259377E+03   0.111657E+06   0.151122E+05
   0.448700E+03   0.191874E+04   0.259377E+03   0.111657E+06   0.151122E+05
   0.448800E+03   0.191874E+04   0.259377E+03   0.111657E+06   0.151122E+05
   0.448900E+03   0.191874E+04   0.259377E+03   0.111657E+06   0.151122E+05
   0.449000E+03   0.191874E+04   0.259377E+03   0.111657E+06   0.151122E+05
   0.449100E+03   0.191874E+04   0.259377E+03   0.111657E+06   0.151122E+05
   0.449200E+03   0.191874E+04   0.259377E+03   0.111657E+06   0.151122E+05
   0.449300E+03   0.191874E+04   0.259377E+03   0.111657E+06   0.151122E+05
   0.449400E+03   0.191874E+04   0.259377E+03   0.111657E+06   0.151122E+05
   0.449500E+03   0.191874E+04   0.259377E+03   0.111657E+06   0.151122E+05
   0.449600E+03   0.191874E+04   0.259377E+03   0.111657E+06   0.151122E+05
   0.449700E+03   0.191874E+04   0.259377E+03   0.111657E+06   0.151122E+05
   0.449800E+03   0.191874E+04   0.259377E+03   0.111657E+06   0.151122E+05
   0.449900E+03   0.191874E+04   0.259377E+03   0.111657E+06   0.151122E+05
   0.450000E+03   0.191874E+04   0.259377E+03   0.111657E+06   0.151122E+05
   0.450100E+03   0.191874E+04   0.259377E+03   0.111657E+06   0.151122E+05
   0.450200E+03   0.191874E+04   0.259377E+03   0.111657E+06   0.151122E+05
   0.450300E+03   0.191874E+04   0.259377E+03   0.111657E+06   0.151122E+05
   0.450400E+03   0.191874E+04   0.259377E+03   0.111657E+06   0.151122E+05
   0.450500E+03   0.191874E+04   0.259377E+03   0.111657E+06   0.151122E+05
   0.450600E+03   0.191874E+04   0.259377E+03   0.111657E+06   0.151122E+05
   0.450700E+03   0.191874E+04   0.259377E+03   0.111657E+06   0.151122E+05
   0.450800E+03   0.191874E+04   0.259377E+03   0.111657E+06   0.151122E+05
   0.450900E+03   0.191874E+04   0.259377E+03   0.111657E+06   0.151122E+05
   0.451000E+03   0.191874E+04   0.259377E+03   0.111657E+06   0.151122E+05
   0.451100E+03   0.191874E+04   0.259377E+03   0.111657E+06   0.151122E+05
   0.451200E+03   0.191874E+04   0.259377E+03   0.111657E+06   0.151122E+05
   0.451300E+03   0.191874E+04   0.259377E+03   0.111657E+06   0.151122E+05
   0.451400E+03   0.191874E+04   0.259377E+03   0.111657E+06   0.151122E+05
   0.451500E+03   0.191874E+04   0.259377E+03   0.111657E+06   0.151122E+05
   0.451600E+03   0.191874E+04   0.259377E+03   0.111657E+06   0.151122E+05
   0.451700E+03   0.191874E+04   0.259377E+03   0.111657E+06   0.151122E+05
   0.451800E+03   0.191874E+04   0.259377E+03   0.111657E+06   0.151122E+05
   0.451900E+03   0.191874E+04   0.259377E+03   0.111657E+06   0.151122E+05
   0.452000E+03   0.191874E+04   0.259377E+03   0.111657E+06   0.151122E+05
   0.452100E+03   0.191874E+04   0.259377E+03   0.111657E+06   0.151122E+05
   0.452200E+03   0.191874E+04   0.259377E+03   0.111657E+06   0.151122E+05
   0.452300E+03   0.191874E+04   0.259377E+03   0.111657E+06   0.151122E+05
   0.452400E+03   0.191874E+04   0.259377E+03   0.111657E+06   0.151122E+05
   0.452500E+03   0.191874E+04   0.259377E+03   0.111657E+06   0.151122E+05
   0.452600E+03   0.191874E+04   0.259377E+03   0.111657E+06   0.151122E+05
   0.452700E+03   0.191874E+04   0.259377E+03   0.111657E+06   0.151122E+05
   0.452800E+03   0.191874E+04   0.259377E+03   0.111657E+06   0.151122E+05
   0.452900E+03   0.191874E+04   0.259377E+03   0.111657E+06   0.151122E+05
   0.453000E+03   0.191874E+04   0.259377E+03   0.111657E+06   0.151122E+05
   0.453100E+03   0.191874E+04   0.259377E+03   0.111657E+06   0.151122E+05
   0.453200E+03   0.191874E+04   0.259377E+03   0.111657E+06   0.151122E+05
   0.453300E+03   0.191874E+04   0.259377E+03   0.111657E+06   0.151122E+05
   0.453400E+03   0.191874E+04   0.259377E+03   0.111657E+06   0.151122E+05
   0.453500E+03   0.191874E+04   0.259377E+03   0.111657E+06   0.151122E+05
   0.453600E+03   0.191874E+04   0.259377E+03   0.111657E+06   0.151122E+05
   0.453700E+03   0.191874E+04   0.259377E+03   0.111657E+06   0.151122E+05
   0.453800E+03   0.191874E+04   0.259377E+03   0.111657E+06   0.151122E+05
   0.453900E+03   0.191874E+04   0.259377E+03   0.111657E+06   0.151122E+05
   0.454000E+03   0.191874E+04   0.259377E+03   0.111657E+06   0.151122E+05
   0.454100E+03   0.191874E+04   0.259377E+03   0.111657E+06   0.151122E+05
   0.454200E+03   0.191874E+04   0.259377E+03   0.111657E+06   0.151122E+05
   0.454300E+03   0.191874E+04   0.259377E+03   0.111657E+06   0.151122E+05
   0.454400E+03   0.191874E+04   0.259377E+03   0.111657E+06   0.151122E+05
   0.454500E+03   0.191874E+04   0.259377E+03   0.111657E+06   0.151122E+05
   0.454600E+03   0.191874E+04   0.259377E+03   0.111657E+06   0.151122E+05
   0.454700E+03   0.191874E+04   0.259377E+03   0.111657E+06   0.151122E+05
   0.454800E+03   0.191874E+04   0.259377E+03   0.111657E+06   0.151122E+05
   0.454900E+03   0.191874E+04   0.259377E+03   0.111657E+06   0.151122E+05
   0.455000E+03   0.191874E+04   0.259377E+03   0.111657E+06   0.151122E+05
   0.455100E+03   0.191874E+04   0.259377E+03   0.111657E+06   0.151122E+05
   0.455200E+03   0.191874E+04   0.259377E+03   0.111657E+06   0.151122E+05
   0.455300E+03   0.191874E+04   0.259377E+03   0.111657E+06   0.151122E+05
   0.455400E+03   0.191874E+04   0.259377E+03   0.111657E+06   0.151122E+05
   0.455500E+03   0.191874E+04   0.259377E+03   0.111657E+06   0.151122E+05
   0.455600E+03   0.191874E+04   0.259377E+03   0.111657E+06   0.151122E+05
   0.455700E+03   0.191874E+04   0.259377E+03   0.111657E+06   0.151122E+05
   0.455800E+03   0.191874E+04   0.259377E+03   0.111657E+06   0.151122E+05
   0.455900E+03   0.191874E+04   0.259377E+03   0.111657E+06   0.151122E+05
   0.456000E+03   0.191874E+04   0.259377E+03   0.111657E+06   0.151122E+05
   0.456100E+03   0.191874E+04   0.259377E+03   0.111657E+06   0.151122E+05
   0.456200E+03   0.191874E+04   0.259377E+03   0.111657E+06   0.151122E+05
   0.456300E+03   0.191874E+04   0.259377E+03   0.111657E+06   0.151122E+05
   0.456400E+03   0.191874E+04   0.259377E+03   0.111657E+06   0.151122E+05
   0.456500E+03   0.191874E+04   0.259377E+03   0.111657E+06   0.151122E+05
   0.456600E+03   0.191874E+04   0.259377E+03   0.111657E+06   0.151122E+05
   0.456700E+03   0.191874E+04   0.259377E+03   0.111657E+06   0.151122E+05
   0.456800E+03   0.191874E+04   0.259377E+03   0.111657E+06   0.151122E+05
   0.456900E+03   0.191874E+04   0.259377E+03   0.111657E+06   0.151122E+05
   0.457000E+03   0.191874E+04   0.259377E+03   0.111657E+06   0.151122E+05
   0.457100E+03   0.191874E+04   0.259377E+03   0.111657E+06   0.151122E+05
   0.457200E+03   0.191874E+04   0.259377E+03   0.111657E+06   0.151122E+05
   0.457300E+03   0.191874E+04   0.259377E+03   0.111657E+06   0.151122E+05
   0.457400E+03   0.191874E+04   0.259377E+03   0.111657E+06   0.151122E+05
   0.457500E+03   0.191874E+04   0.259377E+03   0.111657E+06   0.151122E+05
   0.457600E+03   0.191874E+04   0.259377E+03   0.111657E+06   0.151122E+05
   0.457700E+03   0.191874E+04   0.259377E+03   0.111657E+06   0.151122E+05
   0.457800E+03   0.191874E+04   0.259377E+03   0.111657E+06   0.151122E+05
   0.457900E+03   0.191874E+04   0.259377E+03   0.111657E+06   0.151122E+05
   0.458000E+03   0.191874E+04   0.259377E+03   0.111657E+06   0.151122E+05
   0.458100E+03   0.191874E+04   0.259377E+03   0.111657E+06   0.151122E+05
   0.458200E+03   0.191874E+04   0.259377E+03   0.111657E+06   0.151122E+05
   0.458300E+03   0.191874E+04   0.259377E+03   0.111657E+06   0.151122E+05
   0.458400E+03   0.191874E+04   0.259377E+03   0.111657E+06   0.151122E+05
   0.458500E+03   0.191874E+04   0.259377E+03   0.111657E+06   0.151122E+05
   0.458600E+03   0.191874E+04   0.259377E+03   0.111657E+06   0.151122E+05
   0.458700E+03   0.191874E+04   0.259377E+03   0.111657E+06   0.151122E+05
   0.458800E+03   0.191874E+04   0.259377E+03   0.111657E+06   0.151122E+05
   0.458900E+03   0.191874E+04   0.259377E+03   0.111657E+06   0.151122E+05
   0.459000E+03   0.191874E+04   0.259377E+03   0.111657E+06   0.151122E+05
   0.459100E+03   0.191874E+04   0.259377E+03   0.111657E+06   0.151122E+05
   0.459200E+03   0.191874E+04   0.259377E+03   0.111657E+06   0.151122E+05
   0.459300E+03   0.191874E+04   0.259377E+03   0.111657E+06   0.151122E+05
   0.459400E+03   0.191874E+04   0.259377E+03   0.111657E+06   0.151122E+05
   0.459500E+03   0.191874E+04   0.259377E+03   0.111657E+06   0.151122E+05
   0.459600E+03   0.191874E+04   0.259377E+03   0.111657E+06   0.151122E+05
   0.459700E+03   0.191874E+04   0.259377E+03   0.111657E+06   0.151122E+05
   0.459800E+03   0.191874E+04   0.259377E+03   0.111657E+06   0.151122E+05
   0.459900E+03   0.191874E+04   0.259377E+03   0.111657E+06   0.151122E+05
   0.460000E+03   0.191874E+04   0.259377E+03   0.111657E+06   0.151122E+05
   0.460100E+03   0.191874E+04   0.259377E+03   0.111657E+06   0.151122E+05
   0.460200E+03   0.191874E+04   0.259377E+03   0.111657E+06   0.151122E+05
   0.460300E+03   0.191874E+04   0.259377E+03   0.111657E+06   0.151122E+05
   0.460400E+03   0.191874E+04   0.259377E+03   0.111657E+06   0.151122E+05
   0.460500E+03   0.191874E+04   0.259377E+03   0.111657E+06   0.151122E+05
   0.460600E+03   0.191874E+04   0.259377E+03   0.111657E+06   0.151122E+05
   0.460700E+03   0.191874E+04   0.259377E+03   0.111657E+06   0.151122E+05
   0.460800E+03   0.191874E+04   0.259377E+03   0.111657E+06   0.151122E+05
   0.460900E+03   0.191874E+04   0.259377E+03   0.111657E+06   0.151122E+05
   0.461000E+03   0.191874E+04   0.259377E+03   0.111657E+06   0.151122E+05
   0.461100E+03   0.191874E+04   0.259377E+03   0.111657E+06   0.151122E+05
   0.461200E+03   0.191874E+04   0.259377E+03   0.111657E+06   0.151122E+05
   0.461300E+03   0.191874E+04   0.259377E+03   0.111657E+06   0.151122E+05
   0.461400E+03   0.191874E+04   0.259377E+03   0.111657E+06   0.151122E+05
   0.461500E+03   0.191874E+04   0.259377E+03   0.111657E+06   0.151122E+05
   0.461600E+03   0.191874E+04   0.259377E+03   0.111657E+06   0.151122E+05
   0.461700E+03   0.191874E+04   0.259377E+03   0.111657E+06   0.151122E+05
   0.461800E+03   0.191874E+04   0.259377E+03   0.111657E+06   0.151122E+05
   0.461900E+03   0.191874E+04   0.259377E+03   0.111657E+06   0.151122E+05
   0.462000E+03   0.191874E+04   0.259377E+03   0.111657E+06   0.151122E+05
   0.462100E+03   0.191874E+04   0.259377E+03   0.111657E+06   0.151122E+05
   0.462200E+03   0.191874E+04   0.259377E+03   0.111657E+06   0.151122E+05
   0.462300E+03   0.191874E+04   0.259377E+03   0.111657E+06   0.151122E+05
   0.462400E+03   0.191874E+04   0.259377E+03   0.111657E+06   0.151122E+05
   0.462500E+03   0.191874E+04   0.259377E+03   0.111657E+06   0.151122E+05
   0.462600E+03   0.191874E+04   0.259377E+03   0.111657E+06   0.151122E+05
   0.462700E+03   0.191874E+04   0.259377E+03   0.111657E+06   0.151122E+05
   0.462800E+03   0.191874E+04   0.259377E+03   0.111657E+06   0.151122E+05
   0.462900E+03   0.191874E+04   0.259377E+03   0.111657E+06   0.151122E+05
   0.463000E+03   0.191874E+04   0.259377E+03   0.111657E+06   0.151122E+05
   0.463100E+03   0.191874E+04   0.259377E+03   0.111657E+06   0.151122E+05
   0.463200E+03   0.191874E+04   0.259377E+03   0.111657E+06   0.151122E+05
   0.463300E+03   0.191874E+04   0.259377E+03   0.111657E+06   0.151122E+05
   0.463400E+03   0.191874E+04   0.259377E+03   0.111657E+06   0.151122E+05
   0.463500E+03   0.191874E+04   0.259377E+03   0.111657E+06   0.151122E+05
   0.463600E+03   0.191874E+04   0.259377E+03   0.111657E+06   0.151122E+05
   0.463700E+03   0.191874E+04   0.259377E+03   0.111657E+06   0.151122E+05
   0.463800E+03   0.191874E+04   0.259377E+03   0.111657E+06   0.151122E+05
   0.463900E+03   0.191874E+04   0.259377E+03   0.111657E+06   0.151122E+05
   0.464000E+03   0.191874E+04   0.259377E+03   0.111657E+06   0.151122E+05
   0.464100E+03   0.191874E+04   0.259377E+03   0.111657E+06   0.151122E+05
   0.464200E+03   0.191874E+04   0.259377E+03   0.111657E+06   0.151122E+05
   0.464300E+03   0.191874E+04   0.259377E+03   0.111657E+06   0.151122E+05
   0.464400E+03   0.191874E+04   0.259377E+03   0.111657E+06   0.151122E+05
   0.464500E+03   0.191874E+04   0.259377E+03   0.111657E+06   0.151122E+05
   0.464600E+03   0.191874E+04   0.259377E+03   0.111657E+06   0.151122E+05
   0.464700E+03   0.191874E+04   0.259377E+03   0.111657E+06   0.151122E+05
   0.464800E+03   0.191874E+04   0.259377E+03   0.111657E+06   0.151122E+05
   0.464900E+03   0.191874E+04   0.259377E+03   0.111657E+06   0.151122E+05
   0.465000E+03   0.191874E+04   0.259377E+03   0.111657E+06   0.151122E+05
   0.465100E+03   0.191874E+04   0.259377E+03   0.111657E+06   0.151122E+05
   0.465200E+03   0.191874E+04   0.259377E+03   0.111657E+06   0.151122E+05
   0.465300E+03   0.191874E+04   0.259377E+03   0.111657E+06   0.151122E+05
   0.465400E+03   0.191874E+04   0.259377E+03   0.111657E+06   0.151122E+05
   0.465500E+03   0.191874E+04   0.259377E+03   0.111657E+06   0.151122E+05
   0.465600E+03   0.191874E+04   0.259377E+03   0.111657E+06   0.151122E+05
   0.465700E+03   0.191874E+04   0.259377E+03   0.111657E+06   0.151122E+05
   0.465800E+03   0.191874E+04   0.259377E+03   0.111657E+06   0.151122E+05
   0.465900E+03   0.191874E+04   0.259377E+03   0.111657E+06   0.151122E+05
   0.466000E+03   0.191874E+04   0.259377E+03   0.111657E+06   0.151122E+05
   0.466100E+03   0.191874E+04   0.259377E+03   0.111657E+06   0.151122E+05
   0.466200E+03   0.191874E+04   0.259377E+03   0.111657E+06   0.151122E+05
   0.466300E+03   0.191874E+04   0.259377E+03   0.111657E+06   0.151122E+05
   0.466400E+03   0.191874E+04   0.259377E+03   0.111657E+06   0.151122E+05
   0.466500E+03   0.191874E+04   0.259377E+03   0.111657E+06   0.151122E+05
   0.466600E+03   0.191874E+04   0.259377E+03   0.111657E+06   0.151122E+05
   0.466700E+03   0.191874E+04   0.259377E+03   0.111657E+06   0.151122E+05
   0.466800E+03   0.191874E+04   0.259377E+03   0.111657E+06   0.151122E+05
   0.466900E+03   0.191874E+04   0.259377E+03   0.111657E+06   0.151122E+05
   0.467000E+03   0.191874E+04   0.259377E+03   0.111657E+06   0.151122E+05
   0.467100E+03   0.191874E+04   0.259377E+03   0.111657E+06   0.151122E+05
   0.467200E+03   0.191874E+04   0.259377E+03   0.111657E+06   0.151122E+05
   0.467300E+03   0.191874E+04   0.259377E+03   0.111657E+06   0.151122E+05
   0.467400E+03   0.191874E+04   0.259377E+03   0.111657E+06   0.151122E+05
   0.467500E+03   0.191874E+04   0.259377E+03   0.111657E+06   0.151122E+05
   0.467600E+03   0.191874E+04   0.259377E+03   0.111657E+06   0.151122E+05
   0.467700E+03   0.191874E+04   0.259377E+03   0.111657E+06   0.151122E+05
   0.467800E+03   0.191874E+04   0.259377E+03   0.111657E+06   0.151122E+05
   0.467900E+03   0.191874E+04   0.259377E+03   0.111657E+06   0.151122E+05
   0.468000E+03   0.191874E+04   0.259377E+03   0.111657E+06   0.151122E+05
   0.468100E+03   0.191874E+04   0.259377E+03   0.111657E+06   0.151122E+05
   0.468200E+03   0.191874E+04   0.259377E+03   0.111657E+06   0.151122E+05
   0.468300E+03   0.191874E+04   0.259377E+03   0.111657E+06   0.151122E+05
   0.468400E+03   0.191874E+04   0.259377E+03   0.111657E+06   0.151122E+05
   0.468500E+03   0.191874E+04   0.259377E+03   0.111657E+06   0.151122E+05
   0.468600E+03   0.191874E+04   0.259377E+03   0.111657E+06   0.151122E+05
   0.468700E+03   0.191874E+04   0.259377E+03   0.111657E+06   0.151122E+05
   0.468800E+03   0.191874E+04   0.259377E+03   0.111657E+06   0.151122E+05
   0.468900E+03   0.191874E+04   0.259377E+03   0.111657E+06   0.151122E+05
   0.469000E+03   0.191874E+04   0.259377E+03   0.111657E+06   0.151122E+05
   0.469100E+03   0.191874E+04   0.259377E+03   0.111657E+06   0.151122E+05
   0.469200E+03   0.191874E+04   0.259377E+03   0.111657E+06   0.151122E+05
   0.469300E+03   0.191874E+04   0.259377E+03   0.111657E+06   0.151122E+05
   0.469400E+03   0.191874E+04   0.259377E+03   0.111657E+06   0.151122E+05
   0.469500E+03   0.191874E+04   0.259377E+03   0.111657E+06   0.151122E+05
   0.469600E+03   0.191874E+04   0.259377E+03   0.111657E+06   0.151122E+05
   0.469700E+03   0.191874E+04   0.259377E+03   0.111657E+06   0.151122E+05
   0.469800E+03   0.191874E+04   0.259377E+03   0.111657E+06   0.151122E+05
   0.469900E+03   0.191874E+04   0.259377E+03   0.111657E+06   0.151122E+05
   0.470000E+03   0.191874E+04   0.259377E+03   0.111657E+06   0.151122E+05
   0.470100E+03   0.191874E+04   0.259377E+03   0.111657E+06   0.151122E+05
   0.470200E+03   0.191874E+04   0.259377E+03   0.111657E+06   0.151122E+05
   0.470300E+03   0.191874E+04   0.259377E+03   0.111657E+06   0.151122E+05
   0.470400E+03   0.191874E+04   0.259377E+03   0.111657E+06   0.151122E+05
   0.470500E+03   0.191874E+04   0.259377E+03   0.111657E+06   0.151122E+05
   0.470600E+03   0.191874E+04   0.259377E+03   0.111657E+06   0.151122E+05
   0.470700E+03   0.191874E+04   0.259377E+03   0.111657E+06   0.151122E+05
   0.470800E+03   0.191874E+04   0.259377E+03   0.111657E+06   0.151122E+05
   0.470900E+03   0.191874E+04   0.259377E+03   0.111657E+06   0.151122E+05
   0.471000E+03   0.191874E+04   0.259377E+03   0.111657E+06   0.151122E+05
   0.471100E+03   0.191874E+04   0.259377E+03   0.111657E+06   0.151122E+05
   0.471200E+03   0.191874E+04   0.259377E+03   0.111657E+06   0.151122E+05
   0.471300E+03   0.191874E+04   0.259377E+03   0.111657E+06   0.151122E+05
   0.471400E+03   0.191874E+04   0.259377E+03   0.111657E+06   0.151122E+05
   0.471500E+03   0.191874E+04   0.259377E+03   0.111657E+06   0.151122E+05
   0.471600E+03   0.191874E+04   0.259377E+03   0.111657E+06   0.151122E+05
   0.471700E+03   0.191874E+04   0.259377E+03   0.111657E+06   0.151122E+05
   0.471800E+03   0.191874E+04   0.259377E+03   0.111657E+06   0.151122E+05
   0.471900E+03   0.191874E+04   0.259377E+03   0.111657E+06   0.151122E+05
   0.472000E+03   0.191874E+04   0.259377E+03   0.111657E+06   0.151122E+05
   0.472100E+03   0.191874E+04   0.259377E+03   0.111657E+06   0.151122E+05
   0.472200E+03   0.191874E+04   0.259377E+03   0.111657E+06   0.151122E+05
   0.472300E+03   0.191874E+04   0.259377E+03   0.111657E+06   0.151122E+05
   0.472400E+03   0.191874E+04   0.259377E+03   0.111657E+06   0.151122E+05
   0.472500E+03   0.191874E+04   0.259377E+03   0.111657E+06   0.151122E+05
   0.472600E+03   0.191874E+04   0.259377E+03   0.111657E+06   0.151122E+05
   0.472700E+03   0.191874E+04   0.259377E+03   0.111657E+06   0.151122E+05
   0.472800E+03   0.191874E+04   0.259377E+03   0.111657E+06   0.151122E+05
   0.472900E+03   0.191874E+04   0.259377E+03   0.111657E+06   0.151122E+05
   0.473000E+03   0.191874E+04   0.259377E+03   0.111657E+06   0.151122E+05
   0.473100E+03   0.191874E+04   0.259377E+03   0.111657E+06   0.151122E+05
   0.473200E+03   0.191874E+04   0.259377E+03   0.111657E+06   0.151122E+05
   0.473300E+03   0.191874E+04   0.259377E+03   0.111657E+06   0.151122E+05
   0.473400E+03   0.191874E+04   0.259377E+03   0.111657E+06   0.151122E+05
   0.473500E+03   0.191874E+04   0.259377E+03   0.111657E+06   0.151122E+05
   0.473600E+03   0.191874E+04   0.259377E+03   0.111657E+06   0.151122E+05
   0.473700E+03   0.191874E+04   0.259377E+03   0.111657E+06   0.151122E+05
   0.473800E+03   0.191874E+04   0.259377E+03   0.111657E+06   0.151122E+05
   0.473900E+03   0.191874E+04   0.259377E+03   0.111657E+06   0.151122E+05
   0.474000E+03   0.191874E+04   0.259377E+03   0.111657E+06   0.151122E+05
   0.474100E+03   0.191874E+04   0.259377E+03   0.111657E+06   0.151122E+05
   0.474200E+03   0.191874E+04   0.259377E+03   0.111657E+06   0.151122E+05
   0.474300E+03   0.191874E+04   0.259377E+03   0.111657E+06   0.151122E+05
   0.474400E+03   0.191874E+04   0.259377E+03   0.111657E+06   0.151122E+05
   0.474500E+03   0.191874E+04   0.259377E+03   0.111657E+06   0.151122E+05
   0.474600E+03   0.191874E+04   0.259377E+03   0.111657E+06   0.151122E+05
   0.474700E+03   0.191874E+04   0.259377E+03   0.111657E+06   0.151122E+05
   0.474800E+03   0.191874E+04   0.259377E+03   0.111657E+06   0.151122E+05
   0.474900E+03   0.191874E+04   0.259377E+03   0.111657E+06   0.151122E+05
   0.475000E+03   0.191874E+04   0.259377E+03   0.111657E+06   0.151122E+05
   0.475100E+03   0.191874E+04   0.259377E+03   0.111657E+06   0.151122E+05
   0.475200E+03   0.191874E+04   0.259377E+03   0.111657E+06   0.151122E+05
   0.475300E+03   0.191874E+04   0.259377E+03   0.111657E+06   0.151122E+05
   0.475400E+03   0.191874E+04   0.259377E+03   0.111657E+06   0.151122E+05
   0.475500E+03   0.191874E+04   0.259377E+03   0.111657E+06   0.151122E+05
   0.475600E+03   0.191874E+04   0.259377E+03   0.111657E+06   0.151122E+05
   0.475700E+03   0.191874E+04   0.259377E+03   0.111657E+06   0.151122E+05
   0.475800E+03   0.191874E+04   0.259377E+03   0.111657E+06   0.151122E+05
   0.475900E+03   0.191874E+04   0.259377E+03   0.111657E+06   0.151122E+05
   0.476000E+03   0.191874E+04   0.259377E+03   0.111657E+06   0.151122E+05
   0.476100E+03   0.191874E+04   0.259377E+03   0.111657E+06   0.151122E+05
   0.476200E+03   0.191874E+04   0.259377E+03   0.111657E+06   0.151122E+05
   0.476300E+03   0.191874E+04   0.259377E+03   0.111657E+06   0.151122E+05
   0.476400E+03   0.191874E+04   0.259377E+03   0.111657E+06   0.151122E+05
   0.476500E+03   0.191874E+04   0.259377E+03   0.111657E+06   0.151122E+05
   0.476600E+03   0.191874E+04   0.259377E+03   0.111657E+06   0.151122E+05
   0.476700E+03   0.191874E+04   0.259377E+03   0.111657E+06   0.151122E+05
   0.476800E+03   0.191874E+04   0.259377E+03   0.111657E+06   0.151122E+05
   0.476900E+03   0.191874E+04   0.259377E+03   0.111657E+06   0.151122E+05
   0.477000E+03   0.191874E+04   0.259377E+03   0.111657E+06   0.151122E+05
   0.477100E+03   0.191874E+04   0.259377E+03   0.111657E+06   0.151122E+05
   0.477200E+03   0.191874E+04   0.259377E+03   0.111657E+06   0.151122E+05
   0.477300E+03   0.191874E+04   0.259377E+03   0.111657E+06   0.151122E+05
   0.477400E+03   0.191874E+04   0.259377E+03   0.111657E+06   0.151122E+05
   0.477500E+03   0.191874E+04   0.259377E+03   0.111657E+06   0.151122E+05
   0.477600E+03   0.191874E+04   0.259377E+03   0.111657E+06   0.151122E+05
   0.477700E+03   0.191874E+04   0.259377E+03   0.111657E+06   0.151122E+05
   0.477800E+03   0.191874E+04   0.259377E+03   0.111657E+06   0.151122E+05
   0.477900E+03   0.191874E+04   0.259377E+03   0.111657E+06   0.151122E+05
   0.478000E+03   0.191874E+04   0.259377E+03   0.111657E+06   0.151122E+05
   0.478100E+03   0.191874E+04   0.259377E+03   0.111657E+06   0.151122E+05
   0.478200E+03   0.191874E+04   0.259377E+03   0.111657E+06   0.151122E+05
   0.478300E+03   0.191874E+04   0.259377E+03   0.111657E+06   0.151122E+05
   0.478400E+03   0.191874E+04   0.259377E+03   0.111657E+06   0.151122E+05
   0.478500E+03   0.191874E+04   0.259377E+03   0.111657E+06   0.151122E+05
   0.478600E+03   0.191874E+04   0.259377E+03   0.111657E+06   0.151122E+05
   0.478700E+03   0.191874E+04   0.259377E+03   0.111657E+06   0.151122E+05
   0.478800E+03   0.191874E+04   0.259377E+03   0.111657E+06   0.151122E+05
   0.478900E+03   0.191874E+04   0.259377E+03   0.111657E+06   0.151122E+05
   0.479000E+03   0.191874E+04   0.259377E+03   0.111657E+06   0.151122E+05
   0.479100E+03   0.191874E+04   0.259377E+03   0.111657E+06   0.151122E+05
   0.479200E+03   0.191874E+04   0.259377E+03   0.111657E+06   0.151122E+05
   0.479300E+03   0.191874E+04   0.259377E+03   0.111657E+06   0.151122E+05
   0.479400E+03   0.191874E+04   0.259377E+03   0.111657E+06   0.151122E+05
   0.479500E+03   0.191874E+04   0.259377E+03   0.111657E+06   0.151122E+05
   0.479600E+03   0.191874E+04   0.259377E+03   0.111657E+06   0.151122E+05
   0.479700E+03   0.191874E+04   0.259377E+03   0.111657E+06   0.151122E+05
   0.479800E+03   0.191874E+04   0.259377E+03   0.111657E+06   0.151122E+05
   0.479900E+03   0.191874E+04   0.259377E+03   0.111657E+06   0.151122E+05
   0.480000E+03   0.191874E+04   0.259377E+03   0.111657E+06   0.151122E+05
   0.480100E+03   0.191874E+04   0.259377E+03   0.111657E+06   0.151122E+05
   0.480200E+03   0.191874E+04   0.259377E+03   0.111657E+06   0.151122E+05
   0.480300E+03   0.191874E+04   0.259377E+03   0.111657E+06   0.151122E+05
   0.480400E+03   0.191874E+04   0.259377E+03   0.111657E+06   0.151122E+05
   0.480500E+03   0.191874E+04   0.259377E+03   0.111657E+06   0.151122E+05
   0.480600E+03   0.191874E+04   0.259377E+03   0.111657E+06   0.151122E+05
   0.480700E+03   0.191874E+04   0.259377E+03   0.111657E+06   0.151122E+05
   0.480800E+03   0.191874E+04   0.259377E+03   0.111657E+06   0.151122E+05
   0.480900E+03   0.191874E+04   0.259377E+03   0.111657E+06   0.151122E+05
   0.481000E+03   0.191874E+04   0.259377E+03   0.111657E+06   0.151122E+05
   0.481100E+03   0.191874E+04   0.259377E+03   0.111657E+06   0.151122E+05
   0.481200E+03   0.191874E+04   0.259377E+03   0.111657E+06   0.151122E+05
   0.481300E+03   0.191874E+04   0.259377E+03   0.111657E+06   0.151122E+05
   0.481400E+03   0.191874E+04   0.259377E+03   0.111657E+06   0.151122E+05
   0.481500E+03   0.191874E+04   0.259377E+03   0.111657E+06   0.151122E+05
   0.481600E+03   0.191874E+04   0.259377E+03   0.111657E+06   0.151122E+05
   0.481700E+03   0.191874E+04   0.259377E+03   0.111657E+06   0.151122E+05
   0.481800E+03   0.191874E+04   0.259377E+03   0.111657E+06   0.151122E+05
   0.481900E+03   0.191874E+04   0.259377E+03   0.111657E+06   0.151122E+05
   0.482000E+03   0.191874E+04   0.259377E+03   0.111657E+06   0.151122E+05
   0.482100E+03   0.191874E+04   0.259377E+03   0.111657E+06   0.151122E+05
   0.482200E+03   0.191874E+04   0.259377E+03   0.111657E+06   0.151122E+05
   0.482300E+03   0.191874E+04   0.259377E+03   0.111657E+06   0.151122E+05
   0.482400E+03   0.191874E+04   0.259377E+03   0.111657E+06   0.151122E+05
   0.482500E+03   0.191874E+04   0.259377E+03   0.111657E+06   0.151122E+05
   0.482600E+03   0.191874E+04   0.259377E+03   0.111657E+06   0.151122E+05
   0.482700E+03   0.191874E+04   0.259377E+03   0.111657E+06   0.151122E+05
   0.482800E+03   0.191874E+04   0.259377E+03   0.111657E+06   0.151122E+05
   0.482900E+03   0.191874E+04   0.259377E+03   0.111657E+06   0.151122E+05
   0.483000E+03   0.191874E+04   0.259377E+03   0.111657E+06   0.151122E+05
   0.483100E+03   0.191874E+04   0.259377E+03   0.111657E+06   0.151122E+05
   0.483200E+03   0.191874E+04   0.259377E+03   0.111657E+06   0.151122E+05
   0.483300E+03   0.191874E+04   0.259377E+03   0.111657E+06   0.151122E+05
   0.483400E+03   0.191874E+04   0.259377E+03   0.111657E+06   0.151122E+05
   0.483500E+03   0.191874E+04   0.259377E+03   0.111657E+06   0.151122E+05
   0.483600E+03   0.191874E+04   0.259377E+03   0.111657E+06   0.151122E+05
   0.483700E+03   0.191874E+04   0.259377E+03   0.111657E+06   0.151122E+05
   0.483800E+03   0.191874E+04   0.259377E+03   0.111657E+06   0.151122E+05
   0.483900E+03   0.191874E+04   0.259377E+03   0.111657E+06   0.151122E+05
   0.484000E+03   0.191874E+04   0.259377E+03   0.111657E+06   0.151122E+05
   0.484100E+03   0.191874E+04   0.259377E+03   0.111657E+06   0.151122E+05
   0.484200E+03   0.191874E+04   0.259377E+03   0.111657E+06   0.151122E+05
   0.484300E+03   0.191874E+04   0.259377E+03   0.111657E+06   0.151122E+05
   0.484400E+03   0.191874E+04   0.259377E+03   0.111657E+06   0.151122E+05
   0.484500E+03   0.191874E+04   0.259377E+03   0.111657E+06   0.151122E+05
   0.484600E+03   0.191874E+04   0.259377E+03   0.111657E+06   0.151122E+05
   0.484700E+03   0.191874E+04   0.259377E+03   0.111657E+06   0.151122E+05
   0.484800E+03   0.191874E+04   0.259377E+03   0.111657E+06   0.151122E+05
   0.484900E+03   0.191874E+04   0.259377E+03   0.111657E+06   0.151122E+05
   0.485000E+03   0.191874E+04   0.259377E+03   0.111657E+06   0.151122E+05
   0.485100E+03   0.191874E+04   0.259377E+03   0.111657E+06   0.151122E+05
   0.485200E+03   0.191874E+04   0.259377E+03   0.111657E+06   0.151122E+05
   0.485300E+03   0.191874E+04   0.259377E+03   0.111657E+06   0.151122E+05
   0.485400E+03   0.191874E+04   0.259377E+03   0.111657E+06   0.151122E+05
   0.485500E+03   0.191874E+04   0.259377E+03   0.111657E+06   0.151122E+05
   0.485600E+03   0.191874E+04   0.259377E+03   0.111657E+06   0.151122E+05
   0.485700E+03   0.191874E+04   0.259377E+03   0.111657E+06   0.151122E+05
   0.485800E+03   0.191874E+04   0.259377E+03   0.111657E+06   0.151122E+05
   0.485900E+03   0.191874E+04   0.259377E+03   0.111657E+06   0.151122E+05
   0.486000E+03   0.191874E+04   0.259377E+03   0.111657E+06   0.151122E+05
   0.486100E+03   0.191874E+04   0.259377E+03   0.111657E+06   0.151122E+05
   0.486200E+03   0.191874E+04   0.259377E+03   0.111657E+06   0.151122E+05
   0.486300E+03   0.191874E+04   0.259377E+03   0.111657E+06   0.151122E+05
   0.486400E+03   0.191874E+04   0.259377E+03   0.111657E+06   0.151122E+05
   0.486500E+03   0.191874E+04   0.259377E+03   0.111657E+06   0.151122E+05
   0.486600E+03   0.191874E+04   0.259377E+03   0.111657E+06   0.151122E+05
   0.486700E+03   0.191874E+04   0.259377E+03   0.111657E+06   0.151122E+05
   0.486800E+03   0.191874E+04   0.259377E+03   0.111657E+06   0.151122E+05
   0.486900E+03   0.191874E+04   0.259377E+03   0.111657E+06   0.151122E+05
   0.487000E+03   0.191874E+04   0.259377E+03   0.111657E+06   0.151122E+05
   0.487100E+03   0.191874E+04   0.259377E+03   0.111657E+06   0.151122E+05
   0.487200E+03   0.191874E+04   0.259377E+03   0.111657E+06   0.151122E+05
   0.487300E+03   0.191874E+04   0.259377E+03   0.111657E+06   0.151122E+05
   0.487400E+03   0.191874E+04   0.259377E+03   0.111657E+06   0.151122E+05
   0.487500E+03   0.191874E+04   0.259377E+03   0.111657E+06   0.151122E+05
   0.487600E+03   0.191874E+04   0.259377E+03   0.111657E+06   0.151122E+05
   0.487700E+03   0.191874E+04   0.259377E+03   0.111657E+06   0.151122E+05
   0.487800E+03   0.191874E+04   0.259377E+03   0.111657E+06   0.151122E+05
   0.487900E+03   0.191874E+04   0.259377E+03   0.111657E+06   0.151122E+05
   0.488000E+03   0.191874E+04   0.259377E+03   0.111657E+06   0.151122E+05
   0.488100E+03   0.191874E+04   0.259377E+03   0.111657E+06   0.151122E+05
   0.488200E+03   0.191874E+04   0.259377E+03   0.111657E+06   0.151122E+05
   0.488300E+03   0.191874E+04   0.259377E+03   0.111657E+06   0.151122E+05
   0.488400E+03   0.191874E+04   0.259377E+03   0.111657E+06   0.151122E+05
   0.488500E+03   0.191874E+04   0.259377E+03   0.111657E+06   0.151122E+05
   0.488600E+03   0.191874E+04   0.259377E+03   0.111657E+06   0.151122E+05
   0.488700E+03   0.191874E+04   0.259377E+03   0.111657E+06   0.151122E+05
   0.488800E+03   0.191874E+04   0.259377E+03   0.111657E+06   0.151122E+05
   0.488900E+03   0.191874E+04   0.259377E+03   0.111657E+06   0.151122E+05
   0.489000E+03   0.191874E+04   0.259377E+03   0.111657E+06   0.151122E+05
   0.489100E+03   0.191874E+04   0.259377E+03   0.111657E+06   0.151122E+05
   0.489200E+03   0.191874E+04   0.259377E+03   0.111657E+06   0.151122E+05
   0.489300E+03   0.191874E+04   0.259377E+03   0.111657E+06   0.151122E+05
   0.489400E+03   0.191874E+04   0.259377E+03   0.111657E+06   0.151122E+05
   0.489500E+03   0.191874E+04   0.259377E+03   0.111657E+06   0.151122E+05
   0.489600E+03   0.191874E+04   0.259377E+03   0.111657E+06   0.151122E+05
   0.489700E+03   0.191874E+04   0.259377E+03   0.111657E+06   0.151122E+05
   0.489800E+03   0.191874E+04   0.259377E+03   0.111657E+06   0.151122E+05
   0.489900E+03   0.191874E+04   0.259377E+03   0.111657E+06   0.151122E+05
   0.490000E+03   0.191874E+04   0.259377E+03   0.111657E+06   0.151122E+05
   0.490100E+03   0.191874E+04   0.259377E+03   0.111657E+06   0.151122E+05
   0.490200E+03   0.191874E+04   0.259377E+03   0.111657E+06   0.151122E+05
   0.490300E+03   0.191874E+04   0.259377E+03   0.111657E+06   0.151122E+05
   0.490400E+03   0.191874E+04   0.259377E+03   0.111657E+06   0.151122E+05
   0.490500E+03   0.191874E+04   0.259377E+03   0.111657E+06   0.151122E+05
   0.490600E+03   0.191874E+04   0.259377E+03   0.111657E+06   0.151122E+05
   0.490700E+03   0.191874E+04   0.259377E+03   0.111657E+06   0.151122E+05
   0.490800E+03   0.191874E+04   0.259377E+03   0.111657E+06   0.151122E+05
   0.490900E+03   0.191874E+04   0.259377E+03   0.111657E+06   0.151122E+05
   0.491000E+03   0.191874E+04   0.259377E+03   0.111657E+06   0.151122E+05
   0.491100E+03   0.191874E+04   0.259377E+03   0.111657E+06   0.151122E+05
   0.491200E+03   0.191874E+04   0.259377E+03   0.111657E+06   0.151122E+05
   0.491300E+03   0.191874E+04   0.259377E+03   0.111657E+06   0.151122E+05
   0.491400E+03   0.191874E+04   0.259377E+03   0.111657E+06   0.151122E+05
   0.491500E+03   0.191874E+04   0.259377E+03   0.111657E+06   0.151122E+05
   0.491600E+03   0.191874E+04   0.259377E+03   0.111657E+06   0.151122E+05
   0.491700E+03   0.191874E+04   0.259377E+03   0.111657E+06   0.151122E+05
   0.491800E+03   0.191874E+04   0.259377E+03   0.111657E+06   0.151122E+05
   0.491900E+03   0.191874E+04   0.259377E+03   0.111657E+06   0.151122E+05
   0.492000E+03   0.191874E+04   0.259377E+03   0.111657E+06   0.151122E+05
   0.492100E+03   0.191874E+04   0.259377E+03   0.111657E+06   0.151122E+05
   0.492200E+03   0.191874E+04   0.259377E+03   0.111657E+06   0.151122E+05
   0.492300E+03   0.191874E+04   0.259377E+03   0.111657E+06   0.151122E+05
   0.492400E+03   0.191874E+04   0.259377E+03   0.111657E+06   0.151122E+05
   0.492500E+03   0.191874E+04   0.259377E+03   0.111657E+06   0.151122E+05
   0.492600E+03   0.191874E+04   0.259377E+03   0.111657E+06   0.151122E+05
   0.492700E+03   0.191874E+04   0.259377E+03   0.111657E+06   0.151122E+05
   0.492800E+03   0.191874E+04   0.259377E+03   0.111657E+06   0.151122E+05
   0.492900E+03   0.191874E+04   0.259377E+03   0.111657E+06   0.151122E+05
   0.493000E+03   0.191874E+04   0.259377E+03   0.111657E+06   0.151122E+05
   0.493100E+03   0.191874E+04   0.259377E+03   0.111657E+06   0.151122E+05
   0.493200E+03   0.191874E+04   0.259377E+03   0.111657E+06   0.151122E+05
   0.493300E+03   0.191874E+04   0.259377E+03   0.111657E+06   0.151122E+05
   0.493400E+03   0.191874E+04   0.259377E+03   0.111657E+06   0.151122E+05
   0.493500E+03   0.191874E+04   0.259377E+03   0.111657E+06   0.151122E+05
   0.493600E+03   0.191874E+04   0.259377E+03   0.111657E+06   0.151122E+05
   0.493700E+03   0.191874E+04   0.259377E+03   0.111657E+06   0.151122E+05
   0.493800E+03   0.191874E+04   0.259377E+03   0.111657E+06   0.151122E+05
   0.493900E+03   0.191874E+04   0.259377E+03   0.111657E+06   0.151122E+05
   0.494000E+03   0.191874E+04   0.259377E+03   0.111657E+06   0.151122E+05
   0.494100E+03   0.191874E+04   0.259377E+03   0.111657E+06   0.151122E+05
   0.494200E+03   0.191874E+04   0.259377E+03   0.111657E+06   0.151122E+05
   0.494300E+03   0.191874E+04   0.259377E+03   0.111657E+06   0.151122E+05
   0.494400E+03   0.191874E+04   0.259377E+03   0.111657E+06   0.151122E+05
   0.494500E+03   0.191874E+04   0.259377E+03   0.111657E+06   0.151122E+05
   0.494600E+03   0.191874E+04   0.259377E+03   0.111657E+06   0.151122E+05
   0.494700E+03   0.191874E+04   0.259377E+03   0.111657E+06   0.151122E+05
   0.494800E+03   0.191874E+04   0.259377E+03   0.111657E+06   0.151122E+05
   0.494900E+03   0.191874E+04   0.259377E+03   0.111657E+06   0.151122E+05
   0.495000E+03   0.191874E+04   0.259377E+03   0.111657E+06   0.151122E+05
   0.495100E+03   0.191874E+04   0.259377E+03   0.111657E+06   0.151122E+05
   0.495200E+03   0.191874E+04   0.259377E+03   0.111657E+06   0.151122E+05
   0.495300E+03   0.191874E+04   0.259377E+03   0.111657E+06   0.151122E+05
   0.495400E+03   0.191874E+04   0.259377E+03   0.111657E+06   0.151122E+05
   0.495500E+03   0.191874E+04   0.259377E+03   0.111657E+06   0.151122E+05
   0.495600E+03   0.191874E+04   0.259377E+03   0.111657E+06   0.151122E+05
   0.495700E+03   0.191874E+04   0.259377E+03   0.111657E+06   0.151122E+05
   0.495800E+03   0.191874E+04   0.259377E+03   0.111657E+06   0.151122E+05
   0.495900E+03   0.191874E+04   0.259377E+03   0.111657E+06   0.151122E+05
   0.496000E+03   0.191874E+04   0.259377E+03   0.111657E+06   0.151122E+05
   0.496100E+03   0.191874E+04   0.259377E+03   0.111657E+06   0.151122E+05
   0.496200E+03   0.191874E+04   0.259377E+03   0.111657E+06   0.151122E+05
   0.496300E+03   0.191874E+04   0.259377E+03   0.111657E+06   0.151122E+05
   0.496400E+03   0.191874E+04   0.259377E+03   0.111657E+06   0.151122E+05
   0.496500E+03   0.191874E+04   0.259377E+03   0.111657E+06   0.151122E+05
   0.496600E+03   0.191874E+04   0.259377E+03   0.111657E+06   0.151122E+05
   0.496700E+03   0.191874E+04   0.259377E+03   0.111657E+06   0.151122E+05
   0.496800E+03   0.191874E+04   0.259377E+03   0.111657E+06   0.151122E+05
   0.496900E+03   0.191874E+04   0.259377E+03   0.111657E+06   0.151122E+05
   0.497000E+03   0.191874E+04   0.259377E+03   0.111657E+06   0.151122E+05
   0.497100E+03   0.191874E+04   0.259377E+03   0.111657E+06   0.151122E+05
   0.497200E+03   0.191874E+04   0.259377E+03   0.111657E+06   0.151122E+05
   0.497300E+03   0.191874E+04   0.259377E+03   0.111657E+06   0.151122E+05
   0.497400E+03   0.191874E+04   0.259377E+03   0.111657E+06   0.151122E+05
   0.497500E+03   0.191874E+04   0.259377E+03   0.111657E+06   0.151122E+05
   0.497600E+03   0.191874E+04   0.259377E+03   0.111657E+06   0.151122E+05
   0.497700E+03   0.191874E+04   0.259377E+03   0.111657E+06   0.151122E+05
   0.497800E+03   0.191874E+04   0.259377E+03   0.111657E+06   0.151122E+05
   0.497900E+03   0.191874E+04   0.259377E+03   0.111657E+06   0.151122E+05
   0.498000E+03   0.191874E+04   0.259377E+03   0.111657E+06   0.151122E+05
   0.498100E+03   0.191874E+04   0.259377E+03   0.111657E+06   0.151122E+05
   0.498200E+03   0.191874E+04   0.259377E+03   0.111657E+06   0.151122E+05
   0.498300E+03   0.191874E+04   0.259377E+03   0.111657E+06   0.151122E+05
   0.498400E+03   0.191874E+04   0.259377E+03   0.111657E+06   0.151122E+05
   0.498500E+03   0.191874E+04   0.259377E+03   0.111657E+06   0.151122E+05
   0.498600E+03   0.191874E+04   0.259377E+03   0.111657E+06   0.151122E+05
   0.498700E+03   0.191874E+04   0.259377E+03   0.111657E+06   0.151122E+05
   0.498800E+03   0.191874E+04   0.259377E+03   0.111657E+06   0.151122E+05
   0.498900E+03   0.191874E+04   0.259377E+03   0.111657E+06   0.151122E+05
   0.499000E+03   0.191874E+04   0.259377E+03   0.111657E+06   0.151122E+05
   0.499100E+03   0.191874E+04   0.259377E+03   0.111657E+06   0.151122E+05
   0.499200E+03   0.191874E+04   0.259377E+03   0.111657E+06   0.151122E+05
   0.499300E+03   0.191874E+04   0.259377E+03   0.111657E+06   0.151122E+05
   0.499400E+03   0.191874E+04   0.259377E+03   0.111657E+06   0.151122E+05
   0.499500E+03   0.191874E+04   0.259377E+03   0.111657E+06   0.151122E+05
   0.499600E+03   0.191874E+04   0.259377E+03   0.111657E+06   0.151122E+05
   0.499700E+03   0.191874E+04   0.259377E+03   0.111657E+06   0.151122E+05
   0.499800E+03   0.191874E+04   0.259377E+03   0.111657E+06   0.151122E+05
   0.499900E+03   0.191874E+04   0.259377E+03   0.111657E+06   0.151122E+05
