   0.000000E+00   0.647849E-04   0.117386E-06   0.851124E-02   0.109110E-06
   0.100000E+00   0.645550E-04   0.307320E-06   0.844861E-02   0.401757E-06
   0.200000E+00   0.642127E-04   0.528494E-06   0.838659E-02   0.902796E-06
   0.300000E+00   0.637794E-04   0.759053E-06   0.832510E-02   0.161987E-05
   0.400000E+00   0.632786E-04   0.985880E-06   0.826408E-02   0.254936E-05
   0.500000E+00   0.627320E-04   0.119999E-05   0.820347E-02   0.367662E-05
   0.600000E+00   0.621578E-04   0.139655E-05   0.814323E-02   0.498915E-05
   0.700000E+00   0.615698E-04   0.157440E-05   0.808334E-02   0.647130E-05
   0.800000E+00   0.609789E-04   0.173439E-05   0.802376E-02   0.811122E-05
   0.900000E+00   0.603921E-04   0.187839E-05   0.796450E-02   0.990049E-05
   0.100000E+01   0.598144E-04   0.200917E-05   0.790555E-02   0.118192E-04
   0.110000E+01   0.592506E-04   0.212828E-05   0.784691E-02   0.138577E-04
   0.120000E+01   0.587030E-04   0.223739E-05   0.778860E-02   0.160024E-04
   0.130000E+01   0.581760E-04   0.233700E-05   0.773061E-02   0.182402E-04
   0.140000E+01   0.576798E-04   0.242624E-05   0.767298E-02   0.205571E-04
   0.150000E+01   0.572420E-04   0.250306E-05   0.761572E-02   0.229362E-04
   0.160000E+01   0.569422E-04   0.256410E-05   0.755891E-02   0.253611E-04
   0.170000E+01   0.570042E-04   0.259793E-05   0.750276E-02   0.278095E-04
   0.180000E+01   0.580231E-04   0.259500E-05   0.744777E-02   0.302403E-04
   0.190000E+01   0.615023E-04   0.267699E-05   0.739526E-02   0.325777E-04
   0.200000E+01   0.710515E-04   0.383941E-05   0.734842E-02   0.346651E-04
   0.210000E+01   0.948947E-04   0.867666E-05   0.731476E-02   0.363852E-04
   0.220000E+01   0.150934E-03   0.212732E-04   0.731107E-02   0.388943E-04
   0.230000E+01   0.276376E-03   0.499838E-04   0.737338E-02   0.506800E-04
   0.240000E+01   0.545327E-03   0.111870E-03   0.757591E-02   0.957632E-04
   0.250000E+01   0.109926E-02   0.239675E-03   0.806558E-02   0.210054E-03
   0.260000E+01   0.219760E-02   0.493409E-03   0.912229E-02   0.454402E-03
   0.270000E+01   0.429761E-02   0.978493E-03   0.112599E-01   0.943080E-03
   0.280000E+01   0.817491E-02   0.187284E-02   0.153884E-01   0.188014E-02
   0.290000E+01   0.150970E-01   0.346490E-02   0.230642E-01   0.361415E-02
   0.300000E+01   0.270606E-01   0.620510E-02   0.368609E-01   0.671861E-02
   0.310000E+01   0.471003E-01   0.107703E-01   0.608966E-01   0.121046E-01
   0.320000E+01   0.796692E-01   0.181394E-01   0.101554E+00   0.211708E-01
   0.330000E+01   0.131078E+00   0.296755E-01   0.168424E+00   0.359939E-01
   0.340000E+01   0.209974E+00   0.472069E-01   0.275491E+00   0.595575E-01
   0.350000E+01   0.327803E+00   0.730949E-01   0.442554E+00   0.960148E-01
   0.360000E+01   0.499217E+00   0.110276E+00   0.696856E+00   0.150971E+00
   0.370000E+01   0.742341E+00   0.162256E+00   0.107485E+01   0.231758E+00
   0.380000E+01   0.107884E+01   0.233046E+00   0.162400E+01   0.347676E+00
   0.390000E+01   0.153372E+01   0.327028E+00   0.240449E+01   0.510172E+00
   0.400000E+01   0.213481E+01   0.448757E+00   0.349066E+01   0.732897E+00
   0.410000E+01   0.291191E+01   0.602694E+00   0.497206E+01   0.103166E+01
   0.420000E+01   0.389569E+01   0.792900E+00   0.695388E+01   0.142420E+01
   0.430000E+01   0.511622E+01   0.102268E+01   0.955671E+01   0.192980E+01
   0.440000E+01   0.660143E+01   0.129433E+01   0.129155E+02   0.256874E+01
   0.450000E+01   0.837559E+01   0.160880E+01   0.171776E+02   0.336172E+01
   0.460000E+01   0.104578E+02   0.196553E+01   0.225005E+02   0.432901E+01
   0.470000E+01   0.128607E+02   0.236241E+01   0.290482E+02   0.548962E+01
   0.480000E+01   0.155899E+02   0.279583E+01   0.369880E+02   0.686081E+01
   0.490000E+01   0.186433E+02   0.326078E+01   0.464861E+02   0.845715E+01
   0.500000E+01   0.220111E+02   0.375133E+01   0.577044E+02   0.102903E+02
   0.510000E+01   0.256765E+02   0.426076E+01   0.707961E+02   0.123684E+02
   0.520000E+01   0.296167E+02   0.478212E+01   0.859032E+02   0.146964E+02
   0.530000E+01   0.338038E+02   0.530875E+01   0.103153E+03   0.172760E+02
   0.540000E+01   0.382061E+02   0.583433E+01   0.122658E+03   0.201056E+02
   0.550000E+01   0.427902E+02   0.635355E+01   0.144512E+03   0.231812E+02
   0.560000E+01   0.475217E+02   0.686203E+01   0.168792E+03   0.264969E+02
   0.570000E+01   0.523668E+02   0.735666E+01   0.195555E+03   0.300458E+02
   0.580000E+01   0.572934E+02   0.783531E+01   0.224844E+03   0.338192E+02
   0.590000E+01   0.622719E+02   0.829696E+01   0.256684E+03   0.378090E+02
   0.600000E+01   0.672756E+02   0.874134E+01   0.291086E+03   0.420070E+02
   0.610000E+01   0.722814E+02   0.916873E+01   0.328049E+03   0.464047E+02
   0.620000E+01   0.772700E+02   0.957988E+01   0.367559E+03   0.509946E+02
   0.630000E+01   0.822252E+02   0.997569E+01   0.409594E+03   0.557695E+02
   0.640000E+01   0.871344E+02   0.103570E+02   0.454124E+03   0.607229E+02
   0.650000E+01   0.919882E+02   0.107243E+02   0.501113E+03   0.658480E+02
   0.660000E+01   0.967800E+02   0.110781E+02   0.550521E+03   0.711384E+02
   0.670000E+01   0.101506E+03   0.114185E+02   0.602303E+03   0.765875E+02
   0.680000E+01   0.106164E+03   0.117455E+02   0.656415E+03   0.821884E+02
   0.690000E+01   0.110753E+03   0.120589E+02   0.712811E+03   0.879342E+02
   0.700000E+01   0.115277E+03   0.123583E+02   0.771443E+03   0.938166E+02
   0.710000E+01   0.119736E+03   0.126436E+02   0.832268E+03   0.998273E+02
   0.720000E+01   0.124135E+03   0.129146E+02   0.895241E+03   0.105957E+03
   0.730000E+01   0.128477E+03   0.131718E+02   0.960319E+03   0.112199E+03
   0.740000E+01   0.132767E+03   0.134145E+02   0.102746E+04   0.118539E+03
   0.750000E+01   0.137009E+03   0.136436E+02   0.109663E+04   0.124970E+03
   0.760000E+01   0.141206E+03   0.138598E+02   0.116779E+04   0.131483E+03
   0.770000E+01   0.145363E+03   0.140632E+02   0.124089E+04   0.138068E+03
   0.780000E+01   0.149481E+03   0.142543E+02   0.131592E+04   0.144716E+03
   0.790000E+01   0.153565E+03   0.144344E+02   0.139282E+04   0.151415E+03
   0.800000E+01   0.157614E+03   0.146035E+02   0.147157E+04   0.158161E+03
   0.810000E+01   0.161633E+03   0.147627E+02   0.155214E+04   0.164939E+03
   0.820000E+01   0.165621E+03   0.149121E+02   0.163448E+04   0.171747E+03
   0.830000E+01   0.169580E+03   0.150526E+02   0.171857E+04   0.178574E+03
   0.840000E+01   0.173510E+03   0.151843E+02   0.180438E+04   0.185412E+03
   0.850000E+01   0.177413E+03   0.153079E+02   0.189187E+04   0.192258E+03
   0.860000E+01   0.181291E+03   0.154237E+02   0.198101E+04   0.199099E+03
   0.870000E+01   0.185144E+03   0.155325E+02   0.207177E+04   0.205934E+03
   0.880000E+01   0.188974E+03   0.156341E+02   0.216413E+04   0.212757E+03
   0.890000E+01   0.192783E+03   0.157293E+02   0.225805E+04   0.219559E+03
   0.900000E+01   0.196574E+03   0.158192E+02   0.235351E+04   0.226340E+03
   0.910000E+01   0.200350E+03   0.159038E+02   0.245049E+04   0.233095E+03
   0.920000E+01   0.204112E+03   0.159841E+02   0.254897E+04   0.239817E+03
   0.930000E+01   0.207864E+03   0.160603E+02   0.264893E+04   0.246507E+03
   0.940000E+01   0.211608E+03   0.161333E+02   0.275035E+04   0.253164E+03
   0.950000E+01   0.215348E+03   0.162035E+02   0.285324E+04   0.259782E+03
   0.960000E+01   0.219085E+03   0.162719E+02   0.295756E+04   0.266362E+03
   0.970000E+01   0.222821E+03   0.163384E+02   0.306331E+04   0.272903E+03
   0.980000E+01   0.226559E+03   0.164042E+02   0.317050E+04   0.279404E+03
   0.990000E+01   0.230300E+03   0.164692E+02   0.327910E+04   0.285869E+03
   0.100000E+02   0.234045E+03   0.165345E+02   0.338911E+04   0.292295E+03
   0.101000E+02   0.237794E+03   0.165995E+02   0.350053E+04   0.298683E+03
   0.102000E+02   0.241547E+03   0.166649E+02   0.361334E+04   0.305034E+03
   0.103000E+02   0.245305E+03   0.167309E+02   0.372756E+04   0.311352E+03
   0.104000E+02   0.249065E+03   0.167975E+02   0.384315E+04   0.317635E+03
   0.105000E+02   0.252827E+03   0.168648E+02   0.396012E+04   0.323886E+03
   0.106000E+02   0.256590E+03   0.169326E+02   0.407846E+04   0.330104E+03
   0.107000E+02   0.260351E+03   0.170008E+02   0.419814E+04   0.336296E+03
   0.108000E+02   0.264108E+03   0.170694E+02   0.431915E+04   0.342456E+03
   0.109000E+02   0.267859E+03   0.171382E+02   0.444148E+04   0.348587E+03
   0.110000E+02   0.271602E+03   0.172073E+02   0.456510E+04   0.354690E+03
   0.111000E+02   0.275334E+03   0.172761E+02   0.469000E+04   0.360766E+03
   0.112000E+02   0.279054E+03   0.173447E+02   0.481614E+04   0.366814E+03
   0.113000E+02   0.282760E+03   0.174126E+02   0.494349E+04   0.372836E+03
   0.114000E+02   0.286450E+03   0.174800E+02   0.507205E+04   0.378827E+03
   0.115000E+02   0.290122E+03   0.175467E+02   0.520176E+04   0.384794E+03
   0.116000E+02   0.293776E+03   0.176130E+02   0.533260E+04   0.390729E+03
   0.117000E+02   0.297409E+03   0.176777E+02   0.546455E+04   0.396636E+03
   0.118000E+02   0.301021E+03   0.177418E+02   0.559756E+04   0.402512E+03
   0.119000E+02   0.304613E+03   0.178051E+02   0.573161E+04   0.408358E+03
   0.120000E+02   0.308183E+03   0.178670E+02   0.586666E+04   0.414174E+03
   0.121000E+02   0.311731E+03   0.179280E+02   0.600269E+04   0.419952E+03
   0.122000E+02   0.315259E+03   0.179882E+02   0.613966E+04   0.425699E+03
   0.123000E+02   0.318766E+03   0.180473E+02   0.627754E+04   0.431410E+03
   0.124000E+02   0.322253E+03   0.181055E+02   0.641631E+04   0.437086E+03
   0.125000E+02   0.325721E+03   0.181630E+02   0.655593E+04   0.442726E+03
   0.126000E+02   0.329170E+03   0.182193E+02   0.669638E+04   0.448327E+03
   0.127000E+02   0.332600E+03   0.182755E+02   0.683763E+04   0.453892E+03
   0.128000E+02   0.336014E+03   0.183310E+02   0.697966E+04   0.459420E+03
   0.129000E+02   0.339411E+03   0.183857E+02   0.712245E+04   0.464906E+03
   0.130000E+02   0.342793E+03   0.184398E+02   0.726597E+04   0.470357E+03
   0.131000E+02   0.346159E+03   0.184936E+02   0.741020E+04   0.475764E+03
   0.132000E+02   0.349512E+03   0.185472E+02   0.755512E+04   0.481133E+03
   0.133000E+02   0.352852E+03   0.186005E+02   0.770071E+04   0.486463E+03
   0.134000E+02   0.356179E+03   0.186534E+02   0.784695E+04   0.491751E+03
   0.135000E+02   0.359493E+03   0.187061E+02   0.799383E+04   0.496998E+03
   0.136000E+02   0.362796E+03   0.187587E+02   0.814132E+04   0.502209E+03
   0.137000E+02   0.366088E+03   0.188112E+02   0.828941E+04   0.507376E+03
   0.138000E+02   0.369369E+03   0.188636E+02   0.843810E+04   0.512503E+03
   0.139000E+02   0.372640E+03   0.189159E+02   0.858734E+04   0.517592E+03
   0.140000E+02   0.375901E+03   0.189681E+02   0.873715E+04   0.522638E+03
   0.141000E+02   0.379152E+03   0.190204E+02   0.888750E+04   0.527648E+03
   0.142000E+02   0.382394E+03   0.190724E+02   0.903837E+04   0.532617E+03
   0.143000E+02   0.385626E+03   0.191243E+02   0.918976E+04   0.537545E+03
   0.144000E+02   0.388849E+03   0.191762E+02   0.934165E+04   0.542443E+03
   0.145000E+02   0.392064E+03   0.192281E+02   0.949401E+04   0.547282E+03
   0.146000E+02   0.395270E+03   0.192798E+02   0.964686E+04   0.552099E+03
   0.147000E+02   0.398467E+03   0.193319E+02   0.980017E+04   0.556873E+03
   0.148000E+02   0.401655E+03   0.193833E+02   0.995394E+04   0.561612E+03
   0.149000E+02   0.404836E+03   0.194350E+02   0.101081E+05   0.566307E+03
   0.150000E+02   0.408008E+03   0.194864E+02   0.102628E+05   0.570966E+03
   0.151000E+02   0.411172E+03   0.195378E+02   0.104178E+05   0.575584E+03
   0.152000E+02   0.414327E+03   0.195890E+02   0.105733E+05   0.580172E+03
   0.153000E+02   0.417475E+03   0.196406E+02   0.107291E+05   0.584738E+03
   0.154000E+02   0.420615E+03   0.196917E+02   0.108853E+05   0.589244E+03
   0.155000E+02   0.423747E+03   0.197430E+02   0.110419E+05   0.593709E+03
   0.156000E+02   0.426871E+03   0.197943E+02   0.111989E+05   0.598161E+03
   0.157000E+02   0.429988E+03   0.198451E+02   0.113562E+05   0.602551E+03
   0.158000E+02   0.433096E+03   0.198963E+02   0.115138E+05   0.606938E+03
   0.159000E+02   0.436197E+03   0.199472E+02   0.116718E+05   0.611256E+03
   0.160000E+02   0.439291E+03   0.199979E+02   0.118301E+05   0.615569E+03
   0.161000E+02   0.442377E+03   0.200488E+02   0.119888E+05   0.619829E+03
   0.162000E+02   0.445455E+03   0.200996E+02   0.121477E+05   0.624068E+03
   0.163000E+02   0.448526E+03   0.201504E+02   0.123069E+05   0.628279E+03
   0.164000E+02   0.451590E+03   0.202008E+02   0.124664E+05   0.632449E+03
   0.165000E+02   0.454646E+03   0.202516E+02   0.126262E+05   0.636581E+03
   0.166000E+02   0.457695E+03   0.203021E+02   0.127862E+05   0.640708E+03
   0.167000E+02   0.460737E+03   0.203526E+02   0.129465E+05   0.644774E+03
   0.168000E+02   0.463772E+03   0.204031E+02   0.131070E+05   0.648796E+03
   0.169000E+02   0.466799E+03   0.204534E+02   0.132679E+05   0.652824E+03
   0.170000E+02   0.469819E+03   0.205037E+02   0.134289E+05   0.656832E+03
   0.171000E+02   0.472832E+03   0.205539E+02   0.135901E+05   0.660792E+03
   0.172000E+02   0.475838E+03   0.206043E+02   0.137516E+05   0.664709E+03
   0.173000E+02   0.478837E+03   0.206545E+02   0.139132E+05   0.668609E+03
   0.174000E+02   0.481829E+03   0.207046E+02   0.140751E+05   0.672481E+03
   0.175000E+02   0.484813E+03   0.207544E+02   0.142372E+05   0.676339E+03
   0.176000E+02   0.487792E+03   0.208044E+02   0.143994E+05   0.680160E+03
   0.177000E+02   0.490762E+03   0.208542E+02   0.145619E+05   0.683936E+03
   0.178000E+02   0.493726E+03   0.209042E+02   0.147245E+05   0.687732E+03
   0.179000E+02   0.496683E+03   0.209539E+02   0.148872E+05   0.691439E+03
   0.180000E+02   0.499634E+03   0.210036E+02   0.150501E+05   0.695179E+03
   0.181000E+02   0.502577E+03   0.210530E+02   0.152132E+05   0.698860E+03
   0.182000E+02   0.505513E+03   0.211027E+02   0.153764E+05   0.702558E+03
   0.183000E+02   0.508443E+03   0.211520E+02   0.155398E+05   0.706196E+03
   0.184000E+02   0.511366E+03   0.212014E+02   0.157032E+05   0.709815E+03
   0.185000E+02   0.514282E+03   0.212504E+02   0.158668E+05   0.713417E+03
   0.186000E+02   0.517192E+03   0.212999E+02   0.160305E+05   0.716996E+03
   0.187000E+02   0.520095E+03   0.213490E+02   0.161944E+05   0.720566E+03
   0.188000E+02   0.522990E+03   0.213978E+02   0.163583E+05   0.724117E+03
   0.189000E+02   0.525880E+03   0.214469E+02   0.165223E+05   0.727627E+03
   0.190000E+02   0.528762E+03   0.214956E+02   0.166864E+05   0.731106E+03
   0.191000E+02   0.531638E+03   0.215443E+02   0.168506E+05   0.734596E+03
   0.192000E+02   0.534507E+03   0.215927E+02   0.170149E+05   0.738057E+03
   0.193000E+02   0.537370E+03   0.216411E+02   0.171792E+05   0.741483E+03
   0.194000E+02   0.540226E+03   0.216894E+02   0.173436E+05   0.744898E+03
   0.195000E+02   0.543075E+03   0.217378E+02   0.175081E+05   0.748297E+03
   0.196000E+02   0.545918E+03   0.217859E+02   0.176726E+05   0.751695E+03
   0.197000E+02   0.548754E+03   0.218338E+02   0.178372E+05   0.755049E+03
   0.198000E+02   0.551583E+03   0.218819E+02   0.180018E+05   0.758390E+03
   0.199000E+02   0.554406E+03   0.219293E+02   0.181665E+05   0.761715E+03
   0.200000E+02   0.557222E+03   0.219768E+02   0.183312E+05   0.765032E+03
   0.201000E+02   0.560032E+03   0.220242E+02   0.184959E+05   0.768315E+03
   0.202000E+02   0.562835E+03   0.220716E+02   0.186607E+05   0.771602E+03
   0.203000E+02   0.565631E+03   0.221189E+02   0.188254E+05   0.774861E+03
   0.204000E+02   0.568421E+03   0.221658E+02   0.189902E+05   0.778099E+03
   0.205000E+02   0.571205E+03   0.222127E+02   0.191550E+05   0.781336E+03
   0.206000E+02   0.573982E+03   0.222596E+02   0.193198E+05   0.784542E+03
   0.207000E+02   0.576752E+03   0.223063E+02   0.194846E+05   0.787737E+03
   0.208000E+02   0.579516E+03   0.223528E+02   0.196494E+05   0.790909E+03
   0.209000E+02   0.582273E+03   0.223992E+02   0.198142E+05   0.794092E+03
   0.210000E+02   0.585024E+03   0.224455E+02   0.199789E+05   0.797257E+03
   0.211000E+02   0.587769E+03   0.224913E+02   0.201436E+05   0.800367E+03
   0.212000E+02   0.590507E+03   0.225372E+02   0.203083E+05   0.803506E+03
   0.213000E+02   0.593238E+03   0.225830E+02   0.204730E+05   0.806607E+03
   0.214000E+02   0.595963E+03   0.226289E+02   0.206377E+05   0.809710E+03
   0.215000E+02   0.598681E+03   0.226744E+02   0.208023E+05   0.812800E+03
   0.216000E+02   0.601394E+03   0.227196E+02   0.209669E+05   0.815878E+03
   0.217000E+02   0.604099E+03   0.227648E+02   0.211314E+05   0.818942E+03
   0.218000E+02   0.606798E+03   0.228100E+02   0.212959E+05   0.821995E+03
   0.219000E+02   0.609491E+03   0.228548E+02   0.214603E+05   0.825022E+03
   0.220000E+02   0.612177E+03   0.228996E+02   0.216246E+05   0.828037E+03
   0.221000E+02   0.614856E+03   0.229442E+02   0.217889E+05   0.831064E+03
   0.222000E+02   0.617530E+03   0.229886E+02   0.219532E+05   0.834062E+03
   0.223000E+02   0.620196E+03   0.230329E+02   0.221173E+05   0.837047E+03
   0.224000E+02   0.622857E+03   0.230771E+02   0.222814E+05   0.840061E+03
   0.225000E+02   0.625511E+03   0.231210E+02   0.224454E+05   0.843025E+03
   0.226000E+02   0.628158E+03   0.231650E+02   0.226093E+05   0.845960E+03
   0.227000E+02   0.630799E+03   0.232086E+02   0.227732E+05   0.848920E+03
   0.228000E+02   0.633434E+03   0.232522E+02   0.229369E+05   0.851843E+03
   0.229000E+02   0.636062E+03   0.232954E+02   0.231006E+05   0.854782E+03
   0.230000E+02   0.638684E+03   0.233386E+02   0.232641E+05   0.857703E+03
   0.231000E+02   0.641300E+03   0.233816E+02   0.234276E+05   0.860589E+03
   0.232000E+02   0.643908E+03   0.234245E+02   0.235909E+05   0.863482E+03
   0.233000E+02   0.646511E+03   0.234673E+02   0.237542E+05   0.866382E+03
   0.234000E+02   0.649107E+03   0.235097E+02   0.239173E+05   0.869261E+03
   0.235000E+02   0.651697E+03   0.235521E+02   0.240803E+05   0.872117E+03
   0.236000E+02   0.654281E+03   0.235943E+02   0.242432E+05   0.874981E+03
   0.237000E+02   0.656858E+03   0.236363E+02   0.244060E+05   0.877825E+03
   0.238000E+02   0.659428E+03   0.236781E+02   0.245687E+05   0.880666E+03
   0.239000E+02   0.661993E+03   0.237200E+02   0.247312E+05   0.883515E+03
   0.240000E+02   0.664550E+03   0.237614E+02   0.248936E+05   0.886308E+03
   0.241000E+02   0.667102E+03   0.238028E+02   0.250558E+05   0.889149E+03
   0.242000E+02   0.669647E+03   0.238441E+02   0.252180E+05   0.891934E+03
   0.243000E+02   0.672185E+03   0.238851E+02   0.253800E+05   0.894748E+03
   0.244000E+02   0.674718E+03   0.239260E+02   0.255418E+05   0.897531E+03
   0.245000E+02   0.677244E+03   0.239667E+02   0.257035E+05   0.900282E+03
   0.246000E+02   0.679763E+03   0.240072E+02   0.258651E+05   0.903077E+03
   0.247000E+02   0.682277E+03   0.240474E+02   0.260265E+05   0.905856E+03
   0.248000E+02   0.684783E+03   0.240877E+02   0.261877E+05   0.908580E+03
   0.249000E+02   0.687284E+03   0.241277E+02   0.263488E+05   0.911333E+03
   0.250000E+02   0.689778E+03   0.241677E+02   0.265097E+05   0.914059E+03
   0.251000E+02   0.692266E+03   0.242074E+02   0.266705E+05   0.916811E+03
   0.252000E+02   0.694747E+03   0.242469E+02   0.268311E+05   0.919517E+03
   0.253000E+02   0.697222E+03   0.242863E+02   0.269915E+05   0.922248E+03
   0.254000E+02   0.699691E+03   0.243254E+02   0.271518E+05   0.924967E+03
   0.255000E+02   0.702153E+03   0.243642E+02   0.273119E+05   0.927651E+03
   0.256000E+02   0.704609E+03   0.244032E+02   0.274718E+05   0.930344E+03
   0.257000E+02   0.707059E+03   0.244418E+02   0.276315E+05   0.933033E+03
   0.258000E+02   0.709502E+03   0.244803E+02   0.277911E+05   0.935713E+03
   0.259000E+02   0.711939E+03   0.245187E+02   0.279505E+05   0.938369E+03
   0.260000E+02   0.714370E+03   0.245569E+02   0.281097E+05   0.941040E+03
   0.261000E+02   0.716794E+03   0.245948E+02   0.282687E+05   0.943692E+03
   0.262000E+02   0.719212E+03   0.246326E+02   0.284275E+05   0.946354E+03
   0.263000E+02   0.721624E+03   0.246701E+02   0.285861E+05   0.948984E+03
   0.264000E+02   0.724029E+03   0.247078E+02   0.287445E+05   0.951620E+03
   0.265000E+02   0.726428E+03   0.247450E+02   0.289028E+05   0.954251E+03
   0.266000E+02   0.728821E+03   0.247822E+02   0.290608E+05   0.956885E+03
   0.267000E+02   0.731207E+03   0.248192E+02   0.292186E+05   0.959477E+03
   0.268000E+02   0.733588E+03   0.248559E+02   0.293762E+05   0.962090E+03
   0.269000E+02   0.735962E+03   0.248926E+02   0.295337E+05   0.964691E+03
   0.270000E+02   0.738329E+03   0.249292E+02   0.296909E+05   0.967277E+03
   0.271000E+02   0.740691E+03   0.249654E+02   0.298479E+05   0.969865E+03
   0.272000E+02   0.743046E+03   0.250015E+02   0.300047E+05   0.972440E+03
   0.273000E+02   0.745394E+03   0.250375E+02   0.301612E+05   0.975028E+03
   0.274000E+02   0.747737E+03   0.250733E+02   0.303176E+05   0.977614E+03
   0.275000E+02   0.750073E+03   0.251090E+02   0.304737E+05   0.980156E+03
   0.276000E+02   0.752403E+03   0.251446E+02   0.306297E+05   0.982703E+03
   0.277000E+02   0.754727E+03   0.251797E+02   0.307853E+05   0.985251E+03
   0.278000E+02   0.757045E+03   0.252148E+02   0.309408E+05   0.987800E+03
   0.279000E+02   0.759356E+03   0.252498E+02   0.310961E+05   0.990337E+03
   0.280000E+02   0.761661E+03   0.252847E+02   0.312511E+05   0.992854E+03
   0.281000E+02   0.763960E+03   0.253191E+02   0.314059E+05   0.995392E+03
   0.282000E+02   0.766252E+03   0.253536E+02   0.315605E+05   0.997889E+03
   0.283000E+02   0.768539E+03   0.253881E+02   0.317148E+05   0.100040E+04
   0.284000E+02   0.770819E+03   0.254220E+02   0.318689E+05   0.100292E+04
   0.285000E+02   0.773093E+03   0.254559E+02   0.320228E+05   0.100540E+04
   0.286000E+02   0.775361E+03   0.254900E+02   0.321764E+05   0.100792E+04
   0.287000E+02   0.777622E+03   0.255236E+02   0.323298E+05   0.101039E+04
   0.288000E+02   0.779878E+03   0.255571E+02   0.324829E+05   0.101288E+04
   0.289000E+02   0.782127E+03   0.255902E+02   0.326358E+05   0.101533E+04
   0.290000E+02   0.784370E+03   0.256233E+02   0.327885E+05   0.101781E+04
   0.291000E+02   0.786607E+03   0.256562E+02   0.329409E+05   0.102025E+04
   0.292000E+02   0.788838E+03   0.256891E+02   0.330931E+05   0.102272E+04
   0.293000E+02   0.791062E+03   0.257217E+02   0.332450E+05   0.102517E+04
   0.294000E+02   0.793281E+03   0.257543E+02   0.333967E+05   0.102764E+04
   0.295000E+02   0.795493E+03   0.257865E+02   0.335481E+05   0.103005E+04
   0.296000E+02   0.797699E+03   0.258187E+02   0.336992E+05   0.103247E+04
   0.297000E+02   0.799899E+03   0.258506E+02   0.338502E+05   0.103490E+04
   0.298000E+02   0.802093E+03   0.258823E+02   0.340008E+05   0.103731E+04
   0.299000E+02   0.804281E+03   0.259140E+02   0.341512E+05   0.103973E+04
   0.300000E+02   0.806462E+03   0.259455E+02   0.343014E+05   0.104213E+04
   0.301000E+02   0.808638E+03   0.259768E+02   0.344513E+05   0.104455E+04
   0.302000E+02   0.810807E+03   0.260078E+02   0.346009E+05   0.104693E+04
   0.303000E+02   0.812970E+03   0.260388E+02   0.347502E+05   0.104930E+04
   0.304000E+02   0.815127E+03   0.260696E+02   0.348993E+05   0.105170E+04
   0.305000E+02   0.817278E+03   0.261001E+02   0.350482E+05   0.105408E+04
   0.306000E+02   0.819423E+03   0.261307E+02   0.351967E+05   0.105645E+04
   0.307000E+02   0.821562E+03   0.261610E+02   0.353450E+05   0.105882E+04
   0.308000E+02   0.823695E+03   0.261911E+02   0.354931E+05   0.106119E+04
   0.309000E+02   0.825822E+03   0.262211E+02   0.356408E+05   0.106352E+04
   0.310000E+02   0.827943E+03   0.262509E+02   0.357883E+05   0.106586E+04
   0.311000E+02   0.830057E+03   0.262803E+02   0.359355E+05   0.106822E+04
   0.312000E+02   0.832166E+03   0.263100E+02   0.360825E+05   0.107054E+04
   0.313000E+02   0.834268E+03   0.263393E+02   0.362292E+05   0.107290E+04
   0.314000E+02   0.836365E+03   0.263682E+02   0.363756E+05   0.107519E+04
   0.315000E+02   0.838455E+03   0.263972E+02   0.365217E+05   0.107751E+04
   0.316000E+02   0.840540E+03   0.264260E+02   0.366675E+05   0.107982E+04
   0.317000E+02   0.842618E+03   0.264545E+02   0.368131E+05   0.108215E+04
   0.318000E+02   0.844691E+03   0.264831E+02   0.369583E+05   0.108443E+04
   0.319000E+02   0.846757E+03   0.265116E+02   0.371034E+05   0.108673E+04
   0.320000E+02   0.848818E+03   0.265395E+02   0.372481E+05   0.108901E+04
   0.321000E+02   0.850872E+03   0.265677E+02   0.373925E+05   0.109128E+04
   0.322000E+02   0.852921E+03   0.265955E+02   0.375367E+05   0.109357E+04
   0.323000E+02   0.854964E+03   0.266231E+02   0.376805E+05   0.109582E+04
   0.324000E+02   0.857000E+03   0.266508E+02   0.378241E+05   0.109811E+04
   0.325000E+02   0.859031E+03   0.266779E+02   0.379674E+05   0.110036E+04
   0.326000E+02   0.861056E+03   0.267053E+02   0.381104E+05   0.110261E+04
   0.327000E+02   0.863075E+03   0.267321E+02   0.382532E+05   0.110483E+04
   0.328000E+02   0.865088E+03   0.267591E+02   0.383956E+05   0.110710E+04
   0.329000E+02   0.867095E+03   0.267858E+02   0.385377E+05   0.110932E+04
   0.330000E+02   0.869097E+03   0.268123E+02   0.386796E+05   0.111154E+04
   0.331000E+02   0.871092E+03   0.268389E+02   0.388212E+05   0.111376E+04
   0.332000E+02   0.873082E+03   0.268650E+02   0.389624E+05   0.111597E+04
   0.333000E+02   0.875065E+03   0.268912E+02   0.391034E+05   0.111818E+04
   0.334000E+02   0.877043E+03   0.269171E+02   0.392441E+05   0.112039E+04
   0.335000E+02   0.879015E+03   0.269428E+02   0.393845E+05   0.112259E+04
   0.336000E+02   0.880982E+03   0.269685E+02   0.395246E+05   0.112479E+04
   0.337000E+02   0.882942E+03   0.269937E+02   0.396644E+05   0.112697E+04
   0.338000E+02   0.884896E+03   0.270191E+02   0.398039E+05   0.112913E+04
   0.339000E+02   0.886845E+03   0.270445E+02   0.399431E+05   0.113132E+04
   0.340000E+02   0.888788E+03   0.270694E+02   0.400820E+05   0.113348E+04
   0.341000E+02   0.890726E+03   0.270942E+02   0.402206E+05   0.113563E+04
   0.342000E+02   0.892657E+03   0.271189E+02   0.403589E+05   0.113778E+04
   0.343000E+02   0.894583E+03   0.271435E+02   0.404969E+05   0.113994E+04
   0.344000E+02   0.896503E+03   0.271678E+02   0.406347E+05   0.114209E+04
   0.345000E+02   0.898418E+03   0.271920E+02   0.407721E+05   0.114422E+04
   0.346000E+02   0.900326E+03   0.272161E+02   0.409092E+05   0.114635E+04
   0.347000E+02   0.902229E+03   0.272400E+02   0.410460E+05   0.114847E+04
   0.348000E+02   0.904126E+03   0.272639E+02   0.411825E+05   0.115059E+04
   0.349000E+02   0.906018E+03   0.272874E+02   0.413187E+05   0.115269E+04
   0.350000E+02   0.907903E+03   0.273110E+02   0.414546E+05   0.115477E+04
   0.351000E+02   0.909784E+03   0.273345E+02   0.415902E+05   0.115692E+04
   0.352000E+02   0.911658E+03   0.273577E+02   0.417256E+05   0.115899E+04
   0.353000E+02   0.913527E+03   0.273806E+02   0.418606E+05   0.116106E+04
   0.354000E+02   0.915390E+03   0.274036E+02   0.419952E+05   0.116314E+04
   0.355000E+02   0.917248E+03   0.274263E+02   0.421296E+05   0.116522E+04
   0.356000E+02   0.919100E+03   0.274490E+02   0.422637E+05   0.116728E+04
   0.357000E+02   0.920947E+03   0.274715E+02   0.423975E+05   0.116934E+04
   0.358000E+02   0.922788E+03   0.274936E+02   0.425309E+05   0.117140E+04
   0.359000E+02   0.924623E+03   0.275160E+02   0.426641E+05   0.117343E+04
   0.360000E+02   0.926453E+03   0.275380E+02   0.427970E+05   0.117548E+04
   0.361000E+02   0.928277E+03   0.275598E+02   0.429295E+05   0.117750E+04
   0.362000E+02   0.930096E+03   0.275816E+02   0.430618E+05   0.117955E+04
   0.363000E+02   0.931909E+03   0.276033E+02   0.431937E+05   0.118156E+04
   0.364000E+02   0.933716E+03   0.276245E+02   0.433253E+05   0.118356E+04
   0.365000E+02   0.935518E+03   0.276459E+02   0.434567E+05   0.118558E+04
   0.366000E+02   0.937315E+03   0.276671E+02   0.435877E+05   0.118758E+04
   0.367000E+02   0.939106E+03   0.276882E+02   0.437184E+05   0.118958E+04
   0.368000E+02   0.940891E+03   0.277091E+02   0.438488E+05   0.119157E+04
   0.369000E+02   0.942672E+03   0.277299E+02   0.439789E+05   0.119355E+04
   0.370000E+02   0.944446E+03   0.277504E+02   0.441087E+05   0.119552E+04
   0.371000E+02   0.946216E+03   0.277709E+02   0.442381E+05   0.119750E+04
   0.372000E+02   0.947980E+03   0.277911E+02   0.443673E+05   0.119944E+04
   0.373000E+02   0.949738E+03   0.278115E+02   0.444961E+05   0.120141E+04
   0.374000E+02   0.951490E+03   0.278306E+02   0.446247E+05   0.120337E+04
   0.375000E+02   0.953238E+03   0.278511E+02   0.447529E+05   0.120530E+04
   0.376000E+02   0.954981E+03   0.278717E+02   0.448808E+05   0.120724E+04
   0.377000E+02   0.956717E+03   0.278906E+02   0.450084E+05   0.120917E+04
   0.378000E+02   0.958450E+03   0.279114E+02   0.451358E+05   0.121110E+04
   0.379000E+02   0.960175E+03   0.279287E+02   0.452627E+05   0.121300E+04
   0.380000E+02   0.961895E+03   0.279477E+02   0.453894E+05   0.121493E+04
   0.381000E+02   0.963612E+03   0.279687E+02   0.455158E+05   0.121684E+04
   0.382000E+02   0.965322E+03   0.279879E+02   0.456418E+05   0.121872E+04
   0.383000E+02   0.967026E+03   0.280054E+02   0.457676E+05   0.122062E+04
   0.384000E+02   0.968726E+03   0.280248E+02   0.458930E+05   0.122249E+04
   0.385000E+02   0.970420E+03   0.280426E+02   0.460182E+05   0.122438E+04
   0.386000E+02   0.972109E+03   0.280620E+02   0.461429E+05   0.122626E+04
   0.387000E+02   0.973793E+03   0.280798E+02   0.462675E+05   0.122811E+04
   0.388000E+02   0.975472E+03   0.280994E+02   0.463917E+05   0.122998E+04
   0.389000E+02   0.977145E+03   0.281173E+02   0.465155E+05   0.123182E+04
   0.390000E+02   0.978812E+03   0.281332E+02   0.466391E+05   0.123368E+04
   0.391000E+02   0.980475E+03   0.281513E+02   0.467624E+05   0.123551E+04
   0.392000E+02   0.982132E+03   0.281692E+02   0.468853E+05   0.123734E+04
   0.393000E+02   0.983785E+03   0.281872E+02   0.470080E+05   0.123915E+04
   0.394000E+02   0.985432E+03   0.282052E+02   0.471303E+05   0.124096E+04
   0.395000E+02   0.987074E+03   0.282214E+02   0.472523E+05   0.124277E+04
   0.396000E+02   0.988712E+03   0.282394E+02   0.473740E+05   0.124458E+04
   0.397000E+02   0.990343E+03   0.282559E+02   0.474954E+05   0.124638E+04
   0.398000E+02   0.991968E+03   0.282719E+02   0.476165E+05   0.124817E+04
   0.399000E+02   0.993591E+03   0.282898E+02   0.477373E+05   0.124997E+04
   0.400000E+02   0.995207E+03   0.283062E+02   0.478577E+05   0.125172E+04
   0.401000E+02   0.996819E+03   0.283241E+02   0.479779E+05   0.125350E+04
   0.402000E+02   0.998425E+03   0.283403E+02   0.480977E+05   0.125526E+04
   0.403000E+02   0.100002E+04   0.283546E+02   0.482173E+05   0.125702E+04
   0.404000E+02   0.100162E+04   0.283711E+02   0.483365E+05   0.125878E+04
   0.405000E+02   0.100321E+04   0.283891E+02   0.484554E+05   0.126053E+04
   0.406000E+02   0.100480E+04   0.284051E+02   0.485740E+05   0.126227E+04
   0.407000E+02   0.100638E+04   0.284191E+02   0.486923E+05   0.126399E+04
   0.408000E+02   0.100796E+04   0.284356E+02   0.488102E+05   0.126571E+04
   0.409000E+02   0.100953E+04   0.284514E+02   0.489279E+05   0.126743E+04
   0.410000E+02   0.101109E+04   0.284656E+02   0.490453E+05   0.126912E+04
   0.411000E+02   0.101265E+04   0.284816E+02   0.491623E+05   0.127083E+04
   0.412000E+02   0.101421E+04   0.284972E+02   0.492791E+05   0.127253E+04
   0.413000E+02   0.101576E+04   0.285115E+02   0.493955E+05   0.127422E+04
   0.414000E+02   0.101731E+04   0.285275E+02   0.495117E+05   0.127591E+04
   0.415000E+02   0.101885E+04   0.285409E+02   0.496274E+05   0.127757E+04
   0.416000E+02   0.102038E+04   0.285568E+02   0.497430E+05   0.127924E+04
   0.417000E+02   0.102191E+04   0.285705E+02   0.498582E+05   0.128091E+04
   0.418000E+02   0.102344E+04   0.285863E+02   0.499731E+05   0.128257E+04
   0.419000E+02   0.102496E+04   0.285994E+02   0.500877E+05   0.128422E+04
   0.420000E+02   0.102648E+04   0.286149E+02   0.502019E+05   0.128584E+04
   0.421000E+02   0.102799E+04   0.286284E+02   0.503159E+05   0.128750E+04
   0.422000E+02   0.102950E+04   0.286434E+02   0.504296E+05   0.128911E+04
   0.423000E+02   0.103100E+04   0.286564E+02   0.505429E+05   0.129071E+04
   0.424000E+02   0.103250E+04   0.286715E+02   0.506560E+05   0.129234E+04
   0.425000E+02   0.103399E+04   0.286835E+02   0.507687E+05   0.129395E+04
   0.426000E+02   0.103548E+04   0.286980E+02   0.508811E+05   0.129556E+04
   0.427000E+02   0.103696E+04   0.287115E+02   0.509933E+05   0.129713E+04
   0.428000E+02   0.103844E+04   0.287252E+02   0.511051E+05   0.129872E+04
   0.429000E+02   0.103991E+04   0.287371E+02   0.512166E+05   0.130031E+04
   0.430000E+02   0.104138E+04   0.287511E+02   0.513279E+05   0.130189E+04
   0.431000E+02   0.104284E+04   0.287635E+02   0.514388E+05   0.130346E+04
   0.432000E+02   0.104430E+04   0.287784E+02   0.515493E+05   0.130501E+04
   0.433000E+02   0.104576E+04   0.287891E+02   0.516597E+05   0.130656E+04
   0.434000E+02   0.104721E+04   0.288023E+02   0.517697E+05   0.130810E+04
   0.435000E+02   0.104865E+04   0.288162E+02   0.518794E+05   0.130965E+04
   0.436000E+02   0.105009E+04   0.288287E+02   0.519888E+05   0.131119E+04
   0.437000E+02   0.105153E+04   0.288389E+02   0.520978E+05   0.131272E+04
   0.438000E+02   0.105296E+04   0.288532E+02   0.522066E+05   0.131423E+04
   0.439000E+02   0.105438E+04   0.288643E+02   0.523151E+05   0.131574E+04
   0.440000E+02   0.105581E+04   0.288767E+02   0.524233E+05   0.131726E+04
   0.441000E+02   0.105722E+04   0.288886E+02   0.525312E+05   0.131873E+04
   0.442000E+02   0.105864E+04   0.289011E+02   0.526388E+05   0.132024E+04
   0.443000E+02   0.106004E+04   0.289116E+02   0.527460E+05   0.132171E+04
   0.444000E+02   0.106145E+04   0.289227E+02   0.528530E+05   0.132317E+04
   0.445000E+02   0.106285E+04   0.289373E+02   0.529597E+05   0.132467E+04
   0.446000E+02   0.106424E+04   0.289475E+02   0.530661E+05   0.132611E+04
   0.447000E+02   0.106563E+04   0.289596E+02   0.531722E+05   0.132759E+04
   0.448000E+02   0.106701E+04   0.289705E+02   0.532779E+05   0.132904E+04
   0.449000E+02   0.106839E+04   0.289808E+02   0.533834E+05   0.133048E+04
   0.450000E+02   0.106977E+04   0.289913E+02   0.534886E+05   0.133192E+04
   0.451000E+02   0.107114E+04   0.290035E+02   0.535935E+05   0.133335E+04
   0.452000E+02   0.107251E+04   0.290140E+02   0.536981E+05   0.133477E+04
   0.453000E+02   0.107388E+04   0.290249E+02   0.538023E+05   0.133619E+04
   0.454000E+02   0.107523E+04   0.290350E+02   0.539063E+05   0.133760E+04
   0.455000E+02   0.107659E+04   0.290475E+02   0.540100E+05   0.133902E+04
   0.456000E+02   0.107793E+04   0.290567E+02   0.541134E+05   0.134040E+04
   0.457000E+02   0.107928E+04   0.290678E+02   0.542165E+05   0.134180E+04
   0.458000E+02   0.108062E+04   0.290752E+02   0.543194E+05   0.134317E+04
   0.459000E+02   0.108195E+04   0.290868E+02   0.544219E+05   0.134454E+04
   0.460000E+02   0.108329E+04   0.290975E+02   0.545241E+05   0.134593E+04
   0.461000E+02   0.108461E+04   0.291067E+02   0.546260E+05   0.134729E+04
   0.462000E+02   0.108594E+04   0.291194E+02   0.547276E+05   0.134864E+04
   0.463000E+02   0.108725E+04   0.291272E+02   0.548290E+05   0.135000E+04
   0.464000E+02   0.108857E+04   0.291354E+02   0.549300E+05   0.135135E+04
   0.465000E+02   0.108988E+04   0.291460E+02   0.550308E+05   0.135269E+04
   0.466000E+02   0.109118E+04   0.291571E+02   0.551312E+05   0.135401E+04
   0.467000E+02   0.109248E+04   0.291649E+02   0.552314E+05   0.135534E+04
   0.468000E+02   0.109378E+04   0.291746E+02   0.553313E+05   0.135663E+04
   0.469000E+02   0.109507E+04   0.291820E+02   0.554309E+05   0.135793E+04
   0.470000E+02   0.109636E+04   0.291917E+02   0.555302E+05   0.135925E+04
   0.471000E+02   0.109764E+04   0.292034E+02   0.556292E+05   0.136055E+04
   0.472000E+02   0.109893E+04   0.292097E+02   0.557279E+05   0.136184E+04
   0.473000E+02   0.110020E+04   0.292189E+02   0.558264E+05   0.136314E+04
   0.474000E+02   0.110147E+04   0.292298E+02   0.559245E+05   0.136439E+04
   0.475000E+02   0.110274E+04   0.292368E+02   0.560223E+05   0.136568E+04
   0.476000E+02   0.110400E+04   0.292474E+02   0.561199E+05   0.136694E+04
   0.477000E+02   0.110526E+04   0.292536E+02   0.562172E+05   0.136819E+04
   0.478000E+02   0.110652E+04   0.292637E+02   0.563142E+05   0.136943E+04
   0.479000E+02   0.110776E+04   0.292730E+02   0.564109E+05   0.137069E+04
   0.480000E+02   0.110901E+04   0.292794E+02   0.565073E+05   0.137193E+04
   0.481000E+02   0.111025E+04   0.292878E+02   0.566035E+05   0.137317E+04
   0.482000E+02   0.111149E+04   0.292964E+02   0.566993E+05   0.137437E+04
   0.483000E+02   0.111272E+04   0.293025E+02   0.567949E+05   0.137560E+04
   0.484000E+02   0.111395E+04   0.293118E+02   0.568902E+05   0.137680E+04
   0.485000E+02   0.111518E+04   0.293203E+02   0.569852E+05   0.137802E+04
   0.486000E+02   0.111640E+04   0.293276E+02   0.570799E+05   0.137921E+04
   0.487000E+02   0.111762E+04   0.293371E+02   0.571743E+05   0.138041E+04
   0.488000E+02   0.111883E+04   0.293429E+02   0.572685E+05   0.138159E+04
   0.489000E+02   0.112004E+04   0.293510E+02   0.573624E+05   0.138275E+04
   0.490000E+02   0.112125E+04   0.293578E+02   0.574560E+05   0.138395E+04
   0.491000E+02   0.112245E+04   0.293665E+02   0.575493E+05   0.138511E+04
   0.492000E+02   0.112364E+04   0.293725E+02   0.576423E+05   0.138626E+04
   0.493000E+02   0.112484E+04   0.293781E+02   0.577351E+05   0.138743E+04
   0.494000E+02   0.112603E+04   0.293877E+02   0.578276E+05   0.138856E+04
   0.495000E+02   0.112721E+04   0.293965E+02   0.579198E+05   0.138971E+04
   0.496000E+02   0.112839E+04   0.294026E+02   0.580117E+05   0.139086E+04
   0.497000E+02   0.112957E+04   0.294080E+02   0.581033E+05   0.139197E+04
   0.498000E+02   0.113074E+04   0.294153E+02   0.581947E+05   0.139310E+04
   0.499000E+02   0.113191E+04   0.294220E+02   0.582858E+05   0.139422E+04
   0.500000E+02   0.113308E+04   0.294287E+02   0.583766E+05   0.139532E+04
   0.501000E+02   0.113424E+04   0.294344E+02   0.584672E+05   0.139642E+04
   0.502000E+02   0.113539E+04   0.294420E+02   0.585574E+05   0.139752E+04
   0.503000E+02   0.113655E+04   0.294482E+02   0.586474E+05   0.139861E+04
   0.504000E+02   0.113770E+04   0.294544E+02   0.587372E+05   0.139970E+04
   0.505000E+02   0.113884E+04   0.294612E+02   0.588266E+05   0.140077E+04
   0.506000E+02   0.113999E+04   0.294664E+02   0.589158E+05   0.140185E+04
   0.507000E+02   0.114112E+04   0.294751E+02   0.590047E+05   0.140292E+04
   0.508000E+02   0.114226E+04   0.294811E+02   0.590933E+05   0.140397E+04
   0.509000E+02   0.114339E+04   0.294867E+02   0.591817E+05   0.140503E+04
   0.510000E+02   0.114451E+04   0.294910E+02   0.592698E+05   0.140607E+04
   0.511000E+02   0.114564E+04   0.294988E+02   0.593576E+05   0.140714E+04
   0.512000E+02   0.114676E+04   0.295027E+02   0.594452E+05   0.140816E+04
   0.513000E+02   0.114787E+04   0.295088E+02   0.595325E+05   0.140918E+04
   0.514000E+02   0.114899E+04   0.295149E+02   0.596195E+05   0.141021E+04
   0.515000E+02   0.115009E+04   0.295204E+02   0.597063E+05   0.141124E+04
   0.516000E+02   0.115119E+04   0.295265E+02   0.597928E+05   0.141224E+04
   0.517000E+02   0.115230E+04   0.295306E+02   0.598790E+05   0.141323E+04
   0.518000E+02   0.115339E+04   0.295364E+02   0.599649E+05   0.141421E+04
   0.519000E+02   0.115448E+04   0.295421E+02   0.600506E+05   0.141521E+04
   0.520000E+02   0.115557E+04   0.295477E+02   0.601361E+05   0.141620E+04
   0.521000E+02   0.115666E+04   0.295521E+02   0.602212E+05   0.141718E+04
   0.522000E+02   0.115774E+04   0.295577E+02   0.603061E+05   0.141818E+04
   0.523000E+02   0.115882E+04   0.295617E+02   0.603908E+05   0.141912E+04
   0.524000E+02   0.115989E+04   0.295673E+02   0.604751E+05   0.142008E+04
   0.525000E+02   0.116097E+04   0.295718E+02   0.605592E+05   0.142106E+04
   0.526000E+02   0.116203E+04   0.295795E+02   0.606431E+05   0.142199E+04
   0.527000E+02   0.116309E+04   0.295826E+02   0.607267E+05   0.142294E+04
   0.528000E+02   0.116415E+04   0.295858E+02   0.608100E+05   0.142389E+04
   0.529000E+02   0.116521E+04   0.295910E+02   0.608931E+05   0.142481E+04
   0.530000E+02   0.116626E+04   0.295971E+02   0.609759E+05   0.142573E+04
   0.531000E+02   0.116731E+04   0.296017E+02   0.610585E+05   0.142665E+04
   0.532000E+02   0.116836E+04   0.296039E+02   0.611408E+05   0.142758E+04
   0.533000E+02   0.116940E+04   0.296094E+02   0.612228E+05   0.142847E+04
   0.534000E+02   0.117044E+04   0.296141E+02   0.613046E+05   0.142938E+04
   0.535000E+02   0.117147E+04   0.296176E+02   0.613861E+05   0.143031E+04
   0.536000E+02   0.117250E+04   0.296234E+02   0.614674E+05   0.143117E+04
   0.537000E+02   0.117353E+04   0.296279E+02   0.615484E+05   0.143208E+04
   0.538000E+02   0.117455E+04   0.296305E+02   0.616292E+05   0.143294E+04
   0.539000E+02   0.117557E+04   0.296346E+02   0.617097E+05   0.143383E+04
   0.540000E+02   0.117659E+04   0.296393E+02   0.617900E+05   0.143470E+04
   0.541000E+02   0.117761E+04   0.296424E+02   0.618700E+05   0.143555E+04
   0.542000E+02   0.117862E+04   0.296486E+02   0.619497E+05   0.143642E+04
   0.543000E+02   0.117962E+04   0.296494E+02   0.620292E+05   0.143725E+04
   0.544000E+02   0.118063E+04   0.296556E+02   0.621085E+05   0.143812E+04
   0.545000E+02   0.118163E+04   0.296578E+02   0.621875E+05   0.143896E+04
   0.546000E+02   0.118262E+04   0.296628E+02   0.622662E+05   0.143978E+04
   0.547000E+02   0.118362E+04   0.296662E+02   0.623448E+05   0.144062E+04
   0.548000E+02   0.118461E+04   0.296686E+02   0.624230E+05   0.144143E+04
   0.549000E+02   0.118559E+04   0.296717E+02   0.625010E+05   0.144227E+04
   0.550000E+02   0.118658E+04   0.296755E+02   0.625788E+05   0.144308E+04
   0.551000E+02   0.118756E+04   0.296788E+02   0.626563E+05   0.144390E+04
   0.552000E+02   0.118853E+04   0.296824E+02   0.627336E+05   0.144470E+04
   0.553000E+02   0.118950E+04   0.296841E+02   0.628106E+05   0.144549E+04
   0.554000E+02   0.119047E+04   0.296884E+02   0.628874E+05   0.144626E+04
   0.555000E+02   0.119144E+04   0.296918E+02   0.629639E+05   0.144707E+04
   0.556000E+02   0.119240E+04   0.296950E+02   0.630402E+05   0.144786E+04
   0.557000E+02   0.119336E+04   0.296986E+02   0.631162E+05   0.144862E+04
   0.558000E+02   0.119432E+04   0.296995E+02   0.631920E+05   0.144940E+04
   0.559000E+02   0.119527E+04   0.297043E+02   0.632676E+05   0.145014E+04
   0.560000E+02   0.119622E+04   0.297073E+02   0.633429E+05   0.145094E+04
   0.561000E+02   0.119717E+04   0.297094E+02   0.634180E+05   0.145167E+04
   0.562000E+02   0.119811E+04   0.297113E+02   0.634928E+05   0.145243E+04
   0.563000E+02   0.119905E+04   0.297147E+02   0.635674E+05   0.145316E+04
   0.564000E+02   0.119998E+04   0.297164E+02   0.636418E+05   0.145389E+04
   0.565000E+02   0.120092E+04   0.297195E+02   0.637159E+05   0.145464E+04
   0.566000E+02   0.120185E+04   0.297220E+02   0.637898E+05   0.145535E+04
   0.567000E+02   0.120278E+04   0.297258E+02   0.638635E+05   0.145608E+04
   0.568000E+02   0.120370E+04   0.297272E+02   0.639369E+05   0.145678E+04
   0.569000E+02   0.120462E+04   0.297313E+02   0.640101E+05   0.145751E+04
   0.570000E+02   0.120554E+04   0.297339E+02   0.640830E+05   0.145822E+04
   0.571000E+02   0.120645E+04   0.297336E+02   0.641557E+05   0.145892E+04
   0.572000E+02   0.120736E+04   0.297365E+02   0.642282E+05   0.145962E+04
   0.573000E+02   0.120827E+04   0.297381E+02   0.643004E+05   0.146031E+04
   0.574000E+02   0.120917E+04   0.297412E+02   0.643724E+05   0.146099E+04
   0.575000E+02   0.121008E+04   0.297435E+02   0.644442E+05   0.146169E+04
   0.576000E+02   0.121097E+04   0.297443E+02   0.645157E+05   0.146234E+04
   0.577000E+02   0.121187E+04   0.297484E+02   0.645870E+05   0.146303E+04
   0.578000E+02   0.121276E+04   0.297500E+02   0.646581E+05   0.146369E+04
   0.579000E+02   0.121365E+04   0.297513E+02   0.647289E+05   0.146436E+04
   0.580000E+02   0.121454E+04   0.297529E+02   0.647996E+05   0.146502E+04
   0.581000E+02   0.121542E+04   0.297544E+02   0.648699E+05   0.146565E+04
   0.582000E+02   0.121630E+04   0.297569E+02   0.649401E+05   0.146632E+04
   0.583000E+02   0.121718E+04   0.297582E+02   0.650101E+05   0.146696E+04
   0.584000E+02   0.121805E+04   0.297601E+02   0.650798E+05   0.146759E+04
   0.585000E+02   0.121892E+04   0.297626E+02   0.651493E+05   0.146822E+04
   0.586000E+02   0.121979E+04   0.297657E+02   0.652185E+05   0.146883E+04
   0.587000E+02   0.122066E+04   0.297651E+02   0.652875E+05   0.146947E+04
   0.588000E+02   0.122151E+04   0.297664E+02   0.653563E+05   0.147008E+04
   0.589000E+02   0.122238E+04   0.297681E+02   0.654249E+05   0.147070E+04
   0.590000E+02   0.122323E+04   0.297703E+02   0.654933E+05   0.147131E+04
   0.591000E+02   0.122408E+04   0.297720E+02   0.655614E+05   0.147191E+04
   0.592000E+02   0.122493E+04   0.297719E+02   0.656293E+05   0.147250E+04
   0.593000E+02   0.122578E+04   0.297739E+02   0.656970E+05   0.147310E+04
   0.594000E+02   0.122662E+04   0.297746E+02   0.657645E+05   0.147368E+04
   0.595000E+02   0.122747E+04   0.297745E+02   0.658317E+05   0.147428E+04
   0.596000E+02   0.122830E+04   0.297784E+02   0.658987E+05   0.147487E+04
   0.597000E+02   0.122914E+04   0.297809E+02   0.659655E+05   0.147545E+04
   0.598000E+02   0.122997E+04   0.297803E+02   0.660321E+05   0.147601E+04
   0.599000E+02   0.123080E+04   0.297819E+02   0.660985E+05   0.147656E+04
   0.600000E+02   0.123163E+04   0.297814E+02   0.661646E+05   0.147714E+04
   0.601000E+02   0.123245E+04   0.297834E+02   0.662306E+05   0.147770E+04
   0.602000E+02   0.123327E+04   0.297843E+02   0.662963E+05   0.147824E+04
   0.603000E+02   0.123409E+04   0.297866E+02   0.663618E+05   0.147880E+04
   0.604000E+02   0.123490E+04   0.297850E+02   0.664271E+05   0.147935E+04
   0.605000E+02   0.123572E+04   0.297861E+02   0.664922E+05   0.147988E+04
   0.606000E+02   0.123653E+04   0.297878E+02   0.665570E+05   0.148040E+04
   0.607000E+02   0.123733E+04   0.297898E+02   0.666216E+05   0.148093E+04
   0.608000E+02   0.123813E+04   0.297888E+02   0.666861E+05   0.148145E+04
   0.609000E+02   0.123894E+04   0.297899E+02   0.667503E+05   0.148197E+04
   0.610000E+02   0.123973E+04   0.297907E+02   0.668143E+05   0.148251E+04
   0.611000E+02   0.124053E+04   0.297901E+02   0.668781E+05   0.148299E+04
   0.612000E+02   0.124132E+04   0.297923E+02   0.669417E+05   0.148352E+04
   0.613000E+02   0.124211E+04   0.297918E+02   0.670051E+05   0.148402E+04
   0.614000E+02   0.124290E+04   0.297943E+02   0.670682E+05   0.148453E+04
   0.615000E+02   0.124368E+04   0.297934E+02   0.671312E+05   0.148502E+04
   0.616000E+02   0.124446E+04   0.297933E+02   0.671939E+05   0.148551E+04
   0.617000E+02   0.124524E+04   0.297953E+02   0.672565E+05   0.148600E+04
   0.618000E+02   0.124602E+04   0.297954E+02   0.673188E+05   0.148646E+04
   0.619000E+02   0.124679E+04   0.297948E+02   0.673809E+05   0.148695E+04
   0.620000E+02   0.124756E+04   0.297957E+02   0.674428E+05   0.148743E+04
   0.621000E+02   0.124833E+04   0.297958E+02   0.675045E+05   0.148791E+04
   0.622000E+02   0.124909E+04   0.297961E+02   0.675660E+05   0.148836E+04
   0.623000E+02   0.124986E+04   0.297966E+02   0.676273E+05   0.148882E+04
   0.624000E+02   0.125062E+04   0.297939E+02   0.676884E+05   0.148930E+04
   0.625000E+02   0.125137E+04   0.297962E+02   0.677493E+05   0.148973E+04
   0.626000E+02   0.125213E+04   0.297951E+02   0.678100E+05   0.149019E+04
   0.627000E+02   0.125288E+04   0.297960E+02   0.678705E+05   0.149063E+04
   0.628000E+02   0.125363E+04   0.297985E+02   0.679308E+05   0.149107E+04
   0.629000E+02   0.125438E+04   0.297962E+02   0.679909E+05   0.149151E+04
   0.630000E+02   0.125512E+04   0.297967E+02   0.680508E+05   0.149194E+04
   0.631000E+02   0.125586E+04   0.297970E+02   0.681105E+05   0.149238E+04
   0.632000E+02   0.125660E+04   0.297969E+02   0.681699E+05   0.149281E+04
   0.633000E+02   0.125734E+04   0.297964E+02   0.682292E+05   0.149321E+04
   0.634000E+02   0.125807E+04   0.297951E+02   0.682883E+05   0.149363E+04
   0.635000E+02   0.125880E+04   0.297969E+02   0.683472E+05   0.149404E+04
   0.636000E+02   0.125953E+04   0.297968E+02   0.684059E+05   0.149447E+04
   0.637000E+02   0.126026E+04   0.297966E+02   0.684644E+05   0.149487E+04
   0.638000E+02   0.126098E+04   0.297952E+02   0.685227E+05   0.149528E+04
   0.639000E+02   0.126170E+04   0.297945E+02   0.685808E+05   0.149568E+04
   0.640000E+02   0.126242E+04   0.297942E+02   0.686387E+05   0.149607E+04
   0.641000E+02   0.126313E+04   0.297949E+02   0.686964E+05   0.149645E+04
   0.642000E+02   0.126385E+04   0.297953E+02   0.687540E+05   0.149683E+04
   0.643000E+02   0.126456E+04   0.297954E+02   0.688113E+05   0.149722E+04
   0.644000E+02   0.126527E+04   0.297939E+02   0.688685E+05   0.149760E+04
   0.645000E+02   0.126597E+04   0.297921E+02   0.689254E+05   0.149797E+04
   0.646000E+02   0.126667E+04   0.297912E+02   0.689822E+05   0.149834E+04
   0.647000E+02   0.126737E+04   0.297908E+02   0.690387E+05   0.149870E+04
   0.648000E+02   0.126807E+04   0.297910E+02   0.690951E+05   0.149907E+04
   0.649000E+02   0.126877E+04   0.297905E+02   0.691513E+05   0.149942E+04
   0.650000E+02   0.126946E+04   0.297883E+02   0.692073E+05   0.149978E+04
   0.651000E+02   0.127015E+04   0.297901E+02   0.692631E+05   0.150014E+04
   0.652000E+02   0.127084E+04   0.297896E+02   0.693187E+05   0.150051E+04
   0.653000E+02   0.127153E+04   0.297877E+02   0.693741E+05   0.150085E+04
   0.654000E+02   0.127221E+04   0.297882E+02   0.694294E+05   0.150118E+04
   0.655000E+02   0.127289E+04   0.297878E+02   0.694844E+05   0.150152E+04
   0.656000E+02   0.127357E+04   0.297867E+02   0.695393E+05   0.150187E+04
   0.657000E+02   0.127425E+04   0.297866E+02   0.695940E+05   0.150219E+04
   0.658000E+02   0.127492E+04   0.297853E+02   0.696485E+05   0.150252E+04
   0.659000E+02   0.127559E+04   0.297841E+02   0.697028E+05   0.150285E+04
   0.660000E+02   0.127626E+04   0.297833E+02   0.697569E+05   0.150316E+04
   0.661000E+02   0.127693E+04   0.297832E+02   0.698109E+05   0.150348E+04
   0.662000E+02   0.127759E+04   0.297816E+02   0.698646E+05   0.150379E+04
   0.663000E+02   0.127825E+04   0.297824E+02   0.699182E+05   0.150411E+04
   0.664000E+02   0.127891E+04   0.297800E+02   0.699716E+05   0.150442E+04
   0.665000E+02   0.127957E+04   0.297799E+02   0.700249E+05   0.150472E+04
   0.666000E+02   0.128022E+04   0.297778E+02   0.700779E+05   0.150503E+04
   0.667000E+02   0.128088E+04   0.297765E+02   0.701308E+05   0.150531E+04
   0.668000E+02   0.128153E+04   0.297758E+02   0.701835E+05   0.150562E+04
   0.669000E+02   0.128218E+04   0.297746E+02   0.702359E+05   0.150592E+04
   0.670000E+02   0.128282E+04   0.297734E+02   0.702883E+05   0.150621E+04
   0.671000E+02   0.128347E+04   0.297714E+02   0.703404E+05   0.150649E+04
   0.672000E+02   0.128411E+04   0.297709E+02   0.703924E+05   0.150676E+04
   0.673000E+02   0.128475E+04   0.297692E+02   0.704442E+05   0.150704E+04
   0.674000E+02   0.128538E+04   0.297702E+02   0.704958E+05   0.150731E+04
   0.675000E+02   0.128602E+04   0.297682E+02   0.705472E+05   0.150760E+04
   0.676000E+02   0.128665E+04   0.297692E+02   0.705985E+05   0.150785E+04
   0.677000E+02   0.128728E+04   0.297675E+02   0.706496E+05   0.150814E+04
   0.678000E+02   0.128791E+04   0.297637E+02   0.707005E+05   0.150840E+04
   0.679000E+02   0.128853E+04   0.297642E+02   0.707512E+05   0.150866E+04
   0.680000E+02   0.128916E+04   0.297630E+02   0.708018E+05   0.150890E+04
   0.681000E+02   0.128978E+04   0.297619E+02   0.708522E+05   0.150916E+04
   0.682000E+02   0.129039E+04   0.297593E+02   0.709024E+05   0.150943E+04
   0.683000E+02   0.129101E+04   0.297607E+02   0.709525E+05   0.150967E+04
   0.684000E+02   0.129162E+04   0.297587E+02   0.710024E+05   0.150990E+04
   0.685000E+02   0.129224E+04   0.297553E+02   0.710521E+05   0.151012E+04
   0.686000E+02   0.129285E+04   0.297543E+02   0.711016E+05   0.151037E+04
   0.687000E+02   0.129346E+04   0.297546E+02   0.711510E+05   0.151059E+04
   0.688000E+02   0.129406E+04   0.297523E+02   0.712002E+05   0.151086E+04
   0.689000E+02   0.129467E+04   0.297515E+02   0.712492E+05   0.151107E+04
   0.690000E+02   0.129527E+04   0.297509E+02   0.712981E+05   0.151129E+04
   0.691000E+02   0.129587E+04   0.297475E+02   0.713468E+05   0.151152E+04
   0.692000E+02   0.129647E+04   0.297446E+02   0.713953E+05   0.151175E+04
   0.693000E+02   0.129706E+04   0.297461E+02   0.714437E+05   0.151197E+04
   0.694000E+02   0.129765E+04   0.297433E+02   0.714919E+05   0.151219E+04
   0.695000E+02   0.129824E+04   0.297424E+02   0.715399E+05   0.151240E+04
   0.696000E+02   0.129883E+04   0.297396E+02   0.715878E+05   0.151260E+04
   0.697000E+02   0.129942E+04   0.297391E+02   0.716355E+05   0.151281E+04
   0.698000E+02   0.130000E+04   0.297365E+02   0.716831E+05   0.151301E+04
   0.699000E+02   0.130059E+04   0.297354E+02   0.717304E+05   0.151320E+04
   0.700000E+02   0.130116E+04   0.297338E+02   0.717776E+05   0.151339E+04
   0.701000E+02   0.130175E+04   0.297333E+02   0.718247E+05   0.151362E+04
   0.702000E+02   0.130232E+04   0.297308E+02   0.718716E+05   0.151378E+04
   0.703000E+02   0.130290E+04   0.297297E+02   0.719183E+05   0.151398E+04
   0.704000E+02   0.130347E+04   0.297286E+02   0.719649E+05   0.151418E+04
   0.705000E+02   0.130404E+04   0.297256E+02   0.720113E+05   0.151435E+04
   0.706000E+02   0.130461E+04   0.297248E+02   0.720576E+05   0.151453E+04
   0.707000E+02   0.130517E+04   0.297223E+02   0.721036E+05   0.151474E+04
   0.708000E+02   0.130574E+04   0.297212E+02   0.721496E+05   0.151492E+04
   0.709000E+02   0.130630E+04   0.297205E+02   0.721954E+05   0.151507E+04
   0.710000E+02   0.130686E+04   0.297173E+02   0.722410E+05   0.151524E+04
   0.711000E+02   0.130742E+04   0.297179E+02   0.722864E+05   0.151541E+04
   0.712000E+02   0.130797E+04   0.297140E+02   0.723317E+05   0.151560E+04
   0.713000E+02   0.130853E+04   0.297132E+02   0.723768E+05   0.151574E+04
   0.714000E+02   0.130908E+04   0.297092E+02   0.724219E+05   0.151590E+04
   0.715000E+02   0.130963E+04   0.297081E+02   0.724667E+05   0.151605E+04
   0.716000E+02   0.131018E+04   0.297057E+02   0.725114E+05   0.151622E+04
   0.717000E+02   0.131072E+04   0.297056E+02   0.725559E+05   0.151637E+04
   0.718000E+02   0.131127E+04   0.297037E+02   0.726003E+05   0.151651E+04
   0.719000E+02   0.131181E+04   0.297010E+02   0.726445E+05   0.151666E+04
   0.720000E+02   0.131235E+04   0.297000E+02   0.726885E+05   0.151681E+04
   0.721000E+02   0.131289E+04   0.296976E+02   0.727324E+05   0.151696E+04
   0.722000E+02   0.131342E+04   0.296949E+02   0.727762E+05   0.151710E+04
   0.723000E+02   0.131396E+04   0.296916E+02   0.728198E+05   0.151724E+04
   0.724000E+02   0.131449E+04   0.296916E+02   0.728633E+05   0.151737E+04
   0.725000E+02   0.131503E+04   0.296889E+02   0.729066E+05   0.151751E+04
   0.726000E+02   0.131555E+04   0.296874E+02   0.729498E+05   0.151763E+04
   0.727000E+02   0.131608E+04   0.296842E+02   0.729928E+05   0.151777E+04
   0.728000E+02   0.131661E+04   0.296832E+02   0.730356E+05   0.151791E+04
   0.729000E+02   0.131713E+04   0.296823E+02   0.730783E+05   0.151803E+04
   0.730000E+02   0.131765E+04   0.296813E+02   0.731209E+05   0.151816E+04
   0.731000E+02   0.131817E+04   0.296773E+02   0.731633E+05   0.151828E+04
   0.732000E+02   0.131869E+04   0.296764E+02   0.732056E+05   0.151839E+04
   0.733000E+02   0.131920E+04   0.296737E+02   0.732477E+05   0.151851E+04
   0.734000E+02   0.131972E+04   0.296719E+02   0.732896E+05   0.151862E+04
   0.735000E+02   0.132023E+04   0.296690E+02   0.733315E+05   0.151874E+04
   0.736000E+02   0.132074E+04   0.296687E+02   0.733732E+05   0.151883E+04
   0.737000E+02   0.132125E+04   0.296658E+02   0.734147E+05   0.151896E+04
   0.738000E+02   0.132175E+04   0.296647E+02   0.734561E+05   0.151904E+04
   0.739000E+02   0.132226E+04   0.296597E+02   0.734973E+05   0.151916E+04
   0.740000E+02   0.132276E+04   0.296591E+02   0.735384E+05   0.151925E+04
   0.741000E+02   0.132326E+04   0.296566E+02   0.735794E+05   0.151936E+04
   0.742000E+02   0.132376E+04   0.296547E+02   0.736202E+05   0.151944E+04
   0.743000E+02   0.132426E+04   0.296534E+02   0.736609E+05   0.151953E+04
   0.744000E+02   0.132476E+04   0.296494E+02   0.737014E+05   0.151962E+04
   0.745000E+02   0.132525E+04   0.296503E+02   0.737418E+05   0.151972E+04
   0.746000E+02   0.132574E+04   0.296451E+02   0.737821E+05   0.151980E+04
   0.747000E+02   0.132623E+04   0.296446E+02   0.738222E+05   0.151991E+04
   0.748000E+02   0.132672E+04   0.296419E+02   0.738622E+05   0.151996E+04
   0.749000E+02   0.132721E+04   0.296389E+02   0.739020E+05   0.152006E+04
   0.750000E+02   0.132769E+04   0.296363E+02   0.739417E+05   0.152014E+04
   0.751000E+02   0.132818E+04   0.296341E+02   0.739813E+05   0.152021E+04
   0.752000E+02   0.132866E+04   0.296324E+02   0.740207E+05   0.152030E+04
   0.753000E+02   0.132914E+04   0.296316E+02   0.740599E+05   0.152037E+04
   0.754000E+02   0.132962E+04   0.296285E+02   0.740991E+05   0.152044E+04
   0.755000E+02   0.133010E+04   0.296271E+02   0.741381E+05   0.152052E+04
   0.756000E+02   0.133057E+04   0.296247E+02   0.741770E+05   0.152057E+04
   0.757000E+02   0.133104E+04   0.296238E+02   0.742157E+05   0.152064E+04
   0.758000E+02   0.133151E+04   0.296207E+02   0.742543E+05   0.152073E+04
   0.759000E+02   0.133198E+04   0.296177E+02   0.742928E+05   0.152079E+04
   0.760000E+02   0.133245E+04   0.296155E+02   0.743311E+05   0.152083E+04
   0.761000E+02   0.133292E+04   0.296136E+02   0.743693E+05   0.152090E+04
   0.762000E+02   0.133338E+04   0.296114E+02   0.744074E+05   0.152097E+04
   0.763000E+02   0.133385E+04   0.296078E+02   0.744453E+05   0.152100E+04
   0.764000E+02   0.133431E+04   0.296050E+02   0.744831E+05   0.152104E+04
   0.765000E+02   0.133477E+04   0.296054E+02   0.745207E+05   0.152111E+04
   0.766000E+02   0.133523E+04   0.296025E+02   0.745583E+05   0.152117E+04
   0.767000E+02   0.133568E+04   0.295982E+02   0.745957E+05   0.152120E+04
   0.768000E+02   0.133614E+04   0.295965E+02   0.746329E+05   0.152125E+04
   0.769000E+02   0.133659E+04   0.295935E+02   0.746701E+05   0.152129E+04
   0.770000E+02   0.133704E+04   0.295929E+02   0.747071E+05   0.152135E+04
   0.771000E+02   0.133749E+04   0.295907E+02   0.747439E+05   0.152139E+04
   0.772000E+02   0.133794E+04   0.295856E+02   0.747807E+05   0.152142E+04
   0.773000E+02   0.133839E+04   0.295875E+02   0.748173E+05   0.152146E+04
   0.774000E+02   0.133883E+04   0.295842E+02   0.748538E+05   0.152149E+04
   0.775000E+02   0.133928E+04   0.295807E+02   0.748902E+05   0.152152E+04
   0.776000E+02   0.133972E+04   0.295778E+02   0.749264E+05   0.152155E+04
   0.777000E+02   0.134016E+04   0.295762E+02   0.749625E+05   0.152159E+04
   0.778000E+02   0.134060E+04   0.295758E+02   0.749985E+05   0.152162E+04
   0.779000E+02   0.134104E+04   0.295716E+02   0.750344E+05   0.152165E+04
   0.780000E+02   0.134147E+04   0.295701E+02   0.750701E+05   0.152167E+04
   0.781000E+02   0.134190E+04   0.295677E+02   0.751057E+05   0.152171E+04
   0.782000E+02   0.134234E+04   0.295625E+02   0.751412E+05   0.152172E+04
   0.783000E+02   0.134277E+04   0.295636E+02   0.751765E+05   0.152173E+04
   0.784000E+02   0.134320E+04   0.295589E+02   0.752118E+05   0.152176E+04
   0.785000E+02   0.134362E+04   0.295569E+02   0.752469E+05   0.152176E+04
   0.786000E+02   0.134405E+04   0.295571E+02   0.752819E+05   0.152179E+04
   0.787000E+02   0.134448E+04   0.295528E+02   0.753167E+05   0.152180E+04
   0.788000E+02   0.134490E+04   0.295495E+02   0.753514E+05   0.152182E+04
   0.789000E+02   0.134532E+04   0.295464E+02   0.753861E+05   0.152181E+04
   0.790000E+02   0.134574E+04   0.295439E+02   0.754205E+05   0.152183E+04
   0.791000E+02   0.134616E+04   0.295428E+02   0.754549E+05   0.152184E+04
   0.792000E+02   0.134658E+04   0.295408E+02   0.754891E+05   0.152185E+04
   0.793000E+02   0.134699E+04   0.295393E+02   0.755233E+05   0.152186E+04
   0.794000E+02   0.134741E+04   0.295359E+02   0.755573E+05   0.152187E+04
   0.795000E+02   0.134782E+04   0.295323E+02   0.755912E+05   0.152186E+04
   0.796000E+02   0.134823E+04   0.295295E+02   0.756249E+05   0.152188E+04
   0.797000E+02   0.134864E+04   0.295261E+02   0.756586E+05   0.152187E+04
   0.798000E+02   0.134905E+04   0.295265E+02   0.756921E+05   0.152185E+04
   0.799000E+02   0.134946E+04   0.295240E+02   0.757255E+05   0.152186E+04
   0.800000E+02   0.134986E+04   0.295218E+02   0.757588E+05   0.152184E+04
   0.801000E+02   0.135026E+04   0.295197E+02   0.757920E+05   0.152185E+04
   0.802000E+02   0.135067E+04   0.295157E+02   0.758251E+05   0.152185E+04
   0.803000E+02   0.135107E+04   0.295137E+02   0.758580E+05   0.152183E+04
   0.804000E+02   0.135147E+04   0.295101E+02   0.758908E+05   0.152183E+04
   0.805000E+02   0.135187E+04   0.295077E+02   0.759236E+05   0.152181E+04
   0.806000E+02   0.135226E+04   0.295062E+02   0.759561E+05   0.152181E+04
   0.807000E+02   0.135266E+04   0.295021E+02   0.759886E+05   0.152180E+04
   0.808000E+02   0.135305E+04   0.295002E+02   0.760210E+05   0.152176E+04
   0.809000E+02   0.135344E+04   0.294988E+02   0.760532E+05   0.152174E+04
   0.810000E+02   0.135383E+04   0.294950E+02   0.760854E+05   0.152172E+04
   0.811000E+02   0.135422E+04   0.294937E+02   0.761174E+05   0.152172E+04
   0.812000E+02   0.135461E+04   0.294910E+02   0.761493E+05   0.152169E+04
   0.813000E+02   0.135500E+04   0.294870E+02   0.761811E+05   0.152167E+04
   0.814000E+02   0.135538E+04   0.294856E+02   0.762128E+05   0.152165E+04
   0.815000E+02   0.135577E+04   0.294828E+02   0.762444E+05   0.152165E+04
   0.816000E+02   0.135615E+04   0.294800E+02   0.762758E+05   0.152161E+04
   0.817000E+02   0.135653E+04   0.294782E+02   0.763072E+05   0.152158E+04
   0.818000E+02   0.135691E+04   0.294742E+02   0.763384E+05   0.152155E+04
   0.819000E+02   0.135729E+04   0.294749E+02   0.763695E+05   0.152155E+04
   0.820000E+02   0.135767E+04   0.294704E+02   0.764005E+05   0.152149E+04
   0.821000E+02   0.135804E+04   0.294690E+02   0.764315E+05   0.152148E+04
   0.822000E+02   0.135842E+04   0.294669E+02   0.764622E+05   0.152142E+04
   0.823000E+02   0.135879E+04   0.294618E+02   0.764930E+05   0.152138E+04
   0.824000E+02   0.135916E+04   0.294595E+02   0.765235E+05   0.152135E+04
   0.825000E+02   0.135953E+04   0.294578E+02   0.765540E+05   0.152133E+04
   0.826000E+02   0.135990E+04   0.294556E+02   0.765843E+05   0.152127E+04
   0.827000E+02   0.136027E+04   0.294537E+02   0.766146E+05   0.152124E+04
   0.828000E+02   0.136063E+04   0.294524E+02   0.766448E+05   0.152121E+04
   0.829000E+02   0.136100E+04   0.294479E+02   0.766748E+05   0.152117E+04
   0.830000E+02   0.136136E+04   0.294465E+02   0.767047E+05   0.152113E+04
   0.831000E+02   0.136172E+04   0.294423E+02   0.767346E+05   0.152110E+04
   0.832000E+02   0.136209E+04   0.294412E+02   0.767642E+05   0.152105E+04
   0.833000E+02   0.136245E+04   0.294360E+02   0.767939E+05   0.152099E+04
   0.834000E+02   0.136280E+04   0.294355E+02   0.768234E+05   0.152097E+04
   0.835000E+02   0.136316E+04   0.294336E+02   0.768528E+05   0.152092E+04
   0.836000E+02   0.136352E+04   0.294315E+02   0.768821E+05   0.152087E+04
   0.837000E+02   0.136387E+04   0.294271E+02   0.769113E+05   0.152081E+04
   0.838000E+02   0.136422E+04   0.294259E+02   0.769404E+05   0.152077E+04
   0.839000E+02   0.136458E+04   0.294224E+02   0.769694E+05   0.152072E+04
   0.840000E+02   0.136493E+04   0.294205E+02   0.769983E+05   0.152067E+04
   0.841000E+02   0.136528E+04   0.294171E+02   0.770271E+05   0.152060E+04
   0.842000E+02   0.136562E+04   0.294168E+02   0.770558E+05   0.152055E+04
   0.843000E+02   0.136597E+04   0.294127E+02   0.770843E+05   0.152051E+04
   0.844000E+02   0.136632E+04   0.294110E+02   0.771128E+05   0.152043E+04
   0.845000E+02   0.136666E+04   0.294083E+02   0.771412E+05   0.152038E+04
   0.846000E+02   0.136701E+04   0.294059E+02   0.771694E+05   0.152034E+04
   0.847000E+02   0.136735E+04   0.294011E+02   0.771976E+05   0.152028E+04
   0.848000E+02   0.136769E+04   0.294001E+02   0.772257E+05   0.152020E+04
   0.849000E+02   0.136803E+04   0.293959E+02   0.772537E+05   0.152014E+04
   0.850000E+02   0.136836E+04   0.293955E+02   0.772815E+05   0.152010E+04
   0.851000E+02   0.136870E+04   0.293920E+02   0.773093E+05   0.152002E+04
   0.852000E+02   0.136904E+04   0.293907E+02   0.773370E+05   0.151996E+04
   0.853000E+02   0.136937E+04   0.293864E+02   0.773646E+05   0.151989E+04
   0.854000E+02   0.136971E+04   0.293853E+02   0.773921E+05   0.151984E+04
   0.855000E+02   0.137004E+04   0.293823E+02   0.774194E+05   0.151976E+04
   0.856000E+02   0.137037E+04   0.293800E+02   0.774467E+05   0.151971E+04
   0.857000E+02   0.137070E+04   0.293755E+02   0.774739E+05   0.151964E+04
   0.858000E+02   0.137103E+04   0.293764E+02   0.775010E+05   0.151956E+04
   0.859000E+02   0.137135E+04   0.293733E+02   0.775280E+05   0.151950E+04
   0.860000E+02   0.137168E+04   0.293706E+02   0.775549E+05   0.151943E+04
   0.861000E+02   0.137201E+04   0.293670E+02   0.775817E+05   0.151935E+04
   0.862000E+02   0.137233E+04   0.293666E+02   0.776084E+05   0.151928E+04
   0.863000E+02   0.137265E+04   0.293611E+02   0.776350E+05   0.151922E+04
   0.864000E+02   0.137297E+04   0.293595E+02   0.776615E+05   0.151915E+04
   0.865000E+02   0.137329E+04   0.293556E+02   0.776879E+05   0.151905E+04
   0.866000E+02   0.137361E+04   0.293554E+02   0.777143E+05   0.151899E+04
   0.867000E+02   0.137393E+04   0.293519E+02   0.777405E+05   0.151893E+04
   0.868000E+02   0.137425E+04   0.293490E+02   0.777666E+05   0.151885E+04
   0.869000E+02   0.137456E+04   0.293459E+02   0.777927E+05   0.151876E+04
   0.870000E+02   0.137488E+04   0.293448E+02   0.778186E+05   0.151867E+04
   0.871000E+02   0.137519E+04   0.293411E+02   0.778445E+05   0.151862E+04
   0.872000E+02   0.137550E+04   0.293394E+02   0.778702E+05   0.151853E+04
   0.873000E+02   0.137581E+04   0.293375E+02   0.778959E+05   0.151845E+04
   0.874000E+02   0.137613E+04   0.293349E+02   0.779215E+05   0.151837E+04
   0.875000E+02   0.137643E+04   0.293315E+02   0.779470E+05   0.151828E+04
   0.876000E+02   0.137674E+04   0.293296E+02   0.779724E+05   0.151820E+04
   0.877000E+02   0.137705E+04   0.293270E+02   0.779977E+05   0.151813E+04
   0.878000E+02   0.137735E+04   0.293251E+02   0.780229E+05   0.151803E+04
   0.879000E+02   0.137766E+04   0.293194E+02   0.780481E+05   0.151795E+04
   0.880000E+02   0.137796E+04   0.293183E+02   0.780731E+05   0.151787E+04
   0.881000E+02   0.137826E+04   0.293174E+02   0.780981E+05   0.151779E+04
   0.882000E+02   0.137856E+04   0.293140E+02   0.781229E+05   0.151769E+04
   0.883000E+02   0.137887E+04   0.293123E+02   0.781477E+05   0.151762E+04
   0.884000E+02   0.137916E+04   0.293096E+02   0.781724E+05   0.151751E+04
   0.885000E+02   0.137946E+04   0.293062E+02   0.781970E+05   0.151742E+04
   0.886000E+02   0.137976E+04   0.293027E+02   0.782215E+05   0.151734E+04
   0.887000E+02   0.138005E+04   0.293001E+02   0.782459E+05   0.151726E+04
   0.888000E+02   0.138035E+04   0.292998E+02   0.782702E+05   0.151717E+04
   0.889000E+02   0.138064E+04   0.292964E+02   0.782945E+05   0.151707E+04
   0.890000E+02   0.138093E+04   0.292953E+02   0.783186E+05   0.151699E+04
   0.891000E+02   0.138122E+04   0.292909E+02   0.783427E+05   0.151691E+04
   0.892000E+02   0.138152E+04   0.292900E+02   0.783667E+05   0.151681E+04
   0.893000E+02   0.138181E+04   0.292854E+02   0.783906E+05   0.151670E+04
   0.894000E+02   0.138209E+04   0.292832E+02   0.784144E+05   0.151663E+04
   0.895000E+02   0.138238E+04   0.292820E+02   0.784381E+05   0.151652E+04
   0.896000E+02   0.138266E+04   0.292802E+02   0.784618E+05   0.151644E+04
   0.897000E+02   0.138295E+04   0.292759E+02   0.784853E+05   0.151633E+04
   0.898000E+02   0.138324E+04   0.292757E+02   0.785088E+05   0.151625E+04
   0.899000E+02   0.138352E+04   0.292725E+02   0.785322E+05   0.151615E+04
   0.900000E+02   0.138380E+04   0.292698E+02   0.785555E+05   0.151604E+04
   0.901000E+02   0.138408E+04   0.292665E+02   0.785787E+05   0.151596E+04
   0.902000E+02   0.138436E+04   0.292644E+02   0.786018E+05   0.151584E+04
   0.903000E+02   0.138464E+04   0.292617E+02   0.786249E+05   0.151576E+04
   0.904000E+02   0.138492E+04   0.292603E+02   0.786479E+05   0.151565E+04
   0.905000E+02   0.138520E+04   0.292578E+02   0.786708E+05   0.151554E+04
   0.906000E+02   0.138547E+04   0.292554E+02   0.786936E+05   0.151546E+04
   0.907000E+02   0.138574E+04   0.292519E+02   0.787163E+05   0.151536E+04
   0.908000E+02   0.138602E+04   0.292499E+02   0.787389E+05   0.151527E+04
   0.909000E+02   0.138629E+04   0.292472E+02   0.787615E+05   0.151516E+04
   0.910000E+02   0.138656E+04   0.292457E+02   0.787840E+05   0.151504E+04
   0.911000E+02   0.138684E+04   0.292440E+02   0.788064E+05   0.151495E+04
   0.912000E+02   0.138711E+04   0.292411E+02   0.788287E+05   0.151485E+04
   0.913000E+02   0.138738E+04   0.292374E+02   0.788509E+05   0.151473E+04
   0.914000E+02   0.138764E+04   0.292358E+02   0.788731E+05   0.151464E+04
   0.915000E+02   0.138791E+04   0.292333E+02   0.788952E+05   0.151454E+04
   0.916000E+02   0.138818E+04   0.292303E+02   0.789172E+05   0.151444E+04
   0.917000E+02   0.138844E+04   0.292285E+02   0.789391E+05   0.151432E+04
   0.918000E+02   0.138870E+04   0.292250E+02   0.789609E+05   0.151423E+04
   0.919000E+02   0.138897E+04   0.292216E+02   0.789827E+05   0.151410E+04
   0.920000E+02   0.138923E+04   0.292214E+02   0.790044E+05   0.151401E+04
   0.921000E+02   0.138949E+04   0.292167E+02   0.790260E+05   0.151389E+04
   0.922000E+02   0.138975E+04   0.292164E+02   0.790476E+05   0.151378E+04
   0.923000E+02   0.139001E+04   0.292147E+02   0.790690E+05   0.151368E+04
   0.924000E+02   0.139027E+04   0.292111E+02   0.790904E+05   0.151357E+04
   0.925000E+02   0.139053E+04   0.292081E+02   0.791117E+05   0.151348E+04
   0.926000E+02   0.139078E+04   0.292065E+02   0.791329E+05   0.151335E+04
   0.927000E+02   0.139104E+04   0.292037E+02   0.791540E+05   0.151325E+04
   0.928000E+02   0.139129E+04   0.292016E+02   0.791751E+05   0.151315E+04
   0.929000E+02   0.139155E+04   0.291985E+02   0.791961E+05   0.151303E+04
   0.930000E+02   0.139180E+04   0.291969E+02   0.792170E+05   0.151292E+04
   0.931000E+02   0.139205E+04   0.291937E+02   0.792379E+05   0.151281E+04
   0.932000E+02   0.139230E+04   0.291916E+02   0.792587E+05   0.151270E+04
   0.933000E+02   0.139255E+04   0.291907E+02   0.792794E+05   0.151259E+04
   0.934000E+02   0.139280E+04   0.291884E+02   0.793000E+05   0.151248E+04
   0.935000E+02   0.139305E+04   0.291848E+02   0.793205E+05   0.151236E+04
   0.936000E+02   0.139330E+04   0.291807E+02   0.793410E+05   0.151225E+04
   0.937000E+02   0.139354E+04   0.291799E+02   0.793614E+05   0.151212E+04
   0.938000E+02   0.139379E+04   0.291766E+02   0.793817E+05   0.151204E+04
   0.939000E+02   0.139403E+04   0.291750E+02   0.794020E+05   0.151192E+04
   0.940000E+02   0.139428E+04   0.291740E+02   0.794221E+05   0.151180E+04
   0.941000E+02   0.139452E+04   0.291725E+02   0.794422E+05   0.151169E+04
   0.942000E+02   0.139476E+04   0.291691E+02   0.794623E+05   0.151159E+04
   0.943000E+02   0.139501E+04   0.291673E+02   0.794823E+05   0.151147E+04
   0.944000E+02   0.139525E+04   0.291641E+02   0.795021E+05   0.151134E+04
   0.945000E+02   0.139548E+04   0.291635E+02   0.795219E+05   0.151123E+04
   0.946000E+02   0.139572E+04   0.291588E+02   0.795417E+05   0.151111E+04
   0.947000E+02   0.139596E+04   0.291573E+02   0.795614E+05   0.151101E+04
   0.948000E+02   0.139620E+04   0.291534E+02   0.795810E+05   0.151088E+04
   0.949000E+02   0.139643E+04   0.291530E+02   0.796005E+05   0.151076E+04
   0.950000E+02   0.139667E+04   0.291499E+02   0.796200E+05   0.151064E+04
   0.951000E+02   0.139690E+04   0.291476E+02   0.796394E+05   0.151052E+04
   0.952000E+02   0.139714E+04   0.291463E+02   0.796587E+05   0.151042E+04
   0.953000E+02   0.139737E+04   0.291425E+02   0.796779E+05   0.151029E+04
   0.954000E+02   0.139760E+04   0.291402E+02   0.796971E+05   0.151017E+04
   0.955000E+02   0.139783E+04   0.291366E+02   0.797162E+05   0.151006E+04
   0.956000E+02   0.139806E+04   0.291380E+02   0.797353E+05   0.150995E+04
   0.957000E+02   0.139829E+04   0.291351E+02   0.797543E+05   0.150982E+04
   0.958000E+02   0.139852E+04   0.291310E+02   0.797731E+05   0.150970E+04
   0.959000E+02   0.139875E+04   0.291301E+02   0.797920E+05   0.150960E+04
   0.960000E+02   0.139897E+04   0.291266E+02   0.798108E+05   0.150947E+04
   0.961000E+02   0.139920E+04   0.291240E+02   0.798295E+05   0.150934E+04
   0.962000E+02   0.139942E+04   0.291228E+02   0.798481E+05   0.150923E+04
   0.963000E+02   0.139965E+04   0.291196E+02   0.798667E+05   0.150911E+04
   0.964000E+02   0.139987E+04   0.291181E+02   0.798852E+05   0.150899E+04
   0.965000E+02   0.140009E+04   0.291163E+02   0.799036E+05   0.150886E+04
   0.966000E+02   0.140032E+04   0.291138E+02   0.799220E+05   0.150875E+04
   0.967000E+02   0.140053E+04   0.291121E+02   0.799403E+05   0.150862E+04
   0.968000E+02   0.140076E+04   0.291074E+02   0.799585E+05   0.150850E+04
   0.969000E+02   0.140098E+04   0.291083E+02   0.799767E+05   0.150839E+04
   0.970000E+02   0.140119E+04   0.291049E+02   0.799948E+05   0.150827E+04
   0.971000E+02   0.140141E+04   0.291014E+02   0.800129E+05   0.150814E+04
   0.972000E+02   0.140163E+04   0.291002E+02   0.800308E+05   0.150802E+04
   0.973000E+02   0.140184E+04   0.290966E+02   0.800488E+05   0.150790E+04
   0.974000E+02   0.140206E+04   0.290954E+02   0.800666E+05   0.150779E+04
   0.975000E+02   0.140228E+04   0.290923E+02   0.800844E+05   0.150766E+04
   0.976000E+02   0.140249E+04   0.290916E+02   0.801021E+05   0.150755E+04
   0.977000E+02   0.140270E+04   0.290903E+02   0.801198E+05   0.150740E+04
   0.978000E+02   0.140291E+04   0.290863E+02   0.801373E+05   0.150730E+04
   0.979000E+02   0.140312E+04   0.290856E+02   0.801549E+05   0.150716E+04
   0.980000E+02   0.140333E+04   0.290816E+02   0.801723E+05   0.150704E+04
   0.981000E+02   0.140355E+04   0.290803E+02   0.801897E+05   0.150691E+04
   0.982000E+02   0.140375E+04   0.290778E+02   0.802071E+05   0.150682E+04
   0.983000E+02   0.140396E+04   0.290765E+02   0.802243E+05   0.150666E+04
   0.984000E+02   0.140417E+04   0.290752E+02   0.802415E+05   0.150656E+04
   0.985000E+02   0.140438E+04   0.290723E+02   0.802587E+05   0.150642E+04
   0.986000E+02   0.140458E+04   0.290707E+02   0.802758E+05   0.150629E+04
   0.987000E+02   0.140479E+04   0.290674E+02   0.802928E+05   0.150617E+04
   0.988000E+02   0.140499E+04   0.290668E+02   0.803098E+05   0.150607E+04
   0.989000E+02   0.140520E+04   0.290643E+02   0.803267E+05   0.150595E+04
   0.990000E+02   0.140540E+04   0.290605E+02   0.803435E+05   0.150581E+04
   0.991000E+02   0.140560E+04   0.290583E+02   0.803603E+05   0.150568E+04
   0.992000E+02   0.140581E+04   0.290562E+02   0.803770E+05   0.150556E+04
   0.993000E+02   0.140600E+04   0.290543E+02   0.803936E+05   0.150545E+04
   0.994000E+02   0.140621E+04   0.290515E+02   0.804102E+05   0.150532E+04
   0.995000E+02   0.140641E+04   0.290492E+02   0.804268E+05   0.150519E+04
   0.996000E+02   0.140660E+04   0.290491E+02   0.804433E+05   0.150504E+04
   0.997000E+02   0.140680E+04   0.290451E+02   0.804597E+05   0.150492E+04
   0.998000E+02   0.140700E+04   0.290443E+02   0.804761E+05   0.150481E+04
   0.999000E+02   0.140719E+04   0.290435E+02   0.804924E+05   0.150469E+04
   0.100000E+03   0.140739E+04   0.290392E+02   0.805086E+05   0.150457E+04
   0.100100E+03   0.140759E+04   0.290379E+02   0.805248E+05   0.150443E+04
   0.100200E+03   0.140778E+04   0.290356E+02   0.805409E+05   0.150430E+04
   0.100300E+03   0.140797E+04   0.290325E+02   0.805570E+05   0.150419E+04
   0.100400E+03   0.140817E+04   0.290314E+02   0.805730E+05   0.150405E+04
   0.100500E+03   0.140836E+04   0.290297E+02   0.805889E+05   0.150393E+04
   0.100600E+03   0.140855E+04   0.290268E+02   0.806048E+05   0.150380E+04
   0.100700E+03   0.140874E+04   0.290263E+02   0.806206E+05   0.150368E+04
   0.100800E+03   0.140893E+04   0.290224E+02   0.806364E+05   0.150356E+04
   0.100900E+03   0.140912E+04   0.290213E+02   0.806521E+05   0.150342E+04
   0.101000E+03   0.140931E+04   0.290193E+02   0.806678E+05   0.150331E+04
   0.101100E+03   0.140950E+04   0.290168E+02   0.806834E+05   0.150318E+04
   0.101200E+03   0.140969E+04   0.290128E+02   0.806989E+05   0.150305E+04
   0.101300E+03   0.140987E+04   0.290118E+02   0.807144E+05   0.150293E+04
   0.101400E+03   0.141006E+04   0.290108E+02   0.807299E+05   0.150280E+04
   0.101500E+03   0.141024E+04   0.290095E+02   0.807452E+05   0.150267E+04
   0.101600E+03   0.141043E+04   0.290043E+02   0.807606E+05   0.150253E+04
   0.101700E+03   0.141062E+04   0.290030E+02   0.807759E+05   0.150242E+04
   0.101800E+03   0.141080E+04   0.290026E+02   0.807911E+05   0.150228E+04
   0.101900E+03   0.141098E+04   0.290025E+02   0.808062E+05   0.150216E+04
   0.102000E+03   0.141116E+04   0.289976E+02   0.808213E+05   0.150205E+04
   0.102100E+03   0.141134E+04   0.289963E+02   0.808364E+05   0.150190E+04
   0.102200E+03   0.141152E+04   0.289935E+02   0.808514E+05   0.150177E+04
   0.102300E+03   0.141170E+04   0.289928E+02   0.808663E+05   0.150167E+04
   0.102400E+03   0.141188E+04   0.289909E+02   0.808812E+05   0.150153E+04
   0.102500E+03   0.141206E+04   0.289874E+02   0.808960E+05   0.150140E+04
   0.102600E+03   0.141224E+04   0.289852E+02   0.809108E+05   0.150129E+04
   0.102700E+03   0.141242E+04   0.289857E+02   0.809255E+05   0.150117E+04
   0.102800E+03   0.141259E+04   0.289833E+02   0.809402E+05   0.150103E+04
   0.102900E+03   0.141277E+04   0.289800E+02   0.809548E+05   0.150090E+04
   0.103000E+03   0.141294E+04   0.289784E+02   0.809694E+05   0.150079E+04
   0.103100E+03   0.141312E+04   0.289774E+02   0.809839E+05   0.150064E+04
   0.103200E+03   0.141330E+04   0.289753E+02   0.809984E+05   0.150053E+04
   0.103300E+03   0.141347E+04   0.289736E+02   0.810128E+05   0.150040E+04
   0.103400E+03   0.141364E+04   0.289699E+02   0.810271E+05   0.150029E+04
   0.103500E+03   0.141381E+04   0.289688E+02   0.810414E+05   0.150014E+04
   0.103600E+03   0.141399E+04   0.289678E+02   0.810556E+05   0.150002E+04
   0.103700E+03   0.141415E+04   0.289646E+02   0.810699E+05   0.149989E+04
   0.103800E+03   0.141433E+04   0.289634E+02   0.810840E+05   0.149977E+04
   0.103900E+03   0.141450E+04   0.289597E+02   0.810981E+05   0.149963E+04
   0.104000E+03   0.141466E+04   0.289588E+02   0.811121E+05   0.149951E+04
   0.104100E+03   0.141483E+04   0.289567E+02   0.811261E+05   0.149938E+04
   0.104200E+03   0.141500E+04   0.289550E+02   0.811401E+05   0.149925E+04
   0.104300E+03   0.141517E+04   0.289534E+02   0.811540E+05   0.149911E+04
   0.104400E+03   0.141534E+04   0.289505E+02   0.811678E+05   0.149898E+04
   0.104500E+03   0.141550E+04   0.289493E+02   0.811816E+05   0.149888E+04
   0.104600E+03   0.141567E+04   0.289464E+02   0.811954E+05   0.149876E+04
   0.104700E+03   0.141583E+04   0.289444E+02   0.812090E+05   0.149863E+04
   0.104800E+03   0.141600E+04   0.289441E+02   0.812227E+05   0.149850E+04
   0.104900E+03   0.141616E+04   0.289417E+02   0.812363E+05   0.149837E+04
   0.105000E+03   0.141632E+04   0.289381E+02   0.812498E+05   0.149825E+04
   0.105100E+03   0.141649E+04   0.289367E+02   0.812633E+05   0.149812E+04
   0.105200E+03   0.141665E+04   0.289358E+02   0.812768E+05   0.149798E+04
   0.105300E+03   0.141681E+04   0.289360E+02   0.812902E+05   0.149788E+04
   0.105400E+03   0.141697E+04   0.289315E+02   0.813035E+05   0.149774E+04
   0.105500E+03   0.141713E+04   0.289319E+02   0.813168E+05   0.149761E+04
   0.105600E+03   0.141729E+04   0.289280E+02   0.813300E+05   0.149749E+04
   0.105700E+03   0.141745E+04   0.289259E+02   0.813433E+05   0.149738E+04
   0.105800E+03   0.141761E+04   0.289267E+02   0.813564E+05   0.149725E+04
   0.105900E+03   0.141776E+04   0.289236E+02   0.813695E+05   0.149711E+04
   0.106000E+03   0.141792E+04   0.289198E+02   0.813826E+05   0.149697E+04
   0.106100E+03   0.141808E+04   0.289206E+02   0.813956E+05   0.149687E+04
   0.106200E+03   0.141824E+04   0.289180E+02   0.814086E+05   0.149672E+04
   0.106300E+03   0.141839E+04   0.289157E+02   0.814215E+05   0.149661E+04
   0.106400E+03   0.141855E+04   0.289131E+02   0.814344E+05   0.149650E+04
   0.106500E+03   0.141870E+04   0.289116E+02   0.814472E+05   0.149638E+04
   0.106600E+03   0.141885E+04   0.289110E+02   0.814599E+05   0.149624E+04
   0.106700E+03   0.141901E+04   0.289070E+02   0.814727E+05   0.149612E+04
   0.106800E+03   0.141916E+04   0.289043E+02   0.814854E+05   0.149599E+04
   0.106900E+03   0.141931E+04   0.289049E+02   0.814980E+05   0.149585E+04
   0.107000E+03   0.141946E+04   0.289033E+02   0.815106E+05   0.149573E+04
   0.107100E+03   0.141961E+04   0.288999E+02   0.815231E+05   0.149562E+04
   0.107200E+03   0.141977E+04   0.289004E+02   0.815356E+05   0.149548E+04
   0.107300E+03   0.141991E+04   0.288961E+02   0.815481E+05   0.149538E+04
   0.107400E+03   0.142007E+04   0.288962E+02   0.815605E+05   0.149522E+04
   0.107500E+03   0.142021E+04   0.288947E+02   0.815729E+05   0.149512E+04
   0.107600E+03   0.142036E+04   0.288907E+02   0.815852E+05   0.149499E+04
   0.107700E+03   0.142051E+04   0.288904E+02   0.815975E+05   0.149485E+04
   0.107800E+03   0.142066E+04   0.288892E+02   0.816097E+05   0.149474E+04
   0.107900E+03   0.142080E+04   0.288859E+02   0.816219E+05   0.149462E+04
   0.108000E+03   0.142095E+04   0.288833E+02   0.816340E+05   0.149449E+04
   0.108100E+03   0.142109E+04   0.288818E+02   0.816461E+05   0.149438E+04
   0.108200E+03   0.142124E+04   0.288819E+02   0.816582E+05   0.149425E+04
   0.108300E+03   0.142138E+04   0.288791E+02   0.816702E+05   0.149412E+04
   0.108400E+03   0.142153E+04   0.288779E+02   0.816821E+05   0.149399E+04
   0.108500E+03   0.142167E+04   0.288765E+02   0.816941E+05   0.149388E+04
   0.108600E+03   0.142181E+04   0.288736E+02   0.817059E+05   0.149375E+04
   0.108700E+03   0.142196E+04   0.288722E+02   0.817178E+05   0.149361E+04
   0.108800E+03   0.142210E+04   0.288711E+02   0.817296E+05   0.149349E+04
   0.108900E+03   0.142224E+04   0.288685E+02   0.817413E+05   0.149337E+04
   0.109000E+03   0.142238E+04   0.288678E+02   0.817530E+05   0.149325E+04
   0.109100E+03   0.142252E+04   0.288641E+02   0.817647E+05   0.149312E+04
   0.109200E+03   0.142266E+04   0.288637E+02   0.817763E+05   0.149299E+04
   0.109300E+03   0.142280E+04   0.288600E+02   0.817879E+05   0.149289E+04
   0.109400E+03   0.142294E+04   0.288624E+02   0.817994E+05   0.149278E+04
   0.109500E+03   0.142308E+04   0.288587E+02   0.818109E+05   0.149266E+04
   0.109600E+03   0.142322E+04   0.288559E+02   0.818224E+05   0.149252E+04
   0.109700E+03   0.142335E+04   0.288566E+02   0.818338E+05   0.149240E+04
   0.109800E+03   0.142349E+04   0.288535E+02   0.818452E+05   0.149228E+04
   0.109900E+03   0.142363E+04   0.288518E+02   0.818565E+05   0.149214E+04
   0.110000E+03   0.142376E+04   0.288506E+02   0.818678E+05   0.149204E+04
   0.110100E+03   0.142390E+04   0.288475E+02   0.818790E+05   0.149190E+04
   0.110200E+03   0.142403E+04   0.288468E+02   0.818902E+05   0.149179E+04
   0.110300E+03   0.142417E+04   0.288457E+02   0.819014E+05   0.149166E+04
   0.110400E+03   0.142430E+04   0.288417E+02   0.819125E+05   0.149154E+04
   0.110500E+03   0.142443E+04   0.288408E+02   0.819236E+05   0.149142E+04
   0.110600E+03   0.142457E+04   0.288409E+02   0.819347E+05   0.149131E+04
   0.110700E+03   0.142470E+04   0.288402E+02   0.819457E+05   0.149118E+04
   0.110800E+03   0.142483E+04   0.288365E+02   0.819566E+05   0.149105E+04
   0.110900E+03   0.142496E+04   0.288350E+02   0.819676E+05   0.149094E+04
   0.111000E+03   0.142509E+04   0.288354E+02   0.819784E+05   0.149083E+04
   0.111100E+03   0.142522E+04   0.288322E+02   0.819893E+05   0.149069E+04
   0.111200E+03   0.142535E+04   0.288325E+02   0.820001E+05   0.149060E+04
   0.111300E+03   0.142548E+04   0.288283E+02   0.820108E+05   0.149046E+04
   0.111400E+03   0.142561E+04   0.288268E+02   0.820216E+05   0.149033E+04
   0.111500E+03   0.142574E+04   0.288253E+02   0.820322E+05   0.149023E+04
   0.111600E+03   0.142587E+04   0.288247E+02   0.820429E+05   0.149010E+04
   0.111700E+03   0.142600E+04   0.288223E+02   0.820535E+05   0.148998E+04
   0.111800E+03   0.142612E+04   0.288194E+02   0.820641E+05   0.148986E+04
   0.111900E+03   0.142625E+04   0.288199E+02   0.820746E+05   0.148973E+04
   0.112000E+03   0.142638E+04   0.288189E+02   0.820851E+05   0.148961E+04
   0.112100E+03   0.142650E+04   0.288166E+02   0.820955E+05   0.148951E+04
   0.112200E+03   0.142663E+04   0.288146E+02   0.821060E+05   0.148939E+04
   0.112300E+03   0.142675E+04   0.288133E+02   0.821164E+05   0.148927E+04
   0.112400E+03   0.142688E+04   0.288107E+02   0.821267E+05   0.148915E+04
   0.112500E+03   0.142700E+04   0.288101E+02   0.821370E+05   0.148901E+04
   0.112600E+03   0.142712E+04   0.288081E+02   0.821473E+05   0.148891E+04
   0.112700E+03   0.142725E+04   0.288080E+02   0.821575E+05   0.148878E+04
   0.112800E+03   0.142737E+04   0.288049E+02   0.821677E+05   0.148866E+04
   0.112900E+03   0.142749E+04   0.288036E+02   0.821778E+05   0.148856E+04
   0.113000E+03   0.142762E+04   0.288010E+02   0.821880E+05   0.148844E+04
   0.113100E+03   0.142774E+04   0.288010E+02   0.821980E+05   0.148831E+04
   0.113200E+03   0.142786E+04   0.287989E+02   0.822081E+05   0.148820E+04
   0.113300E+03   0.142798E+04   0.287971E+02   0.822181E+05   0.148806E+04
   0.113400E+03   0.142810E+04   0.287950E+02   0.822281E+05   0.148798E+04
   0.113500E+03   0.142821E+04   0.287954E+02   0.822380E+05   0.148784E+04
   0.113600E+03   0.142833E+04   0.287916E+02   0.822479E+05   0.148774E+04
   0.113700E+03   0.142845E+04   0.287922E+02   0.822578E+05   0.148762E+04
   0.113800E+03   0.142857E+04   0.287891E+02   0.822676E+05   0.148749E+04
   0.113900E+03   0.142869E+04   0.287875E+02   0.822774E+05   0.148739E+04
   0.114000E+03   0.142881E+04   0.287881E+02   0.822871E+05   0.148726E+04
   0.114100E+03   0.142892E+04   0.287850E+02   0.822968E+05   0.148714E+04
   0.114200E+03   0.142904E+04   0.287836E+02   0.823066E+05   0.148703E+04
   0.114300E+03   0.142916E+04   0.287806E+02   0.823162E+05   0.148691E+04
   0.114400E+03   0.142927E+04   0.287806E+02   0.823258E+05   0.148680E+04
   0.114500E+03   0.142939E+04   0.287792E+02   0.823354E+05   0.148667E+04
   0.114600E+03   0.142950E+04   0.287781E+02   0.823449E+05   0.148658E+04
   0.114700E+03   0.142962E+04   0.287751E+02   0.823544E+05   0.148648E+04
   0.114800E+03   0.142973E+04   0.287749E+02   0.823639E+05   0.148634E+04
   0.114900E+03   0.142985E+04   0.287735E+02   0.823733E+05   0.148622E+04
   0.115000E+03   0.142996E+04   0.287717E+02   0.823827E+05   0.148611E+04
   0.115100E+03   0.143007E+04   0.287696E+02   0.823921E+05   0.148600E+04
   0.115200E+03   0.143018E+04   0.287678E+02   0.824014E+05   0.148588E+04
   0.115300E+03   0.143029E+04   0.287672E+02   0.824108E+05   0.148576E+04
   0.115400E+03   0.143040E+04   0.287670E+02   0.824200E+05   0.148564E+04
   0.115500E+03   0.143052E+04   0.287626E+02   0.824292E+05   0.148554E+04
   0.115600E+03   0.143063E+04   0.287638E+02   0.824385E+05   0.148543E+04
   0.115700E+03   0.143074E+04   0.287601E+02   0.824476E+05   0.148531E+04
   0.115800E+03   0.143085E+04   0.287601E+02   0.824567E+05   0.148519E+04
   0.115900E+03   0.143096E+04   0.287581E+02   0.824658E+05   0.148508E+04
   0.116000E+03   0.143107E+04   0.287578E+02   0.824749E+05   0.148498E+04
   0.116100E+03   0.143117E+04   0.287548E+02   0.824840E+05   0.148486E+04
   0.116200E+03   0.143128E+04   0.287535E+02   0.824929E+05   0.148475E+04
   0.116300E+03   0.143139E+04   0.287521E+02   0.825019E+05   0.148462E+04
   0.116400E+03   0.143150E+04   0.287525E+02   0.825109E+05   0.148450E+04
   0.116500E+03   0.143161E+04   0.287494E+02   0.825198E+05   0.148441E+04
   0.116600E+03   0.143171E+04   0.287484E+02   0.825286E+05   0.148431E+04
   0.116700E+03   0.143181E+04   0.287458E+02   0.825375E+05   0.148419E+04
   0.116800E+03   0.143192E+04   0.287468E+02   0.825463E+05   0.148407E+04
   0.116900E+03   0.143203E+04   0.287459E+02   0.825551E+05   0.148396E+04
   0.117000E+03   0.143213E+04   0.287446E+02   0.825638E+05   0.148386E+04
   0.117100E+03   0.143224E+04   0.287421E+02   0.825725E+05   0.148375E+04
   0.117200E+03   0.143234E+04   0.287413E+02   0.825812E+05   0.148362E+04
   0.117300E+03   0.143245E+04   0.287400E+02   0.825898E+05   0.148352E+04
   0.117400E+03   0.143255E+04   0.287364E+02   0.825984E+05   0.148341E+04
   0.117500E+03   0.143265E+04   0.287360E+02   0.826070E+05   0.148330E+04
   0.117600E+03   0.143276E+04   0.287360E+02   0.826156E+05   0.148320E+04
   0.117700E+03   0.143286E+04   0.287330E+02   0.826241E+05   0.148307E+04
   0.117800E+03   0.143296E+04   0.287306E+02   0.826326E+05   0.148296E+04
   0.117900E+03   0.143306E+04   0.287300E+02   0.826410E+05   0.148287E+04
   0.118000E+03   0.143316E+04   0.287293E+02   0.826495E+05   0.148274E+04
   0.118100E+03   0.143326E+04   0.287276E+02   0.826579E+05   0.148264E+04
   0.118200E+03   0.143337E+04   0.287255E+02   0.826662E+05   0.148253E+04
   0.118300E+03   0.143346E+04   0.287260E+02   0.826746E+05   0.148243E+04
   0.118400E+03   0.143356E+04   0.287223E+02   0.826829E+05   0.148229E+04
   0.118500E+03   0.143366E+04   0.287239E+02   0.826911E+05   0.148219E+04
   0.118600E+03   0.143376E+04   0.287208E+02   0.826994E+05   0.148208E+04
   0.118700E+03   0.143386E+04   0.287213E+02   0.827076E+05   0.148198E+04
   0.118800E+03   0.143396E+04   0.287186E+02   0.827158E+05   0.148188E+04
   0.118900E+03   0.143406E+04   0.287161E+02   0.827239E+05   0.148175E+04
   0.119000E+03   0.143416E+04   0.287168E+02   0.827321E+05   0.148167E+04
   0.119100E+03   0.143425E+04   0.287138E+02   0.827401E+05   0.148153E+04
   0.119200E+03   0.143435E+04   0.287147E+02   0.827482E+05   0.148146E+04
   0.119300E+03   0.143445E+04   0.287112E+02   0.827562E+05   0.148134E+04
   0.119400E+03   0.143454E+04   0.287090E+02   0.827643E+05   0.148123E+04
   0.119500E+03   0.143464E+04   0.287097E+02   0.827722E+05   0.148112E+04
   0.119600E+03   0.143474E+04   0.287088E+02   0.827802E+05   0.148102E+04
   0.119700E+03   0.143483E+04   0.287078E+02   0.827881E+05   0.148091E+04
   0.119800E+03   0.143493E+04   0.287064E+02   0.827960E+05   0.148079E+04
   0.119900E+03   0.143502E+04   0.287049E+02   0.828039E+05   0.148070E+04
   0.120000E+03   0.143511E+04   0.287037E+02   0.828117E+05   0.148060E+04
   0.120100E+03   0.143521E+04   0.287021E+02   0.828195E+05   0.148050E+04
   0.120200E+03   0.143530E+04   0.287008E+02   0.828273E+05   0.148038E+04
   0.120300E+03   0.143539E+04   0.286975E+02   0.828350E+05   0.148029E+04
   0.120400E+03   0.143549E+04   0.286982E+02   0.828428E+05   0.148018E+04
   0.120500E+03   0.143558E+04   0.286953E+02   0.828504E+05   0.148007E+04
   0.120600E+03   0.143567E+04   0.286934E+02   0.828581E+05   0.147995E+04
   0.120700E+03   0.143576E+04   0.286945E+02   0.828657E+05   0.147987E+04
   0.120800E+03   0.143585E+04   0.286925E+02   0.828733E+05   0.147977E+04
   0.120900E+03   0.143595E+04   0.286920E+02   0.828809E+05   0.147965E+04
   0.121000E+03   0.143604E+04   0.286898E+02   0.828885E+05   0.147955E+04
   0.121100E+03   0.143613E+04   0.286882E+02   0.828960E+05   0.147945E+04
   0.121200E+03   0.143622E+04   0.286880E+02   0.829035E+05   0.147935E+04
   0.121300E+03   0.143631E+04   0.286851E+02   0.829110E+05   0.147922E+04
   0.121400E+03   0.143640E+04   0.286861E+02   0.829184E+05   0.147914E+04
   0.121500E+03   0.143648E+04   0.286832E+02   0.829258E+05   0.147904E+04
   0.121600E+03   0.143657E+04   0.286840E+02   0.829332E+05   0.147893E+04
   0.121700E+03   0.143666E+04   0.286803E+02   0.829406E+05   0.147881E+04
   0.121800E+03   0.143675E+04   0.286790E+02   0.829479E+05   0.147871E+04
   0.121900E+03   0.143684E+04   0.286795E+02   0.829552E+05   0.147862E+04
   0.122000E+03   0.143692E+04   0.286767E+02   0.829625E+05   0.147850E+04
   0.122100E+03   0.143701E+04   0.286759E+02   0.829698E+05   0.147841E+04
   0.122200E+03   0.143710E+04   0.286755E+02   0.829770E+05   0.147831E+04
   0.122300E+03   0.143718E+04   0.286731E+02   0.829842E+05   0.147821E+04
   0.122400E+03   0.143727E+04   0.286734E+02   0.829914E+05   0.147811E+04
   0.122500E+03   0.143736E+04   0.286710E+02   0.829985E+05   0.147801E+04
   0.122600E+03   0.143744E+04   0.286706E+02   0.830056E+05   0.147791E+04
   0.122700E+03   0.143753E+04   0.286675E+02   0.830127E+05   0.147781E+04
   0.122800E+03   0.143761E+04   0.286666E+02   0.830198E+05   0.147771E+04
   0.122900E+03   0.143770E+04   0.286651E+02   0.830268E+05   0.147759E+04
   0.123000E+03   0.143778E+04   0.286663E+02   0.830338E+05   0.147749E+04
   0.123100E+03   0.143787E+04   0.286647E+02   0.830408E+05   0.147740E+04
   0.123200E+03   0.143795E+04   0.286627E+02   0.830478E+05   0.147730E+04
   0.123300E+03   0.143804E+04   0.286623E+02   0.830547E+05   0.147721E+04
   0.123400E+03   0.143812E+04   0.286621E+02   0.830617E+05   0.147710E+04
   0.123500E+03   0.143820E+04   0.286598E+02   0.830685E+05   0.147700E+04
   0.123600E+03   0.143828E+04   0.286579E+02   0.830754E+05   0.147690E+04
   0.123700E+03   0.143836E+04   0.286580E+02   0.830822E+05   0.147680E+04
   0.123800E+03   0.143845E+04   0.286554E+02   0.830891E+05   0.147671E+04
   0.123900E+03   0.143853E+04   0.286552E+02   0.830959E+05   0.147659E+04
   0.124000E+03   0.143861E+04   0.286550E+02   0.831026E+05   0.147651E+04
   0.124100E+03   0.143869E+04   0.286515E+02   0.831094E+05   0.147642E+04
   0.124200E+03   0.143877E+04   0.286516E+02   0.831161E+05   0.147631E+04
   0.124300E+03   0.143885E+04   0.286517E+02   0.831228E+05   0.147623E+04
   0.124400E+03   0.143893E+04   0.286485E+02   0.831294E+05   0.147611E+04
   0.124500E+03   0.143901E+04   0.286490E+02   0.831361E+05   0.147604E+04
   0.124600E+03   0.143909E+04   0.286467E+02   0.831427E+05   0.147593E+04
   0.124700E+03   0.143917E+04   0.286458E+02   0.831493E+05   0.147582E+04
   0.124800E+03   0.143925E+04   0.286455E+02   0.831559E+05   0.147574E+04
   0.124900E+03   0.143933E+04   0.286434E+02   0.831624E+05   0.147565E+04
   0.125000E+03   0.143941E+04   0.286419E+02   0.831690E+05   0.147553E+04
   0.125100E+03   0.143948E+04   0.286414E+02   0.831754E+05   0.147542E+04
   0.125200E+03   0.143956E+04   0.286404E+02   0.831819E+05   0.147535E+04
   0.125300E+03   0.143964E+04   0.286390E+02   0.831884E+05   0.147527E+04
   0.125400E+03   0.143972E+04   0.286371E+02   0.831948E+05   0.147516E+04
   0.125500E+03   0.143979E+04   0.286380E+02   0.832012E+05   0.147505E+04
   0.125600E+03   0.143987E+04   0.286357E+02   0.832076E+05   0.147497E+04
   0.125700E+03   0.143995E+04   0.286322E+02   0.832139E+05   0.147488E+04
   0.125800E+03   0.144002E+04   0.286353E+02   0.832203E+05   0.147477E+04
   0.125900E+03   0.144010E+04   0.286324E+02   0.832266E+05   0.147468E+04
   0.126000E+03   0.144017E+04   0.286320E+02   0.832329E+05   0.147458E+04
   0.126100E+03   0.144025E+04   0.286290E+02   0.832391E+05   0.147450E+04
   0.126200E+03   0.144032E+04   0.286290E+02   0.832454E+05   0.147439E+04
   0.126300E+03   0.144040E+04   0.286284E+02   0.832516E+05   0.147431E+04
   0.126400E+03   0.144047E+04   0.286272E+02   0.832578E+05   0.147422E+04
   0.126500E+03   0.144055E+04   0.286263E+02   0.832640E+05   0.147410E+04
   0.126600E+03   0.144062E+04   0.286242E+02   0.832701E+05   0.147402E+04
   0.126700E+03   0.144070E+04   0.286244E+02   0.832762E+05   0.147391E+04
   0.126800E+03   0.144077E+04   0.286232E+02   0.832824E+05   0.147384E+04
   0.126900E+03   0.144084E+04   0.286224E+02   0.832884E+05   0.147375E+04
   0.127000E+03   0.144091E+04   0.286210E+02   0.832945E+05   0.147366E+04
   0.127100E+03   0.144099E+04   0.286205E+02   0.833006E+05   0.147357E+04
   0.127200E+03   0.144106E+04   0.286197E+02   0.833066E+05   0.147348E+04
   0.127300E+03   0.144113E+04   0.286163E+02   0.833126E+05   0.147337E+04
   0.127400E+03   0.144120E+04   0.286160E+02   0.833185E+05   0.147329E+04
   0.127500E+03   0.144127E+04   0.286166E+02   0.833245E+05   0.147319E+04
   0.127600E+03   0.144135E+04   0.286158E+02   0.833304E+05   0.147310E+04
   0.127700E+03   0.144141E+04   0.286147E+02   0.833363E+05   0.147301E+04
   0.127800E+03   0.144149E+04   0.286121E+02   0.833422E+05   0.147292E+04
   0.127900E+03   0.144156E+04   0.286125E+02   0.833481E+05   0.147284E+04
   0.128000E+03   0.144163E+04   0.286103E+02   0.833539E+05   0.147274E+04
   0.128100E+03   0.144170E+04   0.286106E+02   0.833598E+05   0.147267E+04
   0.128200E+03   0.144177E+04   0.286091E+02   0.833655E+05   0.147255E+04
   0.128300E+03   0.144184E+04   0.286071E+02   0.833713E+05   0.147247E+04
   0.128400E+03   0.144191E+04   0.286063E+02   0.833771E+05   0.147237E+04
   0.128500E+03   0.144197E+04   0.286052E+02   0.833828E+05   0.147230E+04
   0.128600E+03   0.144204E+04   0.286041E+02   0.833885E+05   0.147221E+04
   0.128700E+03   0.144211E+04   0.286038E+02   0.833942E+05   0.147212E+04
   0.128800E+03   0.144218E+04   0.286031E+02   0.833999E+05   0.147203E+04
   0.128900E+03   0.144225E+04   0.286011E+02   0.834056E+05   0.147193E+04
   0.129000E+03   0.144232E+04   0.285981E+02   0.834112E+05   0.147184E+04
   0.129100E+03   0.144238E+04   0.286005E+02   0.834168E+05   0.147176E+04
   0.129200E+03   0.144245E+04   0.285981E+02   0.834224E+05   0.147168E+04
   0.129300E+03   0.144252E+04   0.285964E+02   0.834280E+05   0.147158E+04
   0.129400E+03   0.144258E+04   0.285979E+02   0.834335E+05   0.147149E+04
   0.129500E+03   0.144265E+04   0.285951E+02   0.834391E+05   0.147142E+04
   0.129600E+03   0.144272E+04   0.285953E+02   0.834446E+05   0.147131E+04
   0.129700E+03   0.144278E+04   0.285930E+02   0.834501E+05   0.147122E+04
   0.129800E+03   0.144285E+04   0.285940E+02   0.834555E+05   0.147115E+04
   0.129900E+03   0.144291E+04   0.285911E+02   0.834610E+05   0.147107E+04
   0.130000E+03   0.144298E+04   0.285923E+02   0.834664E+05   0.147098E+04
   0.130100E+03   0.144304E+04   0.285894E+02   0.834718E+05   0.147088E+04
   0.130200E+03   0.144311E+04   0.285887E+02   0.834772E+05   0.147079E+04
   0.130300E+03   0.144317E+04   0.285868E+02   0.834826E+05   0.147071E+04
   0.130400E+03   0.144324E+04   0.285860E+02   0.834879E+05   0.147062E+04
   0.130500E+03   0.144330E+04   0.285852E+02   0.834932E+05   0.147054E+04
   0.130600E+03   0.144336E+04   0.285833E+02   0.834986E+05   0.147045E+04
   0.130700E+03   0.144343E+04   0.285824E+02   0.835039E+05   0.147038E+04
   0.130800E+03   0.144349E+04   0.285820E+02   0.835091E+05   0.147027E+04
   0.130900E+03   0.144355E+04   0.285816E+02   0.835144E+05   0.147020E+04
   0.131000E+03   0.144362E+04   0.285792E+02   0.835196E+05   0.147011E+04
   0.131100E+03   0.144368E+04   0.285795E+02   0.835249E+05   0.147004E+04
   0.131200E+03   0.144374E+04   0.285791E+02   0.835300E+05   0.146994E+04
   0.131300E+03   0.144381E+04   0.285789E+02   0.835352E+05   0.146987E+04
   0.131400E+03   0.144387E+04   0.285771E+02   0.835404E+05   0.146979E+04
   0.131500E+03   0.144393E+04   0.285770E+02   0.835455E+05   0.146970E+04
   0.131600E+03   0.144399E+04   0.285755E+02   0.835506E+05   0.146962E+04
   0.131700E+03   0.144405E+04   0.285754E+02   0.835558E+05   0.146951E+04
   0.131800E+03   0.144411E+04   0.285734E+02   0.835608E+05   0.146945E+04
   0.131900E+03   0.144417E+04   0.285710E+02   0.835659E+05   0.146934E+04
   0.132000E+03   0.144424E+04   0.285715E+02   0.835709E+05   0.146928E+04
   0.132100E+03   0.144430E+04   0.285714E+02   0.835760E+05   0.146919E+04
   0.132200E+03   0.144435E+04   0.285684E+02   0.835810E+05   0.146911E+04
   0.132300E+03   0.144442E+04   0.285680E+02   0.835860E+05   0.146903E+04
   0.132400E+03   0.144448E+04   0.285698E+02   0.835910E+05   0.146895E+04
   0.132500E+03   0.144453E+04   0.285668E+02   0.835959E+05   0.146885E+04
   0.132600E+03   0.144459E+04   0.285677E+02   0.836008E+05   0.146879E+04
   0.132700E+03   0.144465E+04   0.285650E+02   0.836057E+05   0.146871E+04
   0.132800E+03   0.144471E+04   0.285637E+02   0.836107E+05   0.146861E+04
   0.132900E+03   0.144477E+04   0.285630E+02   0.836155E+05   0.146854E+04
   0.133000E+03   0.144483E+04   0.285617E+02   0.836204E+05   0.146847E+04
   0.133100E+03   0.144489E+04   0.285621E+02   0.836253E+05   0.146837E+04
   0.133200E+03   0.144494E+04   0.285615E+02   0.836301E+05   0.146830E+04
   0.133300E+03   0.144500E+04   0.285597E+02   0.836349E+05   0.146821E+04
   0.133400E+03   0.144506E+04   0.285593E+02   0.836397E+05   0.146814E+04
   0.133500E+03   0.144512E+04   0.285589E+02   0.836445E+05   0.146805E+04
   0.133600E+03   0.144517E+04   0.285559E+02   0.836492E+05   0.146797E+04
   0.133700E+03   0.144523E+04   0.285579E+02   0.836540E+05   0.146788E+04
   0.133800E+03   0.144529E+04   0.285558E+02   0.836587E+05   0.146780E+04
   0.133900E+03   0.144534E+04   0.285535E+02   0.836634E+05   0.146773E+04
   0.134000E+03   0.144540E+04   0.285545E+02   0.836681E+05   0.146765E+04
   0.134100E+03   0.144546E+04   0.285528E+02   0.836728E+05   0.146758E+04
   0.134200E+03   0.144551E+04   0.285516E+02   0.836774E+05   0.146749E+04
   0.134300E+03   0.144557E+04   0.285510E+02   0.836820E+05   0.146741E+04
   0.134400E+03   0.144562E+04   0.285513E+02   0.836867E+05   0.146732E+04
   0.134500E+03   0.144568E+04   0.285494E+02   0.836913E+05   0.146727E+04
   0.134600E+03   0.144573E+04   0.285488E+02   0.836959E+05   0.146718E+04
   0.134700E+03   0.144579E+04   0.285482E+02   0.837004E+05   0.146709E+04
   0.134800E+03   0.144585E+04   0.285471E+02   0.837050E+05   0.146703E+04
   0.134900E+03   0.144590E+04   0.285456E+02   0.837095E+05   0.146693E+04
   0.135000E+03   0.144595E+04   0.285451E+02   0.837141E+05   0.146689E+04
   0.135100E+03   0.144601E+04   0.285436E+02   0.837186E+05   0.146679E+04
   0.135200E+03   0.144606E+04   0.285420E+02   0.837231E+05   0.146671E+04
   0.135300E+03   0.144612E+04   0.285423E+02   0.837275E+05   0.146665E+04
   0.135400E+03   0.144617E+04   0.285420E+02   0.837320E+05   0.146657E+04
   0.135500E+03   0.144622E+04   0.285407E+02   0.837364E+05   0.146648E+04
   0.135600E+03   0.144627E+04   0.285403E+02   0.837408E+05   0.146642E+04
   0.135700E+03   0.144633E+04   0.285396E+02   0.837452E+05   0.146634E+04
   0.135800E+03   0.144638E+04   0.285394E+02   0.837496E+05   0.146626E+04
   0.135900E+03   0.144643E+04   0.285394E+02   0.837540E+05   0.146619E+04
   0.136000E+03   0.144648E+04   0.285379E+02   0.837584E+05   0.146610E+04
   0.136100E+03   0.144654E+04   0.285366E+02   0.837627E+05   0.146602E+04
   0.136200E+03   0.144659E+04   0.285358E+02   0.837670E+05   0.146594E+04
   0.136300E+03   0.144664E+04   0.285354E+02   0.837713E+05   0.146588E+04
   0.136400E+03   0.144669E+04   0.285347E+02   0.837756E+05   0.146581E+04
   0.136500E+03   0.144674E+04   0.285330E+02   0.837799E+05   0.146573E+04
   0.136600E+03   0.144679E+04   0.285327E+02   0.837842E+05   0.146565E+04
   0.136700E+03   0.144685E+04   0.285320E+02   0.837884E+05   0.146559E+04
   0.136800E+03   0.144690E+04   0.285319E+02   0.837927E+05   0.146550E+04
   0.136900E+03   0.144695E+04   0.285293E+02   0.837969E+05   0.146544E+04
   0.137000E+03   0.144700E+04   0.285293E+02   0.838011E+05   0.146535E+04
   0.137100E+03   0.144705E+04   0.285298E+02   0.838053E+05   0.146527E+04
   0.137200E+03   0.144710E+04   0.285296E+02   0.838094E+05   0.146523E+04
   0.137300E+03   0.144715E+04   0.285258E+02   0.838136E+05   0.146515E+04
   0.137400E+03   0.144720E+04   0.285265E+02   0.838177E+05   0.146505E+04
   0.137500E+03   0.144725E+04   0.285249E+02   0.838218E+05   0.146500E+04
   0.137600E+03   0.144730E+04   0.285253E+02   0.838259E+05   0.146491E+04
   0.137700E+03   0.144735E+04   0.285239E+02   0.838300E+05   0.146484E+04
   0.137800E+03   0.144739E+04   0.285226E+02   0.838341E+05   0.146477E+04
   0.137900E+03   0.144744E+04   0.285210E+02   0.838382E+05   0.146469E+04
   0.138000E+03   0.144749E+04   0.285221E+02   0.838422E+05   0.146461E+04
   0.138100E+03   0.144754E+04   0.285222E+02   0.838463E+05   0.146458E+04
   0.138200E+03   0.144759E+04   0.285199E+02   0.838503E+05   0.146448E+04
   0.138300E+03   0.144764E+04   0.285206E+02   0.838543E+05   0.146442E+04
   0.138400E+03   0.144768E+04   0.285182E+02   0.838583E+05   0.146433E+04
   0.138500E+03   0.144773E+04   0.285195E+02   0.838623E+05   0.146426E+04
   0.138600E+03   0.144778E+04   0.285159E+02   0.838662E+05   0.146420E+04
   0.138700E+03   0.144783E+04   0.285166E+02   0.838702E+05   0.146411E+04
   0.138800E+03   0.144788E+04   0.285145E+02   0.838741E+05   0.146405E+04
   0.138900E+03   0.144792E+04   0.285138E+02   0.838781E+05   0.146397E+04
   0.139000E+03   0.144797E+04   0.285132E+02   0.838819E+05   0.146390E+04
   0.139100E+03   0.144801E+04   0.285140E+02   0.838858E+05   0.146385E+04
   0.139200E+03   0.144806E+04   0.285136E+02   0.838897E+05   0.146377E+04
   0.139300E+03   0.144811E+04   0.285125E+02   0.838936E+05   0.146371E+04
   0.139400E+03   0.144815E+04   0.285113E+02   0.838974E+05   0.146363E+04
   0.139500E+03   0.144820E+04   0.285105E+02   0.839013E+05   0.146357E+04
   0.139600E+03   0.144825E+04   0.285092E+02   0.839051E+05   0.146348E+04
   0.139700E+03   0.144829E+04   0.285083E+02   0.839089E+05   0.146343E+04
   0.139800E+03   0.144834E+04   0.285082E+02   0.839127E+05   0.146334E+04
   0.139900E+03   0.144838E+04   0.285060E+02   0.839164E+05   0.146328E+04
   0.140000E+03   0.144843E+04   0.285083E+02   0.839202E+05   0.146323E+04
   0.140100E+03   0.144847E+04   0.285069E+02   0.839239E+05   0.146314E+04
   0.140200E+03   0.144852E+04   0.285053E+02   0.839277E+05   0.146309E+04
   0.140300E+03   0.144856E+04   0.285046E+02   0.839314E+05   0.146301E+04
   0.140400E+03   0.144861E+04   0.285022E+02   0.839351E+05   0.146295E+04
   0.140500E+03   0.144865E+04   0.285047E+02   0.839388E+05   0.146287E+04
   0.140600E+03   0.144870E+04   0.285039E+02   0.839425E+05   0.146280E+04
   0.140700E+03   0.144874E+04   0.285017E+02   0.839462E+05   0.146275E+04
   0.140800E+03   0.144878E+04   0.285014E+02   0.839498E+05   0.146267E+04
   0.140900E+03   0.144883E+04   0.284991E+02   0.839534E+05   0.146260E+04
   0.141000E+03   0.144887E+04   0.284983E+02   0.839571E+05   0.146253E+04
   0.141100E+03   0.144891E+04   0.284980E+02   0.839607E+05   0.146247E+04
   0.141200E+03   0.144896E+04   0.284999E+02   0.839643E+05   0.146240E+04
   0.141300E+03   0.144900E+04   0.284979E+02   0.839679E+05   0.146234E+04
   0.141400E+03   0.144904E+04   0.284972E+02   0.839714E+05   0.146228E+04
   0.141500E+03   0.144909E+04   0.284971E+02   0.839750E+05   0.146220E+04
   0.141600E+03   0.144913E+04   0.284961E+02   0.839786E+05   0.146213E+04
   0.141700E+03   0.144917E+04   0.284946E+02   0.839821E+05   0.146206E+04
   0.141800E+03   0.144921E+04   0.284936E+02   0.839856E+05   0.146201E+04
   0.141900E+03   0.144926E+04   0.284943E+02   0.839891E+05   0.146193E+04
   0.142000E+03   0.144930E+04   0.284939E+02   0.839926E+05   0.146188E+04
   0.142100E+03   0.144934E+04   0.284932E+02   0.839961E+05   0.146180E+04
   0.142200E+03   0.144938E+04   0.284919E+02   0.839996E+05   0.146175E+04
   0.142300E+03   0.144942E+04   0.284899E+02   0.840030E+05   0.146168E+04
   0.142400E+03   0.144946E+04   0.284884E+02   0.840065E+05   0.146161E+04
   0.142500E+03   0.144951E+04   0.284881E+02   0.840099E+05   0.146155E+04
   0.142600E+03   0.144955E+04   0.284881E+02   0.840134E+05   0.146146E+04
   0.142700E+03   0.144959E+04   0.284884E+02   0.840168E+05   0.146143E+04
   0.142800E+03   0.144963E+04   0.284865E+02   0.840202E+05   0.146136E+04
   0.142900E+03   0.144967E+04   0.284865E+02   0.840235E+05   0.146130E+04
   0.143000E+03   0.144971E+04   0.284842E+02   0.840269E+05   0.146124E+04
   0.143100E+03   0.144975E+04   0.284856E+02   0.840302E+05   0.146116E+04
   0.143200E+03   0.144979E+04   0.284832E+02   0.840336E+05   0.146109E+04
   0.143300E+03   0.144983E+04   0.284830E+02   0.840370E+05   0.146103E+04
   0.143400E+03   0.144987E+04   0.284839E+02   0.840402E+05   0.146098E+04
   0.143500E+03   0.144991E+04   0.284828E+02   0.840436E+05   0.146090E+04
   0.143600E+03   0.144995E+04   0.284819E+02   0.840469E+05   0.146084E+04
   0.143700E+03   0.144999E+04   0.284822E+02   0.840501E+05   0.146077E+04
   0.143800E+03   0.145003E+04   0.284807E+02   0.840534E+05   0.146071E+04
   0.143900E+03   0.145007E+04   0.284803E+02   0.840567E+05   0.146064E+04
   0.144000E+03   0.145011E+04   0.284805E+02   0.840599E+05   0.146059E+04
   0.144100E+03   0.145014E+04   0.284802E+02   0.840632E+05   0.146052E+04
   0.144200E+03   0.145018E+04   0.284762E+02   0.840664E+05   0.146047E+04
   0.144300E+03   0.145022E+04   0.284773E+02   0.840696E+05   0.146042E+04
   0.144400E+03   0.145026E+04   0.284758E+02   0.840728E+05   0.146036E+04
   0.144500E+03   0.145030E+04   0.284769E+02   0.840760E+05   0.146029E+04
   0.144600E+03   0.145034E+04   0.284757E+02   0.840792E+05   0.146023E+04
   0.144700E+03   0.145038E+04   0.284750E+02   0.840824E+05   0.146018E+04
   0.144800E+03   0.145041E+04   0.284747E+02   0.840855E+05   0.146009E+04
   0.144900E+03   0.145045E+04   0.284741E+02   0.840887E+05   0.146003E+04
   0.145000E+03   0.145049E+04   0.284729E+02   0.840918E+05   0.145999E+04
   0.145100E+03   0.145053E+04   0.284715E+02   0.840949E+05   0.145992E+04
   0.145200E+03   0.145056E+04   0.284718E+02   0.840980E+05   0.145986E+04
   0.145300E+03   0.145060E+04   0.284703E+02   0.841011E+05   0.145981E+04
   0.145400E+03   0.145064E+04   0.284697E+02   0.841042E+05   0.145975E+04
   0.145500E+03   0.145067E+04   0.284708E+02   0.841073E+05   0.145969E+04
   0.145600E+03   0.145071E+04   0.284687E+02   0.841104E+05   0.145962E+04
   0.145700E+03   0.145075E+04   0.284679E+02   0.841134E+05   0.145955E+04
   0.145800E+03   0.145079E+04   0.284697E+02   0.841164E+05   0.145951E+04
   0.145900E+03   0.145082E+04   0.284662E+02   0.841195E+05   0.145944E+04
   0.146000E+03   0.145086E+04   0.284668E+02   0.841225E+05   0.145937E+04
   0.146100E+03   0.145089E+04   0.284660E+02   0.841255E+05   0.145932E+04
   0.146200E+03   0.145093E+04   0.284662E+02   0.841285E+05   0.145927E+04
   0.146300E+03   0.145097E+04   0.284656E+02   0.841315E+05   0.145920E+04
   0.146400E+03   0.145100E+04   0.284660E+02   0.841345E+05   0.145915E+04
   0.146500E+03   0.145104E+04   0.284637E+02   0.841374E+05   0.145907E+04
   0.146600E+03   0.145107E+04   0.284622E+02   0.841404E+05   0.145904E+04
   0.146700E+03   0.145111E+04   0.284634E+02   0.841433E+05   0.145897E+04
   0.146800E+03   0.145114E+04   0.284621E+02   0.841462E+05   0.145889E+04
   0.146900E+03   0.145118E+04   0.284622E+02   0.841492E+05   0.145885E+04
   0.147000E+03   0.145121E+04   0.284602E+02   0.841521E+05   0.145880E+04
   0.147100E+03   0.145125E+04   0.284607E+02   0.841550E+05   0.145875E+04
   0.147200E+03   0.145128E+04   0.284601E+02   0.841579E+05   0.145868E+04
   0.147300E+03   0.145132E+04   0.284595E+02   0.841607E+05   0.145864E+04
   0.147400E+03   0.145135E+04   0.284582E+02   0.841636E+05   0.145856E+04
   0.147500E+03   0.145138E+04   0.284581E+02   0.841665E+05   0.145851E+04
   0.147600E+03   0.145142E+04   0.284576E+02   0.841693E+05   0.145845E+04
   0.147700E+03   0.145145E+04   0.284583E+02   0.841722E+05   0.145838E+04
   0.147800E+03   0.145149E+04   0.284568E+02   0.841750E+05   0.145832E+04
   0.147900E+03   0.145152E+04   0.284554E+02   0.841778E+05   0.145827E+04
   0.148000E+03   0.145155E+04   0.284564E+02   0.841806E+05   0.145822E+04
   0.148100E+03   0.145159E+04   0.284533E+02   0.841834E+05   0.145816E+04
   0.148200E+03   0.145162E+04   0.284523E+02   0.841862E+05   0.145809E+04
   0.148300E+03   0.145166E+04   0.284539E+02   0.841890E+05   0.145805E+04
   0.148400E+03   0.145169E+04   0.284532E+02   0.841917E+05   0.145800E+04
   0.148500E+03   0.145172E+04   0.284520E+02   0.841945E+05   0.145792E+04
   0.148600E+03   0.145176E+04   0.284509E+02   0.841972E+05   0.145788E+04
   0.148700E+03   0.145179E+04   0.284531E+02   0.842000E+05   0.145784E+04
   0.148800E+03   0.145182E+04   0.284517E+02   0.842027E+05   0.145778E+04
   0.148900E+03   0.145185E+04   0.284499E+02   0.842054E+05   0.145770E+04
   0.149000E+03   0.145189E+04   0.284496E+02   0.842081E+05   0.145765E+04
   0.149100E+03   0.145192E+04   0.284497E+02   0.842108E+05   0.145761E+04
   0.149200E+03   0.145195E+04   0.284486E+02   0.842135E+05   0.145756E+04
   0.149300E+03   0.145198E+04   0.284474E+02   0.842162E+05   0.145750E+04
   0.149400E+03   0.145201E+04   0.284456E+02   0.842188E+05   0.145743E+04
   0.149500E+03   0.145205E+04   0.284455E+02   0.842215E+05   0.145739E+04
   0.149600E+03   0.145208E+04   0.284455E+02   0.842241E+05   0.145734E+04
   0.149700E+03   0.145211E+04   0.284460E+02   0.842268E+05   0.145728E+04
   0.149800E+03   0.145214E+04   0.284447E+02   0.842294E+05   0.145721E+04
   0.149900E+03   0.145217E+04   0.284452E+02   0.842320E+05   0.145717E+04
   0.150000E+03   0.145220E+04   0.284441E+02   0.842346E+05   0.145713E+04
   0.150100E+03   0.145223E+04   0.284455E+02   0.842372E+05   0.145707E+04
   0.150200E+03   0.145227E+04   0.284452E+02   0.842398E+05   0.145701E+04
   0.150300E+03   0.145230E+04   0.284433E+02   0.842424E+05   0.145695E+04
   0.150400E+03   0.145233E+04   0.284414E+02   0.842449E+05   0.145692E+04
   0.150500E+03   0.145236E+04   0.284419E+02   0.842475E+05   0.145687E+04
   0.150600E+03   0.145239E+04   0.284401E+02   0.842501E+05   0.145680E+04
   0.150700E+03   0.145242E+04   0.284396E+02   0.842526E+05   0.145675E+04
   0.150800E+03   0.145245E+04   0.284402E+02   0.842551E+05   0.145670E+04
   0.150900E+03   0.145248E+04   0.284388E+02   0.842576E+05   0.145665E+04
   0.151000E+03   0.145251E+04   0.284381E+02   0.842602E+05   0.145659E+04
   0.151100E+03   0.145254E+04   0.284392E+02   0.842627E+05   0.145655E+04
   0.151200E+03   0.145257E+04   0.284362E+02   0.842652E+05   0.145648E+04
   0.151300E+03   0.145260E+04   0.284356E+02   0.842677E+05   0.145644E+04
   0.151400E+03   0.145263E+04   0.284372E+02   0.842701E+05   0.145638E+04
   0.151500E+03   0.145266E+04   0.284375E+02   0.842726E+05   0.145633E+04
   0.151600E+03   0.145269E+04   0.284381E+02   0.842751E+05   0.145628E+04
   0.151700E+03   0.145272E+04   0.284347E+02   0.842775E+05   0.145623E+04
   0.151800E+03   0.145275E+04   0.284344E+02   0.842799E+05   0.145618E+04
   0.151900E+03   0.145278E+04   0.284356E+02   0.842824E+05   0.145613E+04
   0.152000E+03   0.145281E+04   0.284316E+02   0.842848E+05   0.145606E+04
   0.152100E+03   0.145284E+04   0.284326E+02   0.842872E+05   0.145601E+04
   0.152200E+03   0.145286E+04   0.284328E+02   0.842896E+05   0.145597E+04
   0.152300E+03   0.145289E+04   0.284324E+02   0.842920E+05   0.145593E+04
   0.152400E+03   0.145292E+04   0.284315E+02   0.842944E+05   0.145587E+04
   0.152500E+03   0.145295E+04   0.284323E+02   0.842968E+05   0.145581E+04
   0.152600E+03   0.145298E+04   0.284314E+02   0.842991E+05   0.145578E+04
   0.152700E+03   0.145301E+04   0.284300E+02   0.843015E+05   0.145572E+04
   0.152800E+03   0.145303E+04   0.284300E+02   0.843039E+05   0.145568E+04
   0.152900E+03   0.145306E+04   0.284308E+02   0.843062E+05   0.145562E+04
   0.153000E+03   0.145309E+04   0.284299E+02   0.843086E+05   0.145557E+04
   0.153100E+03   0.145312E+04   0.284280E+02   0.843109E+05   0.145551E+04
   0.153200E+03   0.145315E+04   0.284271E+02   0.843132E+05   0.145547E+04
   0.153300E+03   0.145317E+04   0.284274E+02   0.843155E+05   0.145542E+04
   0.153400E+03   0.145320E+04   0.284279E+02   0.843178E+05   0.145537E+04
   0.153500E+03   0.145323E+04   0.284249E+02   0.843201E+05   0.145533E+04
   0.153600E+03   0.145326E+04   0.284275E+02   0.843224E+05   0.145529E+04
   0.153700E+03   0.145328E+04   0.284243E+02   0.843246E+05   0.145522E+04
   0.153800E+03   0.145331E+04   0.284248E+02   0.843269E+05   0.145518E+04
   0.153900E+03   0.145334E+04   0.284237E+02   0.843292E+05   0.145512E+04
   0.154000E+03   0.145337E+04   0.284241E+02   0.843314E+05   0.145509E+04
   0.154100E+03   0.145339E+04   0.284219E+02   0.843337E+05   0.145503E+04
   0.154200E+03   0.145342E+04   0.284243E+02   0.843359E+05   0.145499E+04
   0.154300E+03   0.145345E+04   0.284220E+02   0.843381E+05   0.145494E+04
   0.154400E+03   0.145347E+04   0.284225E+02   0.843403E+05   0.145489E+04
   0.154500E+03   0.145350E+04   0.284214E+02   0.843426E+05   0.145484E+04
   0.154600E+03   0.145353E+04   0.284225E+02   0.843448E+05   0.145479E+04
   0.154700E+03   0.145355E+04   0.284197E+02   0.843470E+05   0.145474E+04
   0.154800E+03   0.145358E+04   0.284202E+02   0.843491E+05   0.145470E+04
   0.154900E+03   0.145361E+04   0.284189E+02   0.843513E+05   0.145465E+04
   0.155000E+03   0.145363E+04   0.284198E+02   0.843535E+05   0.145459E+04
   0.155100E+03   0.145366E+04   0.284192E+02   0.843557E+05   0.145456E+04
   0.155200E+03   0.145368E+04   0.284182E+02   0.843578E+05   0.145450E+04
   0.155300E+03   0.145371E+04   0.284180E+02   0.843599E+05   0.145446E+04
   0.155400E+03   0.145373E+04   0.284169E+02   0.843621E+05   0.145442E+04
   0.155500E+03   0.145376E+04   0.284178E+02   0.843642E+05   0.145437E+04
   0.155600E+03   0.145378E+04   0.284150E+02   0.843663E+05   0.145432E+04
   0.155700E+03   0.145381E+04   0.284163E+02   0.843685E+05   0.145428E+04
   0.155800E+03   0.145384E+04   0.284158E+02   0.843706E+05   0.145422E+04
   0.155900E+03   0.145386E+04   0.284144E+02   0.843727E+05   0.145420E+04
   0.156000E+03   0.145389E+04   0.284142E+02   0.843748E+05   0.145415E+04
   0.156100E+03   0.145391E+04   0.284149E+02   0.843768E+05   0.145408E+04
   0.156200E+03   0.145394E+04   0.284141E+02   0.843789E+05   0.145403E+04
   0.156300E+03   0.145396E+04   0.284120E+02   0.843810E+05   0.145401E+04
   0.156400E+03   0.145398E+04   0.284144E+02   0.843831E+05   0.145394E+04
   0.156500E+03   0.145401E+04   0.284126E+02   0.843851E+05   0.145391E+04
   0.156600E+03   0.145403E+04   0.284109E+02   0.843871E+05   0.145386E+04
   0.156700E+03   0.145406E+04   0.284124E+02   0.843892E+05   0.145380E+04
   0.156800E+03   0.145408E+04   0.284117E+02   0.843912E+05   0.145378E+04
   0.156900E+03   0.145411E+04   0.284110E+02   0.843932E+05   0.145373E+04
   0.157000E+03   0.145413E+04   0.284082E+02   0.843953E+05   0.145368E+04
   0.157100E+03   0.145416E+04   0.284099E+02   0.843973E+05   0.145364E+04
   0.157200E+03   0.145418E+04   0.284096E+02   0.843993E+05   0.145359E+04
   0.157300E+03   0.145420E+04   0.284098E+02   0.844013E+05   0.145357E+04
   0.157400E+03   0.145423E+04   0.284087E+02   0.844033E+05   0.145349E+04
   0.157500E+03   0.145425E+04   0.284083E+02   0.844052E+05   0.145345E+04
   0.157600E+03   0.145428E+04   0.284070E+02   0.844072E+05   0.145341E+04
   0.157700E+03   0.145430E+04   0.284073E+02   0.844092E+05   0.145338E+04
   0.157800E+03   0.145432E+04   0.284064E+02   0.844111E+05   0.145333E+04
   0.157900E+03   0.145435E+04   0.284061E+02   0.844131E+05   0.145329E+04
   0.158000E+03   0.145437E+04   0.284071E+02   0.844150E+05   0.145324E+04
   0.158100E+03   0.145439E+04   0.284058E+02   0.844170E+05   0.145321E+04
   0.158200E+03   0.145442E+04   0.284045E+02   0.844189E+05   0.145316E+04
   0.158300E+03   0.145444E+04   0.284053E+02   0.844208E+05   0.145312E+04
   0.158400E+03   0.145446E+04   0.284037E+02   0.844227E+05   0.145308E+04
   0.158500E+03   0.145448E+04   0.284019E+02   0.844246E+05   0.145302E+04
   0.158600E+03   0.145451E+04   0.284029E+02   0.844265E+05   0.145298E+04
   0.158700E+03   0.145453E+04   0.284053E+02   0.844284E+05   0.145294E+04
   0.158800E+03   0.145455E+04   0.284040E+02   0.844303E+05   0.145288E+04
   0.158900E+03   0.145458E+04   0.284020E+02   0.844322E+05   0.145287E+04
   0.159000E+03   0.145460E+04   0.284023E+02   0.844341E+05   0.145279E+04
   0.159100E+03   0.145462E+04   0.284015E+02   0.844359E+05   0.145277E+04
   0.159200E+03   0.145464E+04   0.284017E+02   0.844378E+05   0.145273E+04
   0.159300E+03   0.145467E+04   0.284004E+02   0.844396E+05   0.145269E+04
   0.159400E+03   0.145469E+04   0.283995E+02   0.844415E+05   0.145264E+04
   0.159500E+03   0.145471E+04   0.283992E+02   0.844433E+05   0.145259E+04
   0.159600E+03   0.145473E+04   0.283987E+02   0.844452E+05   0.145253E+04
   0.159700E+03   0.145475E+04   0.283990E+02   0.844470E+05   0.145251E+04
   0.159800E+03   0.145477E+04   0.283981E+02   0.844488E+05   0.145248E+04
   0.159900E+03   0.145480E+04   0.283985E+02   0.844506E+05   0.145244E+04
   0.160000E+03   0.145482E+04   0.283970E+02   0.844524E+05   0.145238E+04
   0.160100E+03   0.145484E+04   0.283964E+02   0.844542E+05   0.145235E+04
   0.160200E+03   0.145486E+04   0.283957E+02   0.844560E+05   0.145229E+04
   0.160300E+03   0.145488E+04   0.283962E+02   0.844578E+05   0.145226E+04
   0.160400E+03   0.145490E+04   0.283958E+02   0.844596E+05   0.145222E+04
   0.160500E+03   0.145493E+04   0.283952E+02   0.844614E+05   0.145219E+04
   0.160600E+03   0.145495E+04   0.283955E+02   0.844631E+05   0.145213E+04
   0.160700E+03   0.145497E+04   0.283963E+02   0.844649E+05   0.145212E+04
   0.160800E+03   0.145499E+04   0.283937E+02   0.844667E+05   0.145205E+04
   0.160900E+03   0.145501E+04   0.283941E+02   0.844684E+05   0.145203E+04
   0.161000E+03   0.145503E+04   0.283921E+02   0.844701E+05   0.145197E+04
   0.161100E+03   0.145505E+04   0.283924E+02   0.844719E+05   0.145194E+04
   0.161200E+03   0.145507E+04   0.283926E+02   0.844736E+05   0.145192E+04
   0.161300E+03   0.145509E+04   0.283926E+02   0.844753E+05   0.145185E+04
   0.161400E+03   0.145512E+04   0.283924E+02   0.844770E+05   0.145182E+04
   0.161500E+03   0.145514E+04   0.283924E+02   0.844788E+05   0.145178E+04
   0.161600E+03   0.145516E+04   0.283918E+02   0.844804E+05   0.145174E+04
   0.161700E+03   0.145517E+04   0.283912E+02   0.844821E+05   0.145170E+04
   0.161800E+03   0.145520E+04   0.283890E+02   0.844838E+05   0.145166E+04
   0.161900E+03   0.145522E+04   0.283883E+02   0.844855E+05   0.145164E+04
   0.162000E+03   0.145523E+04   0.283897E+02   0.844872E+05   0.145158E+04
   0.162100E+03   0.145526E+04   0.283888E+02   0.844889E+05   0.145153E+04
   0.162200E+03   0.145528E+04   0.283896E+02   0.844905E+05   0.145151E+04
   0.162300E+03   0.145530E+04   0.283876E+02   0.844922E+05   0.145148E+04
   0.162400E+03   0.145532E+04   0.283888E+02   0.844938E+05   0.145142E+04
   0.162500E+03   0.145534E+04   0.283865E+02   0.844955E+05   0.145140E+04
   0.162600E+03   0.145536E+04   0.283884E+02   0.844971E+05   0.145134E+04
   0.162700E+03   0.145537E+04   0.283888E+02   0.844988E+05   0.145132E+04
   0.162800E+03   0.145539E+04   0.283862E+02   0.845004E+05   0.145128E+04
   0.162900E+03   0.145541E+04   0.283869E+02   0.845020E+05   0.145123E+04
   0.163000E+03   0.145543E+04   0.283876E+02   0.845036E+05   0.145121E+04
   0.163100E+03   0.145545E+04   0.283861E+02   0.845052E+05   0.145116E+04
   0.163200E+03   0.145547E+04   0.283845E+02   0.845069E+05   0.145112E+04
   0.163300E+03   0.145549E+04   0.283852E+02   0.845085E+05   0.145108E+04
   0.163400E+03   0.145551E+04   0.283854E+02   0.845101E+05   0.145104E+04
   0.163500E+03   0.145553E+04   0.283844E+02   0.845116E+05   0.145100E+04
   0.163600E+03   0.145555E+04   0.283825E+02   0.845132E+05   0.145098E+04
   0.163700E+03   0.145557E+04   0.283843E+02   0.845148E+05   0.145092E+04
   0.163800E+03   0.145559E+04   0.283843E+02   0.845164E+05   0.145090E+04
   0.163900E+03   0.145560E+04   0.283837E+02   0.845179E+05   0.145084E+04
   0.164000E+03   0.145562E+04   0.283823E+02   0.845195E+05   0.145082E+04
   0.164100E+03   0.145564E+04   0.283826E+02   0.845211E+05   0.145077E+04
   0.164200E+03   0.145566E+04   0.283837E+02   0.845226E+05   0.145074E+04
   0.164300E+03   0.145568E+04   0.283819E+02   0.845241E+05   0.145071E+04
   0.164400E+03   0.145569E+04   0.283824E+02   0.845257E+05   0.145066E+04
   0.164500E+03   0.145572E+04   0.283819E+02   0.845272E+05   0.145063E+04
   0.164600E+03   0.145573E+04   0.283796E+02   0.845287E+05   0.145059E+04
   0.164700E+03   0.145575E+04   0.283799E+02   0.845302E+05   0.145055E+04
   0.164800E+03   0.145577E+04   0.283822E+02   0.845318E+05   0.145053E+04
   0.164900E+03   0.145579E+04   0.283806E+02   0.845333E+05   0.145047E+04
   0.165000E+03   0.145581E+04   0.283789E+02   0.845348E+05   0.145043E+04
   0.165100E+03   0.145583E+04   0.283800E+02   0.845363E+05   0.145041E+04
   0.165200E+03   0.145584E+04   0.283783E+02   0.845378E+05   0.145037E+04
   0.165300E+03   0.145586E+04   0.283789E+02   0.845393E+05   0.145035E+04
   0.165400E+03   0.145588E+04   0.283778E+02   0.845407E+05   0.145029E+04
   0.165500E+03   0.145590E+04   0.283756E+02   0.845422E+05   0.145028E+04
   0.165600E+03   0.145591E+04   0.283767E+02   0.845437E+05   0.145024E+04
   0.165700E+03   0.145593E+04   0.283765E+02   0.845452E+05   0.145020E+04
   0.165800E+03   0.145595E+04   0.283761E+02   0.845466E+05   0.145017E+04
   0.165900E+03   0.145597E+04   0.283755E+02   0.845481E+05   0.145012E+04
   0.166000E+03   0.145598E+04   0.283777E+02   0.845495E+05   0.145008E+04
   0.166100E+03   0.145600E+04   0.283768E+02   0.845509E+05   0.145007E+04
   0.166200E+03   0.145602E+04   0.283757E+02   0.845524E+05   0.145002E+04
   0.166300E+03   0.145604E+04   0.283735E+02   0.845538E+05   0.144997E+04
   0.166400E+03   0.145605E+04   0.283744E+02   0.845552E+05   0.144995E+04
   0.166500E+03   0.145607E+04   0.283753E+02   0.845567E+05   0.144991E+04
   0.166600E+03   0.145609E+04   0.283723E+02   0.845581E+05   0.144990E+04
   0.166700E+03   0.145610E+04   0.283747E+02   0.845595E+05   0.144986E+04
   0.166800E+03   0.145612E+04   0.283725E+02   0.845609E+05   0.144981E+04
   0.166900E+03   0.145614E+04   0.283723E+02   0.845623E+05   0.144979E+04
   0.167000E+03   0.145615E+04   0.283719E+02   0.845637E+05   0.144973E+04
   0.167100E+03   0.145617E+04   0.283730E+02   0.845651E+05   0.144970E+04
   0.167200E+03   0.145619E+04   0.283691E+02   0.845665E+05   0.144966E+04
   0.167300E+03   0.145620E+04   0.283721E+02   0.845679E+05   0.144963E+04
   0.167400E+03   0.145622E+04   0.283706E+02   0.845692E+05   0.144959E+04
   0.167500E+03   0.145624E+04   0.283723E+02   0.845706E+05   0.144956E+04
   0.167600E+03   0.145625E+04   0.283709E+02   0.845720E+05   0.144954E+04
   0.167700E+03   0.145627E+04   0.283694E+02   0.845734E+05   0.144951E+04
   0.167800E+03   0.145629E+04   0.283708E+02   0.845747E+05   0.144949E+04
   0.167900E+03   0.145630E+04   0.283706E+02   0.845761E+05   0.144941E+04
   0.168000E+03   0.145632E+04   0.283702E+02   0.845774E+05   0.144941E+04
   0.168100E+03   0.145634E+04   0.283694E+02   0.845787E+05   0.144939E+04
   0.168200E+03   0.145635E+04   0.283682E+02   0.845801E+05   0.144933E+04
   0.168300E+03   0.145637E+04   0.283699E+02   0.845814E+05   0.144931E+04
   0.168400E+03   0.145638E+04   0.283665E+02   0.845828E+05   0.144927E+04
   0.168500E+03   0.145640E+04   0.283690E+02   0.845841E+05   0.144925E+04
   0.168600E+03   0.145641E+04   0.283674E+02   0.845854E+05   0.144921E+04
   0.168700E+03   0.145643E+04   0.283675E+02   0.845867E+05   0.144916E+04
   0.168800E+03   0.145645E+04   0.283658E+02   0.845880E+05   0.144915E+04
   0.168900E+03   0.145646E+04   0.283651E+02   0.845893E+05   0.144910E+04
   0.169000E+03   0.145648E+04   0.283664E+02   0.845906E+05   0.144908E+04
   0.169100E+03   0.145649E+04   0.283664E+02   0.845919E+05   0.144902E+04
   0.169200E+03   0.145651E+04   0.283655E+02   0.845932E+05   0.144901E+04
   0.169300E+03   0.145653E+04   0.283659E+02   0.845945E+05   0.144899E+04
   0.169400E+03   0.145654E+04   0.283646E+02   0.845957E+05   0.144893E+04
   0.169500E+03   0.145656E+04   0.283644E+02   0.845970E+05   0.144890E+04
   0.169600E+03   0.145657E+04   0.283651E+02   0.845983E+05   0.144888E+04
   0.169700E+03   0.145659E+04   0.283629E+02   0.845996E+05   0.144885E+04
   0.169800E+03   0.145660E+04   0.283658E+02   0.846008E+05   0.144882E+04
   0.169900E+03   0.145662E+04   0.283629E+02   0.846021E+05   0.144879E+04
   0.170000E+03   0.145663E+04   0.283616E+02   0.846033E+05   0.144875E+04
   0.170100E+03   0.145665E+04   0.283638E+02   0.846046E+05   0.144872E+04
   0.170200E+03   0.145666E+04   0.283622E+02   0.846058E+05   0.144869E+04
   0.170300E+03   0.145668E+04   0.283600E+02   0.846070E+05   0.144865E+04
   0.170400E+03   0.145669E+04   0.283628E+02   0.846083E+05   0.144863E+04
   0.170500E+03   0.145671E+04   0.283618E+02   0.846095E+05   0.144859E+04
   0.170600E+03   0.145672E+04   0.283611E+02   0.846107E+05   0.144857E+04
   0.170700E+03   0.145673E+04   0.283621E+02   0.846120E+05   0.144852E+04
   0.170800E+03   0.145675E+04   0.283604E+02   0.846132E+05   0.144851E+04
   0.170900E+03   0.145676E+04   0.283605E+02   0.846144E+05   0.144848E+04
   0.171000E+03   0.145678E+04   0.283601E+02   0.846156E+05   0.144844E+04
   0.171100E+03   0.145679E+04   0.283598E+02   0.846168E+05   0.144842E+04
   0.171200E+03   0.145681E+04   0.283605E+02   0.846180E+05   0.144839E+04
   0.171300E+03   0.145682E+04   0.283605E+02   0.846192E+05   0.144835E+04
   0.171400E+03   0.145684E+04   0.283595E+02   0.846204E+05   0.144831E+04
   0.171500E+03   0.145685E+04   0.283588E+02   0.846215E+05   0.144829E+04
   0.171600E+03   0.145686E+04   0.283575E+02   0.846227E+05   0.144823E+04
   0.171700E+03   0.145688E+04   0.283592E+02   0.846239E+05   0.144821E+04
   0.171800E+03   0.145689E+04   0.283570E+02   0.846251E+05   0.144818E+04
   0.171900E+03   0.145691E+04   0.283583E+02   0.846262E+05   0.144816E+04
   0.172000E+03   0.145692E+04   0.283559E+02   0.846274E+05   0.144813E+04
   0.172100E+03   0.145693E+04   0.283566E+02   0.846286E+05   0.144810E+04
   0.172200E+03   0.145695E+04   0.283585E+02   0.846297E+05   0.144810E+04
   0.172300E+03   0.145696E+04   0.283564E+02   0.846309E+05   0.144805E+04
   0.172400E+03   0.145697E+04   0.283558E+02   0.846320E+05   0.144802E+04
   0.172500E+03   0.145699E+04   0.283570E+02   0.846331E+05   0.144798E+04
   0.172600E+03   0.145700E+04   0.283560E+02   0.846343E+05   0.144796E+04
   0.172700E+03   0.145702E+04   0.283560E+02   0.846354E+05   0.144791E+04
   0.172800E+03   0.145703E+04   0.283548E+02   0.846366E+05   0.144789E+04
   0.172900E+03   0.145704E+04   0.283541E+02   0.846377E+05   0.144786E+04
   0.173000E+03   0.145706E+04   0.283554E+02   0.846388E+05   0.144785E+04
   0.173100E+03   0.145707E+04   0.283551E+02   0.846399E+05   0.144780E+04
   0.173200E+03   0.145708E+04   0.283523E+02   0.846410E+05   0.144778E+04
   0.173300E+03   0.145710E+04   0.283523E+02   0.846421E+05   0.144775E+04
   0.173400E+03   0.145711E+04   0.283556E+02   0.846433E+05   0.144771E+04
   0.173500E+03   0.145712E+04   0.283532E+02   0.846444E+05   0.144770E+04
   0.173600E+03   0.145714E+04   0.283529E+02   0.846454E+05   0.144768E+04
   0.173700E+03   0.145715E+04   0.283525E+02   0.846465E+05   0.144764E+04
   0.173800E+03   0.145716E+04   0.283512E+02   0.846476E+05   0.144760E+04
   0.173900E+03   0.145718E+04   0.283523E+02   0.846487E+05   0.144758E+04
   0.174000E+03   0.145719E+04   0.283528E+02   0.846498E+05   0.144755E+04
   0.174100E+03   0.145720E+04   0.283522E+02   0.846509E+05   0.144752E+04
   0.174200E+03   0.145721E+04   0.283500E+02   0.846519E+05   0.144750E+04
   0.174300E+03   0.145723E+04   0.283500E+02   0.846530E+05   0.144746E+04
   0.174400E+03   0.145724E+04   0.283500E+02   0.846541E+05   0.144744E+04
   0.174500E+03   0.145725E+04   0.283507E+02   0.846551E+05   0.144739E+04
   0.174600E+03   0.145727E+04   0.283500E+02   0.846562E+05   0.144738E+04
   0.174700E+03   0.145728E+04   0.283502E+02   0.846572E+05   0.144734E+04
   0.174800E+03   0.145729E+04   0.283501E+02   0.846583E+05   0.144732E+04
   0.174900E+03   0.145730E+04   0.283500E+02   0.846593E+05   0.144731E+04
   0.175000E+03   0.145732E+04   0.283473E+02   0.846604E+05   0.144725E+04
   0.175100E+03   0.145733E+04   0.283495E+02   0.846614E+05   0.144723E+04
   0.175200E+03   0.145734E+04   0.283490E+02   0.846624E+05   0.144721E+04
   0.175300E+03   0.145735E+04   0.283486E+02   0.846635E+05   0.144718E+04
   0.175400E+03   0.145737E+04   0.283494E+02   0.846645E+05   0.144716E+04
   0.175500E+03   0.145738E+04   0.283485E+02   0.846655E+05   0.144712E+04
   0.175600E+03   0.145739E+04   0.283476E+02   0.846665E+05   0.144710E+04
   0.175700E+03   0.145740E+04   0.283472E+02   0.846676E+05   0.144708E+04
   0.175800E+03   0.145741E+04   0.283470E+02   0.846686E+05   0.144704E+04
   0.175900E+03   0.145742E+04   0.283480E+02   0.846695E+05   0.144701E+04
   0.176000E+03   0.145744E+04   0.283465E+02   0.846706E+05   0.144701E+04
   0.176100E+03   0.145745E+04   0.283465E+02   0.846716E+05   0.144696E+04
   0.176200E+03   0.145746E+04   0.283460E+02   0.846726E+05   0.144692E+04
   0.176300E+03   0.145747E+04   0.283460E+02   0.846736E+05   0.144690E+04
   0.176400E+03   0.145748E+04   0.283455E+02   0.846746E+05   0.144689E+04
   0.176500E+03   0.145750E+04   0.283463E+02   0.846755E+05   0.144686E+04
   0.176600E+03   0.145751E+04   0.283436E+02   0.846765E+05   0.144683E+04
   0.176700E+03   0.145752E+04   0.283449E+02   0.846775E+05   0.144679E+04
   0.176800E+03   0.145753E+04   0.283447E+02   0.846785E+05   0.144679E+04
   0.176900E+03   0.145754E+04   0.283447E+02   0.846795E+05   0.144675E+04
   0.177000E+03   0.145756E+04   0.283448E+02   0.846804E+05   0.144673E+04
   0.177100E+03   0.145757E+04   0.283457E+02   0.846814E+05   0.144670E+04
   0.177200E+03   0.145758E+04   0.283460E+02   0.846824E+05   0.144667E+04
   0.177300E+03   0.145759E+04   0.283448E+02   0.846833E+05   0.144666E+04
   0.177400E+03   0.145760E+04   0.283437E+02   0.846842E+05   0.144660E+04
   0.177500E+03   0.145761E+04   0.283432E+02   0.846852E+05   0.144659E+04
   0.177600E+03   0.145762E+04   0.283435E+02   0.846861E+05   0.144656E+04
   0.177700E+03   0.145764E+04   0.283430E+02   0.846871E+05   0.144653E+04
   0.177800E+03   0.145765E+04   0.283426E+02   0.846880E+05   0.144653E+04
   0.177900E+03   0.145766E+04   0.283428E+02   0.846890E+05   0.144647E+04
   0.178000E+03   0.145767E+04   0.283431E+02   0.846899E+05   0.144647E+04
   0.178100E+03   0.145768E+04   0.283416E+02   0.846908E+05   0.144644E+04
   0.178200E+03   0.145769E+04   0.283414E+02   0.846918E+05   0.144641E+04
   0.178300E+03   0.145770E+04   0.283403E+02   0.846927E+05   0.144638E+04
   0.178400E+03   0.145771E+04   0.283403E+02   0.846936E+05   0.144637E+04
   0.178500E+03   0.145773E+04   0.283398E+02   0.846945E+05   0.144633E+04
   0.178600E+03   0.145774E+04   0.283413E+02   0.846954E+05   0.144632E+04
   0.178700E+03   0.145775E+04   0.283409E+02   0.846963E+05   0.144628E+04
   0.178800E+03   0.145776E+04   0.283404E+02   0.846972E+05   0.144625E+04
   0.178900E+03   0.145777E+04   0.283406E+02   0.846981E+05   0.144623E+04
   0.179000E+03   0.145778E+04   0.283401E+02   0.846991E+05   0.144619E+04
   0.179100E+03   0.145779E+04   0.283409E+02   0.846999E+05   0.144618E+04
   0.179200E+03   0.145780E+04   0.283409E+02   0.847008E+05   0.144615E+04
   0.179300E+03   0.145781E+04   0.283403E+02   0.847017E+05   0.144614E+04
   0.179400E+03   0.145782E+04   0.283403E+02   0.847026E+05   0.144610E+04
   0.179500E+03   0.145783E+04   0.283379E+02   0.847035E+05   0.144609E+04
   0.179600E+03   0.145784E+04   0.283379E+02   0.847044E+05   0.144608E+04
   0.179700E+03   0.145786E+04   0.283370E+02   0.847052E+05   0.144604E+04
   0.179800E+03   0.145786E+04   0.283374E+02   0.847061E+05   0.144601E+04
   0.179900E+03   0.145788E+04   0.283370E+02   0.847070E+05   0.144599E+04
   0.180000E+03   0.145789E+04   0.283365E+02   0.847079E+05   0.144594E+04
   0.180100E+03   0.145790E+04   0.283376E+02   0.847087E+05   0.144594E+04
   0.180200E+03   0.145791E+04   0.283376E+02   0.847096E+05   0.144591E+04
   0.180300E+03   0.145792E+04   0.283364E+02   0.847104E+05   0.144589E+04
   0.180400E+03   0.145793E+04   0.283364E+02   0.847113E+05   0.144587E+04
   0.180500E+03   0.145794E+04   0.283347E+02   0.847121E+05   0.144583E+04
   0.180600E+03   0.145795E+04   0.283362E+02   0.847130E+05   0.144582E+04
   0.180700E+03   0.145796E+04   0.283353E+02   0.847138E+05   0.144580E+04
   0.180800E+03   0.145797E+04   0.283336E+02   0.847147E+05   0.144577E+04
   0.180900E+03   0.145798E+04   0.283336E+02   0.847155E+05   0.144575E+04
   0.181000E+03   0.145799E+04   0.283344E+02   0.847163E+05   0.144572E+04
   0.181100E+03   0.145800E+04   0.283342E+02   0.847172E+05   0.144570E+04
   0.181200E+03   0.145801E+04   0.283342E+02   0.847180E+05   0.144569E+04
   0.181300E+03   0.145802E+04   0.283339E+02   0.847188E+05   0.144567E+04
   0.181400E+03   0.145803E+04   0.283347E+02   0.847197E+05   0.144563E+04
   0.181500E+03   0.145804E+04   0.283342E+02   0.847205E+05   0.144561E+04
   0.181600E+03   0.145805E+04   0.283360E+02   0.847213E+05   0.144558E+04
   0.181700E+03   0.145806E+04   0.283326E+02   0.847221E+05   0.144557E+04
   0.181800E+03   0.145806E+04   0.283334E+02   0.847229E+05   0.144555E+04
   0.181900E+03   0.145808E+04   0.283329E+02   0.847237E+05   0.144553E+04
   0.182000E+03   0.145809E+04   0.283329E+02   0.847245E+05   0.144550E+04
   0.182100E+03   0.145810E+04   0.283337E+02   0.847253E+05   0.144546E+04
   0.182200E+03   0.145811E+04   0.283337E+02   0.847261E+05   0.144543E+04
   0.182300E+03   0.145812E+04   0.283340E+02   0.847269E+05   0.144544E+04
   0.182400E+03   0.145813E+04   0.283322E+02   0.847277E+05   0.144540E+04
   0.182500E+03   0.145813E+04   0.283313E+02   0.847285E+05   0.144538E+04
   0.182600E+03   0.145814E+04   0.283313E+02   0.847293E+05   0.144535E+04
   0.182700E+03   0.145815E+04   0.283313E+02   0.847301E+05   0.144532E+04
   0.182800E+03   0.145816E+04   0.283321E+02   0.847309E+05   0.144530E+04
   0.182900E+03   0.145817E+04   0.283320E+02   0.847317E+05   0.144529E+04
   0.183000E+03   0.145818E+04   0.283297E+02   0.847324E+05   0.144526E+04
   0.183100E+03   0.145819E+04   0.283297E+02   0.847332E+05   0.144525E+04
   0.183200E+03   0.145820E+04   0.283306E+02   0.847340E+05   0.144521E+04
   0.183300E+03   0.145821E+04   0.283306E+02   0.847348E+05   0.144517E+04
   0.183400E+03   0.145822E+04   0.283310E+02   0.847355E+05   0.144516E+04
   0.183500E+03   0.145823E+04   0.283313E+02   0.847363E+05   0.144514E+04
   0.183600E+03   0.145824E+04   0.283296E+02   0.847370E+05   0.144513E+04
   0.183700E+03   0.145825E+04   0.283296E+02   0.847378E+05   0.144512E+04
   0.183800E+03   0.145825E+04   0.283291E+02   0.847385E+05   0.144510E+04
   0.183900E+03   0.145826E+04   0.283291E+02   0.847393E+05   0.144508E+04
   0.184000E+03   0.145827E+04   0.283291E+02   0.847400E+05   0.144503E+04
   0.184100E+03   0.145828E+04   0.283291E+02   0.847408E+05   0.144500E+04
   0.184200E+03   0.145829E+04   0.283290E+02   0.847415E+05   0.144500E+04
   0.184300E+03   0.145830E+04   0.283290E+02   0.847423E+05   0.144498E+04
   0.184400E+03   0.145831E+04   0.283281E+02   0.847430E+05   0.144495E+04
   0.184500E+03   0.145832E+04   0.283284E+02   0.847437E+05   0.144493E+04
   0.184600E+03   0.145833E+04   0.283271E+02   0.847445E+05   0.144493E+04
   0.184700E+03   0.145833E+04   0.283279E+02   0.847452E+05   0.144488E+04
   0.184800E+03   0.145835E+04   0.283279E+02   0.847459E+05   0.144487E+04
   0.184900E+03   0.145835E+04   0.283271E+02   0.847467E+05   0.144485E+04
   0.185000E+03   0.145836E+04   0.283267E+02   0.847474E+05   0.144483E+04
   0.185100E+03   0.145837E+04   0.283267E+02   0.847481E+05   0.144481E+04
   0.185200E+03   0.145838E+04   0.283261E+02   0.847488E+05   0.144479E+04
   0.185300E+03   0.145839E+04   0.283273E+02   0.847495E+05   0.144475E+04
   0.185400E+03   0.145839E+04   0.283247E+02   0.847502E+05   0.144475E+04
   0.185500E+03   0.145840E+04   0.283273E+02   0.847509E+05   0.144474E+04
   0.185600E+03   0.145841E+04   0.283267E+02   0.847517E+05   0.144468E+04
   0.185700E+03   0.145842E+04   0.283271E+02   0.847524E+05   0.144468E+04
   0.185800E+03   0.145843E+04   0.283246E+02   0.847531E+05   0.144466E+04
   0.185900E+03   0.145844E+04   0.283246E+02   0.847538E+05   0.144464E+04
   0.186000E+03   0.145845E+04   0.283249E+02   0.847544E+05   0.144463E+04
   0.186100E+03   0.145845E+04   0.283272E+02   0.847551E+05   0.144459E+04
   0.186200E+03   0.145846E+04   0.283233E+02   0.847558E+05   0.144458E+04
   0.186300E+03   0.145847E+04   0.283241E+02   0.847565E+05   0.144455E+04
   0.186400E+03   0.145848E+04   0.283245E+02   0.847572E+05   0.144456E+04
   0.186500E+03   0.145849E+04   0.283252E+02   0.847579E+05   0.144452E+04
   0.186600E+03   0.145849E+04   0.283241E+02   0.847586E+05   0.144449E+04
   0.186700E+03   0.145850E+04   0.283243E+02   0.847592E+05   0.144448E+04
   0.186800E+03   0.145851E+04   0.283251E+02   0.847599E+05   0.144446E+04
   0.186900E+03   0.145852E+04   0.283234E+02   0.847606E+05   0.144443E+04
   0.187000E+03   0.145853E+04   0.283221E+02   0.847613E+05   0.144440E+04
   0.187100E+03   0.145854E+04   0.283244E+02   0.847619E+05   0.144439E+04
   0.187200E+03   0.145854E+04   0.283238E+02   0.847626E+05   0.144436E+04
   0.187300E+03   0.145855E+04   0.283237E+02   0.847633E+05   0.144436E+04
   0.187400E+03   0.145856E+04   0.283215E+02   0.847639E+05   0.144434E+04
   0.187500E+03   0.145857E+04   0.283219E+02   0.847646E+05   0.144432E+04
   0.187600E+03   0.145857E+04   0.283229E+02   0.847652E+05   0.144430E+04
   0.187700E+03   0.145858E+04   0.283206E+02   0.847659E+05   0.144428E+04
   0.187800E+03   0.145859E+04   0.283219E+02   0.847665E+05   0.144426E+04
   0.187900E+03   0.145860E+04   0.283206E+02   0.847672E+05   0.144425E+04
   0.188000E+03   0.145861E+04   0.283228E+02   0.847678E+05   0.144423E+04
   0.188100E+03   0.145861E+04   0.283214E+02   0.847685E+05   0.144420E+04
   0.188200E+03   0.145862E+04   0.283221E+02   0.847691E+05   0.144417E+04
   0.188300E+03   0.145863E+04   0.283213E+02   0.847698E+05   0.144416E+04
   0.188400E+03   0.145864E+04   0.283211E+02   0.847704E+05   0.144415E+04
   0.188500E+03   0.145864E+04   0.283222E+02   0.847710E+05   0.144409E+04
   0.188600E+03   0.145865E+04   0.283207E+02   0.847717E+05   0.144411E+04
   0.188700E+03   0.145866E+04   0.283199E+02   0.847723E+05   0.144409E+04
   0.188800E+03   0.145867E+04   0.283214E+02   0.847729E+05   0.144406E+04
   0.188900E+03   0.145867E+04   0.283201E+02   0.847735E+05   0.144405E+04
   0.189000E+03   0.145868E+04   0.283190E+02   0.847742E+05   0.144402E+04
   0.189100E+03   0.145869E+04   0.283197E+02   0.847748E+05   0.144400E+04
   0.189200E+03   0.145870E+04   0.283203E+02   0.847754E+05   0.144399E+04
   0.189300E+03   0.145870E+04   0.283184E+02   0.847760E+05   0.144398E+04
   0.189400E+03   0.145871E+04   0.283196E+02   0.847766E+05   0.144395E+04
   0.189500E+03   0.145872E+04   0.283198E+02   0.847772E+05   0.144393E+04
   0.189600E+03   0.145872E+04   0.283193E+02   0.847779E+05   0.144392E+04
   0.189700E+03   0.145873E+04   0.283170E+02   0.847785E+05   0.144389E+04
   0.189800E+03   0.145874E+04   0.283174E+02   0.847791E+05   0.144389E+04
   0.189900E+03   0.145875E+04   0.283184E+02   0.847797E+05   0.144385E+04
   0.190000E+03   0.145876E+04   0.283172E+02   0.847803E+05   0.144385E+04
   0.190100E+03   0.145876E+04   0.283185E+02   0.847809E+05   0.144381E+04
   0.190200E+03   0.145877E+04   0.283183E+02   0.847815E+05   0.144379E+04
   0.190300E+03   0.145878E+04   0.283176E+02   0.847821E+05   0.144377E+04
   0.190400E+03   0.145878E+04   0.283173E+02   0.847826E+05   0.144377E+04
   0.190500E+03   0.145879E+04   0.283168E+02   0.847832E+05   0.144373E+04
   0.190600E+03   0.145880E+04   0.283174E+02   0.847838E+05   0.144374E+04
   0.190700E+03   0.145881E+04   0.283176E+02   0.847844E+05   0.144371E+04
   0.190800E+03   0.145881E+04   0.283146E+02   0.847850E+05   0.144371E+04
   0.190900E+03   0.145882E+04   0.283173E+02   0.847856E+05   0.144366E+04
   0.191000E+03   0.145883E+04   0.283185E+02   0.847861E+05   0.144365E+04
   0.191100E+03   0.145883E+04   0.283154E+02   0.847867E+05   0.144366E+04
   0.191200E+03   0.145884E+04   0.283169E+02   0.847873E+05   0.144363E+04
   0.191300E+03   0.145885E+04   0.283151E+02   0.847879E+05   0.144361E+04
   0.191400E+03   0.145885E+04   0.283152E+02   0.847884E+05   0.144357E+04
   0.191500E+03   0.145886E+04   0.283176E+02   0.847890E+05   0.144357E+04
   0.191600E+03   0.145887E+04   0.283142E+02   0.847896E+05   0.144355E+04
   0.191700E+03   0.145887E+04   0.283152E+02   0.847901E+05   0.144354E+04
   0.191800E+03   0.145888E+04   0.283162E+02   0.847907E+05   0.144351E+04
   0.191900E+03   0.145889E+04   0.283153E+02   0.847913E+05   0.144348E+04
   0.192000E+03   0.145890E+04   0.283151E+02   0.847918E+05   0.144348E+04
   0.192100E+03   0.145890E+04   0.283148E+02   0.847924E+05   0.144347E+04
   0.192200E+03   0.145891E+04   0.283152E+02   0.847929E+05   0.144344E+04
   0.192300E+03   0.145891E+04   0.283138E+02   0.847935E+05   0.144342E+04
   0.192400E+03   0.145892E+04   0.283140E+02   0.847940E+05   0.144340E+04
   0.192500E+03   0.145893E+04   0.283163E+02   0.847946E+05   0.144338E+04
   0.192600E+03   0.145893E+04   0.283125E+02   0.847951E+05   0.144337E+04
   0.192700E+03   0.145894E+04   0.283148E+02   0.847957E+05   0.144336E+04
   0.192800E+03   0.145895E+04   0.283135E+02   0.847962E+05   0.144334E+04
   0.192900E+03   0.145895E+04   0.283146E+02   0.847968E+05   0.144333E+04
   0.193000E+03   0.145896E+04   0.283126E+02   0.847973E+05   0.144330E+04
   0.193100E+03   0.145897E+04   0.283120E+02   0.847978E+05   0.144329E+04
   0.193200E+03   0.145897E+04   0.283146E+02   0.847984E+05   0.144327E+04
   0.193300E+03   0.145898E+04   0.283124E+02   0.847989E+05   0.144327E+04
   0.193400E+03   0.145899E+04   0.283123E+02   0.847994E+05   0.144326E+04
   0.193500E+03   0.145899E+04   0.283136E+02   0.848000E+05   0.144321E+04
   0.193600E+03   0.145900E+04   0.283127E+02   0.848005E+05   0.144320E+04
   0.193700E+03   0.145900E+04   0.283128E+02   0.848010E+05   0.144318E+04
   0.193800E+03   0.145901E+04   0.283130E+02   0.848015E+05   0.144316E+04
   0.193900E+03   0.145902E+04   0.283108E+02   0.848021E+05   0.144315E+04
   0.194000E+03   0.145902E+04   0.283115E+02   0.848026E+05   0.144313E+04
   0.194100E+03   0.145903E+04   0.283125E+02   0.848031E+05   0.144310E+04
   0.194200E+03   0.145904E+04   0.283135E+02   0.848036E+05   0.144311E+04
   0.194300E+03   0.145904E+04   0.283118E+02   0.848041E+05   0.144311E+04
   0.194400E+03   0.145905E+04   0.283110E+02   0.848046E+05   0.144306E+04
   0.194500E+03   0.145905E+04   0.283125E+02   0.848051E+05   0.144307E+04
   0.194600E+03   0.145906E+04   0.283110E+02   0.848056E+05   0.144305E+04
   0.194700E+03   0.145907E+04   0.283114E+02   0.848061E+05   0.144302E+04
   0.194800E+03   0.145907E+04   0.283108E+02   0.848066E+05   0.144301E+04
   0.194900E+03   0.145908E+04   0.283103E+02   0.848071E+05   0.144301E+04
   0.195000E+03   0.145908E+04   0.283099E+02   0.848077E+05   0.144297E+04
   0.195100E+03   0.145909E+04   0.283103E+02   0.848082E+05   0.144296E+04
   0.195200E+03   0.145910E+04   0.283095E+02   0.848086E+05   0.144292E+04
   0.195300E+03   0.145910E+04   0.283114E+02   0.848091E+05   0.144294E+04
   0.195400E+03   0.145911E+04   0.283083E+02   0.848096E+05   0.144291E+04
   0.195500E+03   0.145911E+04   0.283107E+02   0.848101E+05   0.144288E+04
   0.195600E+03   0.145912E+04   0.283089E+02   0.848106E+05   0.144288E+04
   0.195700E+03   0.145912E+04   0.283102E+02   0.848111E+05   0.144286E+04
   0.195800E+03   0.145913E+04   0.283077E+02   0.848116E+05   0.144282E+04
   0.195900E+03   0.145914E+04   0.283105E+02   0.848121E+05   0.144284E+04
   0.196000E+03   0.145914E+04   0.283077E+02   0.848125E+05   0.144281E+04
   0.196100E+03   0.145915E+04   0.283089E+02   0.848130E+05   0.144280E+04
   0.196200E+03   0.145915E+04   0.283075E+02   0.848135E+05   0.144279E+04
   0.196300E+03   0.145916E+04   0.283092E+02   0.848140E+05   0.144276E+04
   0.196400E+03   0.145916E+04   0.283071E+02   0.848145E+05   0.144276E+04
   0.196500E+03   0.145917E+04   0.283087E+02   0.848149E+05   0.144272E+04
   0.196600E+03   0.145918E+04   0.283070E+02   0.848154E+05   0.144272E+04
   0.196700E+03   0.145918E+04   0.283083E+02   0.848159E+05   0.144271E+04
   0.196800E+03   0.145919E+04   0.283070E+02   0.848163E+05   0.144270E+04
   0.196900E+03   0.145919E+04   0.283081E+02   0.848168E+05   0.144267E+04
   0.197000E+03   0.145920E+04   0.283061E+02   0.848173E+05   0.144267E+04
   0.197100E+03   0.145920E+04   0.283082E+02   0.848177E+05   0.144264E+04
   0.197200E+03   0.145921E+04   0.283060E+02   0.848182E+05   0.144262E+04
   0.197300E+03   0.145922E+04   0.283077E+02   0.848187E+05   0.144261E+04
   0.197400E+03   0.145922E+04   0.283053E+02   0.848191E+05   0.144262E+04
   0.197500E+03   0.145923E+04   0.283080E+02   0.848196E+05   0.144259E+04
   0.197600E+03   0.145923E+04   0.283056E+02   0.848200E+05   0.144257E+04
   0.197700E+03   0.145924E+04   0.283077E+02   0.848205E+05   0.144256E+04
   0.197800E+03   0.145924E+04   0.283059E+02   0.848209E+05   0.144254E+04
   0.197900E+03   0.145925E+04   0.283072E+02   0.848214E+05   0.144253E+04
   0.198000E+03   0.145925E+04   0.283054E+02   0.848218E+05   0.144251E+04
   0.198100E+03   0.145926E+04   0.283082E+02   0.848223E+05   0.144250E+04
   0.198200E+03   0.145926E+04   0.283050E+02   0.848227E+05   0.144249E+04
   0.198300E+03   0.145927E+04   0.283081E+02   0.848232E+05   0.144248E+04
   0.198400E+03   0.145928E+04   0.283053E+02   0.848236E+05   0.144245E+04
   0.198500E+03   0.145928E+04   0.283066E+02   0.848240E+05   0.144245E+04
   0.198600E+03   0.145929E+04   0.283049E+02   0.848245E+05   0.144242E+04
   0.198700E+03   0.145929E+04   0.283045E+02   0.848249E+05   0.144241E+04
   0.198800E+03   0.145930E+04   0.283049E+02   0.848254E+05   0.144238E+04
   0.198900E+03   0.145930E+04   0.283052E+02   0.848258E+05   0.144239E+04
   0.199000E+03   0.145931E+04   0.283053E+02   0.848262E+05   0.144237E+04
   0.199100E+03   0.145931E+04   0.283052E+02   0.848267E+05   0.144236E+04
   0.199200E+03   0.145932E+04   0.283051E+02   0.848271E+05   0.144235E+04
   0.199300E+03   0.145932E+04   0.283028E+02   0.848275E+05   0.144230E+04
   0.199400E+03   0.145933E+04   0.283056E+02   0.848279E+05   0.144230E+04
   0.199500E+03   0.145933E+04   0.283023E+02   0.848284E+05   0.144230E+04
   0.199600E+03   0.145934E+04   0.283056E+02   0.848288E+05   0.144229E+04
   0.199700E+03   0.145934E+04   0.283038E+02   0.848292E+05   0.144225E+04
   0.199800E+03   0.145935E+04   0.283034E+02   0.848296E+05   0.144226E+04
   0.199900E+03   0.145935E+04   0.283038E+02   0.848300E+05   0.144224E+04
   0.200000E+03   0.145936E+04   0.283042E+02   0.848304E+05   0.144223E+04
   0.200100E+03   0.145937E+04   0.283029E+02   0.848309E+05   0.144220E+04
   0.200200E+03   0.145937E+04   0.283049E+02   0.848313E+05   0.144220E+04
   0.200300E+03   0.145938E+04   0.283029E+02   0.848317E+05   0.144218E+04
   0.200400E+03   0.145938E+04   0.283020E+02   0.848321E+05   0.144218E+04
   0.200500E+03   0.145938E+04   0.283036E+02   0.848325E+05   0.144215E+04
   0.200600E+03   0.145939E+04   0.283020E+02   0.848329E+05   0.144214E+04
   0.200700E+03   0.145939E+04   0.283039E+02   0.848333E+05   0.144214E+04
   0.200800E+03   0.145940E+04   0.283029E+02   0.848337E+05   0.144212E+04
   0.200900E+03   0.145940E+04   0.283038E+02   0.848341E+05   0.144210E+04
   0.201000E+03   0.145941E+04   0.283029E+02   0.848345E+05   0.144210E+04
   0.201100E+03   0.145941E+04   0.283046E+02   0.848349E+05   0.144206E+04
   0.201200E+03   0.145942E+04   0.283014E+02   0.848353E+05   0.144205E+04
   0.201300E+03   0.145942E+04   0.283029E+02   0.848357E+05   0.144204E+04
   0.201400E+03   0.145943E+04   0.283018E+02   0.848361E+05   0.144202E+04
   0.201500E+03   0.145943E+04   0.283023E+02   0.848365E+05   0.144200E+04
   0.201600E+03   0.145944E+04   0.283018E+02   0.848369E+05   0.144202E+04
   0.201700E+03   0.145944E+04   0.283013E+02   0.848373E+05   0.144198E+04
   0.201800E+03   0.145945E+04   0.283001E+02   0.848377E+05   0.144199E+04
   0.201900E+03   0.145945E+04   0.283016E+02   0.848381E+05   0.144195E+04
   0.202000E+03   0.145945E+04   0.283025E+02   0.848385E+05   0.144196E+04
   0.202100E+03   0.145946E+04   0.283016E+02   0.848388E+05   0.144193E+04
   0.202200E+03   0.145946E+04   0.283007E+02   0.848392E+05   0.144194E+04
   0.202300E+03   0.145947E+04   0.283025E+02   0.848396E+05   0.144190E+04
   0.202400E+03   0.145947E+04   0.283007E+02   0.848400E+05   0.144189E+04
   0.202500E+03   0.145948E+04   0.283012E+02   0.848404E+05   0.144189E+04
   0.202600E+03   0.145948E+04   0.283015E+02   0.848408E+05   0.144187E+04
   0.202700E+03   0.145949E+04   0.282990E+02   0.848411E+05   0.144185E+04
   0.202800E+03   0.145949E+04   0.283012E+02   0.848415E+05   0.144185E+04
   0.202900E+03   0.145949E+04   0.283013E+02   0.848419E+05   0.144184E+04
   0.203000E+03   0.145950E+04   0.282999E+02   0.848422E+05   0.144181E+04
   0.203100E+03   0.145950E+04   0.283013E+02   0.848426E+05   0.144182E+04
   0.203200E+03   0.145951E+04   0.282986E+02   0.848430E+05   0.144179E+04
   0.203300E+03   0.145951E+04   0.283017E+02   0.848433E+05   0.144179E+04
   0.203400E+03   0.145952E+04   0.282986E+02   0.848437E+05   0.144176E+04
   0.203500E+03   0.145952E+04   0.283002E+02   0.848441E+05   0.144176E+04
   0.203600E+03   0.145953E+04   0.282986E+02   0.848444E+05   0.144176E+04
   0.203700E+03   0.145953E+04   0.282986E+02   0.848448E+05   0.144173E+04
   0.203800E+03   0.145954E+04   0.283013E+02   0.848452E+05   0.144171E+04
   0.203900E+03   0.145954E+04   0.282989E+02   0.848455E+05   0.144170E+04
   0.204000E+03   0.145954E+04   0.282979E+02   0.848459E+05   0.144169E+04
   0.204100E+03   0.145955E+04   0.282996E+02   0.848463E+05   0.144168E+04
   0.204200E+03   0.145955E+04   0.282981E+02   0.848466E+05   0.144166E+04
   0.204300E+03   0.145956E+04   0.283011E+02   0.848470E+05   0.144166E+04
   0.204400E+03   0.145956E+04   0.282985E+02   0.848473E+05   0.144164E+04
   0.204500E+03   0.145957E+04   0.282985E+02   0.848477E+05   0.144162E+04
   0.204600E+03   0.145957E+04   0.282996E+02   0.848480E+05   0.144163E+04
   0.204700E+03   0.145957E+04   0.282989E+02   0.848484E+05   0.144161E+04
   0.204800E+03   0.145958E+04   0.282965E+02   0.848487E+05   0.144160E+04
   0.204900E+03   0.145958E+04   0.282991E+02   0.848491E+05   0.144159E+04
   0.205000E+03   0.145958E+04   0.282984E+02   0.848494E+05   0.144157E+04
   0.205100E+03   0.145959E+04   0.282975E+02   0.848498E+05   0.144156E+04
   0.205200E+03   0.145959E+04   0.282992E+02   0.848501E+05   0.144154E+04
   0.205300E+03   0.145960E+04   0.282962E+02   0.848504E+05   0.144153E+04
   0.205400E+03   0.145960E+04   0.282986E+02   0.848508E+05   0.144151E+04
   0.205500E+03   0.145961E+04   0.282985E+02   0.848511E+05   0.144153E+04
   0.205600E+03   0.145961E+04   0.282957E+02   0.848515E+05   0.144149E+04
   0.205700E+03   0.145962E+04   0.282992E+02   0.848518E+05   0.144149E+04
   0.205800E+03   0.145962E+04   0.282965E+02   0.848522E+05   0.144147E+04
   0.205900E+03   0.145962E+04   0.282963E+02   0.848525E+05   0.144148E+04
   0.206000E+03   0.145963E+04   0.282980E+02   0.848528E+05   0.144144E+04
   0.206100E+03   0.145963E+04   0.282963E+02   0.848531E+05   0.144145E+04
   0.206200E+03   0.145964E+04   0.282975E+02   0.848535E+05   0.144143E+04
   0.206300E+03   0.145964E+04   0.282963E+02   0.848538E+05   0.144142E+04
   0.206400E+03   0.145964E+04   0.282953E+02   0.848541E+05   0.144141E+04
   0.206500E+03   0.145965E+04   0.282973E+02   0.848545E+05   0.144138E+04
   0.206600E+03   0.145965E+04   0.282968E+02   0.848548E+05   0.144137E+04
   0.206700E+03   0.145966E+04   0.282957E+02   0.848551E+05   0.144136E+04
   0.206800E+03   0.145966E+04   0.282973E+02   0.848554E+05   0.144135E+04
   0.206900E+03   0.145966E+04   0.282956E+02   0.848558E+05   0.144135E+04
   0.207000E+03   0.145966E+04   0.282965E+02   0.848561E+05   0.144133E+04
   0.207100E+03   0.145967E+04   0.282943E+02   0.848564E+05   0.144133E+04
   0.207200E+03   0.145967E+04   0.282959E+02   0.848567E+05   0.144129E+04
   0.207300E+03   0.145968E+04   0.282956E+02   0.848570E+05   0.144128E+04
   0.207400E+03   0.145968E+04   0.282946E+02   0.848574E+05   0.144127E+04
   0.207500E+03   0.145969E+04   0.282960E+02   0.848577E+05   0.144127E+04
   0.207600E+03   0.145969E+04   0.282952E+02   0.848580E+05   0.144126E+04
   0.207700E+03   0.145969E+04   0.282949E+02   0.848583E+05   0.144124E+04
   0.207800E+03   0.145970E+04   0.282963E+02   0.848586E+05   0.144125E+04
   0.207900E+03   0.145970E+04   0.282932E+02   0.848589E+05   0.144124E+04
   0.208000E+03   0.145970E+04   0.282952E+02   0.848592E+05   0.144121E+04
   0.208100E+03   0.145971E+04   0.282959E+02   0.848596E+05   0.144119E+04
   0.208200E+03   0.145971E+04   0.282932E+02   0.848599E+05   0.144119E+04
   0.208300E+03   0.145972E+04   0.282950E+02   0.848602E+05   0.144119E+04
   0.208400E+03   0.145972E+04   0.282959E+02   0.848605E+05   0.144116E+04
   0.208500E+03   0.145972E+04   0.282935E+02   0.848608E+05   0.144115E+04
   0.208600E+03   0.145973E+04   0.282943E+02   0.848611E+05   0.144116E+04
   0.208700E+03   0.145973E+04   0.282958E+02   0.848614E+05   0.144116E+04
   0.208800E+03   0.145973E+04   0.282939E+02   0.848617E+05   0.144113E+04
   0.208900E+03   0.145974E+04   0.282949E+02   0.848620E+05   0.144112E+04
   0.209000E+03   0.145974E+04   0.282954E+02   0.848623E+05   0.144109E+04
   0.209100E+03   0.145974E+04   0.282932E+02   0.848626E+05   0.144110E+04
   0.209200E+03   0.145975E+04   0.282949E+02   0.848629E+05   0.144108E+04
   0.209300E+03   0.145975E+04   0.282930E+02   0.848632E+05   0.144108E+04
   0.209400E+03   0.145976E+04   0.282930E+02   0.848635E+05   0.144106E+04
   0.209500E+03   0.145976E+04   0.282945E+02   0.848638E+05   0.144103E+04
   0.209600E+03   0.145976E+04   0.282922E+02   0.848641E+05   0.144104E+04
   0.209700E+03   0.145977E+04   0.282944E+02   0.848644E+05   0.144105E+04
   0.209800E+03   0.145977E+04   0.282944E+02   0.848646E+05   0.144102E+04
   0.209900E+03   0.145977E+04   0.282922E+02   0.848649E+05   0.144101E+04
   0.210000E+03   0.145978E+04   0.282939E+02   0.848652E+05   0.144099E+04
   0.210100E+03   0.145978E+04   0.282932E+02   0.848655E+05   0.144100E+04
   0.210200E+03   0.145978E+04   0.282917E+02   0.848658E+05   0.144097E+04
   0.210300E+03   0.145979E+04   0.282922E+02   0.848661E+05   0.144096E+04
   0.210400E+03   0.145979E+04   0.282932E+02   0.848664E+05   0.144096E+04
   0.210500E+03   0.145979E+04   0.282929E+02   0.848666E+05   0.144095E+04
   0.210600E+03   0.145980E+04   0.282922E+02   0.848669E+05   0.144093E+04
   0.210700E+03   0.145980E+04   0.282927E+02   0.848672E+05   0.144094E+04
   0.210800E+03   0.145980E+04   0.282928E+02   0.848675E+05   0.144090E+04
   0.210900E+03   0.145981E+04   0.282922E+02   0.848678E+05   0.144091E+04
   0.211000E+03   0.145981E+04   0.282913E+02   0.848680E+05   0.144089E+04
   0.211100E+03   0.145981E+04   0.282906E+02   0.848683E+05   0.144088E+04
   0.211200E+03   0.145982E+04   0.282922E+02   0.848686E+05   0.144087E+04
   0.211300E+03   0.145982E+04   0.282922E+02   0.848689E+05   0.144085E+04
   0.211400E+03   0.145982E+04   0.282906E+02   0.848691E+05   0.144086E+04
   0.211500E+03   0.145983E+04   0.282925E+02   0.848694E+05   0.144084E+04
   0.211600E+03   0.145983E+04   0.282917E+02   0.848697E+05   0.144083E+04
   0.211700E+03   0.145983E+04   0.282913E+02   0.848700E+05   0.144082E+04
   0.211800E+03   0.145984E+04   0.282929E+02   0.848702E+05   0.144081E+04
   0.211900E+03   0.145984E+04   0.282917E+02   0.848705E+05   0.144080E+04
   0.212000E+03   0.145984E+04   0.282920E+02   0.848708E+05   0.144079E+04
   0.212100E+03   0.145985E+04   0.282906E+02   0.848710E+05   0.144076E+04
   0.212200E+03   0.145985E+04   0.282925E+02   0.848713E+05   0.144078E+04
   0.212300E+03   0.145985E+04   0.282908E+02   0.848716E+05   0.144077E+04
   0.212400E+03   0.145985E+04   0.282893E+02   0.848718E+05   0.144075E+04
   0.212500E+03   0.145986E+04   0.282920E+02   0.848721E+05   0.144075E+04
   0.212600E+03   0.145986E+04   0.282916E+02   0.848724E+05   0.144072E+04
   0.212700E+03   0.145986E+04   0.282901E+02   0.848726E+05   0.144072E+04
   0.212800E+03   0.145987E+04   0.282894E+02   0.848729E+05   0.144071E+04
   0.212900E+03   0.145987E+04   0.282916E+02   0.848731E+05   0.144071E+04
   0.213000E+03   0.145987E+04   0.282911E+02   0.848734E+05   0.144069E+04
   0.213100E+03   0.145988E+04   0.282902E+02   0.848737E+05   0.144067E+04
   0.213200E+03   0.145988E+04   0.282898E+02   0.848739E+05   0.144069E+04
   0.213300E+03   0.145988E+04   0.282911E+02   0.848742E+05   0.144067E+04
   0.213400E+03   0.145989E+04   0.282896E+02   0.848744E+05   0.144065E+04
   0.213500E+03   0.145989E+04   0.282890E+02   0.848747E+05   0.144063E+04
   0.213600E+03   0.145989E+04   0.282923E+02   0.848749E+05   0.144063E+04
   0.213700E+03   0.145990E+04   0.282891E+02   0.848752E+05   0.144063E+04
   0.213800E+03   0.145990E+04   0.282890E+02   0.848754E+05   0.144062E+04
   0.213900E+03   0.145990E+04   0.282889E+02   0.848757E+05   0.144061E+04
   0.214000E+03   0.145990E+04   0.282918E+02   0.848759E+05   0.144060E+04
   0.214100E+03   0.145991E+04   0.282901E+02   0.848762E+05   0.144058E+04
   0.214200E+03   0.145991E+04   0.282885E+02   0.848764E+05   0.144058E+04
   0.214300E+03   0.145991E+04   0.282885E+02   0.848767E+05   0.144059E+04
   0.214400E+03   0.145992E+04   0.282899E+02   0.848769E+05   0.144056E+04
   0.214500E+03   0.145992E+04   0.282893E+02   0.848772E+05   0.144054E+04
   0.214600E+03   0.145992E+04   0.282893E+02   0.848774E+05   0.144053E+04
   0.214700E+03   0.145992E+04   0.282881E+02   0.848776E+05   0.144052E+04
   0.214800E+03   0.145993E+04   0.282897E+02   0.848779E+05   0.144052E+04
   0.214900E+03   0.145993E+04   0.282893E+02   0.848781E+05   0.144052E+04
   0.215000E+03   0.145993E+04   0.282884E+02   0.848784E+05   0.144052E+04
   0.215100E+03   0.145994E+04   0.282865E+02   0.848786E+05   0.144050E+04
   0.215200E+03   0.145994E+04   0.282897E+02   0.848788E+05   0.144049E+04
   0.215300E+03   0.145994E+04   0.282895E+02   0.848791E+05   0.144047E+04
   0.215400E+03   0.145994E+04   0.282884E+02   0.848793E+05   0.144046E+04
   0.215500E+03   0.145995E+04   0.282869E+02   0.848796E+05   0.144047E+04
   0.215600E+03   0.145995E+04   0.282903E+02   0.848798E+05   0.144045E+04
   0.215700E+03   0.145995E+04   0.282888E+02   0.848800E+05   0.144045E+04
   0.215800E+03   0.145996E+04   0.282864E+02   0.848803E+05   0.144043E+04
   0.215900E+03   0.145996E+04   0.282869E+02   0.848805E+05   0.144042E+04
   0.216000E+03   0.145996E+04   0.282896E+02   0.848807E+05   0.144041E+04
   0.216100E+03   0.145997E+04   0.282891E+02   0.848810E+05   0.144039E+04
   0.216200E+03   0.145997E+04   0.282864E+02   0.848812E+05   0.144038E+04
   0.216300E+03   0.145997E+04   0.282858E+02   0.848814E+05   0.144038E+04
   0.216400E+03   0.145997E+04   0.282891E+02   0.848816E+05   0.144037E+04
   0.216500E+03   0.145997E+04   0.282891E+02   0.848819E+05   0.144035E+04
   0.216600E+03   0.145998E+04   0.282877E+02   0.848821E+05   0.144037E+04
   0.216700E+03   0.145998E+04   0.282857E+02   0.848823E+05   0.144035E+04
   0.216800E+03   0.145998E+04   0.282874E+02   0.848826E+05   0.144034E+04
   0.216900E+03   0.145999E+04   0.282886E+02   0.848828E+05   0.144034E+04
   0.217000E+03   0.145999E+04   0.282873E+02   0.848830E+05   0.144034E+04
   0.217100E+03   0.145999E+04   0.282869E+02   0.848832E+05   0.144034E+04
   0.217200E+03   0.145999E+04   0.282877E+02   0.848834E+05   0.144032E+04
   0.217300E+03   0.146000E+04   0.282867E+02   0.848836E+05   0.144031E+04
   0.217400E+03   0.146000E+04   0.282869E+02   0.848839E+05   0.144030E+04
   0.217500E+03   0.146000E+04   0.282864E+02   0.848841E+05   0.144030E+04
   0.217600E+03   0.146000E+04   0.282880E+02   0.848843E+05   0.144028E+04
   0.217700E+03   0.146001E+04   0.282854E+02   0.848845E+05   0.144026E+04
   0.217800E+03   0.146001E+04   0.282864E+02   0.848847E+05   0.144025E+04
   0.217900E+03   0.146001E+04   0.282867E+02   0.848850E+05   0.144023E+04
   0.218000E+03   0.146001E+04   0.282856E+02   0.848852E+05   0.144024E+04
   0.218100E+03   0.146002E+04   0.282850E+02   0.848854E+05   0.144022E+04
   0.218200E+03   0.146002E+04   0.282876E+02   0.848856E+05   0.144022E+04
   0.218300E+03   0.146002E+04   0.282871E+02   0.848858E+05   0.144022E+04
   0.218400E+03   0.146003E+04   0.282852E+02   0.848860E+05   0.144021E+04
   0.218500E+03   0.146003E+04   0.282854E+02   0.848862E+05   0.144019E+04
   0.218600E+03   0.146003E+04   0.282854E+02   0.848864E+05   0.144019E+04
   0.218700E+03   0.146003E+04   0.282871E+02   0.848867E+05   0.144020E+04
   0.218800E+03   0.146004E+04   0.282860E+02   0.848869E+05   0.144019E+04
   0.218900E+03   0.146004E+04   0.282860E+02   0.848871E+05   0.144017E+04
   0.219000E+03   0.146004E+04   0.282858E+02   0.848873E+05   0.144014E+04
   0.219100E+03   0.146004E+04   0.282864E+02   0.848875E+05   0.144015E+04
   0.219200E+03   0.146005E+04   0.282858E+02   0.848877E+05   0.144014E+04
   0.219300E+03   0.146005E+04   0.282858E+02   0.848879E+05   0.144013E+04
   0.219400E+03   0.146005E+04   0.282866E+02   0.848881E+05   0.144014E+04
   0.219500E+03   0.146005E+04   0.282854E+02   0.848883E+05   0.144011E+04
   0.219600E+03   0.146006E+04   0.282858E+02   0.848885E+05   0.144009E+04
   0.219700E+03   0.146006E+04   0.282858E+02   0.848887E+05   0.144010E+04
   0.219800E+03   0.146006E+04   0.282844E+02   0.848889E+05   0.144010E+04
   0.219900E+03   0.146006E+04   0.282854E+02   0.848891E+05   0.144009E+04
   0.220000E+03   0.146006E+04   0.282854E+02   0.848893E+05   0.144008E+04
   0.220100E+03   0.146007E+04   0.282862E+02   0.848895E+05   0.144006E+04
   0.220200E+03   0.146007E+04   0.282841E+02   0.848897E+05   0.144007E+04
   0.220300E+03   0.146007E+04   0.282854E+02   0.848899E+05   0.144005E+04
   0.220400E+03   0.146008E+04   0.282849E+02   0.848901E+05   0.144006E+04
   0.220500E+03   0.146008E+04   0.282852E+02   0.848903E+05   0.144005E+04
   0.220600E+03   0.146008E+04   0.282845E+02   0.848905E+05   0.144001E+04
   0.220700E+03   0.146008E+04   0.282840E+02   0.848907E+05   0.144002E+04
   0.220800E+03   0.146008E+04   0.282849E+02   0.848909E+05   0.144001E+04
   0.220900E+03   0.146009E+04   0.282852E+02   0.848911E+05   0.144000E+04
   0.221000E+03   0.146009E+04   0.282842E+02   0.848913E+05   0.143998E+04
   0.221100E+03   0.146009E+04   0.282844E+02   0.848915E+05   0.143999E+04
   0.221200E+03   0.146009E+04   0.282843E+02   0.848916E+05   0.143998E+04
   0.221300E+03   0.146010E+04   0.282860E+02   0.848919E+05   0.143998E+04
   0.221400E+03   0.146010E+04   0.282837E+02   0.848920E+05   0.143997E+04
   0.221500E+03   0.146010E+04   0.282828E+02   0.848922E+05   0.143995E+04
   0.221600E+03   0.146010E+04   0.282847E+02   0.848924E+05   0.143995E+04
   0.221700E+03   0.146011E+04   0.282839E+02   0.848926E+05   0.143995E+04
   0.221800E+03   0.146011E+04   0.282845E+02   0.848928E+05   0.143993E+04
   0.221900E+03   0.146011E+04   0.282848E+02   0.848930E+05   0.143993E+04
   0.222000E+03   0.146011E+04   0.282834E+02   0.848932E+05   0.143990E+04
   0.222100E+03   0.146011E+04   0.282842E+02   0.848933E+05   0.143991E+04
   0.222200E+03   0.146012E+04   0.282832E+02   0.848935E+05   0.143991E+04
   0.222300E+03   0.146012E+04   0.282848E+02   0.848937E+05   0.143989E+04
   0.222400E+03   0.146012E+04   0.282849E+02   0.848939E+05   0.143990E+04
   0.222500E+03   0.146012E+04   0.282834E+02   0.848941E+05   0.143987E+04
   0.222600E+03   0.146012E+04   0.282824E+02   0.848942E+05   0.143987E+04
   0.222700E+03   0.146013E+04   0.282830E+02   0.848944E+05   0.143988E+04
   0.222800E+03   0.146013E+04   0.282843E+02   0.848946E+05   0.143986E+04
   0.222900E+03   0.146013E+04   0.282834E+02   0.848948E+05   0.143986E+04
   0.223000E+03   0.146013E+04   0.282827E+02   0.848950E+05   0.143984E+04
   0.223100E+03   0.146014E+04   0.282822E+02   0.848952E+05   0.143983E+04
   0.223200E+03   0.146014E+04   0.282838E+02   0.848953E+05   0.143983E+04
   0.223300E+03   0.146014E+04   0.282838E+02   0.848955E+05   0.143981E+04
   0.223400E+03   0.146014E+04   0.282829E+02   0.848957E+05   0.143980E+04
   0.223500E+03   0.146015E+04   0.282822E+02   0.848959E+05   0.143981E+04
   0.223600E+03   0.146015E+04   0.282822E+02   0.848960E+05   0.143979E+04
   0.223700E+03   0.146015E+04   0.282822E+02   0.848962E+05   0.143980E+04
   0.223800E+03   0.146015E+04   0.282833E+02   0.848964E+05   0.143977E+04
   0.223900E+03   0.146015E+04   0.282834E+02   0.848966E+05   0.143979E+04
   0.224000E+03   0.146016E+04   0.282830E+02   0.848967E+05   0.143976E+04
   0.224100E+03   0.146016E+04   0.282817E+02   0.848969E+05   0.143976E+04
   0.224200E+03   0.146016E+04   0.282820E+02   0.848971E+05   0.143976E+04
   0.224300E+03   0.146016E+04   0.282832E+02   0.848972E+05   0.143976E+04
   0.224400E+03   0.146016E+04   0.282834E+02   0.848974E+05   0.143974E+04
   0.224500E+03   0.146017E+04   0.282829E+02   0.848976E+05   0.143974E+04
   0.224600E+03   0.146017E+04   0.282828E+02   0.848978E+05   0.143973E+04
   0.224700E+03   0.146017E+04   0.282825E+02   0.848979E+05   0.143972E+04
   0.224800E+03   0.146017E+04   0.282810E+02   0.848981E+05   0.143971E+04
   0.224900E+03   0.146017E+04   0.282812E+02   0.848983E+05   0.143972E+04
   0.225000E+03   0.146018E+04   0.282832E+02   0.848984E+05   0.143971E+04
   0.225100E+03   0.146018E+04   0.282828E+02   0.848986E+05   0.143970E+04
   0.225200E+03   0.146018E+04   0.282817E+02   0.848988E+05   0.143970E+04
   0.225300E+03   0.146018E+04   0.282813E+02   0.848989E+05   0.143966E+04
   0.225400E+03   0.146018E+04   0.282807E+02   0.848991E+05   0.143968E+04
   0.225500E+03   0.146018E+04   0.282823E+02   0.848992E+05   0.143966E+04
   0.225600E+03   0.146019E+04   0.282824E+02   0.848994E+05   0.143967E+04
   0.225700E+03   0.146019E+04   0.282817E+02   0.848996E+05   0.143966E+04
   0.225800E+03   0.146019E+04   0.282820E+02   0.848997E+05   0.143964E+04
   0.225900E+03   0.146019E+04   0.282802E+02   0.848999E+05   0.143965E+04
   0.226000E+03   0.146019E+04   0.282798E+02   0.849001E+05   0.143961E+04
   0.226100E+03   0.146020E+04   0.282815E+02   0.849002E+05   0.143963E+04
   0.226200E+03   0.146020E+04   0.282828E+02   0.849004E+05   0.143961E+04
   0.226300E+03   0.146020E+04   0.282815E+02   0.849005E+05   0.143962E+04
   0.226400E+03   0.146020E+04   0.282821E+02   0.849007E+05   0.143961E+04
   0.226500E+03   0.146020E+04   0.282802E+02   0.849008E+05   0.143960E+04
   0.226600E+03   0.146021E+04   0.282795E+02   0.849010E+05   0.143960E+04
   0.226700E+03   0.146021E+04   0.282790E+02   0.849012E+05   0.143960E+04
   0.226800E+03   0.146021E+04   0.282823E+02   0.849013E+05   0.143959E+04
   0.226900E+03   0.146021E+04   0.282829E+02   0.849015E+05   0.143957E+04
   0.227000E+03   0.146021E+04   0.282810E+02   0.849016E+05   0.143957E+04
   0.227100E+03   0.146022E+04   0.282794E+02   0.849018E+05   0.143957E+04
   0.227200E+03   0.146022E+04   0.282790E+02   0.849019E+05   0.143955E+04
   0.227300E+03   0.146022E+04   0.282790E+02   0.849021E+05   0.143953E+04
   0.227400E+03   0.146022E+04   0.282823E+02   0.849022E+05   0.143954E+04
   0.227500E+03   0.146022E+04   0.282824E+02   0.849024E+05   0.143952E+04
   0.227600E+03   0.146023E+04   0.282802E+02   0.849026E+05   0.143953E+04
   0.227700E+03   0.146023E+04   0.282802E+02   0.849027E+05   0.143952E+04
   0.227800E+03   0.146023E+04   0.282802E+02   0.849029E+05   0.143951E+04
   0.227900E+03   0.146023E+04   0.282784E+02   0.849030E+05   0.143952E+04
   0.228000E+03   0.146023E+04   0.282818E+02   0.849031E+05   0.143951E+04
   0.228100E+03   0.146024E+04   0.282817E+02   0.849033E+05   0.143948E+04
   0.228200E+03   0.146024E+04   0.282802E+02   0.849034E+05   0.143949E+04
   0.228300E+03   0.146024E+04   0.282797E+02   0.849036E+05   0.143950E+04
   0.228400E+03   0.146024E+04   0.282796E+02   0.849037E+05   0.143948E+04
   0.228500E+03   0.146024E+04   0.282796E+02   0.849039E+05   0.143948E+04
   0.228600E+03   0.146024E+04   0.282808E+02   0.849040E+05   0.143946E+04
   0.228700E+03   0.146025E+04   0.282805E+02   0.849042E+05   0.143947E+04
   0.228800E+03   0.146025E+04   0.282800E+02   0.849043E+05   0.143945E+04
   0.228900E+03   0.146025E+04   0.282800E+02   0.849045E+05   0.143945E+04
   0.229000E+03   0.146025E+04   0.282796E+02   0.849046E+05   0.143944E+04
   0.229100E+03   0.146025E+04   0.282790E+02   0.849047E+05   0.143944E+04
   0.229200E+03   0.146025E+04   0.282791E+02   0.849049E+05   0.143943E+04
   0.229300E+03   0.146026E+04   0.282796E+02   0.849050E+05   0.143942E+04
   0.229400E+03   0.146026E+04   0.282808E+02   0.849052E+05   0.143940E+04
   0.229500E+03   0.146026E+04   0.282805E+02   0.849053E+05   0.143941E+04
   0.229600E+03   0.146026E+04   0.282800E+02   0.849055E+05   0.143942E+04
   0.229700E+03   0.146026E+04   0.282785E+02   0.849056E+05   0.143941E+04
   0.229800E+03   0.146026E+04   0.282794E+02   0.849057E+05   0.143940E+04
   0.229900E+03   0.146026E+04   0.282794E+02   0.849059E+05   0.143938E+04
   0.230000E+03   0.146027E+04   0.282787E+02   0.849060E+05   0.143938E+04
   0.230100E+03   0.146027E+04   0.282800E+02   0.849062E+05   0.143937E+04
   0.230200E+03   0.146027E+04   0.282793E+02   0.849063E+05   0.143937E+04
   0.230300E+03   0.146027E+04   0.282796E+02   0.849064E+05   0.143936E+04
   0.230400E+03   0.146027E+04   0.282802E+02   0.849065E+05   0.143935E+04
   0.230500E+03   0.146027E+04   0.282793E+02   0.849067E+05   0.143934E+04
   0.230600E+03   0.146028E+04   0.282770E+02   0.849069E+05   0.143935E+04
   0.230700E+03   0.146028E+04   0.282790E+02   0.849070E+05   0.143933E+04
   0.230800E+03   0.146028E+04   0.282800E+02   0.849071E+05   0.143933E+04
   0.230900E+03   0.146028E+04   0.282791E+02   0.849072E+05   0.143932E+04
   0.231000E+03   0.146028E+04   0.282791E+02   0.849074E+05   0.143931E+04
   0.231100E+03   0.146028E+04   0.282793E+02   0.849075E+05   0.143929E+04
   0.231200E+03   0.146029E+04   0.282782E+02   0.849076E+05   0.143929E+04
   0.231300E+03   0.146029E+04   0.282775E+02   0.849078E+05   0.143932E+04
   0.231400E+03   0.146029E+04   0.282787E+02   0.849079E+05   0.143929E+04
   0.231500E+03   0.146029E+04   0.282778E+02   0.849080E+05   0.143930E+04
   0.231600E+03   0.146029E+04   0.282791E+02   0.849082E+05   0.143930E+04
   0.231700E+03   0.146030E+04   0.282797E+02   0.849083E+05   0.143929E+04
   0.231800E+03   0.146030E+04   0.282792E+02   0.849084E+05   0.143926E+04
   0.231900E+03   0.146030E+04   0.282770E+02   0.849086E+05   0.143925E+04
   0.232000E+03   0.146030E+04   0.282770E+02   0.849087E+05   0.143925E+04
   0.232100E+03   0.146030E+04   0.282787E+02   0.849088E+05   0.143924E+04
   0.232200E+03   0.146030E+04   0.282783E+02   0.849090E+05   0.143926E+04
   0.232300E+03   0.146030E+04   0.282798E+02   0.849091E+05   0.143925E+04
   0.232400E+03   0.146030E+04   0.282804E+02   0.849092E+05   0.143926E+04
   0.232500E+03   0.146031E+04   0.282770E+02   0.849093E+05   0.143923E+04
   0.232600E+03   0.146031E+04   0.282770E+02   0.849094E+05   0.143922E+04
   0.232700E+03   0.146031E+04   0.282770E+02   0.849096E+05   0.143922E+04
   0.232800E+03   0.146031E+04   0.282764E+02   0.849097E+05   0.143921E+04
   0.232900E+03   0.146031E+04   0.282781E+02   0.849098E+05   0.143920E+04
   0.233000E+03   0.146031E+04   0.282787E+02   0.849100E+05   0.143922E+04
   0.233100E+03   0.146032E+04   0.282797E+02   0.849101E+05   0.143920E+04
   0.233200E+03   0.146032E+04   0.282782E+02   0.849102E+05   0.143919E+04
   0.233300E+03   0.146032E+04   0.282776E+02   0.849103E+05   0.143919E+04
   0.233400E+03   0.146032E+04   0.282773E+02   0.849105E+05   0.143918E+04
   0.233500E+03   0.146032E+04   0.282764E+02   0.849106E+05   0.143916E+04
   0.233600E+03   0.146032E+04   0.282781E+02   0.849107E+05   0.143916E+04
   0.233700E+03   0.146032E+04   0.282780E+02   0.849108E+05   0.143917E+04
   0.233800E+03   0.146033E+04   0.282775E+02   0.849109E+05   0.143918E+04
   0.233900E+03   0.146033E+04   0.282780E+02   0.849111E+05   0.143916E+04
   0.234000E+03   0.146033E+04   0.282777E+02   0.849112E+05   0.143915E+04
   0.234100E+03   0.146033E+04   0.282777E+02   0.849113E+05   0.143915E+04
   0.234200E+03   0.146033E+04   0.282773E+02   0.849114E+05   0.143915E+04
   0.234300E+03   0.146033E+04   0.282761E+02   0.849115E+05   0.143915E+04
   0.234400E+03   0.146033E+04   0.282781E+02   0.849116E+05   0.143914E+04
   0.234500E+03   0.146034E+04   0.282779E+02   0.849118E+05   0.143912E+04
   0.234600E+03   0.146034E+04   0.282775E+02   0.849119E+05   0.143913E+04
   0.234700E+03   0.146034E+04   0.282760E+02   0.849120E+05   0.143911E+04
   0.234800E+03   0.146034E+04   0.282772E+02   0.849121E+05   0.143913E+04
   0.234900E+03   0.146034E+04   0.282772E+02   0.849122E+05   0.143911E+04
   0.235000E+03   0.146034E+04   0.282768E+02   0.849123E+05   0.143911E+04
   0.235100E+03   0.146034E+04   0.282764E+02   0.849125E+05   0.143910E+04
   0.235200E+03   0.146035E+04   0.282783E+02   0.849126E+05   0.143911E+04
   0.235300E+03   0.146035E+04   0.282778E+02   0.849127E+05   0.143910E+04
   0.235400E+03   0.146035E+04   0.282763E+02   0.849128E+05   0.143908E+04
   0.235500E+03   0.146035E+04   0.282763E+02   0.849129E+05   0.143908E+04
   0.235600E+03   0.146035E+04   0.282751E+02   0.849130E+05   0.143905E+04
   0.235700E+03   0.146035E+04   0.282768E+02   0.849131E+05   0.143906E+04
   0.235800E+03   0.146035E+04   0.282763E+02   0.849133E+05   0.143904E+04
   0.235900E+03   0.146036E+04   0.282765E+02   0.849133E+05   0.143905E+04
   0.236000E+03   0.146036E+04   0.282765E+02   0.849135E+05   0.143903E+04
   0.236100E+03   0.146036E+04   0.282782E+02   0.849136E+05   0.143904E+04
   0.236200E+03   0.146036E+04   0.282766E+02   0.849137E+05   0.143904E+04
   0.236300E+03   0.146036E+04   0.282760E+02   0.849138E+05   0.143904E+04
   0.236400E+03   0.146036E+04   0.282755E+02   0.849139E+05   0.143902E+04
   0.236500E+03   0.146036E+04   0.282751E+02   0.849140E+05   0.143903E+04
   0.236600E+03   0.146036E+04   0.282768E+02   0.849141E+05   0.143902E+04
   0.236700E+03   0.146037E+04   0.282769E+02   0.849142E+05   0.143902E+04
   0.236800E+03   0.146037E+04   0.282769E+02   0.849143E+05   0.143902E+04
   0.236900E+03   0.146037E+04   0.282764E+02   0.849145E+05   0.143902E+04
   0.237000E+03   0.146037E+04   0.282755E+02   0.849146E+05   0.143901E+04
   0.237100E+03   0.146037E+04   0.282755E+02   0.849147E+05   0.143900E+04
   0.237200E+03   0.146037E+04   0.282751E+02   0.849148E+05   0.143897E+04
   0.237300E+03   0.146037E+04   0.282751E+02   0.849149E+05   0.143897E+04
   0.237400E+03   0.146037E+04   0.282754E+02   0.849150E+05   0.143898E+04
   0.237500E+03   0.146038E+04   0.282772E+02   0.849151E+05   0.143896E+04
   0.237600E+03   0.146038E+04   0.282772E+02   0.849152E+05   0.143897E+04
   0.237700E+03   0.146038E+04   0.282765E+02   0.849153E+05   0.143897E+04
   0.237800E+03   0.146038E+04   0.282750E+02   0.849154E+05   0.143895E+04
   0.237900E+03   0.146038E+04   0.282755E+02   0.849155E+05   0.143895E+04
   0.238000E+03   0.146038E+04   0.282754E+02   0.849156E+05   0.143896E+04
   0.238100E+03   0.146038E+04   0.282749E+02   0.849157E+05   0.143894E+04
   0.238200E+03   0.146038E+04   0.282749E+02   0.849158E+05   0.143894E+04
   0.238300E+03   0.146038E+04   0.282755E+02   0.849159E+05   0.143893E+04
   0.238400E+03   0.146039E+04   0.282765E+02   0.849160E+05   0.143893E+04
   0.238500E+03   0.146039E+04   0.282765E+02   0.849161E+05   0.143893E+04
   0.238600E+03   0.146039E+04   0.282750E+02   0.849162E+05   0.143892E+04
   0.238700E+03   0.146039E+04   0.282745E+02   0.849163E+05   0.143893E+04
   0.238800E+03   0.146039E+04   0.282762E+02   0.849164E+05   0.143890E+04
   0.238900E+03   0.146039E+04   0.282762E+02   0.849165E+05   0.143891E+04
   0.239000E+03   0.146039E+04   0.282762E+02   0.849166E+05   0.143891E+04
   0.239100E+03   0.146039E+04   0.282758E+02   0.849167E+05   0.143889E+04
   0.239200E+03   0.146040E+04   0.282748E+02   0.849168E+05   0.143890E+04
   0.239300E+03   0.146040E+04   0.282747E+02   0.849169E+05   0.143890E+04
   0.239400E+03   0.146040E+04   0.282760E+02   0.849170E+05   0.143888E+04
   0.239500E+03   0.146040E+04   0.282745E+02   0.849171E+05   0.143888E+04
   0.239600E+03   0.146040E+04   0.282745E+02   0.849172E+05   0.143888E+04
   0.239700E+03   0.146040E+04   0.282745E+02   0.849173E+05   0.143887E+04
   0.239800E+03   0.146040E+04   0.282762E+02   0.849174E+05   0.143888E+04
   0.239900E+03   0.146040E+04   0.282750E+02   0.849175E+05   0.143888E+04
   0.240000E+03   0.146041E+04   0.282759E+02   0.849176E+05   0.143886E+04
   0.240100E+03   0.146041E+04   0.282755E+02   0.849177E+05   0.143884E+04
   0.240200E+03   0.146041E+04   0.282751E+02   0.849178E+05   0.143884E+04
   0.240300E+03   0.146041E+04   0.282751E+02   0.849179E+05   0.143885E+04
   0.240400E+03   0.146041E+04   0.282736E+02   0.849180E+05   0.143884E+04
   0.240500E+03   0.146041E+04   0.282740E+02   0.849181E+05   0.143883E+04
   0.240600E+03   0.146041E+04   0.282743E+02   0.849182E+05   0.143883E+04
   0.240700E+03   0.146041E+04   0.282736E+02   0.849182E+05   0.143882E+04
   0.240800E+03   0.146042E+04   0.282753E+02   0.849184E+05   0.143882E+04
   0.240900E+03   0.146042E+04   0.282755E+02   0.849184E+05   0.143882E+04
   0.241000E+03   0.146042E+04   0.282755E+02   0.849185E+05   0.143881E+04
   0.241100E+03   0.146042E+04   0.282750E+02   0.849186E+05   0.143881E+04
   0.241200E+03   0.146042E+04   0.282750E+02   0.849187E+05   0.143880E+04
   0.241300E+03   0.146042E+04   0.282731E+02   0.849188E+05   0.143880E+04
   0.241400E+03   0.146042E+04   0.282735E+02   0.849189E+05   0.143880E+04
   0.241500E+03   0.146042E+04   0.282728E+02   0.849190E+05   0.143878E+04
   0.241600E+03   0.146042E+04   0.282744E+02   0.849191E+05   0.143878E+04
   0.241700E+03   0.146042E+04   0.282741E+02   0.849192E+05   0.143879E+04
   0.241800E+03   0.146043E+04   0.282753E+02   0.849193E+05   0.143879E+04
   0.241900E+03   0.146043E+04   0.282750E+02   0.849194E+05   0.143877E+04
   0.242000E+03   0.146043E+04   0.282750E+02   0.849194E+05   0.143877E+04
   0.242100E+03   0.146043E+04   0.282754E+02   0.849196E+05   0.143877E+04
   0.242200E+03   0.146043E+04   0.282739E+02   0.849196E+05   0.143877E+04
   0.242300E+03   0.146043E+04   0.282732E+02   0.849197E+05   0.143875E+04
   0.242400E+03   0.146043E+04   0.282727E+02   0.849198E+05   0.143874E+04
   0.242500E+03   0.146043E+04   0.282719E+02   0.849199E+05   0.143875E+04
   0.242600E+03   0.146043E+04   0.282719E+02   0.849200E+05   0.143876E+04
   0.242700E+03   0.146043E+04   0.282736E+02   0.849201E+05   0.143873E+04
   0.242800E+03   0.146044E+04   0.282745E+02   0.849202E+05   0.143874E+04
   0.242900E+03   0.146044E+04   0.282762E+02   0.849202E+05   0.143874E+04
   0.243000E+03   0.146044E+04   0.282762E+02   0.849203E+05   0.143873E+04
   0.243100E+03   0.146044E+04   0.282757E+02   0.849204E+05   0.143871E+04
   0.243200E+03   0.146044E+04   0.282735E+02   0.849205E+05   0.143872E+04
   0.243300E+03   0.146044E+04   0.282735E+02   0.849206E+05   0.143872E+04
   0.243400E+03   0.146044E+04   0.282723E+02   0.849206E+05   0.143872E+04
   0.243500E+03   0.146044E+04   0.282723E+02   0.849207E+05   0.143871E+04
   0.243600E+03   0.146044E+04   0.282726E+02   0.849208E+05   0.143869E+04
   0.243700E+03   0.146044E+04   0.282726E+02   0.849209E+05   0.143871E+04
   0.243800E+03   0.146045E+04   0.282723E+02   0.849210E+05   0.143870E+04
   0.243900E+03   0.146045E+04   0.282740E+02   0.849211E+05   0.143869E+04
   0.244000E+03   0.146045E+04   0.282740E+02   0.849211E+05   0.143869E+04
   0.244100E+03   0.146045E+04   0.282750E+02   0.849212E+05   0.143869E+04
   0.244200E+03   0.146045E+04   0.282731E+02   0.849213E+05   0.143869E+04
   0.244300E+03   0.146045E+04   0.282731E+02   0.849214E+05   0.143868E+04
   0.244400E+03   0.146045E+04   0.282735E+02   0.849215E+05   0.143866E+04
   0.244500E+03   0.146045E+04   0.282730E+02   0.849216E+05   0.143866E+04
   0.244600E+03   0.146045E+04   0.282730E+02   0.849216E+05   0.143866E+04
   0.244700E+03   0.146045E+04   0.282730E+02   0.849217E+05   0.143866E+04
   0.244800E+03   0.146045E+04   0.282730E+02   0.849218E+05   0.143866E+04
   0.244900E+03   0.146046E+04   0.282727E+02   0.849219E+05   0.143867E+04
   0.245000E+03   0.146046E+04   0.282721E+02   0.849220E+05   0.143866E+04
   0.245100E+03   0.146046E+04   0.282730E+02   0.849221E+05   0.143864E+04
   0.245200E+03   0.146046E+04   0.282750E+02   0.849221E+05   0.143866E+04
   0.245300E+03   0.146046E+04   0.282730E+02   0.849222E+05   0.143863E+04
   0.245400E+03   0.146046E+04   0.282730E+02   0.849223E+05   0.143863E+04
   0.245500E+03   0.146046E+04   0.282730E+02   0.849224E+05   0.143863E+04
   0.245600E+03   0.146046E+04   0.282730E+02   0.849224E+05   0.143863E+04
   0.245700E+03   0.146046E+04   0.282730E+02   0.849225E+05   0.143862E+04
   0.245800E+03   0.146046E+04   0.282730E+02   0.849226E+05   0.143863E+04
   0.245900E+03   0.146046E+04   0.282736E+02   0.849227E+05   0.143862E+04
   0.246000E+03   0.146047E+04   0.282727E+02   0.849228E+05   0.143860E+04
   0.246100E+03   0.146047E+04   0.282723E+02   0.849229E+05   0.143861E+04
   0.246200E+03   0.146047E+04   0.282723E+02   0.849229E+05   0.143858E+04
   0.246300E+03   0.146047E+04   0.282723E+02   0.849230E+05   0.143859E+04
   0.246400E+03   0.146047E+04   0.282725E+02   0.849231E+05   0.143861E+04
   0.246500E+03   0.146047E+04   0.282738E+02   0.849231E+05   0.143858E+04
   0.246600E+03   0.146047E+04   0.282730E+02   0.849232E+05   0.143858E+04
   0.246700E+03   0.146047E+04   0.282730E+02   0.849233E+05   0.143860E+04
   0.246800E+03   0.146047E+04   0.282725E+02   0.849234E+05   0.143856E+04
   0.246900E+03   0.146048E+04   0.282721E+02   0.849234E+05   0.143858E+04
   0.247000E+03   0.146048E+04   0.282718E+02   0.849235E+05   0.143859E+04
   0.247100E+03   0.146048E+04   0.282723E+02   0.849236E+05   0.143856E+04
   0.247200E+03   0.146048E+04   0.282723E+02   0.849237E+05   0.143857E+04
   0.247300E+03   0.146048E+04   0.282723E+02   0.849237E+05   0.143856E+04
   0.247400E+03   0.146048E+04   0.282723E+02   0.849238E+05   0.143855E+04
   0.247500E+03   0.146048E+04   0.282723E+02   0.849239E+05   0.143857E+04
   0.247600E+03   0.146048E+04   0.282704E+02   0.849239E+05   0.143857E+04
   0.247700E+03   0.146048E+04   0.282704E+02   0.849240E+05   0.143855E+04
   0.247800E+03   0.146048E+04   0.282740E+02   0.849241E+05   0.143854E+04
   0.247900E+03   0.146048E+04   0.282736E+02   0.849242E+05   0.143855E+04
   0.248000E+03   0.146049E+04   0.282726E+02   0.849242E+05   0.143855E+04
   0.248100E+03   0.146049E+04   0.282726E+02   0.849243E+05   0.143854E+04
   0.248200E+03   0.146049E+04   0.282732E+02   0.849244E+05   0.143853E+04
   0.248300E+03   0.146049E+04   0.282723E+02   0.849244E+05   0.143852E+04
   0.248400E+03   0.146049E+04   0.282719E+02   0.849245E+05   0.143853E+04
   0.248500E+03   0.146049E+04   0.282719E+02   0.849246E+05   0.143852E+04
   0.248600E+03   0.146049E+04   0.282719E+02   0.849247E+05   0.143852E+04
   0.248700E+03   0.146049E+04   0.282722E+02   0.849248E+05   0.143852E+04
   0.248800E+03   0.146049E+04   0.282707E+02   0.849248E+05   0.143850E+04
   0.248900E+03   0.146049E+04   0.282707E+02   0.849249E+05   0.143850E+04
   0.249000E+03   0.146049E+04   0.282696E+02   0.849249E+05   0.143851E+04
   0.249100E+03   0.146050E+04   0.282713E+02   0.849250E+05   0.143849E+04
   0.249200E+03   0.146050E+04   0.282730E+02   0.849251E+05   0.143851E+04
   0.249300E+03   0.146050E+04   0.282725E+02   0.849251E+05   0.143848E+04
   0.249400E+03   0.146050E+04   0.282725E+02   0.849252E+05   0.143850E+04
   0.249500E+03   0.146050E+04   0.282727E+02   0.849253E+05   0.143847E+04
   0.249600E+03   0.146050E+04   0.282730E+02   0.849254E+05   0.143848E+04
   0.249700E+03   0.146050E+04   0.282730E+02   0.849254E+05   0.143849E+04
   0.249800E+03   0.146050E+04   0.282730E+02   0.849255E+05   0.143847E+04
   0.249900E+03   0.146050E+04   0.282730E+02   0.849256E+05   0.143848E+04
   0.250000E+03   0.146050E+04   0.282715E+02   0.849256E+05   0.143844E+04
   0.250100E+03   0.146050E+04   0.282700E+02   0.849257E+05   0.143847E+04
   0.250200E+03   0.146050E+04   0.282700E+02   0.849257E+05   0.143845E+04
   0.250300E+03   0.146050E+04   0.282691E+02   0.849258E+05   0.143846E+04
   0.250400E+03   0.146050E+04   0.282691E+02   0.849259E+05   0.143845E+04
   0.250500E+03   0.146050E+04   0.282691E+02   0.849260E+05   0.143844E+04
   0.250600E+03   0.146051E+04   0.282711E+02   0.849260E+05   0.143846E+04
   0.250700E+03   0.146051E+04   0.282734E+02   0.849261E+05   0.143843E+04
   0.250800E+03   0.146051E+04   0.282734E+02   0.849262E+05   0.143844E+04
   0.250900E+03   0.146051E+04   0.282734E+02   0.849262E+05   0.143843E+04
   0.251000E+03   0.146051E+04   0.282729E+02   0.849263E+05   0.143843E+04
   0.251100E+03   0.146051E+04   0.282725E+02   0.849263E+05   0.143844E+04
   0.251200E+03   0.146051E+04   0.282722E+02   0.849264E+05   0.143842E+04
   0.251300E+03   0.146051E+04   0.282715E+02   0.849265E+05   0.143843E+04
   0.251400E+03   0.146051E+04   0.282700E+02   0.849266E+05   0.143841E+04
   0.251500E+03   0.146051E+04   0.282700E+02   0.849266E+05   0.143841E+04
   0.251600E+03   0.146051E+04   0.282703E+02   0.849266E+05   0.143841E+04
   0.251700E+03   0.146051E+04   0.282703E+02   0.849267E+05   0.143840E+04
   0.251800E+03   0.146051E+04   0.282703E+02   0.849268E+05   0.143839E+04
   0.251900E+03   0.146051E+04   0.282703E+02   0.849269E+05   0.143841E+04
   0.252000E+03   0.146052E+04   0.282698E+02   0.849269E+05   0.143841E+04
   0.252100E+03   0.146052E+04   0.282721E+02   0.849270E+05   0.143841E+04
   0.252200E+03   0.146052E+04   0.282721E+02   0.849271E+05   0.143839E+04
   0.252300E+03   0.146052E+04   0.282729E+02   0.849271E+05   0.143840E+04
   0.252400E+03   0.146052E+04   0.282726E+02   0.849272E+05   0.143839E+04
   0.252500E+03   0.146052E+04   0.282719E+02   0.849272E+05   0.143838E+04
   0.252600E+03   0.146052E+04   0.282719E+02   0.849273E+05   0.143840E+04
   0.252700E+03   0.146052E+04   0.282722E+02   0.849274E+05   0.143838E+04
   0.252800E+03   0.146052E+04   0.282703E+02   0.849274E+05   0.143838E+04
   0.252900E+03   0.146053E+04   0.282698E+02   0.849275E+05   0.143837E+04
   0.253000E+03   0.146053E+04   0.282698E+02   0.849275E+05   0.143837E+04
   0.253100E+03   0.146053E+04   0.282698E+02   0.849276E+05   0.143836E+04
   0.253200E+03   0.146053E+04   0.282698E+02   0.849276E+05   0.143837E+04
   0.253300E+03   0.146053E+04   0.282698E+02   0.849277E+05   0.143836E+04
   0.253400E+03   0.146053E+04   0.282698E+02   0.849278E+05   0.143835E+04
   0.253500E+03   0.146053E+04   0.282704E+02   0.849278E+05   0.143835E+04
   0.253600E+03   0.146053E+04   0.282700E+02   0.849279E+05   0.143835E+04
   0.253700E+03   0.146053E+04   0.282713E+02   0.849279E+05   0.143834E+04
   0.253800E+03   0.146053E+04   0.282713E+02   0.849280E+05   0.143835E+04
   0.253900E+03   0.146053E+04   0.282709E+02   0.849280E+05   0.143835E+04
   0.254000E+03   0.146053E+04   0.282725E+02   0.849281E+05   0.143833E+04
   0.254100E+03   0.146053E+04   0.282725E+02   0.849281E+05   0.143832E+04
   0.254200E+03   0.146053E+04   0.282710E+02   0.849282E+05   0.143833E+04
   0.254300E+03   0.146053E+04   0.282710E+02   0.849283E+05   0.143832E+04
   0.254400E+03   0.146053E+04   0.282710E+02   0.849283E+05   0.143833E+04
   0.254500E+03   0.146054E+04   0.282702E+02   0.849284E+05   0.143830E+04
   0.254600E+03   0.146054E+04   0.282702E+02   0.849284E+05   0.143832E+04
   0.254700E+03   0.146054E+04   0.282698E+02   0.849285E+05   0.143831E+04
   0.254800E+03   0.146054E+04   0.282698E+02   0.849286E+05   0.143832E+04
   0.254900E+03   0.146054E+04   0.282693E+02   0.849286E+05   0.143830E+04
   0.255000E+03   0.146054E+04   0.282692E+02   0.849287E+05   0.143831E+04
   0.255100E+03   0.146054E+04   0.282692E+02   0.849287E+05   0.143830E+04
   0.255200E+03   0.146054E+04   0.282692E+02   0.849288E+05   0.143832E+04
   0.255300E+03   0.146054E+04   0.282692E+02   0.849288E+05   0.143828E+04
   0.255400E+03   0.146054E+04   0.282709E+02   0.849289E+05   0.143831E+04
   0.255500E+03   0.146054E+04   0.282709E+02   0.849289E+05   0.143829E+04
   0.255600E+03   0.146054E+04   0.282709E+02   0.849290E+05   0.143829E+04
   0.255700E+03   0.146054E+04   0.282709E+02   0.849290E+05   0.143829E+04
   0.255800E+03   0.146054E+04   0.282710E+02   0.849291E+05   0.143828E+04
   0.255900E+03   0.146054E+04   0.282710E+02   0.849292E+05   0.143828E+04
   0.256000E+03   0.146055E+04   0.282705E+02   0.849292E+05   0.143829E+04
   0.256100E+03   0.146055E+04   0.282709E+02   0.849293E+05   0.143828E+04
   0.256200E+03   0.146055E+04   0.282705E+02   0.849293E+05   0.143828E+04
   0.256300E+03   0.146055E+04   0.282705E+02   0.849294E+05   0.143827E+04
   0.256400E+03   0.146055E+04   0.282698E+02   0.849294E+05   0.143829E+04
   0.256500E+03   0.146055E+04   0.282698E+02   0.849295E+05   0.143825E+04
   0.256600E+03   0.146055E+04   0.282704E+02   0.849295E+05   0.143826E+04
   0.256700E+03   0.146055E+04   0.282700E+02   0.849296E+05   0.143827E+04
   0.256800E+03   0.146055E+04   0.282700E+02   0.849296E+05   0.143825E+04
   0.256900E+03   0.146055E+04   0.282700E+02   0.849297E+05   0.143826E+04
   0.257000E+03   0.146055E+04   0.282692E+02   0.849297E+05   0.143825E+04
   0.257100E+03   0.146055E+04   0.282687E+02   0.849298E+05   0.143826E+04
   0.257200E+03   0.146055E+04   0.282687E+02   0.849298E+05   0.143824E+04
   0.257300E+03   0.146055E+04   0.282707E+02   0.849299E+05   0.143825E+04
   0.257400E+03   0.146055E+04   0.282692E+02   0.849299E+05   0.143824E+04
   0.257500E+03   0.146055E+04   0.282692E+02   0.849300E+05   0.143823E+04
   0.257600E+03   0.146056E+04   0.282688E+02   0.849300E+05   0.143824E+04
   0.257700E+03   0.146056E+04   0.282688E+02   0.849301E+05   0.143823E+04
   0.257800E+03   0.146056E+04   0.282698E+02   0.849301E+05   0.143824E+04
   0.257900E+03   0.146056E+04   0.282698E+02   0.849302E+05   0.143822E+04
   0.258000E+03   0.146056E+04   0.282698E+02   0.849302E+05   0.143824E+04
   0.258100E+03   0.146056E+04   0.282698E+02   0.849303E+05   0.143822E+04
   0.258200E+03   0.146056E+04   0.282698E+02   0.849303E+05   0.143822E+04
   0.258300E+03   0.146056E+04   0.282699E+02   0.849304E+05   0.143821E+04
   0.258400E+03   0.146056E+04   0.282699E+02   0.849304E+05   0.143821E+04
   0.258500E+03   0.146056E+04   0.282699E+02   0.849305E+05   0.143823E+04
   0.258600E+03   0.146056E+04   0.282702E+02   0.849305E+05   0.143820E+04
   0.258700E+03   0.146056E+04   0.282702E+02   0.849306E+05   0.143822E+04
   0.258800E+03   0.146056E+04   0.282702E+02   0.849306E+05   0.143821E+04
   0.258900E+03   0.146056E+04   0.282698E+02   0.849307E+05   0.143818E+04
   0.259000E+03   0.146056E+04   0.282698E+02   0.849307E+05   0.143820E+04
   0.259100E+03   0.146056E+04   0.282695E+02   0.849308E+05   0.143819E+04
   0.259200E+03   0.146056E+04   0.282680E+02   0.849308E+05   0.143820E+04
   0.259300E+03   0.146057E+04   0.282697E+02   0.849309E+05   0.143818E+04
   0.259400E+03   0.146057E+04   0.282685E+02   0.849309E+05   0.143819E+04
   0.259500E+03   0.146057E+04   0.282685E+02   0.849310E+05   0.143819E+04
   0.259600E+03   0.146057E+04   0.282685E+02   0.849310E+05   0.143817E+04
   0.259700E+03   0.146057E+04   0.282677E+02   0.849311E+05   0.143819E+04
   0.259800E+03   0.146057E+04   0.282677E+02   0.849311E+05   0.143818E+04
   0.259900E+03   0.146057E+04   0.282696E+02   0.849312E+05   0.143817E+04
   0.260000E+03   0.146057E+04   0.282696E+02   0.849312E+05   0.143818E+04
   0.260100E+03   0.146057E+04   0.282702E+02   0.849312E+05   0.143816E+04
   0.260200E+03   0.146057E+04   0.282702E+02   0.849313E+05   0.143818E+04
   0.260300E+03   0.146057E+04   0.282702E+02   0.849313E+05   0.143816E+04
   0.260400E+03   0.146057E+04   0.282702E+02   0.849314E+05   0.143817E+04
   0.260500E+03   0.146057E+04   0.282702E+02   0.849314E+05   0.143817E+04
   0.260600E+03   0.146057E+04   0.282699E+02   0.849315E+05   0.143816E+04
   0.260700E+03   0.146057E+04   0.282694E+02   0.849315E+05   0.143815E+04
   0.260800E+03   0.146057E+04   0.282694E+02   0.849316E+05   0.143816E+04
   0.260900E+03   0.146057E+04   0.282694E+02   0.849316E+05   0.143815E+04
   0.261000E+03   0.146057E+04   0.282687E+02   0.849316E+05   0.143814E+04
   0.261100E+03   0.146057E+04   0.282672E+02   0.849317E+05   0.143814E+04
   0.261200E+03   0.146057E+04   0.282672E+02   0.849317E+05   0.143815E+04
   0.261300E+03   0.146058E+04   0.282668E+02   0.849318E+05   0.143815E+04
   0.261400E+03   0.146058E+04   0.282688E+02   0.849318E+05   0.143813E+04
   0.261500E+03   0.146058E+04   0.282688E+02   0.849319E+05   0.143813E+04
   0.261600E+03   0.146058E+04   0.282688E+02   0.849319E+05   0.143814E+04
   0.261700E+03   0.146058E+04   0.282688E+02   0.849320E+05   0.143813E+04
   0.261800E+03   0.146058E+04   0.282688E+02   0.849320E+05   0.143813E+04
   0.261900E+03   0.146058E+04   0.282688E+02   0.849320E+05   0.143813E+04
   0.262000E+03   0.146058E+04   0.282689E+02   0.849321E+05   0.143812E+04
   0.262100E+03   0.146058E+04   0.282689E+02   0.849321E+05   0.143811E+04
   0.262200E+03   0.146058E+04   0.282706E+02   0.849321E+05   0.143812E+04
   0.262300E+03   0.146058E+04   0.282702E+02   0.849322E+05   0.143810E+04
   0.262400E+03   0.146058E+04   0.282702E+02   0.849323E+05   0.143812E+04
   0.262500E+03   0.146058E+04   0.282702E+02   0.849323E+05   0.143812E+04
   0.262600E+03   0.146058E+04   0.282702E+02   0.849323E+05   0.143811E+04
   0.262700E+03   0.146058E+04   0.282687E+02   0.849324E+05   0.143811E+04
   0.262800E+03   0.146058E+04   0.282687E+02   0.849324E+05   0.143812E+04
   0.262900E+03   0.146059E+04   0.282690E+02   0.849324E+05   0.143810E+04
   0.263000E+03   0.146059E+04   0.282690E+02   0.849325E+05   0.143810E+04
   0.263100E+03   0.146059E+04   0.282675E+02   0.849325E+05   0.143811E+04
   0.263200E+03   0.146059E+04   0.282675E+02   0.849326E+05   0.143808E+04
   0.263300E+03   0.146059E+04   0.282675E+02   0.849326E+05   0.143810E+04
   0.263400E+03   0.146059E+04   0.282670E+02   0.849327E+05   0.143810E+04
   0.263500E+03   0.146059E+04   0.282670E+02   0.849327E+05   0.143807E+04
   0.263600E+03   0.146059E+04   0.282670E+02   0.849328E+05   0.143808E+04
   0.263700E+03   0.146059E+04   0.282687E+02   0.849328E+05   0.143809E+04
   0.263800E+03   0.146059E+04   0.282687E+02   0.849328E+05   0.143809E+04
   0.263900E+03   0.146059E+04   0.282683E+02   0.849329E+05   0.143809E+04
   0.264000E+03   0.146059E+04   0.282680E+02   0.849329E+05   0.143809E+04
   0.264100E+03   0.146059E+04   0.282685E+02   0.849329E+05   0.143807E+04
   0.264200E+03   0.146059E+04   0.282685E+02   0.849330E+05   0.143809E+04
   0.264300E+03   0.146059E+04   0.282685E+02   0.849330E+05   0.143807E+04
   0.264400E+03   0.146059E+04   0.282689E+02   0.849331E+05   0.143806E+04
   0.264500E+03   0.146059E+04   0.282682E+02   0.849331E+05   0.143808E+04
   0.264600E+03   0.146059E+04   0.282682E+02   0.849331E+05   0.143807E+04
   0.264700E+03   0.146059E+04   0.282682E+02   0.849332E+05   0.143805E+04
   0.264800E+03   0.146059E+04   0.282694E+02   0.849332E+05   0.143808E+04
   0.264900E+03   0.146059E+04   0.282694E+02   0.849332E+05   0.143807E+04
   0.265000E+03   0.146059E+04   0.282694E+02   0.849333E+05   0.143805E+04
   0.265100E+03   0.146059E+04   0.282694E+02   0.849333E+05   0.143806E+04
   0.265200E+03   0.146059E+04   0.282694E+02   0.849334E+05   0.143805E+04
   0.265300E+03   0.146060E+04   0.282679E+02   0.849334E+05   0.143804E+04
   0.265400E+03   0.146060E+04   0.282679E+02   0.849334E+05   0.143805E+04
   0.265500E+03   0.146060E+04   0.282679E+02   0.849335E+05   0.143804E+04
   0.265600E+03   0.146060E+04   0.282679E+02   0.849335E+05   0.143805E+04
   0.265700E+03   0.146060E+04   0.282679E+02   0.849336E+05   0.143804E+04
   0.265800E+03   0.146060E+04   0.282679E+02   0.849336E+05   0.143806E+04
   0.265900E+03   0.146060E+04   0.282675E+02   0.849336E+05   0.143803E+04
   0.266000E+03   0.146060E+04   0.282675E+02   0.849337E+05   0.143803E+04
   0.266100E+03   0.146060E+04   0.282678E+02   0.849337E+05   0.143805E+04
   0.266200E+03   0.146060E+04   0.282687E+02   0.849337E+05   0.143805E+04
   0.266300E+03   0.146060E+04   0.282688E+02   0.849338E+05   0.143801E+04
   0.266400E+03   0.146060E+04   0.282688E+02   0.849338E+05   0.143802E+04
   0.266500E+03   0.146060E+04   0.282681E+02   0.849339E+05   0.143803E+04
   0.266600E+03   0.146060E+04   0.282681E+02   0.849339E+05   0.143802E+04
   0.266700E+03   0.146060E+04   0.282681E+02   0.849339E+05   0.143802E+04
   0.266800E+03   0.146060E+04   0.282677E+02   0.849340E+05   0.143803E+04
   0.266900E+03   0.146060E+04   0.282677E+02   0.849340E+05   0.143801E+04
   0.267000E+03   0.146060E+04   0.282677E+02   0.849340E+05   0.143803E+04
   0.267100E+03   0.146060E+04   0.282677E+02   0.849341E+05   0.143802E+04
   0.267200E+03   0.146060E+04   0.282677E+02   0.849341E+05   0.143801E+04
   0.267300E+03   0.146060E+04   0.282677E+02   0.849342E+05   0.143801E+04
   0.267400E+03   0.146060E+04   0.282677E+02   0.849342E+05   0.143800E+04
   0.267500E+03   0.146060E+04   0.282677E+02   0.849342E+05   0.143801E+04
   0.267600E+03   0.146061E+04   0.282694E+02   0.849343E+05   0.143799E+04
   0.267700E+03   0.146061E+04   0.282679E+02   0.849343E+05   0.143800E+04
   0.267800E+03   0.146061E+04   0.282679E+02   0.849343E+05   0.143801E+04
   0.267900E+03   0.146061E+04   0.282673E+02   0.849344E+05   0.143800E+04
   0.268000E+03   0.146061E+04   0.282673E+02   0.849344E+05   0.143801E+04
   0.268100E+03   0.146061E+04   0.282673E+02   0.849344E+05   0.143798E+04
   0.268200E+03   0.146061E+04   0.282673E+02   0.849345E+05   0.143800E+04
   0.268300E+03   0.146061E+04   0.282673E+02   0.849345E+05   0.143800E+04
   0.268400E+03   0.146061E+04   0.282673E+02   0.849345E+05   0.143799E+04
   0.268500E+03   0.146061E+04   0.282673E+02   0.849346E+05   0.143799E+04
   0.268600E+03   0.146061E+04   0.282666E+02   0.849346E+05   0.143799E+04
   0.268700E+03   0.146061E+04   0.282672E+02   0.849346E+05   0.143798E+04
   0.268800E+03   0.146061E+04   0.282672E+02   0.849346E+05   0.143799E+04
   0.268900E+03   0.146061E+04   0.282672E+02   0.849347E+05   0.143798E+04
   0.269000E+03   0.146061E+04   0.282689E+02   0.849347E+05   0.143798E+04
   0.269100E+03   0.146061E+04   0.282689E+02   0.849348E+05   0.143797E+04
   0.269200E+03   0.146061E+04   0.282689E+02   0.849348E+05   0.143797E+04
   0.269300E+03   0.146061E+04   0.282689E+02   0.849348E+05   0.143796E+04
   0.269400E+03   0.146061E+04   0.282689E+02   0.849349E+05   0.143798E+04
   0.269500E+03   0.146061E+04   0.282689E+02   0.849349E+05   0.143796E+04
   0.269600E+03   0.146061E+04   0.282684E+02   0.849349E+05   0.143797E+04
   0.269700E+03   0.146061E+04   0.282684E+02   0.849350E+05   0.143797E+04
   0.269800E+03   0.146061E+04   0.282688E+02   0.849350E+05   0.143797E+04
   0.269900E+03   0.146061E+04   0.282688E+02   0.849350E+05   0.143795E+04
   0.270000E+03   0.146061E+04   0.282688E+02   0.849351E+05   0.143795E+04
   0.270100E+03   0.146062E+04   0.282680E+02   0.849351E+05   0.143797E+04
   0.270200E+03   0.146062E+04   0.282672E+02   0.849351E+05   0.143795E+04
   0.270300E+03   0.146062E+04   0.282657E+02   0.849351E+05   0.143795E+04
   0.270400E+03   0.146062E+04   0.282657E+02   0.849352E+05   0.143796E+04
   0.270500E+03   0.146062E+04   0.282657E+02   0.849352E+05   0.143795E+04
   0.270600E+03   0.146062E+04   0.282657E+02   0.849352E+05   0.143793E+04
   0.270700E+03   0.146062E+04   0.282673E+02   0.849353E+05   0.143794E+04
   0.270800E+03   0.146062E+04   0.282673E+02   0.849353E+05   0.143796E+04
   0.270900E+03   0.146062E+04   0.282666E+02   0.849354E+05   0.143794E+04
   0.271000E+03   0.146062E+04   0.282666E+02   0.849354E+05   0.143793E+04
   0.271100E+03   0.146062E+04   0.282666E+02   0.849354E+05   0.143793E+04
   0.271200E+03   0.146062E+04   0.282666E+02   0.849354E+05   0.143795E+04
   0.271300E+03   0.146062E+04   0.282666E+02   0.849355E+05   0.143793E+04
   0.271400E+03   0.146062E+04   0.282667E+02   0.849355E+05   0.143794E+04
   0.271500E+03   0.146062E+04   0.282667E+02   0.849355E+05   0.143791E+04
   0.271600E+03   0.146062E+04   0.282667E+02   0.849356E+05   0.143794E+04
   0.271700E+03   0.146062E+04   0.282667E+02   0.849356E+05   0.143793E+04
   0.271800E+03   0.146062E+04   0.282671E+02   0.849356E+05   0.143792E+04
   0.271900E+03   0.146062E+04   0.282671E+02   0.849356E+05   0.143792E+04
   0.272000E+03   0.146062E+04   0.282671E+02   0.849357E+05   0.143794E+04
   0.272100E+03   0.146062E+04   0.282671E+02   0.849357E+05   0.143793E+04
   0.272200E+03   0.146062E+04   0.282688E+02   0.849357E+05   0.143791E+04
   0.272300E+03   0.146062E+04   0.282688E+02   0.849358E+05   0.143791E+04
   0.272400E+03   0.146063E+04   0.282684E+02   0.849358E+05   0.143792E+04
   0.272500E+03   0.146063E+04   0.282684E+02   0.849358E+05   0.143792E+04
   0.272600E+03   0.146063E+04   0.282684E+02   0.849358E+05   0.143791E+04
   0.272700E+03   0.146063E+04   0.282684E+02   0.849359E+05   0.143789E+04
   0.272800E+03   0.146063E+04   0.282684E+02   0.849359E+05   0.143792E+04
   0.272900E+03   0.146063E+04   0.282684E+02   0.849359E+05   0.143791E+04
   0.273000E+03   0.146063E+04   0.282684E+02   0.849360E+05   0.143790E+04
   0.273100E+03   0.146063E+04   0.282669E+02   0.849360E+05   0.143790E+04
   0.273200E+03   0.146063E+04   0.282669E+02   0.849360E+05   0.143790E+04
   0.273300E+03   0.146063E+04   0.282664E+02   0.849361E+05   0.143790E+04
   0.273400E+03   0.146063E+04   0.282657E+02   0.849361E+05   0.143789E+04
   0.273500E+03   0.146063E+04   0.282657E+02   0.849361E+05   0.143790E+04
   0.273600E+03   0.146063E+04   0.282657E+02   0.849361E+05   0.143790E+04
   0.273700E+03   0.146063E+04   0.282657E+02   0.849362E+05   0.143789E+04
   0.273800E+03   0.146063E+04   0.282653E+02   0.849362E+05   0.143789E+04
   0.273900E+03   0.146063E+04   0.282653E+02   0.849362E+05   0.143788E+04
   0.274000E+03   0.146063E+04   0.282656E+02   0.849362E+05   0.143789E+04
   0.274100E+03   0.146063E+04   0.282656E+02   0.849363E+05   0.143790E+04
   0.274200E+03   0.146063E+04   0.282673E+02   0.849363E+05   0.143788E+04
   0.274300E+03   0.146063E+04   0.282673E+02   0.849363E+05   0.143788E+04
   0.274400E+03   0.146063E+04   0.282679E+02   0.849364E+05   0.143788E+04
   0.274500E+03   0.146063E+04   0.282679E+02   0.849364E+05   0.143787E+04
   0.274600E+03   0.146063E+04   0.282679E+02   0.849364E+05   0.143788E+04
   0.274700E+03   0.146063E+04   0.282679E+02   0.849364E+05   0.143788E+04
   0.274800E+03   0.146063E+04   0.282679E+02   0.849364E+05   0.143788E+04
   0.274900E+03   0.146063E+04   0.282671E+02   0.849365E+05   0.143786E+04
   0.275000E+03   0.146063E+04   0.282667E+02   0.849365E+05   0.143788E+04
   0.275100E+03   0.146063E+04   0.282667E+02   0.849365E+05   0.143788E+04
   0.275200E+03   0.146063E+04   0.282667E+02   0.849366E+05   0.143786E+04
   0.275300E+03   0.146063E+04   0.282662E+02   0.849366E+05   0.143787E+04
   0.275400E+03   0.146063E+04   0.282662E+02   0.849366E+05   0.143787E+04
   0.275500E+03   0.146063E+04   0.282662E+02   0.849367E+05   0.143787E+04
   0.275600E+03   0.146063E+04   0.282662E+02   0.849367E+05   0.143786E+04
   0.275700E+03   0.146064E+04   0.282679E+02   0.849367E+05   0.143786E+04
   0.275800E+03   0.146064E+04   0.282679E+02   0.849367E+05   0.143787E+04
   0.275900E+03   0.146064E+04   0.282679E+02   0.849368E+05   0.143786E+04
   0.276000E+03   0.146064E+04   0.282679E+02   0.849368E+05   0.143786E+04
   0.276100E+03   0.146064E+04   0.282672E+02   0.849368E+05   0.143785E+04
   0.276200E+03   0.146064E+04   0.282672E+02   0.849369E+05   0.143785E+04
   0.276300E+03   0.146064E+04   0.282672E+02   0.849369E+05   0.143785E+04
   0.276400E+03   0.146064E+04   0.282660E+02   0.849369E+05   0.143785E+04
   0.276500E+03   0.146064E+04   0.282660E+02   0.849369E+05   0.143785E+04
   0.276600E+03   0.146064E+04   0.282660E+02   0.849369E+05   0.143784E+04
   0.276700E+03   0.146064E+04   0.282660E+02   0.849369E+05   0.143786E+04
   0.276800E+03   0.146064E+04   0.282660E+02   0.849370E+05   0.143784E+04
   0.276900E+03   0.146064E+04   0.282660E+02   0.849370E+05   0.143783E+04
   0.277000E+03   0.146064E+04   0.282660E+02   0.849370E+05   0.143785E+04
   0.277100E+03   0.146064E+04   0.282660E+02   0.849371E+05   0.143785E+04
   0.277200E+03   0.146064E+04   0.282660E+02   0.849371E+05   0.143785E+04
   0.277300E+03   0.146064E+04   0.282660E+02   0.849371E+05   0.143783E+04
   0.277400E+03   0.146064E+04   0.282660E+02   0.849371E+05   0.143782E+04
   0.277500E+03   0.146064E+04   0.282660E+02   0.849371E+05   0.143784E+04
   0.277600E+03   0.146064E+04   0.282656E+02   0.849372E+05   0.143783E+04
   0.277700E+03   0.146064E+04   0.282661E+02   0.849372E+05   0.143783E+04
   0.277800E+03   0.146064E+04   0.282658E+02   0.849372E+05   0.143783E+04
   0.277900E+03   0.146064E+04   0.282658E+02   0.849372E+05   0.143782E+04
   0.278000E+03   0.146064E+04   0.282658E+02   0.849373E+05   0.143783E+04
   0.278100E+03   0.146064E+04   0.282654E+02   0.849373E+05   0.143783E+04
   0.278200E+03   0.146064E+04   0.282654E+02   0.849373E+05   0.143781E+04
   0.278300E+03   0.146064E+04   0.282670E+02   0.849373E+05   0.143782E+04
   0.278400E+03   0.146064E+04   0.282670E+02   0.849374E+05   0.143781E+04
   0.278500E+03   0.146064E+04   0.282670E+02   0.849374E+05   0.143782E+04
   0.278600E+03   0.146064E+04   0.282670E+02   0.849374E+05   0.143783E+04
   0.278700E+03   0.146064E+04   0.282670E+02   0.849374E+05   0.143783E+04
   0.278800E+03   0.146064E+04   0.282670E+02   0.849375E+05   0.143780E+04
   0.278900E+03   0.146064E+04   0.282670E+02   0.849375E+05   0.143780E+04
   0.279000E+03   0.146064E+04   0.282674E+02   0.849375E+05   0.143782E+04
   0.279100E+03   0.146065E+04   0.282667E+02   0.849375E+05   0.143782E+04
   0.279200E+03   0.146065E+04   0.282667E+02   0.849376E+05   0.143782E+04
   0.279300E+03   0.146065E+04   0.282667E+02   0.849376E+05   0.143781E+04
   0.279400E+03   0.146065E+04   0.282667E+02   0.849376E+05   0.143780E+04
   0.279500E+03   0.146065E+04   0.282667E+02   0.849376E+05   0.143779E+04
   0.279600E+03   0.146065E+04   0.282667E+02   0.849376E+05   0.143781E+04
   0.279700E+03   0.146065E+04   0.282667E+02   0.849377E+05   0.143781E+04
   0.279800E+03   0.146065E+04   0.282684E+02   0.849377E+05   0.143781E+04
   0.279900E+03   0.146065E+04   0.282679E+02   0.849377E+05   0.143780E+04
   0.280000E+03   0.146065E+04   0.282664E+02   0.849377E+05   0.143778E+04
   0.280100E+03   0.146065E+04   0.282664E+02   0.849378E+05   0.143781E+04
   0.280200E+03   0.146065E+04   0.282664E+02   0.849378E+05   0.143781E+04
   0.280300E+03   0.146065E+04   0.282664E+02   0.849378E+05   0.143779E+04
   0.280400E+03   0.146065E+04   0.282664E+02   0.849378E+05   0.143779E+04
   0.280500E+03   0.146065E+04   0.282664E+02   0.849378E+05   0.143778E+04
   0.280600E+03   0.146065E+04   0.282656E+02   0.849379E+05   0.143777E+04
   0.280700E+03   0.146065E+04   0.282656E+02   0.849379E+05   0.143780E+04
   0.280800E+03   0.146065E+04   0.282656E+02   0.849379E+05   0.143780E+04
   0.280900E+03   0.146065E+04   0.282652E+02   0.849379E+05   0.143779E+04
   0.281000E+03   0.146065E+04   0.282652E+02   0.849379E+05   0.143778E+04
   0.281100E+03   0.146065E+04   0.282652E+02   0.849380E+05   0.143778E+04
   0.281200E+03   0.146065E+04   0.282652E+02   0.849380E+05   0.143780E+04
   0.281300E+03   0.146065E+04   0.282652E+02   0.849380E+05   0.143779E+04
   0.281400E+03   0.146065E+04   0.282652E+02   0.849380E+05   0.143779E+04
   0.281500E+03   0.146065E+04   0.282658E+02   0.849380E+05   0.143779E+04
   0.281600E+03   0.146065E+04   0.282658E+02   0.849381E+05   0.143777E+04
   0.281700E+03   0.146065E+04   0.282658E+02   0.849381E+05   0.143776E+04
   0.281800E+03   0.146065E+04   0.282658E+02   0.849381E+05   0.143779E+04
   0.281900E+03   0.146065E+04   0.282661E+02   0.849381E+05   0.143777E+04
   0.282000E+03   0.146065E+04   0.282661E+02   0.849382E+05   0.143777E+04
   0.282100E+03   0.146065E+04   0.282661E+02   0.849382E+05   0.143777E+04
   0.282200E+03   0.146065E+04   0.282661E+02   0.849382E+05   0.143776E+04
   0.282300E+03   0.146065E+04   0.282661E+02   0.849382E+05   0.143778E+04
   0.282400E+03   0.146065E+04   0.282661E+02   0.849382E+05   0.143778E+04
   0.282500E+03   0.146065E+04   0.282656E+02   0.849383E+05   0.143777E+04
   0.282600E+03   0.146066E+04   0.282649E+02   0.849383E+05   0.143776E+04
   0.282700E+03   0.146066E+04   0.282649E+02   0.849383E+05   0.143776E+04
   0.282800E+03   0.146066E+04   0.282649E+02   0.849383E+05   0.143776E+04
   0.282900E+03   0.146066E+04   0.282649E+02   0.849383E+05   0.143776E+04
   0.283000E+03   0.146066E+04   0.282649E+02   0.849384E+05   0.143776E+04
   0.283100E+03   0.146066E+04   0.282649E+02   0.849384E+05   0.143777E+04
   0.283200E+03   0.146066E+04   0.282666E+02   0.849384E+05   0.143777E+04
   0.283300E+03   0.146066E+04   0.282662E+02   0.849384E+05   0.143775E+04
   0.283400E+03   0.146066E+04   0.282662E+02   0.849384E+05   0.143774E+04
   0.283500E+03   0.146066E+04   0.282662E+02   0.849385E+05   0.143776E+04
   0.283600E+03   0.146066E+04   0.282662E+02   0.849385E+05   0.143774E+04
   0.283700E+03   0.146066E+04   0.282662E+02   0.849385E+05   0.143776E+04
   0.283800E+03   0.146066E+04   0.282662E+02   0.849385E+05   0.143775E+04
   0.283900E+03   0.146066E+04   0.282662E+02   0.849385E+05   0.143775E+04
   0.284000E+03   0.146066E+04   0.282662E+02   0.849386E+05   0.143774E+04
   0.284100E+03   0.146066E+04   0.282662E+02   0.849386E+05   0.143775E+04
   0.284200E+03   0.146066E+04   0.282647E+02   0.849386E+05   0.143775E+04
   0.284300E+03   0.146066E+04   0.282647E+02   0.849386E+05   0.143775E+04
   0.284400E+03   0.146066E+04   0.282643E+02   0.849386E+05   0.143775E+04
   0.284500E+03   0.146066E+04   0.282643E+02   0.849386E+05   0.143774E+04
   0.284600E+03   0.146066E+04   0.282643E+02   0.849386E+05   0.143774E+04
   0.284700E+03   0.146066E+04   0.282660E+02   0.849387E+05   0.143773E+04
   0.284800E+03   0.146066E+04   0.282660E+02   0.849387E+05   0.143774E+04
   0.284900E+03   0.146066E+04   0.282660E+02   0.849387E+05   0.143774E+04
   0.285000E+03   0.146066E+04   0.282663E+02   0.849387E+05   0.143774E+04
   0.285100E+03   0.146066E+04   0.282663E+02   0.849388E+05   0.143773E+04
   0.285200E+03   0.146066E+04   0.282663E+02   0.849388E+05   0.143772E+04
   0.285300E+03   0.146066E+04   0.282663E+02   0.849388E+05   0.143772E+04
   0.285400E+03   0.146066E+04   0.282659E+02   0.849388E+05   0.143773E+04
   0.285500E+03   0.146066E+04   0.282659E+02   0.849388E+05   0.143773E+04
   0.285600E+03   0.146066E+04   0.282659E+02   0.849388E+05   0.143773E+04
   0.285700E+03   0.146066E+04   0.282659E+02   0.849389E+05   0.143774E+04
   0.285800E+03   0.146066E+04   0.282659E+02   0.849389E+05   0.143772E+04
   0.285900E+03   0.146066E+04   0.282659E+02   0.849389E+05   0.143773E+04
   0.286000E+03   0.146066E+04   0.282664E+02   0.849389E+05   0.143773E+04
   0.286100E+03   0.146066E+04   0.282664E+02   0.849389E+05   0.143773E+04
   0.286200E+03   0.146066E+04   0.282664E+02   0.849390E+05   0.143771E+04
   0.286300E+03   0.146066E+04   0.282664E+02   0.849390E+05   0.143771E+04
   0.286400E+03   0.146066E+04   0.282664E+02   0.849390E+05   0.143772E+04
   0.286500E+03   0.146066E+04   0.282658E+02   0.849390E+05   0.143773E+04
   0.286600E+03   0.146066E+04   0.282658E+02   0.849390E+05   0.143772E+04
   0.286700E+03   0.146066E+04   0.282658E+02   0.849391E+05   0.143772E+04
   0.286800E+03   0.146066E+04   0.282658E+02   0.849391E+05   0.143772E+04
   0.286900E+03   0.146066E+04   0.282658E+02   0.849391E+05   0.143770E+04
   0.287000E+03   0.146066E+04   0.282658E+02   0.849391E+05   0.143770E+04
   0.287100E+03   0.146066E+04   0.282658E+02   0.849391E+05   0.143772E+04
   0.287200E+03   0.146066E+04   0.282658E+02   0.849391E+05   0.143771E+04
   0.287300E+03   0.146066E+04   0.282658E+02   0.849392E+05   0.143770E+04
   0.287400E+03   0.146066E+04   0.282658E+02   0.849392E+05   0.143772E+04
   0.287500E+03   0.146066E+04   0.282658E+02   0.849392E+05   0.143771E+04
   0.287600E+03   0.146066E+04   0.282658E+02   0.849392E+05   0.143770E+04
   0.287700E+03   0.146066E+04   0.282658E+02   0.849392E+05   0.143769E+04
   0.287800E+03   0.146066E+04   0.282658E+02   0.849393E+05   0.143771E+04
   0.287900E+03   0.146066E+04   0.282658E+02   0.849393E+05   0.143770E+04
   0.288000E+03   0.146066E+04   0.282658E+02   0.849393E+05   0.143770E+04
   0.288100E+03   0.146066E+04   0.282649E+02   0.849393E+05   0.143770E+04
   0.288200E+03   0.146066E+04   0.282649E+02   0.849393E+05   0.143769E+04
   0.288300E+03   0.146066E+04   0.282649E+02   0.849393E+05   0.143769E+04
   0.288400E+03   0.146066E+04   0.282649E+02   0.849393E+05   0.143769E+04
   0.288500E+03   0.146067E+04   0.282646E+02   0.849393E+05   0.143769E+04
   0.288600E+03   0.146067E+04   0.282644E+02   0.849394E+05   0.143770E+04
   0.288700E+03   0.146067E+04   0.282644E+02   0.849394E+05   0.143770E+04
   0.288800E+03   0.146067E+04   0.282644E+02   0.849394E+05   0.143771E+04
   0.288900E+03   0.146067E+04   0.282644E+02   0.849394E+05   0.143770E+04
   0.289000E+03   0.146067E+04   0.282644E+02   0.849394E+05   0.143769E+04
   0.289100E+03   0.146067E+04   0.282661E+02   0.849394E+05   0.143769E+04
   0.289200E+03   0.146067E+04   0.282646E+02   0.849395E+05   0.143768E+04
   0.289300E+03   0.146067E+04   0.282646E+02   0.849395E+05   0.143767E+04
   0.289400E+03   0.146067E+04   0.282646E+02   0.849395E+05   0.143768E+04
   0.289500E+03   0.146067E+04   0.282646E+02   0.849395E+05   0.143768E+04
   0.289600E+03   0.146067E+04   0.282646E+02   0.849395E+05   0.143770E+04
   0.289700E+03   0.146067E+04   0.282646E+02   0.849395E+05   0.143770E+04
   0.289800E+03   0.146067E+04   0.282642E+02   0.849395E+05   0.143769E+04
   0.289900E+03   0.146067E+04   0.282642E+02   0.849396E+05   0.143768E+04
   0.290000E+03   0.146067E+04   0.282642E+02   0.849396E+05   0.143766E+04
   0.290100E+03   0.146067E+04   0.282642E+02   0.849396E+05   0.143766E+04
   0.290200E+03   0.146067E+04   0.282642E+02   0.849396E+05   0.143768E+04
   0.290300E+03   0.146067E+04   0.282642E+02   0.849397E+05   0.143769E+04
   0.290400E+03   0.146067E+04   0.282642E+02   0.849397E+05   0.143769E+04
   0.290500E+03   0.146067E+04   0.282642E+02   0.849397E+05   0.143768E+04
   0.290600E+03   0.146067E+04   0.282659E+02   0.849397E+05   0.143768E+04
   0.290700E+03   0.146067E+04   0.282659E+02   0.849397E+05   0.143767E+04
   0.290800E+03   0.146067E+04   0.282659E+02   0.849397E+05   0.143767E+04
   0.290900E+03   0.146067E+04   0.282659E+02   0.849397E+05   0.143766E+04
   0.291000E+03   0.146067E+04   0.282652E+02   0.849397E+05   0.143768E+04
   0.291100E+03   0.146067E+04   0.282652E+02   0.849398E+05   0.143768E+04
   0.291200E+03   0.146067E+04   0.282652E+02   0.849398E+05   0.143767E+04
   0.291300E+03   0.146067E+04   0.282658E+02   0.849398E+05   0.143767E+04
   0.291400E+03   0.146067E+04   0.282658E+02   0.849398E+05   0.143767E+04
   0.291500E+03   0.146067E+04   0.282658E+02   0.849398E+05   0.143767E+04
   0.291600E+03   0.146067E+04   0.282658E+02   0.849398E+05   0.143766E+04
   0.291700E+03   0.146067E+04   0.282658E+02   0.849399E+05   0.143765E+04
   0.291800E+03   0.146067E+04   0.282658E+02   0.849399E+05   0.143764E+04
   0.291900E+03   0.146067E+04   0.282658E+02   0.849399E+05   0.143768E+04
   0.292000E+03   0.146067E+04   0.282658E+02   0.849399E+05   0.143768E+04
   0.292100E+03   0.146067E+04   0.282658E+02   0.849399E+05   0.143766E+04
   0.292200E+03   0.146068E+04   0.282653E+02   0.849399E+05   0.143766E+04
   0.292300E+03   0.146068E+04   0.282653E+02   0.849399E+05   0.143765E+04
   0.292400E+03   0.146068E+04   0.282653E+02   0.849399E+05   0.143765E+04
   0.292500E+03   0.146068E+04   0.282653E+02   0.849399E+05   0.143765E+04
   0.292600E+03   0.146068E+04   0.282653E+02   0.849400E+05   0.143764E+04
   0.292700E+03   0.146068E+04   0.282653E+02   0.849400E+05   0.143764E+04
   0.292800E+03   0.146068E+04   0.282656E+02   0.849400E+05   0.143767E+04
   0.292900E+03   0.146068E+04   0.282656E+02   0.849400E+05   0.143766E+04
   0.293000E+03   0.146068E+04   0.282656E+02   0.849400E+05   0.143765E+04
   0.293100E+03   0.146068E+04   0.282656E+02   0.849400E+05   0.143765E+04
   0.293200E+03   0.146068E+04   0.282652E+02   0.849401E+05   0.143765E+04
   0.293300E+03   0.146068E+04   0.282652E+02   0.849401E+05   0.143765E+04
   0.293400E+03   0.146068E+04   0.282652E+02   0.849401E+05   0.143765E+04
   0.293500E+03   0.146068E+04   0.282652E+02   0.849401E+05   0.143763E+04
   0.293600E+03   0.146068E+04   0.282652E+02   0.849401E+05   0.143764E+04
   0.293700E+03   0.146068E+04   0.282652E+02   0.849401E+05   0.143765E+04
   0.293800E+03   0.146068E+04   0.282652E+02   0.849401E+05   0.143765E+04
   0.293900E+03   0.146068E+04   0.282652E+02   0.849402E+05   0.143765E+04
   0.294000E+03   0.146068E+04   0.282652E+02   0.849402E+05   0.143764E+04
   0.294100E+03   0.146068E+04   0.282652E+02   0.849402E+05   0.143764E+04
   0.294200E+03   0.146068E+04   0.282652E+02   0.849402E+05   0.143763E+04
   0.294300E+03   0.146068E+04   0.282652E+02   0.849402E+05   0.143763E+04
   0.294400E+03   0.146068E+04   0.282652E+02   0.849402E+05   0.143763E+04
   0.294500E+03   0.146068E+04   0.282652E+02   0.849402E+05   0.143763E+04
   0.294600E+03   0.146068E+04   0.282652E+02   0.849402E+05   0.143765E+04
   0.294700E+03   0.146068E+04   0.282652E+02   0.849403E+05   0.143765E+04
   0.294800E+03   0.146068E+04   0.282652E+02   0.849403E+05   0.143764E+04
   0.294900E+03   0.146068E+04   0.282652E+02   0.849403E+05   0.143763E+04
   0.295000E+03   0.146068E+04   0.282652E+02   0.849403E+05   0.143763E+04
   0.295100E+03   0.146068E+04   0.282652E+02   0.849403E+05   0.143762E+04
   0.295200E+03   0.146068E+04   0.282652E+02   0.849403E+05   0.143762E+04
   0.295300E+03   0.146068E+04   0.282652E+02   0.849403E+05   0.143762E+04
   0.295400E+03   0.146068E+04   0.282637E+02   0.849403E+05   0.143763E+04
   0.295500E+03   0.146068E+04   0.282637E+02   0.849403E+05   0.143764E+04
   0.295600E+03   0.146068E+04   0.282637E+02   0.849404E+05   0.143764E+04
   0.295700E+03   0.146068E+04   0.282637E+02   0.849404E+05   0.143764E+04
   0.295800E+03   0.146068E+04   0.282637E+02   0.849404E+05   0.143764E+04
   0.295900E+03   0.146068E+04   0.282637E+02   0.849404E+05   0.143763E+04
   0.296000E+03   0.146068E+04   0.282637E+02   0.849404E+05   0.143763E+04
   0.296100E+03   0.146068E+04   0.282637E+02   0.849404E+05   0.143761E+04
   0.296200E+03   0.146068E+04   0.282637E+02   0.849404E+05   0.143761E+04
   0.296300E+03   0.146068E+04   0.282632E+02   0.849405E+05   0.143760E+04
   0.296400E+03   0.146068E+04   0.282626E+02   0.849405E+05   0.143762E+04
   0.296500E+03   0.146068E+04   0.282626E+02   0.849405E+05   0.143762E+04
   0.296600E+03   0.146068E+04   0.282626E+02   0.849405E+05   0.143764E+04
   0.296700E+03   0.146068E+04   0.282626E+02   0.849405E+05   0.143763E+04
   0.296800E+03   0.146068E+04   0.282642E+02   0.849405E+05   0.143763E+04
   0.296900E+03   0.146068E+04   0.282642E+02   0.849405E+05   0.143763E+04
   0.297000E+03   0.146068E+04   0.282642E+02   0.849406E+05   0.143761E+04
   0.297100E+03   0.146068E+04   0.282642E+02   0.849406E+05   0.143761E+04
   0.297200E+03   0.146068E+04   0.282642E+02   0.849406E+05   0.143760E+04
   0.297300E+03   0.146068E+04   0.282642E+02   0.849406E+05   0.143760E+04
   0.297400E+03   0.146068E+04   0.282642E+02   0.849406E+05   0.143762E+04
   0.297500E+03   0.146068E+04   0.282642E+02   0.849406E+05   0.143761E+04
   0.297600E+03   0.146068E+04   0.282645E+02   0.849406E+05   0.143761E+04
   0.297700E+03   0.146068E+04   0.282645E+02   0.849406E+05   0.143763E+04
   0.297800E+03   0.146068E+04   0.282645E+02   0.849406E+05   0.143761E+04
   0.297900E+03   0.146068E+04   0.282651E+02   0.849406E+05   0.143761E+04
   0.298000E+03   0.146068E+04   0.282651E+02   0.849406E+05   0.143761E+04
   0.298100E+03   0.146068E+04   0.282651E+02   0.849406E+05   0.143761E+04
   0.298200E+03   0.146068E+04   0.282651E+02   0.849407E+05   0.143760E+04
   0.298300E+03   0.146068E+04   0.282668E+02   0.849407E+05   0.143760E+04
   0.298400E+03   0.146068E+04   0.282668E+02   0.849407E+05   0.143761E+04
   0.298500E+03   0.146068E+04   0.282664E+02   0.849407E+05   0.143760E+04
   0.298600E+03   0.146068E+04   0.282664E+02   0.849407E+05   0.143760E+04
   0.298700E+03   0.146069E+04   0.282656E+02   0.849407E+05   0.143760E+04
   0.298800E+03   0.146069E+04   0.282656E+02   0.849407E+05   0.143762E+04
   0.298900E+03   0.146069E+04   0.282652E+02   0.849408E+05   0.143762E+04
   0.299000E+03   0.146069E+04   0.282652E+02   0.849408E+05   0.143759E+04
   0.299100E+03   0.146069E+04   0.282652E+02   0.849408E+05   0.143760E+04
   0.299200E+03   0.146069E+04   0.282652E+02   0.849408E+05   0.143760E+04
   0.299300E+03   0.146069E+04   0.282652E+02   0.849408E+05   0.143759E+04
   0.299400E+03   0.146069E+04   0.282652E+02   0.849408E+05   0.143758E+04
   0.299500E+03   0.146069E+04   0.282652E+02   0.849408E+05   0.143760E+04
   0.299600E+03   0.146069E+04   0.282652E+02   0.849409E+05   0.143759E+04
   0.299700E+03   0.146069E+04   0.282652E+02   0.849409E+05   0.143759E+04
   0.299800E+03   0.146069E+04   0.282652E+02   0.849409E+05   0.143759E+04
   0.299900E+03   0.146069E+04   0.282652E+02   0.849409E+05   0.143759E+04
   0.300000E+03   0.146069E+04   0.282652E+02   0.849409E+05   0.143761E+04
   0.300100E+03   0.146069E+04   0.282652E+02   0.849409E+05   0.143760E+04
   0.300200E+03   0.146069E+04   0.282652E+02   0.849409E+05   0.143759E+04
   0.300300E+03   0.146069E+04   0.282652E+02   0.849409E+05   0.143759E+04
   0.300400E+03   0.146069E+04   0.282652E+02   0.849409E+05   0.143759E+04
   0.300500E+03   0.146069E+04   0.282652E+02   0.849409E+05   0.143758E+04
   0.300600E+03   0.146069E+04   0.282652E+02   0.849409E+05   0.143760E+04
   0.300700E+03   0.146069E+04   0.282652E+02   0.849410E+05   0.143759E+04
   0.300800E+03   0.146069E+04   0.282652E+02   0.849410E+05   0.143758E+04
   0.300900E+03   0.146069E+04   0.282652E+02   0.849410E+05   0.143758E+04
   0.301000E+03   0.146069E+04   0.282652E+02   0.849410E+05   0.143757E+04
   0.301100E+03   0.146069E+04   0.282648E+02   0.849410E+05   0.143757E+04
   0.301200E+03   0.146069E+04   0.282648E+02   0.849410E+05   0.143759E+04
   0.301300E+03   0.146069E+04   0.282648E+02   0.849410E+05   0.143759E+04
   0.301400E+03   0.146069E+04   0.282648E+02   0.849410E+05   0.143759E+04
   0.301500E+03   0.146069E+04   0.282648E+02   0.849410E+05   0.143758E+04
   0.301600E+03   0.146069E+04   0.282648E+02   0.849410E+05   0.143758E+04
   0.301700E+03   0.146069E+04   0.282648E+02   0.849410E+05   0.143758E+04
   0.301800E+03   0.146069E+04   0.282648E+02   0.849411E+05   0.143759E+04
   0.301900E+03   0.146069E+04   0.282648E+02   0.849411E+05   0.143759E+04
   0.302000E+03   0.146069E+04   0.282648E+02   0.849411E+05   0.143759E+04
   0.302100E+03   0.146069E+04   0.282648E+02   0.849411E+05   0.143757E+04
   0.302200E+03   0.146069E+04   0.282648E+02   0.849411E+05   0.143756E+04
   0.302300E+03   0.146069E+04   0.282648E+02   0.849411E+05   0.143756E+04
   0.302400E+03   0.146069E+04   0.282648E+02   0.849411E+05   0.143758E+04
   0.302500E+03   0.146069E+04   0.282648E+02   0.849411E+05   0.143758E+04
   0.302600E+03   0.146069E+04   0.282648E+02   0.849411E+05   0.143758E+04
   0.302700E+03   0.146069E+04   0.282648E+02   0.849412E+05   0.143757E+04
   0.302800E+03   0.146069E+04   0.282648E+02   0.849412E+05   0.143756E+04
   0.302900E+03   0.146069E+04   0.282648E+02   0.849412E+05   0.143756E+04
   0.303000E+03   0.146069E+04   0.282648E+02   0.849412E+05   0.143758E+04
   0.303100E+03   0.146069E+04   0.282648E+02   0.849412E+05   0.143758E+04
   0.303200E+03   0.146069E+04   0.282641E+02   0.849412E+05   0.143758E+04
   0.303300E+03   0.146069E+04   0.282626E+02   0.849412E+05   0.143758E+04
   0.303400E+03   0.146069E+04   0.282629E+02   0.849412E+05   0.143758E+04
   0.303500E+03   0.146069E+04   0.282629E+02   0.849412E+05   0.143756E+04
   0.303600E+03   0.146069E+04   0.282629E+02   0.849412E+05   0.143756E+04
   0.303700E+03   0.146069E+04   0.282629E+02   0.849413E+05   0.143755E+04
   0.303800E+03   0.146069E+04   0.282629E+02   0.849413E+05   0.143757E+04
   0.303900E+03   0.146069E+04   0.282629E+02   0.849413E+05   0.143757E+04
   0.304000E+03   0.146069E+04   0.282629E+02   0.849413E+05   0.143756E+04
   0.304100E+03   0.146069E+04   0.282629E+02   0.849413E+05   0.143756E+04
   0.304200E+03   0.146069E+04   0.282629E+02   0.849413E+05   0.143755E+04
   0.304300E+03   0.146069E+04   0.282629E+02   0.849413E+05   0.143757E+04
   0.304400E+03   0.146069E+04   0.282629E+02   0.849413E+05   0.143757E+04
   0.304500E+03   0.146069E+04   0.282629E+02   0.849413E+05   0.143757E+04
   0.304600E+03   0.146069E+04   0.282629E+02   0.849413E+05   0.143756E+04
   0.304700E+03   0.146069E+04   0.282629E+02   0.849413E+05   0.143756E+04
   0.304800E+03   0.146069E+04   0.282629E+02   0.849413E+05   0.143756E+04
   0.304900E+03   0.146069E+04   0.282629E+02   0.849414E+05   0.143755E+04
   0.305000E+03   0.146069E+04   0.282629E+02   0.849414E+05   0.143754E+04
   0.305100E+03   0.146069E+04   0.282629E+02   0.849414E+05   0.143754E+04
   0.305200E+03   0.146069E+04   0.282629E+02   0.849414E+05   0.143756E+04
   0.305300E+03   0.146069E+04   0.282629E+02   0.849414E+05   0.143756E+04
   0.305400E+03   0.146069E+04   0.282629E+02   0.849414E+05   0.143756E+04
   0.305500E+03   0.146069E+04   0.282629E+02   0.849414E+05   0.143756E+04
   0.305600E+03   0.146069E+04   0.282629E+02   0.849414E+05   0.143757E+04
   0.305700E+03   0.146069E+04   0.282629E+02   0.849414E+05   0.143756E+04
   0.305800E+03   0.146069E+04   0.282629E+02   0.849414E+05   0.143756E+04
   0.305900E+03   0.146069E+04   0.282629E+02   0.849414E+05   0.143756E+04
   0.306000E+03   0.146069E+04   0.282629E+02   0.849415E+05   0.143755E+04
   0.306100E+03   0.146069E+04   0.282625E+02   0.849415E+05   0.143755E+04
   0.306200E+03   0.146069E+04   0.282625E+02   0.849415E+05   0.143755E+04
   0.306300E+03   0.146069E+04   0.282625E+02   0.849415E+05   0.143755E+04
   0.306400E+03   0.146069E+04   0.282625E+02   0.849415E+05   0.143754E+04
   0.306500E+03   0.146069E+04   0.282625E+02   0.849415E+05   0.143754E+04
   0.306600E+03   0.146069E+04   0.282631E+02   0.849415E+05   0.143754E+04
   0.306700E+03   0.146069E+04   0.282631E+02   0.849415E+05   0.143754E+04
   0.306800E+03   0.146069E+04   0.282626E+02   0.849415E+05   0.143754E+04
   0.306900E+03   0.146069E+04   0.282626E+02   0.849415E+05   0.143754E+04
   0.307000E+03   0.146069E+04   0.282626E+02   0.849415E+05   0.143756E+04
   0.307100E+03   0.146069E+04   0.282626E+02   0.849415E+05   0.143756E+04
   0.307200E+03   0.146069E+04   0.282626E+02   0.849416E+05   0.143755E+04
   0.307300E+03   0.146069E+04   0.282626E+02   0.849416E+05   0.143755E+04
   0.307400E+03   0.146069E+04   0.282626E+02   0.849416E+05   0.143755E+04
   0.307500E+03   0.146069E+04   0.282626E+02   0.849416E+05   0.143755E+04
   0.307600E+03   0.146069E+04   0.282643E+02   0.849416E+05   0.143755E+04
   0.307700E+03   0.146069E+04   0.282643E+02   0.849416E+05   0.143754E+04
   0.307800E+03   0.146069E+04   0.282643E+02   0.849416E+05   0.143754E+04
   0.307900E+03   0.146069E+04   0.282643E+02   0.849416E+05   0.143754E+04
   0.308000E+03   0.146069E+04   0.282643E+02   0.849416E+05   0.143753E+04
   0.308100E+03   0.146069E+04   0.282643E+02   0.849416E+05   0.143752E+04
   0.308200E+03   0.146069E+04   0.282643E+02   0.849416E+05   0.143754E+04
   0.308300E+03   0.146069E+04   0.282643E+02   0.849416E+05   0.143753E+04
   0.308400E+03   0.146069E+04   0.282643E+02   0.849417E+05   0.143753E+04
   0.308500E+03   0.146069E+04   0.282643E+02   0.849417E+05   0.143755E+04
   0.308600E+03   0.146069E+04   0.282643E+02   0.849417E+05   0.143755E+04
   0.308700E+03   0.146069E+04   0.282643E+02   0.849417E+05   0.143755E+04
   0.308800E+03   0.146069E+04   0.282643E+02   0.849417E+05   0.143753E+04
   0.308900E+03   0.146069E+04   0.282643E+02   0.849417E+05   0.143753E+04
   0.309000E+03   0.146070E+04   0.282660E+02   0.849417E+05   0.143753E+04
   0.309100E+03   0.146070E+04   0.282660E+02   0.849417E+05   0.143753E+04
   0.309200E+03   0.146070E+04   0.282660E+02   0.849417E+05   0.143753E+04
   0.309300E+03   0.146070E+04   0.282660E+02   0.849417E+05   0.143753E+04
   0.309400E+03   0.146070E+04   0.282660E+02   0.849417E+05   0.143753E+04
   0.309500E+03   0.146070E+04   0.282660E+02   0.849417E+05   0.143753E+04
   0.309600E+03   0.146070E+04   0.282660E+02   0.849417E+05   0.143753E+04
   0.309700E+03   0.146070E+04   0.282660E+02   0.849417E+05   0.143752E+04
   0.309800E+03   0.146070E+04   0.282660E+02   0.849418E+05   0.143752E+04
   0.309900E+03   0.146070E+04   0.282660E+02   0.849418E+05   0.143753E+04
   0.310000E+03   0.146070E+04   0.282660E+02   0.849418E+05   0.143753E+04
   0.310100E+03   0.146070E+04   0.282660E+02   0.849418E+05   0.143754E+04
   0.310200E+03   0.146070E+04   0.282660E+02   0.849418E+05   0.143754E+04
   0.310300E+03   0.146070E+04   0.282660E+02   0.849418E+05   0.143754E+04
   0.310400E+03   0.146070E+04   0.282660E+02   0.849418E+05   0.143753E+04
   0.310500E+03   0.146070E+04   0.282660E+02   0.849418E+05   0.143753E+04
   0.310600E+03   0.146070E+04   0.282660E+02   0.849418E+05   0.143752E+04
   0.310700E+03   0.146070E+04   0.282660E+02   0.849418E+05   0.143752E+04
   0.310800E+03   0.146070E+04   0.282663E+02   0.849418E+05   0.143752E+04
   0.310900E+03   0.146070E+04   0.282663E+02   0.849418E+05   0.143752E+04
   0.311000E+03   0.146070E+04   0.282663E+02   0.849418E+05   0.143752E+04
   0.311100E+03   0.146070E+04   0.282663E+02   0.849419E+05   0.143751E+04
   0.311200E+03   0.146070E+04   0.282663E+02   0.849419E+05   0.143751E+04
   0.311300E+03   0.146070E+04   0.282663E+02   0.849419E+05   0.143751E+04
   0.311400E+03   0.146070E+04   0.282663E+02   0.849419E+05   0.143751E+04
   0.311500E+03   0.146070E+04   0.282659E+02   0.849419E+05   0.143750E+04
   0.311600E+03   0.146070E+04   0.282659E+02   0.849419E+05   0.143750E+04
   0.311700E+03   0.146070E+04   0.282659E+02   0.849419E+05   0.143752E+04
   0.311800E+03   0.146070E+04   0.282659E+02   0.849419E+05   0.143754E+04
   0.311900E+03   0.146070E+04   0.282659E+02   0.849419E+05   0.143754E+04
   0.312000E+03   0.146070E+04   0.282659E+02   0.849419E+05   0.143754E+04
   0.312100E+03   0.146070E+04   0.282652E+02   0.849419E+05   0.143753E+04
   0.312200E+03   0.146070E+04   0.282652E+02   0.849419E+05   0.143753E+04
   0.312300E+03   0.146070E+04   0.282652E+02   0.849419E+05   0.143753E+04
   0.312400E+03   0.146070E+04   0.282652E+02   0.849420E+05   0.143751E+04
   0.312500E+03   0.146070E+04   0.282652E+02   0.849420E+05   0.143751E+04
   0.312600E+03   0.146070E+04   0.282652E+02   0.849420E+05   0.143751E+04
   0.312700E+03   0.146070E+04   0.282652E+02   0.849420E+05   0.143751E+04
   0.312800E+03   0.146070E+04   0.282652E+02   0.849420E+05   0.143751E+04
   0.312900E+03   0.146070E+04   0.282652E+02   0.849420E+05   0.143750E+04
   0.313000E+03   0.146070E+04   0.282652E+02   0.849420E+05   0.143750E+04
   0.313100E+03   0.146070E+04   0.282652E+02   0.849420E+05   0.143750E+04
   0.313200E+03   0.146070E+04   0.282652E+02   0.849420E+05   0.143750E+04
   0.313300E+03   0.146070E+04   0.282652E+02   0.849420E+05   0.143750E+04
   0.313400E+03   0.146070E+04   0.282652E+02   0.849420E+05   0.143749E+04
   0.313500E+03   0.146070E+04   0.282652E+02   0.849420E+05   0.143749E+04
   0.313600E+03   0.146070E+04   0.282652E+02   0.849420E+05   0.143752E+04
   0.313700E+03   0.146070E+04   0.282652E+02   0.849420E+05   0.143752E+04
   0.313800E+03   0.146070E+04   0.282652E+02   0.849420E+05   0.143752E+04
   0.313900E+03   0.146070E+04   0.282647E+02   0.849421E+05   0.143752E+04
   0.314000E+03   0.146070E+04   0.282647E+02   0.849421E+05   0.143752E+04
   0.314100E+03   0.146070E+04   0.282647E+02   0.849421E+05   0.143752E+04
   0.314200E+03   0.146070E+04   0.282647E+02   0.849421E+05   0.143751E+04
   0.314300E+03   0.146070E+04   0.282647E+02   0.849421E+05   0.143751E+04
   0.314400E+03   0.146070E+04   0.282647E+02   0.849421E+05   0.143750E+04
   0.314500E+03   0.146070E+04   0.282647E+02   0.849421E+05   0.143750E+04
   0.314600E+03   0.146070E+04   0.282647E+02   0.849421E+05   0.143750E+04
   0.314700E+03   0.146070E+04   0.282632E+02   0.849421E+05   0.143750E+04
   0.314800E+03   0.146070E+04   0.282632E+02   0.849421E+05   0.143750E+04
   0.314900E+03   0.146070E+04   0.282632E+02   0.849421E+05   0.143750E+04
   0.315000E+03   0.146070E+04   0.282632E+02   0.849421E+05   0.143750E+04
   0.315100E+03   0.146070E+04   0.282632E+02   0.849421E+05   0.143749E+04
   0.315200E+03   0.146070E+04   0.282632E+02   0.849421E+05   0.143749E+04
   0.315300E+03   0.146070E+04   0.282632E+02   0.849421E+05   0.143749E+04
   0.315400E+03   0.146070E+04   0.282632E+02   0.849421E+05   0.143748E+04
   0.315500E+03   0.146070E+04   0.282632E+02   0.849421E+05   0.143750E+04
   0.315600E+03   0.146070E+04   0.282632E+02   0.849422E+05   0.143752E+04
   0.315700E+03   0.146070E+04   0.282632E+02   0.849422E+05   0.143751E+04
   0.315800E+03   0.146070E+04   0.282632E+02   0.849422E+05   0.143751E+04
   0.315900E+03   0.146070E+04   0.282629E+02   0.849422E+05   0.143751E+04
   0.316000E+03   0.146070E+04   0.282629E+02   0.849422E+05   0.143751E+04
   0.316100E+03   0.146070E+04   0.282629E+02   0.849422E+05   0.143751E+04
   0.316200E+03   0.146070E+04   0.282629E+02   0.849422E+05   0.143751E+04
   0.316300E+03   0.146070E+04   0.282629E+02   0.849422E+05   0.143751E+04
   0.316400E+03   0.146070E+04   0.282629E+02   0.849422E+05   0.143751E+04
   0.316500E+03   0.146070E+04   0.282629E+02   0.849422E+05   0.143749E+04
   0.316600E+03   0.146070E+04   0.282629E+02   0.849422E+05   0.143748E+04
   0.316700E+03   0.146070E+04   0.282629E+02   0.849422E+05   0.143748E+04
   0.316800E+03   0.146070E+04   0.282629E+02   0.849422E+05   0.143748E+04
   0.316900E+03   0.146070E+04   0.282629E+02   0.849422E+05   0.143748E+04
   0.317000E+03   0.146070E+04   0.282620E+02   0.849422E+05   0.143748E+04
   0.317100E+03   0.146070E+04   0.282620E+02   0.849422E+05   0.143748E+04
   0.317200E+03   0.146070E+04   0.282620E+02   0.849422E+05   0.143748E+04
   0.317300E+03   0.146070E+04   0.282620E+02   0.849422E+05   0.143748E+04
   0.317400E+03   0.146070E+04   0.282620E+02   0.849422E+05   0.143748E+04
   0.317500E+03   0.146070E+04   0.282620E+02   0.849422E+05   0.143748E+04
   0.317600E+03   0.146070E+04   0.282620E+02   0.849423E+05   0.143749E+04
   0.317700E+03   0.146070E+04   0.282620E+02   0.849423E+05   0.143749E+04
   0.317800E+03   0.146070E+04   0.282620E+02   0.849423E+05   0.143749E+04
   0.317900E+03   0.146070E+04   0.282620E+02   0.849423E+05   0.143751E+04
   0.318000E+03   0.146070E+04   0.282620E+02   0.849423E+05   0.143751E+04
   0.318100E+03   0.146070E+04   0.282620E+02   0.849423E+05   0.143750E+04
   0.318200E+03   0.146070E+04   0.282620E+02   0.849423E+05   0.143750E+04
   0.318300E+03   0.146070E+04   0.282620E+02   0.849423E+05   0.143750E+04
   0.318400E+03   0.146070E+04   0.282620E+02   0.849423E+05   0.143750E+04
   0.318500E+03   0.146070E+04   0.282620E+02   0.849423E+05   0.143750E+04
   0.318600E+03   0.146070E+04   0.282620E+02   0.849423E+05   0.143750E+04
   0.318700E+03   0.146070E+04   0.282620E+02   0.849423E+05   0.143750E+04
   0.318800E+03   0.146070E+04   0.282620E+02   0.849423E+05   0.143748E+04
   0.318900E+03   0.146070E+04   0.282620E+02   0.849423E+05   0.143748E+04
   0.319000E+03   0.146070E+04   0.282620E+02   0.849424E+05   0.143747E+04
   0.319100E+03   0.146070E+04   0.282620E+02   0.849424E+05   0.143747E+04
   0.319200E+03   0.146070E+04   0.282620E+02   0.849424E+05   0.143747E+04
   0.319300E+03   0.146070E+04   0.282620E+02   0.849424E+05   0.143747E+04
   0.319400E+03   0.146070E+04   0.282620E+02   0.849424E+05   0.143747E+04
   0.319500E+03   0.146070E+04   0.282620E+02   0.849424E+05   0.143747E+04
   0.319600E+03   0.146070E+04   0.282626E+02   0.849424E+05   0.143747E+04
   0.319700E+03   0.146070E+04   0.282626E+02   0.849424E+05   0.143746E+04
   0.319800E+03   0.146070E+04   0.282626E+02   0.849424E+05   0.143748E+04
   0.319900E+03   0.146070E+04   0.282626E+02   0.849424E+05   0.143748E+04
   0.320000E+03   0.146070E+04   0.282626E+02   0.849424E+05   0.143747E+04
   0.320100E+03   0.146070E+04   0.282626E+02   0.849424E+05   0.143747E+04
   0.320200E+03   0.146070E+04   0.282626E+02   0.849424E+05   0.143747E+04
   0.320300E+03   0.146070E+04   0.282626E+02   0.849424E+05   0.143749E+04
   0.320400E+03   0.146070E+04   0.282626E+02   0.849424E+05   0.143749E+04
   0.320500E+03   0.146070E+04   0.282626E+02   0.849424E+05   0.143749E+04
   0.320600E+03   0.146070E+04   0.282626E+02   0.849424E+05   0.143749E+04
   0.320700E+03   0.146070E+04   0.282626E+02   0.849424E+05   0.143749E+04
   0.320800E+03   0.146070E+04   0.282629E+02   0.849424E+05   0.143749E+04
   0.320900E+03   0.146070E+04   0.282629E+02   0.849424E+05   0.143749E+04
   0.321000E+03   0.146070E+04   0.282629E+02   0.849424E+05   0.143749E+04
   0.321100E+03   0.146070E+04   0.282629E+02   0.849424E+05   0.143749E+04
   0.321200E+03   0.146070E+04   0.282629E+02   0.849424E+05   0.143749E+04
   0.321300E+03   0.146070E+04   0.282629E+02   0.849424E+05   0.143748E+04
   0.321400E+03   0.146070E+04   0.282629E+02   0.849424E+05   0.143748E+04
   0.321500E+03   0.146070E+04   0.282629E+02   0.849425E+05   0.143747E+04
   0.321600E+03   0.146070E+04   0.282629E+02   0.849425E+05   0.143747E+04
   0.321700E+03   0.146070E+04   0.282629E+02   0.849425E+05   0.143747E+04
   0.321800E+03   0.146070E+04   0.282629E+02   0.849425E+05   0.143746E+04
   0.321900E+03   0.146070E+04   0.282629E+02   0.849425E+05   0.143746E+04
   0.322000E+03   0.146070E+04   0.282629E+02   0.849425E+05   0.143746E+04
   0.322100E+03   0.146070E+04   0.282629E+02   0.849425E+05   0.143746E+04
   0.322200E+03   0.146070E+04   0.282629E+02   0.849425E+05   0.143746E+04
   0.322300E+03   0.146070E+04   0.282629E+02   0.849425E+05   0.143748E+04
   0.322400E+03   0.146070E+04   0.282629E+02   0.849425E+05   0.143747E+04
   0.322500E+03   0.146070E+04   0.282629E+02   0.849425E+05   0.143747E+04
   0.322600E+03   0.146070E+04   0.282629E+02   0.849425E+05   0.143746E+04
   0.322700E+03   0.146070E+04   0.282629E+02   0.849425E+05   0.143746E+04
   0.322800E+03   0.146070E+04   0.282629E+02   0.849425E+05   0.143746E+04
   0.322900E+03   0.146070E+04   0.282629E+02   0.849425E+05   0.143746E+04
   0.323000E+03   0.146070E+04   0.282629E+02   0.849425E+05   0.143748E+04
   0.323100E+03   0.146070E+04   0.282629E+02   0.849425E+05   0.143748E+04
   0.323200E+03   0.146070E+04   0.282629E+02   0.849425E+05   0.143748E+04
   0.323300E+03   0.146070E+04   0.282629E+02   0.849426E+05   0.143747E+04
   0.323400E+03   0.146070E+04   0.282629E+02   0.849426E+05   0.143747E+04
   0.323500E+03   0.146071E+04   0.282625E+02   0.849426E+05   0.143747E+04
   0.323600E+03   0.146071E+04   0.282625E+02   0.849426E+05   0.143747E+04
   0.323700E+03   0.146071E+04   0.282625E+02   0.849426E+05   0.143747E+04
   0.323800E+03   0.146071E+04   0.282625E+02   0.849426E+05   0.143747E+04
   0.323900E+03   0.146071E+04   0.282625E+02   0.849426E+05   0.143747E+04
   0.324000E+03   0.146071E+04   0.282625E+02   0.849426E+05   0.143746E+04
   0.324100E+03   0.146071E+04   0.282625E+02   0.849426E+05   0.143746E+04
   0.324200E+03   0.146071E+04   0.282625E+02   0.849426E+05   0.143746E+04
   0.324300E+03   0.146071E+04   0.282625E+02   0.849426E+05   0.143746E+04
   0.324400E+03   0.146071E+04   0.282625E+02   0.849426E+05   0.143746E+04
   0.324500E+03   0.146071E+04   0.282625E+02   0.849426E+05   0.143746E+04
   0.324600E+03   0.146071E+04   0.282625E+02   0.849426E+05   0.143746E+04
   0.324700E+03   0.146071E+04   0.282625E+02   0.849426E+05   0.143746E+04
   0.324800E+03   0.146071E+04   0.282625E+02   0.849426E+05   0.143746E+04
   0.324900E+03   0.146071E+04   0.282625E+02   0.849426E+05   0.143745E+04
   0.325000E+03   0.146071E+04   0.282625E+02   0.849426E+05   0.143747E+04
   0.325100E+03   0.146071E+04   0.282625E+02   0.849426E+05   0.143747E+04
   0.325200E+03   0.146071E+04   0.282625E+02   0.849426E+05   0.143747E+04
   0.325300E+03   0.146071E+04   0.282625E+02   0.849426E+05   0.143746E+04
   0.325400E+03   0.146071E+04   0.282625E+02   0.849426E+05   0.143746E+04
   0.325500E+03   0.146071E+04   0.282618E+02   0.849426E+05   0.143745E+04
   0.325600E+03   0.146071E+04   0.282618E+02   0.849426E+05   0.143745E+04
   0.325700E+03   0.146071E+04   0.282618E+02   0.849427E+05   0.143745E+04
   0.325800E+03   0.146071E+04   0.282618E+02   0.849427E+05   0.143745E+04
   0.325900E+03   0.146071E+04   0.282618E+02   0.849427E+05   0.143745E+04
   0.326000E+03   0.146071E+04   0.282618E+02   0.849427E+05   0.143747E+04
   0.326100E+03   0.146071E+04   0.282618E+02   0.849427E+05   0.143747E+04
   0.326200E+03   0.146071E+04   0.282618E+02   0.849427E+05   0.143747E+04
   0.326300E+03   0.146071E+04   0.282634E+02   0.849427E+05   0.143747E+04
   0.326400E+03   0.146071E+04   0.282634E+02   0.849427E+05   0.143747E+04
   0.326500E+03   0.146071E+04   0.282634E+02   0.849427E+05   0.143746E+04
   0.326600E+03   0.146071E+04   0.282634E+02   0.849427E+05   0.143746E+04
   0.326700E+03   0.146071E+04   0.282634E+02   0.849427E+05   0.143746E+04
   0.326800E+03   0.146071E+04   0.282634E+02   0.849427E+05   0.143746E+04
   0.326900E+03   0.146071E+04   0.282634E+02   0.849427E+05   0.143746E+04
   0.327000E+03   0.146071E+04   0.282634E+02   0.849427E+05   0.143745E+04
   0.327100E+03   0.146071E+04   0.282634E+02   0.849427E+05   0.143745E+04
   0.327200E+03   0.146071E+04   0.282634E+02   0.849427E+05   0.143745E+04
   0.327300E+03   0.146071E+04   0.282651E+02   0.849427E+05   0.143745E+04
   0.327400E+03   0.146071E+04   0.282651E+02   0.849427E+05   0.143744E+04
   0.327500E+03   0.146071E+04   0.282651E+02   0.849427E+05   0.143744E+04
   0.327600E+03   0.146071E+04   0.282651E+02   0.849427E+05   0.143744E+04
   0.327700E+03   0.146071E+04   0.282651E+02   0.849427E+05   0.143744E+04
   0.327800E+03   0.146071E+04   0.282651E+02   0.849427E+05   0.143744E+04
   0.327900E+03   0.146071E+04   0.282651E+02   0.849427E+05   0.143744E+04
   0.328000E+03   0.146071E+04   0.282651E+02   0.849428E+05   0.143746E+04
   0.328100E+03   0.146071E+04   0.282651E+02   0.849428E+05   0.143746E+04
   0.328200E+03   0.146071E+04   0.282651E+02   0.849428E+05   0.143746E+04
   0.328300E+03   0.146071E+04   0.282651E+02   0.849428E+05   0.143746E+04
   0.328400E+03   0.146071E+04   0.282651E+02   0.849428E+05   0.143746E+04
   0.328500E+03   0.146071E+04   0.282651E+02   0.849428E+05   0.143745E+04
   0.328600E+03   0.146071E+04   0.282651E+02   0.849428E+05   0.143744E+04
   0.328700E+03   0.146071E+04   0.282651E+02   0.849428E+05   0.143744E+04
   0.328800E+03   0.146071E+04   0.282651E+02   0.849428E+05   0.143744E+04
   0.328900E+03   0.146071E+04   0.282651E+02   0.849428E+05   0.143744E+04
   0.329000E+03   0.146071E+04   0.282651E+02   0.849428E+05   0.143744E+04
   0.329100E+03   0.146071E+04   0.282651E+02   0.849428E+05   0.143744E+04
   0.329200E+03   0.146071E+04   0.282651E+02   0.849428E+05   0.143744E+04
   0.329300E+03   0.146071E+04   0.282651E+02   0.849428E+05   0.143746E+04
   0.329400E+03   0.146071E+04   0.282651E+02   0.849428E+05   0.143746E+04
   0.329500E+03   0.146071E+04   0.282651E+02   0.849428E+05   0.143746E+04
   0.329600E+03   0.146071E+04   0.282651E+02   0.849428E+05   0.143746E+04
   0.329700E+03   0.146071E+04   0.282651E+02   0.849428E+05   0.143745E+04
   0.329800E+03   0.146071E+04   0.282651E+02   0.849428E+05   0.143745E+04
   0.329900E+03   0.146071E+04   0.282651E+02   0.849428E+05   0.143745E+04
   0.330000E+03   0.146071E+04   0.282651E+02   0.849428E+05   0.143745E+04
   0.330100E+03   0.146071E+04   0.282651E+02   0.849428E+05   0.143745E+04
   0.330200E+03   0.146071E+04   0.282651E+02   0.849428E+05   0.143745E+04
   0.330300E+03   0.146071E+04   0.282651E+02   0.849428E+05   0.143745E+04
   0.330400E+03   0.146071E+04   0.282651E+02   0.849428E+05   0.143744E+04
   0.330500E+03   0.146071E+04   0.282651E+02   0.849428E+05   0.143744E+04
   0.330600E+03   0.146071E+04   0.282651E+02   0.849428E+05   0.143744E+04
   0.330700E+03   0.146071E+04   0.282651E+02   0.849428E+05   0.143744E+04
   0.330800E+03   0.146071E+04   0.282651E+02   0.849428E+05   0.143744E+04
   0.330900E+03   0.146071E+04   0.282651E+02   0.849428E+05   0.143744E+04
   0.331000E+03   0.146071E+04   0.282648E+02   0.849429E+05   0.143744E+04
   0.331100E+03   0.146071E+04   0.282648E+02   0.849429E+05   0.143744E+04
   0.331200E+03   0.146071E+04   0.282648E+02   0.849429E+05   0.143744E+04
   0.331300E+03   0.146071E+04   0.282648E+02   0.849429E+05   0.143744E+04
   0.331400E+03   0.146071E+04   0.282648E+02   0.849429E+05   0.143746E+04
   0.331500E+03   0.146071E+04   0.282648E+02   0.849429E+05   0.143745E+04
   0.331600E+03   0.146071E+04   0.282648E+02   0.849429E+05   0.143745E+04
   0.331700E+03   0.146071E+04   0.282648E+02   0.849429E+05   0.143745E+04
   0.331800E+03   0.146071E+04   0.282648E+02   0.849429E+05   0.143745E+04
   0.331900E+03   0.146071E+04   0.282648E+02   0.849429E+05   0.143745E+04
   0.332000E+03   0.146071E+04   0.282648E+02   0.849429E+05   0.143745E+04
   0.332100E+03   0.146071E+04   0.282648E+02   0.849429E+05   0.143745E+04
   0.332200E+03   0.146071E+04   0.282648E+02   0.849429E+05   0.143744E+04
   0.332300E+03   0.146071E+04   0.282648E+02   0.849429E+05   0.143743E+04
   0.332400E+03   0.146071E+04   0.282648E+02   0.849429E+05   0.143743E+04
   0.332500E+03   0.146071E+04   0.282648E+02   0.849429E+05   0.143743E+04
   0.332600E+03   0.146071E+04   0.282648E+02   0.849429E+05   0.143742E+04
   0.332700E+03   0.146071E+04   0.282648E+02   0.849429E+05   0.143742E+04
   0.332800E+03   0.146071E+04   0.282648E+02   0.849429E+05   0.143742E+04
   0.332900E+03   0.146071E+04   0.282648E+02   0.849429E+05   0.143742E+04
   0.333000E+03   0.146071E+04   0.282648E+02   0.849429E+05   0.143742E+04
   0.333100E+03   0.146071E+04   0.282648E+02   0.849429E+05   0.143742E+04
   0.333200E+03   0.146071E+04   0.282648E+02   0.849429E+05   0.143744E+04
   0.333300E+03   0.146071E+04   0.282648E+02   0.849429E+05   0.143744E+04
   0.333400E+03   0.146071E+04   0.282648E+02   0.849429E+05   0.143744E+04
   0.333500E+03   0.146071E+04   0.282648E+02   0.849429E+05   0.143744E+04
   0.333600E+03   0.146071E+04   0.282648E+02   0.849429E+05   0.143744E+04
   0.333700E+03   0.146071E+04   0.282648E+02   0.849429E+05   0.143744E+04
   0.333800E+03   0.146071E+04   0.282648E+02   0.849429E+05   0.143744E+04
   0.333900E+03   0.146071E+04   0.282648E+02   0.849429E+05   0.143744E+04
   0.334000E+03   0.146071E+04   0.282648E+02   0.849429E+05   0.143744E+04
   0.334100E+03   0.146071E+04   0.282648E+02   0.849429E+05   0.143744E+04
   0.334200E+03   0.146071E+04   0.282648E+02   0.849430E+05   0.143743E+04
   0.334300E+03   0.146071E+04   0.282648E+02   0.849430E+05   0.143743E+04
   0.334400E+03   0.146071E+04   0.282648E+02   0.849430E+05   0.143743E+04
   0.334500E+03   0.146071E+04   0.282633E+02   0.849430E+05   0.143743E+04
   0.334600E+03   0.146071E+04   0.282633E+02   0.849430E+05   0.143743E+04
   0.334700E+03   0.146071E+04   0.282633E+02   0.849430E+05   0.143743E+04
   0.334800E+03   0.146071E+04   0.282633E+02   0.849430E+05   0.143743E+04
   0.334900E+03   0.146071E+04   0.282633E+02   0.849430E+05   0.143743E+04
   0.335000E+03   0.146071E+04   0.282633E+02   0.849430E+05   0.143742E+04
   0.335100E+03   0.146071E+04   0.282633E+02   0.849430E+05   0.143742E+04
   0.335200E+03   0.146071E+04   0.282633E+02   0.849430E+05   0.143742E+04
   0.335300E+03   0.146071E+04   0.282633E+02   0.849430E+05   0.143744E+04
   0.335400E+03   0.146071E+04   0.282633E+02   0.849430E+05   0.143744E+04
   0.335500E+03   0.146071E+04   0.282633E+02   0.849430E+05   0.143744E+04
   0.335600E+03   0.146071E+04   0.282633E+02   0.849430E+05   0.143744E+04
   0.335700E+03   0.146071E+04   0.282633E+02   0.849430E+05   0.143744E+04
   0.335800E+03   0.146071E+04   0.282633E+02   0.849430E+05   0.143744E+04
   0.335900E+03   0.146071E+04   0.282633E+02   0.849430E+05   0.143744E+04
   0.336000E+03   0.146071E+04   0.282633E+02   0.849430E+05   0.143744E+04
   0.336100E+03   0.146071E+04   0.282633E+02   0.849430E+05   0.143744E+04
   0.336200E+03   0.146071E+04   0.282633E+02   0.849430E+05   0.143744E+04
   0.336300E+03   0.146071E+04   0.282633E+02   0.849430E+05   0.143743E+04
   0.336400E+03   0.146071E+04   0.282636E+02   0.849430E+05   0.143743E+04
   0.336500E+03   0.146071E+04   0.282636E+02   0.849430E+05   0.143743E+04
   0.336600E+03   0.146071E+04   0.282636E+02   0.849430E+05   0.143743E+04
   0.336700E+03   0.146071E+04   0.282636E+02   0.849430E+05   0.143743E+04
   0.336800E+03   0.146071E+04   0.282636E+02   0.849430E+05   0.143743E+04
   0.336900E+03   0.146071E+04   0.282636E+02   0.849430E+05   0.143743E+04
   0.337000E+03   0.146071E+04   0.282636E+02   0.849430E+05   0.143743E+04
   0.337100E+03   0.146071E+04   0.282636E+02   0.849430E+05   0.143743E+04
   0.337200E+03   0.146071E+04   0.282636E+02   0.849430E+05   0.143743E+04
   0.337300E+03   0.146071E+04   0.282636E+02   0.849430E+05   0.143743E+04
   0.337400E+03   0.146071E+04   0.282636E+02   0.849430E+05   0.143742E+04
   0.337500E+03   0.146071E+04   0.282636E+02   0.849430E+05   0.143742E+04
   0.337600E+03   0.146071E+04   0.282636E+02   0.849431E+05   0.143741E+04
   0.337700E+03   0.146071E+04   0.282636E+02   0.849431E+05   0.143743E+04
   0.337800E+03   0.146071E+04   0.282636E+02   0.849431E+05   0.143743E+04
   0.337900E+03   0.146071E+04   0.282636E+02   0.849431E+05   0.143743E+04
   0.338000E+03   0.146071E+04   0.282631E+02   0.849431E+05   0.143743E+04
   0.338100E+03   0.146071E+04   0.282631E+02   0.849431E+05   0.143742E+04
   0.338200E+03   0.146071E+04   0.282627E+02   0.849431E+05   0.143742E+04
   0.338300E+03   0.146071E+04   0.282627E+02   0.849431E+05   0.143742E+04
   0.338400E+03   0.146071E+04   0.282627E+02   0.849431E+05   0.143742E+04
   0.338500E+03   0.146071E+04   0.282627E+02   0.849431E+05   0.143742E+04
   0.338600E+03   0.146071E+04   0.282627E+02   0.849431E+05   0.143741E+04
   0.338700E+03   0.146071E+04   0.282627E+02   0.849431E+05   0.143741E+04
   0.338800E+03   0.146071E+04   0.282627E+02   0.849431E+05   0.143741E+04
   0.338900E+03   0.146071E+04   0.282627E+02   0.849431E+05   0.143741E+04
   0.339000E+03   0.146071E+04   0.282627E+02   0.849431E+05   0.143741E+04
   0.339100E+03   0.146071E+04   0.282627E+02   0.849431E+05   0.143741E+04
   0.339200E+03   0.146071E+04   0.282627E+02   0.849431E+05   0.143741E+04
   0.339300E+03   0.146071E+04   0.282627E+02   0.849431E+05   0.143741E+04
   0.339400E+03   0.146071E+04   0.282627E+02   0.849431E+05   0.143741E+04
   0.339500E+03   0.146071E+04   0.282627E+02   0.849431E+05   0.143741E+04
   0.339600E+03   0.146071E+04   0.282627E+02   0.849431E+05   0.143741E+04
   0.339700E+03   0.146071E+04   0.282627E+02   0.849431E+05   0.143741E+04
   0.339800E+03   0.146071E+04   0.282627E+02   0.849431E+05   0.143741E+04
   0.339900E+03   0.146071E+04   0.282627E+02   0.849431E+05   0.143743E+04
   0.340000E+03   0.146071E+04   0.282627E+02   0.849431E+05   0.143743E+04
   0.340100E+03   0.146071E+04   0.282627E+02   0.849431E+05   0.143743E+04
   0.340200E+03   0.146071E+04   0.282627E+02   0.849431E+05   0.143743E+04
   0.340300E+03   0.146071E+04   0.282627E+02   0.849431E+05   0.143743E+04
   0.340400E+03   0.146071E+04   0.282627E+02   0.849431E+05   0.143743E+04
   0.340500E+03   0.146071E+04   0.282627E+02   0.849431E+05   0.143743E+04
   0.340600E+03   0.146071E+04   0.282627E+02   0.849431E+05   0.143743E+04
   0.340700E+03   0.146071E+04   0.282627E+02   0.849431E+05   0.143743E+04
   0.340800E+03   0.146071E+04   0.282627E+02   0.849431E+05   0.143743E+04
   0.340900E+03   0.146071E+04   0.282627E+02   0.849431E+05   0.143743E+04
   0.341000E+03   0.146071E+04   0.282627E+02   0.849431E+05   0.143742E+04
   0.341100E+03   0.146071E+04   0.282627E+02   0.849431E+05   0.143742E+04
   0.341200E+03   0.146071E+04   0.282627E+02   0.849431E+05   0.143742E+04
   0.341300E+03   0.146071E+04   0.282627E+02   0.849431E+05   0.143742E+04
   0.341400E+03   0.146071E+04   0.282627E+02   0.849431E+05   0.143742E+04
   0.341500E+03   0.146071E+04   0.282627E+02   0.849431E+05   0.143742E+04
   0.341600E+03   0.146071E+04   0.282627E+02   0.849432E+05   0.143741E+04
   0.341700E+03   0.146071E+04   0.282627E+02   0.849432E+05   0.143741E+04
   0.341800E+03   0.146071E+04   0.282627E+02   0.849432E+05   0.143741E+04
   0.341900E+03   0.146071E+04   0.282627E+02   0.849432E+05   0.143741E+04
   0.342000E+03   0.146071E+04   0.282627E+02   0.849432E+05   0.143741E+04
   0.342100E+03   0.146071E+04   0.282627E+02   0.849432E+05   0.143741E+04
   0.342200E+03   0.146071E+04   0.282627E+02   0.849432E+05   0.143741E+04
   0.342300E+03   0.146071E+04   0.282627E+02   0.849432E+05   0.143741E+04
   0.342400E+03   0.146071E+04   0.282627E+02   0.849432E+05   0.143741E+04
   0.342500E+03   0.146071E+04   0.282627E+02   0.849432E+05   0.143741E+04
   0.342600E+03   0.146071E+04   0.282627E+02   0.849432E+05   0.143741E+04
   0.342700E+03   0.146071E+04   0.282627E+02   0.849432E+05   0.143741E+04
   0.342800E+03   0.146071E+04   0.282627E+02   0.849432E+05   0.143741E+04
   0.342900E+03   0.146071E+04   0.282627E+02   0.849432E+05   0.143741E+04
   0.343000E+03   0.146071E+04   0.282627E+02   0.849432E+05   0.143741E+04
   0.343100E+03   0.146071E+04   0.282627E+02   0.849432E+05   0.143743E+04
   0.343200E+03   0.146071E+04   0.282627E+02   0.849432E+05   0.143743E+04
   0.343300E+03   0.146071E+04   0.282627E+02   0.849432E+05   0.143743E+04
   0.343400E+03   0.146071E+04   0.282627E+02   0.849432E+05   0.143742E+04
   0.343500E+03   0.146071E+04   0.282627E+02   0.849432E+05   0.143742E+04
   0.343600E+03   0.146071E+04   0.282627E+02   0.849432E+05   0.143742E+04
   0.343700E+03   0.146071E+04   0.282627E+02   0.849432E+05   0.143742E+04
   0.343800E+03   0.146071E+04   0.282627E+02   0.849432E+05   0.143741E+04
   0.343900E+03   0.146071E+04   0.282627E+02   0.849432E+05   0.143741E+04
   0.344000E+03   0.146071E+04   0.282627E+02   0.849432E+05   0.143741E+04
   0.344100E+03   0.146071E+04   0.282627E+02   0.849432E+05   0.143741E+04
   0.344200E+03   0.146071E+04   0.282627E+02   0.849432E+05   0.143741E+04
   0.344300E+03   0.146071E+04   0.282627E+02   0.849432E+05   0.143741E+04
   0.344400E+03   0.146071E+04   0.282627E+02   0.849432E+05   0.143741E+04
   0.344500E+03   0.146071E+04   0.282627E+02   0.849432E+05   0.143741E+04
   0.344600E+03   0.146071E+04   0.282627E+02   0.849432E+05   0.143741E+04
   0.344700E+03   0.146071E+04   0.282627E+02   0.849432E+05   0.143741E+04
   0.344800E+03   0.146071E+04   0.282627E+02   0.849432E+05   0.143741E+04
   0.344900E+03   0.146071E+04   0.282627E+02   0.849432E+05   0.143741E+04
   0.345000E+03   0.146071E+04   0.282627E+02   0.849432E+05   0.143741E+04
   0.345100E+03   0.146071E+04   0.282627E+02   0.849432E+05   0.143741E+04
   0.345200E+03   0.146071E+04   0.282627E+02   0.849432E+05   0.143741E+04
   0.345300E+03   0.146071E+04   0.282627E+02   0.849432E+05   0.143741E+04
   0.345400E+03   0.146071E+04   0.282633E+02   0.849432E+05   0.143743E+04
   0.345500E+03   0.146071E+04   0.282633E+02   0.849432E+05   0.143743E+04
   0.345600E+03   0.146071E+04   0.282633E+02   0.849433E+05   0.143742E+04
   0.345700E+03   0.146071E+04   0.282633E+02   0.849433E+05   0.143741E+04
   0.345800E+03   0.146071E+04   0.282633E+02   0.849433E+05   0.143741E+04
   0.345900E+03   0.146071E+04   0.282633E+02   0.849433E+05   0.143741E+04
   0.346000E+03   0.146071E+04   0.282633E+02   0.849433E+05   0.143741E+04
   0.346100E+03   0.146071E+04   0.282633E+02   0.849433E+05   0.143741E+04
   0.346200E+03   0.146071E+04   0.282633E+02   0.849433E+05   0.143741E+04
   0.346300E+03   0.146071E+04   0.282633E+02   0.849433E+05   0.143741E+04
   0.346400E+03   0.146071E+04   0.282633E+02   0.849433E+05   0.143741E+04
   0.346500E+03   0.146071E+04   0.282633E+02   0.849433E+05   0.143741E+04
   0.346600E+03   0.146071E+04   0.282633E+02   0.849433E+05   0.143741E+04
   0.346700E+03   0.146071E+04   0.282633E+02   0.849433E+05   0.143740E+04
   0.346800E+03   0.146071E+04   0.282633E+02   0.849433E+05   0.143740E+04
   0.346900E+03   0.146071E+04   0.282633E+02   0.849433E+05   0.143740E+04
   0.347000E+03   0.146071E+04   0.282633E+02   0.849433E+05   0.143740E+04
   0.347100E+03   0.146071E+04   0.282633E+02   0.849433E+05   0.143740E+04
   0.347200E+03   0.146071E+04   0.282633E+02   0.849433E+05   0.143740E+04
   0.347300E+03   0.146071E+04   0.282633E+02   0.849433E+05   0.143740E+04
   0.347400E+03   0.146071E+04   0.282633E+02   0.849433E+05   0.143740E+04
   0.347500E+03   0.146071E+04   0.282633E+02   0.849433E+05   0.143740E+04
   0.347600E+03   0.146071E+04   0.282633E+02   0.849433E+05   0.143740E+04
   0.347700E+03   0.146071E+04   0.282633E+02   0.849433E+05   0.143740E+04
   0.347800E+03   0.146071E+04   0.282633E+02   0.849433E+05   0.143740E+04
   0.347900E+03   0.146071E+04   0.282633E+02   0.849433E+05   0.143740E+04
   0.348000E+03   0.146071E+04   0.282633E+02   0.849433E+05   0.143740E+04
   0.348100E+03   0.146071E+04   0.282633E+02   0.849433E+05   0.143740E+04
   0.348200E+03   0.146071E+04   0.282633E+02   0.849433E+05   0.143740E+04
   0.348300E+03   0.146071E+04   0.282633E+02   0.849433E+05   0.143740E+04
   0.348400E+03   0.146071E+04   0.282633E+02   0.849433E+05   0.143740E+04
   0.348500E+03   0.146071E+04   0.282633E+02   0.849433E+05   0.143740E+04
   0.348600E+03   0.146071E+04   0.282633E+02   0.849433E+05   0.143740E+04
   0.348700E+03   0.146071E+04   0.282633E+02   0.849433E+05   0.143740E+04
   0.348800E+03   0.146071E+04   0.282633E+02   0.849433E+05   0.143740E+04
   0.348900E+03   0.146071E+04   0.282633E+02   0.849433E+05   0.143740E+04
   0.349000E+03   0.146071E+04   0.282633E+02   0.849433E+05   0.143740E+04
   0.349100E+03   0.146071E+04   0.282633E+02   0.849433E+05   0.143740E+04
   0.349200E+03   0.146071E+04   0.282633E+02   0.849433E+05   0.143740E+04
   0.349300E+03   0.146071E+04   0.282633E+02   0.849433E+05   0.143740E+04
   0.349400E+03   0.146071E+04   0.282633E+02   0.849433E+05   0.143740E+04
   0.349500E+03   0.146071E+04   0.282633E+02   0.849433E+05   0.143740E+04
   0.349600E+03   0.146071E+04   0.282633E+02   0.849433E+05   0.143740E+04
   0.349700E+03   0.146071E+04   0.282633E+02   0.849433E+05   0.143740E+04
   0.349800E+03   0.146071E+04   0.282633E+02   0.849433E+05   0.143740E+04
   0.349900E+03   0.146071E+04   0.282633E+02   0.849433E+05   0.143740E+04
   0.350000E+03   0.146071E+04   0.282633E+02   0.849433E+05   0.143742E+04
   0.350100E+03   0.146071E+04   0.282633E+02   0.849433E+05   0.143741E+04
   0.350200E+03   0.146071E+04   0.282633E+02   0.849433E+05   0.143740E+04
   0.350300E+03   0.146071E+04   0.282633E+02   0.849433E+05   0.143740E+04
   0.350400E+03   0.146071E+04   0.282633E+02   0.849433E+05   0.143740E+04
   0.350500E+03   0.146071E+04   0.282633E+02   0.849433E+05   0.143740E+04
   0.350600E+03   0.146071E+04   0.282633E+02   0.849433E+05   0.143740E+04
   0.350700E+03   0.146071E+04   0.282633E+02   0.849433E+05   0.143740E+04
   0.350800E+03   0.146071E+04   0.282633E+02   0.849433E+05   0.143740E+04
   0.350900E+03   0.146071E+04   0.282633E+02   0.849433E+05   0.143740E+04
   0.351000E+03   0.146071E+04   0.282633E+02   0.849433E+05   0.143740E+04
   0.351100E+03   0.146071E+04   0.282633E+02   0.849434E+05   0.143739E+04
   0.351200E+03   0.146071E+04   0.282633E+02   0.849434E+05   0.143739E+04
   0.351300E+03   0.146071E+04   0.282633E+02   0.849434E+05   0.143739E+04
   0.351400E+03   0.146071E+04   0.282633E+02   0.849434E+05   0.143739E+04
   0.351500E+03   0.146071E+04   0.282633E+02   0.849434E+05   0.143739E+04
   0.351600E+03   0.146071E+04   0.282633E+02   0.849434E+05   0.143739E+04
   0.351700E+03   0.146071E+04   0.282633E+02   0.849434E+05   0.143739E+04
   0.351800E+03   0.146071E+04   0.282633E+02   0.849434E+05   0.143739E+04
   0.351900E+03   0.146071E+04   0.282633E+02   0.849434E+05   0.143739E+04
   0.352000E+03   0.146071E+04   0.282633E+02   0.849434E+05   0.143739E+04
   0.352100E+03   0.146071E+04   0.282633E+02   0.849434E+05   0.143739E+04
   0.352200E+03   0.146071E+04   0.282633E+02   0.849434E+05   0.143739E+04
   0.352300E+03   0.146072E+04   0.282626E+02   0.849434E+05   0.143741E+04
   0.352400E+03   0.146072E+04   0.282626E+02   0.849434E+05   0.143741E+04
   0.352500E+03   0.146072E+04   0.282626E+02   0.849434E+05   0.143741E+04
   0.352600E+03   0.146072E+04   0.282626E+02   0.849434E+05   0.143741E+04
   0.352700E+03   0.146072E+04   0.282626E+02   0.849434E+05   0.143741E+04
   0.352800E+03   0.146072E+04   0.282626E+02   0.849434E+05   0.143741E+04
   0.352900E+03   0.146072E+04   0.282626E+02   0.849434E+05   0.143741E+04
   0.353000E+03   0.146072E+04   0.282626E+02   0.849434E+05   0.143741E+04
   0.353100E+03   0.146072E+04   0.282626E+02   0.849434E+05   0.143741E+04
   0.353200E+03   0.146072E+04   0.282626E+02   0.849434E+05   0.143741E+04
   0.353300E+03   0.146072E+04   0.282626E+02   0.849434E+05   0.143741E+04
   0.353400E+03   0.146072E+04   0.282626E+02   0.849434E+05   0.143741E+04
   0.353500E+03   0.146072E+04   0.282626E+02   0.849434E+05   0.143741E+04
   0.353600E+03   0.146072E+04   0.282626E+02   0.849434E+05   0.143741E+04
   0.353700E+03   0.146072E+04   0.282626E+02   0.849434E+05   0.143741E+04
   0.353800E+03   0.146072E+04   0.282626E+02   0.849434E+05   0.143741E+04
   0.353900E+03   0.146072E+04   0.282626E+02   0.849434E+05   0.143740E+04
   0.354000E+03   0.146072E+04   0.282626E+02   0.849434E+05   0.143740E+04
   0.354100E+03   0.146072E+04   0.282626E+02   0.849434E+05   0.143740E+04
   0.354200E+03   0.146072E+04   0.282626E+02   0.849434E+05   0.143740E+04
   0.354300E+03   0.146072E+04   0.282626E+02   0.849434E+05   0.143740E+04
   0.354400E+03   0.146072E+04   0.282626E+02   0.849434E+05   0.143740E+04
   0.354500E+03   0.146072E+04   0.282626E+02   0.849434E+05   0.143740E+04
   0.354600E+03   0.146072E+04   0.282626E+02   0.849434E+05   0.143740E+04
   0.354700E+03   0.146072E+04   0.282626E+02   0.849434E+05   0.143740E+04
   0.354800E+03   0.146072E+04   0.282626E+02   0.849434E+05   0.143740E+04
   0.354900E+03   0.146072E+04   0.282626E+02   0.849434E+05   0.143740E+04
   0.355000E+03   0.146072E+04   0.282626E+02   0.849434E+05   0.143740E+04
   0.355100E+03   0.146072E+04   0.282626E+02   0.849434E+05   0.143740E+04
   0.355200E+03   0.146072E+04   0.282626E+02   0.849434E+05   0.143740E+04
   0.355300E+03   0.146072E+04   0.282626E+02   0.849434E+05   0.143740E+04
   0.355400E+03   0.146072E+04   0.282626E+02   0.849434E+05   0.143740E+04
   0.355500E+03   0.146072E+04   0.282626E+02   0.849434E+05   0.143740E+04
   0.355600E+03   0.146072E+04   0.282626E+02   0.849434E+05   0.143740E+04
   0.355700E+03   0.146072E+04   0.282626E+02   0.849434E+05   0.143740E+04
   0.355800E+03   0.146072E+04   0.282626E+02   0.849434E+05   0.143739E+04
   0.355900E+03   0.146072E+04   0.282626E+02   0.849434E+05   0.143739E+04
   0.356000E+03   0.146072E+04   0.282626E+02   0.849434E+05   0.143739E+04
   0.356100E+03   0.146072E+04   0.282626E+02   0.849434E+05   0.143739E+04
   0.356200E+03   0.146072E+04   0.282626E+02   0.849434E+05   0.143739E+04
   0.356300E+03   0.146072E+04   0.282626E+02   0.849434E+05   0.143739E+04
   0.356400E+03   0.146072E+04   0.282626E+02   0.849434E+05   0.143739E+04
   0.356500E+03   0.146072E+04   0.282626E+02   0.849434E+05   0.143739E+04
   0.356600E+03   0.146072E+04   0.282626E+02   0.849434E+05   0.143739E+04
   0.356700E+03   0.146072E+04   0.282626E+02   0.849434E+05   0.143739E+04
   0.356800E+03   0.146072E+04   0.282626E+02   0.849434E+05   0.143739E+04
   0.356900E+03   0.146072E+04   0.282626E+02   0.849434E+05   0.143739E+04
   0.357000E+03   0.146072E+04   0.282626E+02   0.849434E+05   0.143739E+04
   0.357100E+03   0.146072E+04   0.282626E+02   0.849434E+05   0.143739E+04
   0.357200E+03   0.146072E+04   0.282626E+02   0.849434E+05   0.143739E+04
   0.357300E+03   0.146072E+04   0.282626E+02   0.849434E+05   0.143739E+04
   0.357400E+03   0.146072E+04   0.282626E+02   0.849434E+05   0.143739E+04
   0.357500E+03   0.146072E+04   0.282626E+02   0.849434E+05   0.143739E+04
   0.357600E+03   0.146072E+04   0.282626E+02   0.849435E+05   0.143738E+04
   0.357700E+03   0.146072E+04   0.282626E+02   0.849435E+05   0.143738E+04
   0.357800E+03   0.146072E+04   0.282626E+02   0.849435E+05   0.143738E+04
   0.357900E+03   0.146072E+04   0.282626E+02   0.849435E+05   0.143738E+04
   0.358000E+03   0.146072E+04   0.282626E+02   0.849435E+05   0.143738E+04
   0.358100E+03   0.146072E+04   0.282626E+02   0.849435E+05   0.143738E+04
   0.358200E+03   0.146072E+04   0.282626E+02   0.849435E+05   0.143737E+04
   0.358300E+03   0.146072E+04   0.282626E+02   0.849435E+05   0.143737E+04
   0.358400E+03   0.146072E+04   0.282626E+02   0.849435E+05   0.143737E+04
   0.358500E+03   0.146072E+04   0.282626E+02   0.849435E+05   0.143737E+04
   0.358600E+03   0.146072E+04   0.282626E+02   0.849435E+05   0.143737E+04
   0.358700E+03   0.146072E+04   0.282626E+02   0.849435E+05   0.143737E+04
   0.358800E+03   0.146072E+04   0.282626E+02   0.849435E+05   0.143737E+04
   0.358900E+03   0.146072E+04   0.282626E+02   0.849435E+05   0.143737E+04
   0.359000E+03   0.146072E+04   0.282626E+02   0.849435E+05   0.143737E+04
   0.359100E+03   0.146072E+04   0.282626E+02   0.849435E+05   0.143737E+04
   0.359200E+03   0.146072E+04   0.282626E+02   0.849435E+05   0.143737E+04
   0.359300E+03   0.146072E+04   0.282626E+02   0.849435E+05   0.143739E+04
   0.359400E+03   0.146072E+04   0.282626E+02   0.849435E+05   0.143739E+04
   0.359500E+03   0.146072E+04   0.282626E+02   0.849435E+05   0.143739E+04
   0.359600E+03   0.146072E+04   0.282626E+02   0.849435E+05   0.143739E+04
   0.359700E+03   0.146072E+04   0.282626E+02   0.849435E+05   0.143739E+04
   0.359800E+03   0.146072E+04   0.282626E+02   0.849435E+05   0.143739E+04
   0.359900E+03   0.146072E+04   0.282626E+02   0.849435E+05   0.143739E+04
   0.360000E+03   0.146072E+04   0.282626E+02   0.849435E+05   0.143739E+04
   0.360100E+03   0.146072E+04   0.282626E+02   0.849435E+05   0.143739E+04
   0.360200E+03   0.146072E+04   0.282626E+02   0.849435E+05   0.143739E+04
   0.360300E+03   0.146072E+04   0.282626E+02   0.849435E+05   0.143739E+04
   0.360400E+03   0.146072E+04   0.282626E+02   0.849435E+05   0.143739E+04
   0.360500E+03   0.146072E+04   0.282626E+02   0.849435E+05   0.143739E+04
   0.360600E+03   0.146072E+04   0.282626E+02   0.849435E+05   0.143739E+04
   0.360700E+03   0.146072E+04   0.282626E+02   0.849435E+05   0.143739E+04
   0.360800E+03   0.146072E+04   0.282626E+02   0.849435E+05   0.143739E+04
   0.360900E+03   0.146072E+04   0.282626E+02   0.849435E+05   0.143739E+04
   0.361000E+03   0.146072E+04   0.282626E+02   0.849435E+05   0.143739E+04
   0.361100E+03   0.146072E+04   0.282626E+02   0.849435E+05   0.143739E+04
   0.361200E+03   0.146072E+04   0.282626E+02   0.849435E+05   0.143739E+04
   0.361300E+03   0.146072E+04   0.282626E+02   0.849435E+05   0.143739E+04
   0.361400E+03   0.146072E+04   0.282626E+02   0.849435E+05   0.143739E+04
   0.361500E+03   0.146072E+04   0.282626E+02   0.849435E+05   0.143739E+04
   0.361600E+03   0.146072E+04   0.282626E+02   0.849435E+05   0.143739E+04
   0.361700E+03   0.146072E+04   0.282626E+02   0.849435E+05   0.143739E+04
   0.361800E+03   0.146072E+04   0.282626E+02   0.849435E+05   0.143741E+04
   0.361900E+03   0.146072E+04   0.282626E+02   0.849435E+05   0.143741E+04
   0.362000E+03   0.146072E+04   0.282626E+02   0.849435E+05   0.143740E+04
   0.362100E+03   0.146072E+04   0.282626E+02   0.849435E+05   0.143740E+04
   0.362200E+03   0.146072E+04   0.282626E+02   0.849435E+05   0.143740E+04
   0.362300E+03   0.146072E+04   0.282626E+02   0.849435E+05   0.143740E+04
   0.362400E+03   0.146072E+04   0.282626E+02   0.849435E+05   0.143740E+04
   0.362500E+03   0.146072E+04   0.282626E+02   0.849435E+05   0.143740E+04
   0.362600E+03   0.146072E+04   0.282626E+02   0.849435E+05   0.143740E+04
   0.362700E+03   0.146072E+04   0.282626E+02   0.849435E+05   0.143740E+04
   0.362800E+03   0.146072E+04   0.282626E+02   0.849435E+05   0.143739E+04
   0.362900E+03   0.146072E+04   0.282626E+02   0.849435E+05   0.143739E+04
   0.363000E+03   0.146072E+04   0.282626E+02   0.849435E+05   0.143739E+04
   0.363100E+03   0.146072E+04   0.282626E+02   0.849435E+05   0.143739E+04
   0.363200E+03   0.146072E+04   0.282626E+02   0.849435E+05   0.143739E+04
   0.363300E+03   0.146072E+04   0.282626E+02   0.849435E+05   0.143738E+04
   0.363400E+03   0.146072E+04   0.282626E+02   0.849435E+05   0.143738E+04
   0.363500E+03   0.146072E+04   0.282626E+02   0.849436E+05   0.143738E+04
   0.363600E+03   0.146072E+04   0.282626E+02   0.849436E+05   0.143738E+04
   0.363700E+03   0.146072E+04   0.282626E+02   0.849436E+05   0.143738E+04
   0.363800E+03   0.146072E+04   0.282626E+02   0.849436E+05   0.143738E+04
   0.363900E+03   0.146072E+04   0.282626E+02   0.849436E+05   0.143738E+04
   0.364000E+03   0.146072E+04   0.282626E+02   0.849436E+05   0.143738E+04
   0.364100E+03   0.146072E+04   0.282626E+02   0.849436E+05   0.143738E+04
   0.364200E+03   0.146072E+04   0.282626E+02   0.849436E+05   0.143738E+04
   0.364300E+03   0.146072E+04   0.282626E+02   0.849436E+05   0.143738E+04
   0.364400E+03   0.146072E+04   0.282626E+02   0.849436E+05   0.143738E+04
   0.364500E+03   0.146072E+04   0.282626E+02   0.849436E+05   0.143738E+04
   0.364600E+03   0.146072E+04   0.282626E+02   0.849436E+05   0.143738E+04
   0.364700E+03   0.146072E+04   0.282626E+02   0.849436E+05   0.143738E+04
   0.364800E+03   0.146072E+04   0.282626E+02   0.849436E+05   0.143738E+04
   0.364900E+03   0.146072E+04   0.282626E+02   0.849436E+05   0.143738E+04
   0.365000E+03   0.146072E+04   0.282626E+02   0.849436E+05   0.143738E+04
   0.365100E+03   0.146072E+04   0.282626E+02   0.849436E+05   0.143738E+04
   0.365200E+03   0.146072E+04   0.282626E+02   0.849436E+05   0.143738E+04
   0.365300E+03   0.146072E+04   0.282626E+02   0.849436E+05   0.143738E+04
   0.365400E+03   0.146072E+04   0.282626E+02   0.849436E+05   0.143738E+04
   0.365500E+03   0.146072E+04   0.282626E+02   0.849436E+05   0.143738E+04
   0.365600E+03   0.146072E+04   0.282626E+02   0.849436E+05   0.143738E+04
   0.365700E+03   0.146072E+04   0.282626E+02   0.849436E+05   0.143738E+04
   0.365800E+03   0.146072E+04   0.282626E+02   0.849436E+05   0.143738E+04
   0.365900E+03   0.146072E+04   0.282626E+02   0.849436E+05   0.143738E+04
   0.366000E+03   0.146072E+04   0.282626E+02   0.849436E+05   0.143738E+04
   0.366100E+03   0.146072E+04   0.282626E+02   0.849436E+05   0.143738E+04
   0.366200E+03   0.146072E+04   0.282626E+02   0.849436E+05   0.143738E+04
   0.366300E+03   0.146072E+04   0.282626E+02   0.849436E+05   0.143738E+04
   0.366400E+03   0.146072E+04   0.282626E+02   0.849436E+05   0.143738E+04
   0.366500E+03   0.146072E+04   0.282626E+02   0.849436E+05   0.143738E+04
   0.366600E+03   0.146072E+04   0.282626E+02   0.849436E+05   0.143738E+04
   0.366700E+03   0.146072E+04   0.282626E+02   0.849436E+05   0.143738E+04
   0.366800E+03   0.146072E+04   0.282626E+02   0.849436E+05   0.143738E+04
   0.366900E+03   0.146072E+04   0.282626E+02   0.849436E+05   0.143738E+04
   0.367000E+03   0.146072E+04   0.282622E+02   0.849436E+05   0.143738E+04
   0.367100E+03   0.146072E+04   0.282622E+02   0.849436E+05   0.143738E+04
   0.367200E+03   0.146072E+04   0.282622E+02   0.849436E+05   0.143738E+04
   0.367300E+03   0.146072E+04   0.282622E+02   0.849436E+05   0.143738E+04
   0.367400E+03   0.146072E+04   0.282622E+02   0.849436E+05   0.143738E+04
   0.367500E+03   0.146072E+04   0.282622E+02   0.849436E+05   0.143738E+04
   0.367600E+03   0.146072E+04   0.282622E+02   0.849436E+05   0.143738E+04
   0.367700E+03   0.146072E+04   0.282622E+02   0.849436E+05   0.143738E+04
   0.367800E+03   0.146072E+04   0.282622E+02   0.849436E+05   0.143738E+04
   0.367900E+03   0.146072E+04   0.282622E+02   0.849436E+05   0.143738E+04
   0.368000E+03   0.146072E+04   0.282622E+02   0.849436E+05   0.143738E+04
   0.368100E+03   0.146072E+04   0.282622E+02   0.849436E+05   0.143738E+04
   0.368200E+03   0.146072E+04   0.282622E+02   0.849436E+05   0.143738E+04
   0.368300E+03   0.146072E+04   0.282622E+02   0.849436E+05   0.143738E+04
   0.368400E+03   0.146072E+04   0.282622E+02   0.849436E+05   0.143738E+04
   0.368500E+03   0.146072E+04   0.282618E+02   0.849436E+05   0.143738E+04
   0.368600E+03   0.146072E+04   0.282618E+02   0.849436E+05   0.143738E+04
   0.368700E+03   0.146072E+04   0.282618E+02   0.849436E+05   0.143738E+04
   0.368800E+03   0.146072E+04   0.282618E+02   0.849436E+05   0.143738E+04
   0.368900E+03   0.146072E+04   0.282618E+02   0.849436E+05   0.143738E+04
   0.369000E+03   0.146072E+04   0.282618E+02   0.849436E+05   0.143738E+04
   0.369100E+03   0.146072E+04   0.282618E+02   0.849436E+05   0.143738E+04
   0.369200E+03   0.146072E+04   0.282618E+02   0.849436E+05   0.143738E+04
   0.369300E+03   0.146072E+04   0.282618E+02   0.849436E+05   0.143738E+04
   0.369400E+03   0.146072E+04   0.282618E+02   0.849436E+05   0.143738E+04
   0.369500E+03   0.146072E+04   0.282618E+02   0.849436E+05   0.143738E+04
   0.369600E+03   0.146072E+04   0.282618E+02   0.849436E+05   0.143737E+04
   0.369700E+03   0.146072E+04   0.282618E+02   0.849436E+05   0.143737E+04
   0.369800E+03   0.146072E+04   0.282618E+02   0.849436E+05   0.143737E+04
   0.369900E+03   0.146072E+04   0.282618E+02   0.849436E+05   0.143737E+04
   0.370000E+03   0.146072E+04   0.282618E+02   0.849436E+05   0.143737E+04
   0.370100E+03   0.146072E+04   0.282618E+02   0.849436E+05   0.143737E+04
   0.370200E+03   0.146072E+04   0.282618E+02   0.849436E+05   0.143737E+04
   0.370300E+03   0.146072E+04   0.282618E+02   0.849436E+05   0.143737E+04
   0.370400E+03   0.146072E+04   0.282618E+02   0.849436E+05   0.143737E+04
   0.370500E+03   0.146072E+04   0.282618E+02   0.849436E+05   0.143737E+04
   0.370600E+03   0.146072E+04   0.282618E+02   0.849436E+05   0.143737E+04
   0.370700E+03   0.146072E+04   0.282618E+02   0.849436E+05   0.143737E+04
   0.370800E+03   0.146072E+04   0.282618E+02   0.849436E+05   0.143737E+04
   0.370900E+03   0.146072E+04   0.282618E+02   0.849436E+05   0.143737E+04
   0.371000E+03   0.146072E+04   0.282618E+02   0.849436E+05   0.143737E+04
   0.371100E+03   0.146072E+04   0.282618E+02   0.849436E+05   0.143737E+04
   0.371200E+03   0.146072E+04   0.282618E+02   0.849436E+05   0.143737E+04
   0.371300E+03   0.146072E+04   0.282618E+02   0.849436E+05   0.143737E+04
   0.371400E+03   0.146072E+04   0.282618E+02   0.849436E+05   0.143737E+04
   0.371500E+03   0.146072E+04   0.282618E+02   0.849436E+05   0.143737E+04
   0.371600E+03   0.146072E+04   0.282618E+02   0.849436E+05   0.143737E+04
   0.371700E+03   0.146072E+04   0.282618E+02   0.849436E+05   0.143737E+04
   0.371800E+03   0.146072E+04   0.282618E+02   0.849436E+05   0.143737E+04
   0.371900E+03   0.146072E+04   0.282618E+02   0.849436E+05   0.143737E+04
   0.372000E+03   0.146072E+04   0.282618E+02   0.849436E+05   0.143737E+04
   0.372100E+03   0.146072E+04   0.282618E+02   0.849436E+05   0.143737E+04
   0.372200E+03   0.146072E+04   0.282618E+02   0.849436E+05   0.143736E+04
   0.372300E+03   0.146072E+04   0.282618E+02   0.849436E+05   0.143736E+04
   0.372400E+03   0.146072E+04   0.282618E+02   0.849436E+05   0.143736E+04
   0.372500E+03   0.146072E+04   0.282618E+02   0.849436E+05   0.143736E+04
   0.372600E+03   0.146072E+04   0.282618E+02   0.849436E+05   0.143736E+04
   0.372700E+03   0.146072E+04   0.282618E+02   0.849436E+05   0.143736E+04
   0.372800E+03   0.146072E+04   0.282618E+02   0.849436E+05   0.143736E+04
   0.372900E+03   0.146072E+04   0.282618E+02   0.849436E+05   0.143736E+04
   0.373000E+03   0.146072E+04   0.282618E+02   0.849436E+05   0.143736E+04
   0.373100E+03   0.146072E+04   0.282618E+02   0.849436E+05   0.143736E+04
   0.373200E+03   0.146072E+04   0.282618E+02   0.849436E+05   0.143736E+04
   0.373300E+03   0.146072E+04   0.282618E+02   0.849436E+05   0.143736E+04
   0.373400E+03   0.146072E+04   0.282618E+02   0.849436E+05   0.143736E+04
   0.373500E+03   0.146072E+04   0.282618E+02   0.849436E+05   0.143736E+04
   0.373600E+03   0.146072E+04   0.282618E+02   0.849436E+05   0.143736E+04
   0.373700E+03   0.146072E+04   0.282618E+02   0.849436E+05   0.143736E+04
   0.373800E+03   0.146072E+04   0.282618E+02   0.849436E+05   0.143738E+04
   0.373900E+03   0.146072E+04   0.282618E+02   0.849436E+05   0.143738E+04
   0.374000E+03   0.146072E+04   0.282618E+02   0.849436E+05   0.143738E+04
   0.374100E+03   0.146072E+04   0.282618E+02   0.849436E+05   0.143738E+04
   0.374200E+03   0.146072E+04   0.282618E+02   0.849436E+05   0.143738E+04
   0.374300E+03   0.146072E+04   0.282621E+02   0.849436E+05   0.143738E+04
   0.374400E+03   0.146072E+04   0.282621E+02   0.849436E+05   0.143738E+04
   0.374500E+03   0.146072E+04   0.282621E+02   0.849436E+05   0.143738E+04
   0.374600E+03   0.146072E+04   0.282621E+02   0.849436E+05   0.143738E+04
   0.374700E+03   0.146072E+04   0.282621E+02   0.849436E+05   0.143738E+04
   0.374800E+03   0.146072E+04   0.282621E+02   0.849436E+05   0.143738E+04
   0.374900E+03   0.146072E+04   0.282621E+02   0.849436E+05   0.143738E+04
   0.375000E+03   0.146072E+04   0.282621E+02   0.849436E+05   0.143738E+04
   0.375100E+03   0.146072E+04   0.282621E+02   0.849436E+05   0.143738E+04
   0.375200E+03   0.146072E+04   0.282621E+02   0.849436E+05   0.143738E+04
   0.375300E+03   0.146072E+04   0.282621E+02   0.849436E+05   0.143738E+04
   0.375400E+03   0.146072E+04   0.282621E+02   0.849436E+05   0.143738E+04
   0.375500E+03   0.146072E+04   0.282621E+02   0.849436E+05   0.143738E+04
   0.375600E+03   0.146072E+04   0.282621E+02   0.849436E+05   0.143738E+04
   0.375700E+03   0.146072E+04   0.282621E+02   0.849436E+05   0.143738E+04
   0.375800E+03   0.146072E+04   0.282621E+02   0.849436E+05   0.143738E+04
   0.375900E+03   0.146072E+04   0.282621E+02   0.849436E+05   0.143738E+04
   0.376000E+03   0.146072E+04   0.282621E+02   0.849436E+05   0.143738E+04
   0.376100E+03   0.146072E+04   0.282621E+02   0.849436E+05   0.143738E+04
   0.376200E+03   0.146072E+04   0.282621E+02   0.849436E+05   0.143738E+04
   0.376300E+03   0.146072E+04   0.282621E+02   0.849436E+05   0.143738E+04
   0.376400E+03   0.146072E+04   0.282621E+02   0.849436E+05   0.143738E+04
   0.376500E+03   0.146072E+04   0.282621E+02   0.849436E+05   0.143740E+04
   0.376600E+03   0.146072E+04   0.282621E+02   0.849436E+05   0.143740E+04
   0.376700E+03   0.146072E+04   0.282621E+02   0.849436E+05   0.143740E+04
   0.376800E+03   0.146072E+04   0.282621E+02   0.849436E+05   0.143740E+04
   0.376900E+03   0.146072E+04   0.282621E+02   0.849436E+05   0.143740E+04
   0.377000E+03   0.146072E+04   0.282621E+02   0.849436E+05   0.143740E+04
   0.377100E+03   0.146072E+04   0.282621E+02   0.849436E+05   0.143740E+04
   0.377200E+03   0.146072E+04   0.282621E+02   0.849436E+05   0.143740E+04
   0.377300E+03   0.146072E+04   0.282621E+02   0.849436E+05   0.143740E+04
   0.377400E+03   0.146072E+04   0.282621E+02   0.849436E+05   0.143740E+04
   0.377500E+03   0.146072E+04   0.282621E+02   0.849436E+05   0.143740E+04
   0.377600E+03   0.146072E+04   0.282621E+02   0.849436E+05   0.143739E+04
   0.377700E+03   0.146072E+04   0.282621E+02   0.849436E+05   0.143739E+04
   0.377800E+03   0.146072E+04   0.282621E+02   0.849436E+05   0.143739E+04
   0.377900E+03   0.146072E+04   0.282621E+02   0.849436E+05   0.143739E+04
   0.378000E+03   0.146072E+04   0.282621E+02   0.849436E+05   0.143739E+04
   0.378100E+03   0.146072E+04   0.282621E+02   0.849436E+05   0.143739E+04
   0.378200E+03   0.146072E+04   0.282621E+02   0.849436E+05   0.143739E+04
   0.378300E+03   0.146072E+04   0.282621E+02   0.849436E+05   0.143739E+04
   0.378400E+03   0.146072E+04   0.282621E+02   0.849436E+05   0.143739E+04
   0.378500E+03   0.146072E+04   0.282621E+02   0.849436E+05   0.143739E+04
   0.378600E+03   0.146072E+04   0.282621E+02   0.849436E+05   0.143739E+04
   0.378700E+03   0.146072E+04   0.282621E+02   0.849436E+05   0.143739E+04
   0.378800E+03   0.146072E+04   0.282621E+02   0.849436E+05   0.143739E+04
   0.378900E+03   0.146072E+04   0.282621E+02   0.849436E+05   0.143739E+04
   0.379000E+03   0.146072E+04   0.282621E+02   0.849436E+05   0.143739E+04
   0.379100E+03   0.146072E+04   0.282621E+02   0.849436E+05   0.143739E+04
   0.379200E+03   0.146072E+04   0.282621E+02   0.849436E+05   0.143739E+04
   0.379300E+03   0.146072E+04   0.282621E+02   0.849436E+05   0.143739E+04
   0.379400E+03   0.146072E+04   0.282621E+02   0.849436E+05   0.143739E+04
   0.379500E+03   0.146072E+04   0.282621E+02   0.849436E+05   0.143739E+04
   0.379600E+03   0.146072E+04   0.282621E+02   0.849436E+05   0.143739E+04
   0.379700E+03   0.146072E+04   0.282621E+02   0.849436E+05   0.143739E+04
   0.379800E+03   0.146072E+04   0.282621E+02   0.849436E+05   0.143739E+04
   0.379900E+03   0.146072E+04   0.282621E+02   0.849436E+05   0.143739E+04
   0.380000E+03   0.146072E+04   0.282621E+02   0.849436E+05   0.143739E+04
   0.380100E+03   0.146072E+04   0.282621E+02   0.849436E+05   0.143739E+04
   0.380200E+03   0.146072E+04   0.282621E+02   0.849436E+05   0.143739E+04
   0.380300E+03   0.146072E+04   0.282621E+02   0.849436E+05   0.143739E+04
   0.380400E+03   0.146072E+04   0.282621E+02   0.849436E+05   0.143739E+04
   0.380500E+03   0.146072E+04   0.282621E+02   0.849436E+05   0.143739E+04
   0.380600E+03   0.146072E+04   0.282621E+02   0.849436E+05   0.143738E+04
   0.380700E+03   0.146072E+04   0.282621E+02   0.849436E+05   0.143738E+04
   0.380800E+03   0.146072E+04   0.282621E+02   0.849436E+05   0.143738E+04
   0.380900E+03   0.146072E+04   0.282621E+02   0.849436E+05   0.143738E+04
   0.381000E+03   0.146072E+04   0.282621E+02   0.849436E+05   0.143738E+04
   0.381100E+03   0.146072E+04   0.282621E+02   0.849437E+05   0.143737E+04
   0.381200E+03   0.146072E+04   0.282621E+02   0.849437E+05   0.143737E+04
   0.381300E+03   0.146072E+04   0.282621E+02   0.849437E+05   0.143737E+04
   0.381400E+03   0.146072E+04   0.282621E+02   0.849437E+05   0.143737E+04
   0.381500E+03   0.146072E+04   0.282621E+02   0.849437E+05   0.143737E+04
   0.381600E+03   0.146072E+04   0.282621E+02   0.849437E+05   0.143737E+04
   0.381700E+03   0.146072E+04   0.282621E+02   0.849437E+05   0.143737E+04
   0.381800E+03   0.146072E+04   0.282621E+02   0.849437E+05   0.143737E+04
   0.381900E+03   0.146072E+04   0.282621E+02   0.849437E+05   0.143737E+04
   0.382000E+03   0.146072E+04   0.282621E+02   0.849437E+05   0.143737E+04
   0.382100E+03   0.146072E+04   0.282621E+02   0.849437E+05   0.143737E+04
   0.382200E+03   0.146072E+04   0.282621E+02   0.849437E+05   0.143737E+04
   0.382300E+03   0.146072E+04   0.282621E+02   0.849437E+05   0.143737E+04
   0.382400E+03   0.146072E+04   0.282621E+02   0.849437E+05   0.143737E+04
   0.382500E+03   0.146072E+04   0.282621E+02   0.849437E+05   0.143737E+04
   0.382600E+03   0.146072E+04   0.282621E+02   0.849437E+05   0.143737E+04
   0.382700E+03   0.146072E+04   0.282621E+02   0.849437E+05   0.143737E+04
   0.382800E+03   0.146072E+04   0.282621E+02   0.849437E+05   0.143737E+04
   0.382900E+03   0.146072E+04   0.282621E+02   0.849437E+05   0.143737E+04
   0.383000E+03   0.146072E+04   0.282621E+02   0.849437E+05   0.143737E+04
   0.383100E+03   0.146072E+04   0.282621E+02   0.849437E+05   0.143737E+04
   0.383200E+03   0.146072E+04   0.282621E+02   0.849437E+05   0.143737E+04
   0.383300E+03   0.146072E+04   0.282621E+02   0.849437E+05   0.143737E+04
   0.383400E+03   0.146072E+04   0.282621E+02   0.849437E+05   0.143737E+04
   0.383500E+03   0.146072E+04   0.282621E+02   0.849437E+05   0.143737E+04
   0.383600E+03   0.146072E+04   0.282621E+02   0.849437E+05   0.143737E+04
   0.383700E+03   0.146072E+04   0.282621E+02   0.849437E+05   0.143737E+04
   0.383800E+03   0.146072E+04   0.282621E+02   0.849437E+05   0.143737E+04
   0.383900E+03   0.146072E+04   0.282621E+02   0.849437E+05   0.143737E+04
   0.384000E+03   0.146072E+04   0.282621E+02   0.849437E+05   0.143737E+04
   0.384100E+03   0.146072E+04   0.282621E+02   0.849437E+05   0.143737E+04
   0.384200E+03   0.146072E+04   0.282621E+02   0.849437E+05   0.143737E+04
   0.384300E+03   0.146072E+04   0.282621E+02   0.849437E+05   0.143737E+04
   0.384400E+03   0.146072E+04   0.282621E+02   0.849437E+05   0.143737E+04
   0.384500E+03   0.146072E+04   0.282621E+02   0.849437E+05   0.143737E+04
   0.384600E+03   0.146072E+04   0.282621E+02   0.849437E+05   0.143737E+04
   0.384700E+03   0.146072E+04   0.282621E+02   0.849437E+05   0.143737E+04
   0.384800E+03   0.146072E+04   0.282621E+02   0.849437E+05   0.143737E+04
   0.384900E+03   0.146072E+04   0.282621E+02   0.849437E+05   0.143737E+04
   0.385000E+03   0.146072E+04   0.282621E+02   0.849437E+05   0.143737E+04
   0.385100E+03   0.146072E+04   0.282621E+02   0.849437E+05   0.143737E+04
   0.385200E+03   0.146072E+04   0.282621E+02   0.849437E+05   0.143737E+04
   0.385300E+03   0.146072E+04   0.282621E+02   0.849437E+05   0.143737E+04
   0.385400E+03   0.146072E+04   0.282621E+02   0.849437E+05   0.143737E+04
   0.385500E+03   0.146072E+04   0.282621E+02   0.849437E+05   0.143737E+04
   0.385600E+03   0.146072E+04   0.282621E+02   0.849437E+05   0.143737E+04
   0.385700E+03   0.146072E+04   0.282621E+02   0.849437E+05   0.143737E+04
   0.385800E+03   0.146072E+04   0.282621E+02   0.849437E+05   0.143737E+04
   0.385900E+03   0.146072E+04   0.282621E+02   0.849437E+05   0.143737E+04
   0.386000E+03   0.146072E+04   0.282621E+02   0.849437E+05   0.143737E+04
   0.386100E+03   0.146072E+04   0.282621E+02   0.849437E+05   0.143737E+04
   0.386200E+03   0.146072E+04   0.282621E+02   0.849437E+05   0.143737E+04
   0.386300E+03   0.146072E+04   0.282621E+02   0.849437E+05   0.143737E+04
   0.386400E+03   0.146072E+04   0.282621E+02   0.849437E+05   0.143737E+04
   0.386500E+03   0.146072E+04   0.282621E+02   0.849437E+05   0.143737E+04
   0.386600E+03   0.146072E+04   0.282621E+02   0.849437E+05   0.143736E+04
   0.386700E+03   0.146072E+04   0.282621E+02   0.849437E+05   0.143736E+04
   0.386800E+03   0.146072E+04   0.282621E+02   0.849437E+05   0.143736E+04
   0.386900E+03   0.146072E+04   0.282621E+02   0.849437E+05   0.143736E+04
   0.387000E+03   0.146072E+04   0.282621E+02   0.849437E+05   0.143736E+04
   0.387100E+03   0.146072E+04   0.282621E+02   0.849437E+05   0.143736E+04
   0.387200E+03   0.146072E+04   0.282621E+02   0.849437E+05   0.143736E+04
   0.387300E+03   0.146072E+04   0.282621E+02   0.849437E+05   0.143736E+04
   0.387400E+03   0.146072E+04   0.282621E+02   0.849437E+05   0.143736E+04
   0.387500E+03   0.146072E+04   0.282621E+02   0.849437E+05   0.143736E+04
   0.387600E+03   0.146072E+04   0.282621E+02   0.849437E+05   0.143736E+04
   0.387700E+03   0.146072E+04   0.282621E+02   0.849437E+05   0.143736E+04
   0.387800E+03   0.146072E+04   0.282621E+02   0.849437E+05   0.143736E+04
   0.387900E+03   0.146072E+04   0.282621E+02   0.849437E+05   0.143736E+04
   0.388000E+03   0.146072E+04   0.282621E+02   0.849437E+05   0.143736E+04
   0.388100E+03   0.146072E+04   0.282621E+02   0.849437E+05   0.143736E+04
   0.388200E+03   0.146072E+04   0.282621E+02   0.849437E+05   0.143736E+04
   0.388300E+03   0.146072E+04   0.282621E+02   0.849437E+05   0.143736E+04
   0.388400E+03   0.146072E+04   0.282621E+02   0.849437E+05   0.143736E+04
   0.388500E+03   0.146072E+04   0.282621E+02   0.849437E+05   0.143736E+04
   0.388600E+03   0.146072E+04   0.282621E+02   0.849437E+05   0.143736E+04
   0.388700E+03   0.146072E+04   0.282621E+02   0.849437E+05   0.143735E+04
   0.388800E+03   0.146072E+04   0.282621E+02   0.849437E+05   0.143735E+04
   0.388900E+03   0.146072E+04   0.282621E+02   0.849437E+05   0.143735E+04
   0.389000E+03   0.146072E+04   0.282621E+02   0.849437E+05   0.143735E+04
   0.389100E+03   0.146072E+04   0.282621E+02   0.849437E+05   0.143735E+04
   0.389200E+03   0.146072E+04   0.282621E+02   0.849437E+05   0.143735E+04
   0.389300E+03   0.146072E+04   0.282621E+02   0.849437E+05   0.143735E+04
   0.389400E+03   0.146072E+04   0.282621E+02   0.849437E+05   0.143735E+04
   0.389500E+03   0.146072E+04   0.282621E+02   0.849437E+05   0.143735E+04
   0.389600E+03   0.146072E+04   0.282621E+02   0.849437E+05   0.143735E+04
   0.389700E+03   0.146072E+04   0.282621E+02   0.849437E+05   0.143735E+04
   0.389800E+03   0.146072E+04   0.282621E+02   0.849437E+05   0.143735E+04
   0.389900E+03   0.146072E+04   0.282621E+02   0.849437E+05   0.143735E+04
   0.390000E+03   0.146072E+04   0.282621E+02   0.849437E+05   0.143735E+04
   0.390100E+03   0.146072E+04   0.282621E+02   0.849437E+05   0.143735E+04
   0.390200E+03   0.146072E+04   0.282621E+02   0.849437E+05   0.143735E+04
   0.390300E+03   0.146072E+04   0.282621E+02   0.849437E+05   0.143735E+04
   0.390400E+03   0.146072E+04   0.282621E+02   0.849437E+05   0.143735E+04
   0.390500E+03   0.146072E+04   0.282621E+02   0.849437E+05   0.143735E+04
   0.390600E+03   0.146072E+04   0.282621E+02   0.849437E+05   0.143735E+04
   0.390700E+03   0.146072E+04   0.282621E+02   0.849437E+05   0.143735E+04
   0.390800E+03   0.146072E+04   0.282621E+02   0.849437E+05   0.143735E+04
   0.390900E+03   0.146072E+04   0.282621E+02   0.849437E+05   0.143735E+04
   0.391000E+03   0.146072E+04   0.282621E+02   0.849437E+05   0.143735E+04
   0.391100E+03   0.146072E+04   0.282621E+02   0.849437E+05   0.143735E+04
   0.391200E+03   0.146072E+04   0.282621E+02   0.849437E+05   0.143735E+04
   0.391300E+03   0.146072E+04   0.282621E+02   0.849437E+05   0.143735E+04
   0.391400E+03   0.146072E+04   0.282621E+02   0.849437E+05   0.143735E+04
   0.391500E+03   0.146072E+04   0.282621E+02   0.849437E+05   0.143735E+04
   0.391600E+03   0.146072E+04   0.282621E+02   0.849437E+05   0.143735E+04
   0.391700E+03   0.146072E+04   0.282621E+02   0.849437E+05   0.143735E+04
   0.391800E+03   0.146072E+04   0.282621E+02   0.849437E+05   0.143735E+04
   0.391900E+03   0.146072E+04   0.282621E+02   0.849437E+05   0.143735E+04
   0.392000E+03   0.146072E+04   0.282621E+02   0.849437E+05   0.143735E+04
   0.392100E+03   0.146072E+04   0.282621E+02   0.849437E+05   0.143735E+04
   0.392200E+03   0.146072E+04   0.282621E+02   0.849437E+05   0.143735E+04
   0.392300E+03   0.146072E+04   0.282621E+02   0.849437E+05   0.143735E+04
   0.392400E+03   0.146072E+04   0.282621E+02   0.849437E+05   0.143735E+04
   0.392500E+03   0.146072E+04   0.282621E+02   0.849437E+05   0.143735E+04
   0.392600E+03   0.146072E+04   0.282621E+02   0.849437E+05   0.143735E+04
   0.392700E+03   0.146072E+04   0.282621E+02   0.849437E+05   0.143735E+04
   0.392800E+03   0.146072E+04   0.282621E+02   0.849437E+05   0.143735E+04
   0.392900E+03   0.146072E+04   0.282621E+02   0.849437E+05   0.143735E+04
   0.393000E+03   0.146072E+04   0.282621E+02   0.849437E+05   0.143735E+04
   0.393100E+03   0.146072E+04   0.282621E+02   0.849437E+05   0.143735E+04
   0.393200E+03   0.146072E+04   0.282621E+02   0.849437E+05   0.143735E+04
   0.393300E+03   0.146072E+04   0.282621E+02   0.849437E+05   0.143735E+04
   0.393400E+03   0.146072E+04   0.282621E+02   0.849437E+05   0.143735E+04
   0.393500E+03   0.146072E+04   0.282621E+02   0.849437E+05   0.143735E+04
   0.393600E+03   0.146072E+04   0.282621E+02   0.849437E+05   0.143735E+04
   0.393700E+03   0.146072E+04   0.282621E+02   0.849437E+05   0.143735E+04
   0.393800E+03   0.146072E+04   0.282621E+02   0.849437E+05   0.143735E+04
   0.393900E+03   0.146072E+04   0.282621E+02   0.849437E+05   0.143735E+04
   0.394000E+03   0.146072E+04   0.282621E+02   0.849437E+05   0.143735E+04
   0.394100E+03   0.146072E+04   0.282621E+02   0.849437E+05   0.143735E+04
   0.394200E+03   0.146072E+04   0.282621E+02   0.849437E+05   0.143735E+04
   0.394300E+03   0.146072E+04   0.282621E+02   0.849437E+05   0.143735E+04
   0.394400E+03   0.146072E+04   0.282621E+02   0.849437E+05   0.143735E+04
   0.394500E+03   0.146072E+04   0.282621E+02   0.849437E+05   0.143735E+04
   0.394600E+03   0.146072E+04   0.282621E+02   0.849437E+05   0.143735E+04
   0.394700E+03   0.146072E+04   0.282621E+02   0.849437E+05   0.143735E+04
   0.394800E+03   0.146072E+04   0.282621E+02   0.849437E+05   0.143735E+04
   0.394900E+03   0.146072E+04   0.282621E+02   0.849437E+05   0.143735E+04
   0.395000E+03   0.146072E+04   0.282621E+02   0.849437E+05   0.143735E+04
   0.395100E+03   0.146072E+04   0.282621E+02   0.849437E+05   0.143735E+04
   0.395200E+03   0.146072E+04   0.282621E+02   0.849437E+05   0.143735E+04
   0.395300E+03   0.146072E+04   0.282621E+02   0.849437E+05   0.143735E+04
   0.395400E+03   0.146072E+04   0.282621E+02   0.849437E+05   0.143735E+04
   0.395500E+03   0.146072E+04   0.282621E+02   0.849437E+05   0.143735E+04
   0.395600E+03   0.146072E+04   0.282621E+02   0.849437E+05   0.143735E+04
   0.395700E+03   0.146072E+04   0.282621E+02   0.849437E+05   0.143735E+04
   0.395800E+03   0.146072E+04   0.282621E+02   0.849437E+05   0.143735E+04
   0.395900E+03   0.146072E+04   0.282621E+02   0.849437E+05   0.143735E+04
   0.396000E+03   0.146072E+04   0.282621E+02   0.849437E+05   0.143735E+04
   0.396100E+03   0.146072E+04   0.282621E+02   0.849437E+05   0.143735E+04
   0.396200E+03   0.146072E+04   0.282621E+02   0.849437E+05   0.143735E+04
   0.396300E+03   0.146072E+04   0.282621E+02   0.849437E+05   0.143735E+04
   0.396400E+03   0.146072E+04   0.282621E+02   0.849437E+05   0.143735E+04
   0.396500E+03   0.146072E+04   0.282621E+02   0.849437E+05   0.143735E+04
   0.396600E+03   0.146072E+04   0.282621E+02   0.849437E+05   0.143735E+04
   0.396700E+03   0.146072E+04   0.282621E+02   0.849437E+05   0.143735E+04
   0.396800E+03   0.146072E+04   0.282621E+02   0.849437E+05   0.143735E+04
   0.396900E+03   0.146072E+04   0.282621E+02   0.849437E+05   0.143735E+04
   0.397000E+03   0.146072E+04   0.282621E+02   0.849437E+05   0.143735E+04
   0.397100E+03   0.146072E+04   0.282621E+02   0.849437E+05   0.143735E+04
   0.397200E+03   0.146072E+04   0.282621E+02   0.849437E+05   0.143735E+04
   0.397300E+03   0.146072E+04   0.282621E+02   0.849437E+05   0.143735E+04
   0.397400E+03   0.146072E+04   0.282621E+02   0.849437E+05   0.143735E+04
   0.397500E+03   0.146072E+04   0.282621E+02   0.849437E+05   0.143735E+04
   0.397600E+03   0.146072E+04   0.282621E+02   0.849437E+05   0.143735E+04
   0.397700E+03   0.146072E+04   0.282621E+02   0.849437E+05   0.143735E+04
   0.397800E+03   0.146072E+04   0.282621E+02   0.849437E+05   0.143735E+04
   0.397900E+03   0.146072E+04   0.282621E+02   0.849437E+05   0.143735E+04
   0.398000E+03   0.146072E+04   0.282621E+02   0.849437E+05   0.143735E+04
   0.398100E+03   0.146072E+04   0.282621E+02   0.849437E+05   0.143735E+04
   0.398200E+03   0.146072E+04   0.282621E+02   0.849437E+05   0.143735E+04
   0.398300E+03   0.146072E+04   0.282621E+02   0.849437E+05   0.143735E+04
   0.398400E+03   0.146072E+04   0.282621E+02   0.849437E+05   0.143735E+04
   0.398500E+03   0.146072E+04   0.282621E+02   0.849437E+05   0.143735E+04
   0.398600E+03   0.146072E+04   0.282621E+02   0.849437E+05   0.143735E+04
   0.398700E+03   0.146072E+04   0.282621E+02   0.849437E+05   0.143735E+04
   0.398800E+03   0.146072E+04   0.282621E+02   0.849437E+05   0.143735E+04
   0.398900E+03   0.146072E+04   0.282621E+02   0.849437E+05   0.143735E+04
   0.399000E+03   0.146072E+04   0.282621E+02   0.849437E+05   0.143735E+04
   0.399100E+03   0.146072E+04   0.282621E+02   0.849437E+05   0.143735E+04
   0.399200E+03   0.146072E+04   0.282621E+02   0.849437E+05   0.143735E+04
   0.399300E+03   0.146072E+04   0.282621E+02   0.849437E+05   0.143735E+04
   0.399400E+03   0.146072E+04   0.282621E+02   0.849437E+05   0.143735E+04
   0.399500E+03   0.146072E+04   0.282621E+02   0.849437E+05   0.143735E+04
   0.399600E+03   0.146072E+04   0.282621E+02   0.849437E+05   0.143735E+04
   0.399700E+03   0.146072E+04   0.282621E+02   0.849437E+05   0.143735E+04
   0.399800E+03   0.146072E+04   0.282621E+02   0.849437E+05   0.143735E+04
   0.399900E+03   0.146072E+04   0.282621E+02   0.849437E+05   0.143735E+04
   0.400000E+03   0.146072E+04   0.282621E+02   0.849437E+05   0.143735E+04
   0.400100E+03   0.146072E+04   0.282621E+02   0.849437E+05   0.143735E+04
   0.400200E+03   0.146072E+04   0.282621E+02   0.849437E+05   0.143735E+04
   0.400300E+03   0.146072E+04   0.282621E+02   0.849437E+05   0.143735E+04
   0.400400E+03   0.146072E+04   0.282621E+02   0.849437E+05   0.143735E+04
   0.400500E+03   0.146072E+04   0.282621E+02   0.849437E+05   0.143735E+04
   0.400600E+03   0.146072E+04   0.282621E+02   0.849437E+05   0.143735E+04
   0.400700E+03   0.146072E+04   0.282621E+02   0.849437E+05   0.143735E+04
   0.400800E+03   0.146072E+04   0.282621E+02   0.849437E+05   0.143735E+04
   0.400900E+03   0.146072E+04   0.282621E+02   0.849437E+05   0.143735E+04
   0.401000E+03   0.146072E+04   0.282621E+02   0.849437E+05   0.143735E+04
   0.401100E+03   0.146072E+04   0.282621E+02   0.849437E+05   0.143735E+04
   0.401200E+03   0.146072E+04   0.282621E+02   0.849437E+05   0.143735E+04
   0.401300E+03   0.146072E+04   0.282621E+02   0.849437E+05   0.143735E+04
   0.401400E+03   0.146072E+04   0.282621E+02   0.849437E+05   0.143735E+04
   0.401500E+03   0.146072E+04   0.282621E+02   0.849437E+05   0.143735E+04
   0.401600E+03   0.146072E+04   0.282621E+02   0.849437E+05   0.143735E+04
   0.401700E+03   0.146072E+04   0.282621E+02   0.849437E+05   0.143735E+04
   0.401800E+03   0.146072E+04   0.282621E+02   0.849437E+05   0.143735E+04
   0.401900E+03   0.146072E+04   0.282621E+02   0.849437E+05   0.143735E+04
   0.402000E+03   0.146072E+04   0.282621E+02   0.849437E+05   0.143735E+04
   0.402100E+03   0.146072E+04   0.282621E+02   0.849437E+05   0.143735E+04
   0.402200E+03   0.146072E+04   0.282621E+02   0.849437E+05   0.143735E+04
   0.402300E+03   0.146072E+04   0.282621E+02   0.849437E+05   0.143735E+04
   0.402400E+03   0.146072E+04   0.282621E+02   0.849437E+05   0.143735E+04
   0.402500E+03   0.146072E+04   0.282621E+02   0.849437E+05   0.143735E+04
   0.402600E+03   0.146072E+04   0.282621E+02   0.849437E+05   0.143735E+04
   0.402700E+03   0.146072E+04   0.282621E+02   0.849437E+05   0.143735E+04
   0.402800E+03   0.146072E+04   0.282621E+02   0.849437E+05   0.143735E+04
   0.402900E+03   0.146072E+04   0.282621E+02   0.849437E+05   0.143735E+04
   0.403000E+03   0.146072E+04   0.282621E+02   0.849437E+05   0.143735E+04
   0.403100E+03   0.146072E+04   0.282621E+02   0.849437E+05   0.143735E+04
   0.403200E+03   0.146072E+04   0.282621E+02   0.849437E+05   0.143735E+04
   0.403300E+03   0.146072E+04   0.282621E+02   0.849437E+05   0.143735E+04
   0.403400E+03   0.146072E+04   0.282621E+02   0.849437E+05   0.143735E+04
   0.403500E+03   0.146072E+04   0.282621E+02   0.849437E+05   0.143735E+04
   0.403600E+03   0.146072E+04   0.282621E+02   0.849437E+05   0.143735E+04
   0.403700E+03   0.146072E+04   0.282621E+02   0.849437E+05   0.143735E+04
   0.403800E+03   0.146072E+04   0.282621E+02   0.849437E+05   0.143735E+04
   0.403900E+03   0.146072E+04   0.282621E+02   0.849437E+05   0.143735E+04
   0.404000E+03   0.146072E+04   0.282621E+02   0.849437E+05   0.143735E+04
   0.404100E+03   0.146072E+04   0.282621E+02   0.849437E+05   0.143735E+04
   0.404200E+03   0.146072E+04   0.282621E+02   0.849437E+05   0.143735E+04
   0.404300E+03   0.146072E+04   0.282621E+02   0.849437E+05   0.143735E+04
   0.404400E+03   0.146072E+04   0.282621E+02   0.849437E+05   0.143735E+04
   0.404500E+03   0.146072E+04   0.282621E+02   0.849437E+05   0.143735E+04
   0.404600E+03   0.146072E+04   0.282621E+02   0.849437E+05   0.143735E+04
   0.404700E+03   0.146072E+04   0.282621E+02   0.849437E+05   0.143735E+04
   0.404800E+03   0.146072E+04   0.282621E+02   0.849437E+05   0.143735E+04
   0.404900E+03   0.146072E+04   0.282621E+02   0.849437E+05   0.143735E+04
   0.405000E+03   0.146072E+04   0.282621E+02   0.849437E+05   0.143735E+04
   0.405100E+03   0.146072E+04   0.282621E+02   0.849437E+05   0.143735E+04
   0.405200E+03   0.146072E+04   0.282621E+02   0.849437E+05   0.143735E+04
   0.405300E+03   0.146072E+04   0.282621E+02   0.849437E+05   0.143735E+04
   0.405400E+03   0.146072E+04   0.282621E+02   0.849437E+05   0.143735E+04
   0.405500E+03   0.146072E+04   0.282621E+02   0.849437E+05   0.143735E+04
   0.405600E+03   0.146072E+04   0.282621E+02   0.849437E+05   0.143735E+04
   0.405700E+03   0.146072E+04   0.282621E+02   0.849437E+05   0.143735E+04
   0.405800E+03   0.146072E+04   0.282621E+02   0.849437E+05   0.143735E+04
   0.405900E+03   0.146072E+04   0.282621E+02   0.849437E+05   0.143735E+04
   0.406000E+03   0.146072E+04   0.282621E+02   0.849437E+05   0.143735E+04
   0.406100E+03   0.146072E+04   0.282621E+02   0.849437E+05   0.143735E+04
   0.406200E+03   0.146072E+04   0.282621E+02   0.849437E+05   0.143735E+04
   0.406300E+03   0.146072E+04   0.282621E+02   0.849437E+05   0.143735E+04
   0.406400E+03   0.146072E+04   0.282621E+02   0.849437E+05   0.143735E+04
   0.406500E+03   0.146072E+04   0.282621E+02   0.849437E+05   0.143735E+04
   0.406600E+03   0.146072E+04   0.282621E+02   0.849437E+05   0.143735E+04
   0.406700E+03   0.146072E+04   0.282621E+02   0.849437E+05   0.143735E+04
   0.406800E+03   0.146072E+04   0.282621E+02   0.849437E+05   0.143735E+04
   0.406900E+03   0.146072E+04   0.282621E+02   0.849437E+05   0.143735E+04
   0.407000E+03   0.146072E+04   0.282621E+02   0.849437E+05   0.143734E+04
   0.407100E+03   0.146072E+04   0.282621E+02   0.849437E+05   0.143734E+04
   0.407200E+03   0.146072E+04   0.282621E+02   0.849437E+05   0.143734E+04
   0.407300E+03   0.146072E+04   0.282621E+02   0.849438E+05   0.143734E+04
   0.407400E+03   0.146072E+04   0.282621E+02   0.849438E+05   0.143734E+04
   0.407500E+03   0.146072E+04   0.282621E+02   0.849438E+05   0.143734E+04
   0.407600E+03   0.146072E+04   0.282621E+02   0.849438E+05   0.143734E+04
   0.407700E+03   0.146072E+04   0.282621E+02   0.849438E+05   0.143734E+04
   0.407800E+03   0.146072E+04   0.282621E+02   0.849438E+05   0.143734E+04
   0.407900E+03   0.146072E+04   0.282621E+02   0.849438E+05   0.143734E+04
   0.408000E+03   0.146072E+04   0.282621E+02   0.849438E+05   0.143734E+04
   0.408100E+03   0.146072E+04   0.282621E+02   0.849438E+05   0.143734E+04
   0.408200E+03   0.146072E+04   0.282621E+02   0.849438E+05   0.143734E+04
   0.408300E+03   0.146072E+04   0.282621E+02   0.849438E+05   0.143736E+04
   0.408400E+03   0.146072E+04   0.282621E+02   0.849438E+05   0.143736E+04
   0.408500E+03   0.146072E+04   0.282621E+02   0.849438E+05   0.143736E+04
   0.408600E+03   0.146072E+04   0.282621E+02   0.849438E+05   0.143736E+04
   0.408700E+03   0.146072E+04   0.282621E+02   0.849438E+05   0.143736E+04
   0.408800E+03   0.146072E+04   0.282621E+02   0.849438E+05   0.143736E+04
   0.408900E+03   0.146072E+04   0.282621E+02   0.849438E+05   0.143736E+04
   0.409000E+03   0.146072E+04   0.282621E+02   0.849438E+05   0.143736E+04
   0.409100E+03   0.146072E+04   0.282621E+02   0.849438E+05   0.143736E+04
   0.409200E+03   0.146072E+04   0.282621E+02   0.849438E+05   0.143736E+04
   0.409300E+03   0.146072E+04   0.282621E+02   0.849438E+05   0.143736E+04
   0.409400E+03   0.146072E+04   0.282621E+02   0.849438E+05   0.143736E+04
   0.409500E+03   0.146072E+04   0.282621E+02   0.849438E+05   0.143736E+04
   0.409600E+03   0.146072E+04   0.282621E+02   0.849438E+05   0.143736E+04
   0.409700E+03   0.146072E+04   0.282621E+02   0.849438E+05   0.143736E+04
   0.409800E+03   0.146072E+04   0.282621E+02   0.849438E+05   0.143736E+04
   0.409900E+03   0.146072E+04   0.282621E+02   0.849438E+05   0.143736E+04
   0.410000E+03   0.146072E+04   0.282621E+02   0.849438E+05   0.143736E+04
   0.410100E+03   0.146072E+04   0.282621E+02   0.849438E+05   0.143736E+04
   0.410200E+03   0.146072E+04   0.282621E+02   0.849438E+05   0.143736E+04
   0.410300E+03   0.146072E+04   0.282621E+02   0.849438E+05   0.143736E+04
   0.410400E+03   0.146072E+04   0.282621E+02   0.849438E+05   0.143736E+04
   0.410500E+03   0.146072E+04   0.282621E+02   0.849438E+05   0.143736E+04
   0.410600E+03   0.146072E+04   0.282621E+02   0.849438E+05   0.143736E+04
   0.410700E+03   0.146072E+04   0.282621E+02   0.849438E+05   0.143736E+04
   0.410800E+03   0.146072E+04   0.282621E+02   0.849438E+05   0.143736E+04
   0.410900E+03   0.146072E+04   0.282621E+02   0.849438E+05   0.143736E+04
   0.411000E+03   0.146072E+04   0.282621E+02   0.849438E+05   0.143736E+04
   0.411100E+03   0.146072E+04   0.282621E+02   0.849438E+05   0.143736E+04
   0.411200E+03   0.146072E+04   0.282621E+02   0.849438E+05   0.143736E+04
   0.411300E+03   0.146072E+04   0.282621E+02   0.849438E+05   0.143736E+04
   0.411400E+03   0.146072E+04   0.282621E+02   0.849438E+05   0.143736E+04
   0.411500E+03   0.146072E+04   0.282621E+02   0.849438E+05   0.143736E+04
   0.411600E+03   0.146072E+04   0.282621E+02   0.849438E+05   0.143736E+04
   0.411700E+03   0.146072E+04   0.282621E+02   0.849438E+05   0.143736E+04
   0.411800E+03   0.146072E+04   0.282621E+02   0.849438E+05   0.143736E+04
   0.411900E+03   0.146072E+04   0.282621E+02   0.849438E+05   0.143736E+04
   0.412000E+03   0.146072E+04   0.282621E+02   0.849438E+05   0.143736E+04
   0.412100E+03   0.146072E+04   0.282621E+02   0.849438E+05   0.143736E+04
   0.412200E+03   0.146072E+04   0.282621E+02   0.849438E+05   0.143736E+04
   0.412300E+03   0.146072E+04   0.282621E+02   0.849438E+05   0.143738E+04
   0.412400E+03   0.146072E+04   0.282621E+02   0.849438E+05   0.143738E+04
   0.412500E+03   0.146072E+04   0.282621E+02   0.849438E+05   0.143738E+04
   0.412600E+03   0.146072E+04   0.282621E+02   0.849438E+05   0.143738E+04
   0.412700E+03   0.146072E+04   0.282621E+02   0.849438E+05   0.143738E+04
   0.412800E+03   0.146072E+04   0.282621E+02   0.849438E+05   0.143738E+04
   0.412900E+03   0.146072E+04   0.282621E+02   0.849438E+05   0.143738E+04
   0.413000E+03   0.146072E+04   0.282621E+02   0.849438E+05   0.143738E+04
   0.413100E+03   0.146072E+04   0.282621E+02   0.849438E+05   0.143738E+04
   0.413200E+03   0.146072E+04   0.282621E+02   0.849438E+05   0.143738E+04
   0.413300E+03   0.146072E+04   0.282621E+02   0.849438E+05   0.143738E+04
   0.413400E+03   0.146072E+04   0.282621E+02   0.849438E+05   0.143738E+04
   0.413500E+03   0.146072E+04   0.282621E+02   0.849438E+05   0.143738E+04
   0.413600E+03   0.146072E+04   0.282621E+02   0.849438E+05   0.143738E+04
   0.413700E+03   0.146072E+04   0.282621E+02   0.849438E+05   0.143738E+04
   0.413800E+03   0.146072E+04   0.282621E+02   0.849438E+05   0.143738E+04
   0.413900E+03   0.146072E+04   0.282621E+02   0.849438E+05   0.143738E+04
   0.414000E+03   0.146072E+04   0.282621E+02   0.849438E+05   0.143738E+04
   0.414100E+03   0.146072E+04   0.282621E+02   0.849438E+05   0.143738E+04
   0.414200E+03   0.146072E+04   0.282621E+02   0.849438E+05   0.143738E+04
   0.414300E+03   0.146072E+04   0.282621E+02   0.849438E+05   0.143738E+04
   0.414400E+03   0.146072E+04   0.282621E+02   0.849438E+05   0.143738E+04
   0.414500E+03   0.146072E+04   0.282621E+02   0.849438E+05   0.143738E+04
   0.414600E+03   0.146072E+04   0.282621E+02   0.849438E+05   0.143738E+04
   0.414700E+03   0.146072E+04   0.282621E+02   0.849438E+05   0.143738E+04
   0.414800E+03   0.146072E+04   0.282621E+02   0.849438E+05   0.143738E+04
   0.414900E+03   0.146072E+04   0.282621E+02   0.849438E+05   0.143738E+04
   0.415000E+03   0.146072E+04   0.282621E+02   0.849438E+05   0.143738E+04
   0.415100E+03   0.146072E+04   0.282621E+02   0.849438E+05   0.143738E+04
   0.415200E+03   0.146072E+04   0.282621E+02   0.849438E+05   0.143738E+04
   0.415300E+03   0.146072E+04   0.282621E+02   0.849438E+05   0.143738E+04
   0.415400E+03   0.146072E+04   0.282621E+02   0.849438E+05   0.143738E+04
   0.415500E+03   0.146072E+04   0.282621E+02   0.849438E+05   0.143738E+04
   0.415600E+03   0.146072E+04   0.282621E+02   0.849438E+05   0.143738E+04
   0.415700E+03   0.146072E+04   0.282621E+02   0.849438E+05   0.143738E+04
   0.415800E+03   0.146072E+04   0.282621E+02   0.849438E+05   0.143738E+04
   0.415900E+03   0.146072E+04   0.282621E+02   0.849438E+05   0.143738E+04
   0.416000E+03   0.146072E+04   0.282621E+02   0.849438E+05   0.143738E+04
   0.416100E+03   0.146072E+04   0.282621E+02   0.849438E+05   0.143738E+04
   0.416200E+03   0.146072E+04   0.282621E+02   0.849438E+05   0.143738E+04
   0.416300E+03   0.146072E+04   0.282621E+02   0.849438E+05   0.143738E+04
   0.416400E+03   0.146072E+04   0.282621E+02   0.849438E+05   0.143738E+04
   0.416500E+03   0.146072E+04   0.282621E+02   0.849438E+05   0.143738E+04
   0.416600E+03   0.146072E+04   0.282621E+02   0.849438E+05   0.143738E+04
   0.416700E+03   0.146072E+04   0.282621E+02   0.849438E+05   0.143738E+04
   0.416800E+03   0.146072E+04   0.282621E+02   0.849438E+05   0.143738E+04
   0.416900E+03   0.146072E+04   0.282621E+02   0.849438E+05   0.143738E+04
   0.417000E+03   0.146072E+04   0.282621E+02   0.849438E+05   0.143738E+04
   0.417100E+03   0.146072E+04   0.282621E+02   0.849438E+05   0.143738E+04
   0.417200E+03   0.146072E+04   0.282621E+02   0.849438E+05   0.143738E+04
   0.417300E+03   0.146072E+04   0.282621E+02   0.849438E+05   0.143738E+04
   0.417400E+03   0.146072E+04   0.282621E+02   0.849438E+05   0.143738E+04
   0.417500E+03   0.146072E+04   0.282621E+02   0.849438E+05   0.143738E+04
   0.417600E+03   0.146072E+04   0.282621E+02   0.849438E+05   0.143738E+04
   0.417700E+03   0.146072E+04   0.282621E+02   0.849438E+05   0.143738E+04
   0.417800E+03   0.146072E+04   0.282621E+02   0.849438E+05   0.143738E+04
   0.417900E+03   0.146072E+04   0.282621E+02   0.849438E+05   0.143738E+04
   0.418000E+03   0.146072E+04   0.282621E+02   0.849438E+05   0.143738E+04
   0.418100E+03   0.146072E+04   0.282621E+02   0.849438E+05   0.143738E+04
   0.418200E+03   0.146072E+04   0.282621E+02   0.849438E+05   0.143737E+04
   0.418300E+03   0.146072E+04   0.282621E+02   0.849438E+05   0.143737E+04
   0.418400E+03   0.146072E+04   0.282621E+02   0.849438E+05   0.143737E+04
   0.418500E+03   0.146072E+04   0.282621E+02   0.849438E+05   0.143737E+04
   0.418600E+03   0.146072E+04   0.282621E+02   0.849438E+05   0.143737E+04
   0.418700E+03   0.146072E+04   0.282621E+02   0.849438E+05   0.143737E+04
   0.418800E+03   0.146072E+04   0.282621E+02   0.849438E+05   0.143737E+04
   0.418900E+03   0.146072E+04   0.282621E+02   0.849438E+05   0.143737E+04
   0.419000E+03   0.146072E+04   0.282621E+02   0.849438E+05   0.143737E+04
   0.419100E+03   0.146072E+04   0.282621E+02   0.849438E+05   0.143737E+04
   0.419200E+03   0.146072E+04   0.282621E+02   0.849438E+05   0.143737E+04
   0.419300E+03   0.146072E+04   0.282621E+02   0.849438E+05   0.143737E+04
   0.419400E+03   0.146072E+04   0.282621E+02   0.849438E+05   0.143737E+04
   0.419500E+03   0.146072E+04   0.282621E+02   0.849438E+05   0.143737E+04
   0.419600E+03   0.146072E+04   0.282621E+02   0.849438E+05   0.143737E+04
   0.419700E+03   0.146072E+04   0.282621E+02   0.849438E+05   0.143737E+04
   0.419800E+03   0.146072E+04   0.282621E+02   0.849438E+05   0.143737E+04
   0.419900E+03   0.146072E+04   0.282621E+02   0.849438E+05   0.143737E+04
   0.420000E+03   0.146072E+04   0.282621E+02   0.849438E+05   0.143737E+04
   0.420100E+03   0.146072E+04   0.282621E+02   0.849438E+05   0.143737E+04
   0.420200E+03   0.146072E+04   0.282621E+02   0.849438E+05   0.143737E+04
   0.420300E+03   0.146072E+04   0.282621E+02   0.849438E+05   0.143737E+04
   0.420400E+03   0.146072E+04   0.282621E+02   0.849438E+05   0.143737E+04
   0.420500E+03   0.146072E+04   0.282621E+02   0.849438E+05   0.143737E+04
   0.420600E+03   0.146072E+04   0.282621E+02   0.849438E+05   0.143737E+04
   0.420700E+03   0.146072E+04   0.282621E+02   0.849438E+05   0.143737E+04
   0.420800E+03   0.146072E+04   0.282621E+02   0.849438E+05   0.143737E+04
   0.420900E+03   0.146072E+04   0.282621E+02   0.849438E+05   0.143737E+04
   0.421000E+03   0.146072E+04   0.282621E+02   0.849438E+05   0.143737E+04
   0.421100E+03   0.146072E+04   0.282621E+02   0.849438E+05   0.143737E+04
   0.421200E+03   0.146072E+04   0.282621E+02   0.849438E+05   0.143737E+04
   0.421300E+03   0.146072E+04   0.282621E+02   0.849438E+05   0.143737E+04
   0.421400E+03   0.146072E+04   0.282621E+02   0.849438E+05   0.143737E+04
   0.421500E+03   0.146072E+04   0.282621E+02   0.849438E+05   0.143737E+04
   0.421600E+03   0.146072E+04   0.282621E+02   0.849438E+05   0.143737E+04
   0.421700E+03   0.146072E+04   0.282621E+02   0.849438E+05   0.143737E+04
   0.421800E+03   0.146072E+04   0.282621E+02   0.849438E+05   0.143737E+04
   0.421900E+03   0.146072E+04   0.282621E+02   0.849438E+05   0.143737E+04
   0.422000E+03   0.146072E+04   0.282621E+02   0.849438E+05   0.143737E+04
   0.422100E+03   0.146072E+04   0.282621E+02   0.849438E+05   0.143737E+04
   0.422200E+03   0.146072E+04   0.282621E+02   0.849438E+05   0.143737E+04
   0.422300E+03   0.146072E+04   0.282621E+02   0.849438E+05   0.143737E+04
   0.422400E+03   0.146072E+04   0.282621E+02   0.849438E+05   0.143737E+04
   0.422500E+03   0.146072E+04   0.282621E+02   0.849438E+05   0.143737E+04
   0.422600E+03   0.146072E+04   0.282621E+02   0.849438E+05   0.143737E+04
   0.422700E+03   0.146072E+04   0.282621E+02   0.849438E+05   0.143737E+04
   0.422800E+03   0.146072E+04   0.282621E+02   0.849438E+05   0.143737E+04
   0.422900E+03   0.146072E+04   0.282621E+02   0.849438E+05   0.143737E+04
   0.423000E+03   0.146072E+04   0.282621E+02   0.849438E+05   0.143737E+04
   0.423100E+03   0.146072E+04   0.282621E+02   0.849438E+05   0.143737E+04
   0.423200E+03   0.146072E+04   0.282621E+02   0.849438E+05   0.143737E+04
   0.423300E+03   0.146072E+04   0.282621E+02   0.849438E+05   0.143737E+04
   0.423400E+03   0.146072E+04   0.282621E+02   0.849438E+05   0.143737E+04
   0.423500E+03   0.146072E+04   0.282621E+02   0.849438E+05   0.143737E+04
   0.423600E+03   0.146072E+04   0.282621E+02   0.849438E+05   0.143737E+04
   0.423700E+03   0.146072E+04   0.282621E+02   0.849438E+05   0.143737E+04
   0.423800E+03   0.146072E+04   0.282621E+02   0.849438E+05   0.143737E+04
   0.423900E+03   0.146072E+04   0.282621E+02   0.849438E+05   0.143737E+04
   0.424000E+03   0.146072E+04   0.282621E+02   0.849438E+05   0.143737E+04
   0.424100E+03   0.146072E+04   0.282621E+02   0.849438E+05   0.143737E+04
   0.424200E+03   0.146072E+04   0.282621E+02   0.849438E+05   0.143737E+04
   0.424300E+03   0.146072E+04   0.282621E+02   0.849438E+05   0.143737E+04
   0.424400E+03   0.146072E+04   0.282621E+02   0.849438E+05   0.143737E+04
   0.424500E+03   0.146072E+04   0.282621E+02   0.849438E+05   0.143737E+04
   0.424600E+03   0.146072E+04   0.282621E+02   0.849438E+05   0.143737E+04
   0.424700E+03   0.146072E+04   0.282621E+02   0.849438E+05   0.143737E+04
   0.424800E+03   0.146072E+04   0.282621E+02   0.849438E+05   0.143737E+04
   0.424900E+03   0.146072E+04   0.282621E+02   0.849438E+05   0.143737E+04
   0.425000E+03   0.146072E+04   0.282621E+02   0.849438E+05   0.143737E+04
   0.425100E+03   0.146072E+04   0.282621E+02   0.849438E+05   0.143737E+04
   0.425200E+03   0.146072E+04   0.282621E+02   0.849438E+05   0.143737E+04
   0.425300E+03   0.146072E+04   0.282621E+02   0.849438E+05   0.143737E+04
   0.425400E+03   0.146072E+04   0.282621E+02   0.849438E+05   0.143737E+04
   0.425500E+03   0.146072E+04   0.282621E+02   0.849438E+05   0.143737E+04
   0.425600E+03   0.146072E+04   0.282621E+02   0.849438E+05   0.143737E+04
   0.425700E+03   0.146072E+04   0.282621E+02   0.849438E+05   0.143737E+04
   0.425800E+03   0.146072E+04   0.282621E+02   0.849438E+05   0.143737E+04
   0.425900E+03   0.146072E+04   0.282621E+02   0.849438E+05   0.143737E+04
   0.426000E+03   0.146072E+04   0.282621E+02   0.849438E+05   0.143737E+04
   0.426100E+03   0.146072E+04   0.282621E+02   0.849438E+05   0.143737E+04
   0.426200E+03   0.146072E+04   0.282621E+02   0.849438E+05   0.143737E+04
   0.426300E+03   0.146072E+04   0.282621E+02   0.849438E+05   0.143737E+04
   0.426400E+03   0.146072E+04   0.282621E+02   0.849438E+05   0.143737E+04
   0.426500E+03   0.146072E+04   0.282621E+02   0.849438E+05   0.143737E+04
   0.426600E+03   0.146072E+04   0.282621E+02   0.849438E+05   0.143737E+04
   0.426700E+03   0.146072E+04   0.282621E+02   0.849438E+05   0.143737E+04
   0.426800E+03   0.146072E+04   0.282621E+02   0.849438E+05   0.143737E+04
   0.426900E+03   0.146072E+04   0.282621E+02   0.849438E+05   0.143737E+04
   0.427000E+03   0.146072E+04   0.282621E+02   0.849438E+05   0.143737E+04
   0.427100E+03   0.146072E+04   0.282621E+02   0.849438E+05   0.143737E+04
   0.427200E+03   0.146072E+04   0.282621E+02   0.849438E+05   0.143737E+04
   0.427300E+03   0.146072E+04   0.282621E+02   0.849438E+05   0.143737E+04
   0.427400E+03   0.146072E+04   0.282621E+02   0.849438E+05   0.143737E+04
   0.427500E+03   0.146072E+04   0.282621E+02   0.849438E+05   0.143737E+04
   0.427600E+03   0.146072E+04   0.282621E+02   0.849438E+05   0.143737E+04
   0.427700E+03   0.146072E+04   0.282621E+02   0.849438E+05   0.143737E+04
   0.427800E+03   0.146072E+04   0.282621E+02   0.849438E+05   0.143737E+04
   0.427900E+03   0.146072E+04   0.282621E+02   0.849438E+05   0.143737E+04
   0.428000E+03   0.146072E+04   0.282621E+02   0.849438E+05   0.143737E+04
   0.428100E+03   0.146072E+04   0.282621E+02   0.849438E+05   0.143737E+04
   0.428200E+03   0.146072E+04   0.282621E+02   0.849438E+05   0.143737E+04
   0.428300E+03   0.146072E+04   0.282621E+02   0.849438E+05   0.143737E+04
   0.428400E+03   0.146072E+04   0.282621E+02   0.849438E+05   0.143737E+04
   0.428500E+03   0.146072E+04   0.282621E+02   0.849438E+05   0.143737E+04
   0.428600E+03   0.146072E+04   0.282621E+02   0.849438E+05   0.143737E+04
   0.428700E+03   0.146072E+04   0.282621E+02   0.849438E+05   0.143737E+04
   0.428800E+03   0.146072E+04   0.282621E+02   0.849438E+05   0.143737E+04
   0.428900E+03   0.146072E+04   0.282621E+02   0.849438E+05   0.143737E+04
   0.429000E+03   0.146072E+04   0.282621E+02   0.849438E+05   0.143737E+04
   0.429100E+03   0.146072E+04   0.282621E+02   0.849438E+05   0.143737E+04
   0.429200E+03   0.146072E+04   0.282621E+02   0.849438E+05   0.143737E+04
   0.429300E+03   0.146072E+04   0.282621E+02   0.849438E+05   0.143737E+04
   0.429400E+03   0.146072E+04   0.282621E+02   0.849438E+05   0.143737E+04
   0.429500E+03   0.146072E+04   0.282621E+02   0.849438E+05   0.143737E+04
   0.429600E+03   0.146072E+04   0.282621E+02   0.849438E+05   0.143737E+04
   0.429700E+03   0.146072E+04   0.282621E+02   0.849438E+05   0.143737E+04
   0.429800E+03   0.146072E+04   0.282621E+02   0.849438E+05   0.143737E+04
   0.429900E+03   0.146072E+04   0.282621E+02   0.849438E+05   0.143737E+04
   0.430000E+03   0.146072E+04   0.282621E+02   0.849438E+05   0.143737E+04
   0.430100E+03   0.146072E+04   0.282621E+02   0.849438E+05   0.143737E+04
   0.430200E+03   0.146072E+04   0.282621E+02   0.849438E+05   0.143737E+04
   0.430300E+03   0.146072E+04   0.282621E+02   0.849438E+05   0.143737E+04
   0.430400E+03   0.146072E+04   0.282621E+02   0.849438E+05   0.143737E+04
   0.430500E+03   0.146072E+04   0.282621E+02   0.849438E+05   0.143737E+04
   0.430600E+03   0.146072E+04   0.282621E+02   0.849438E+05   0.143737E+04
   0.430700E+03   0.146072E+04   0.282621E+02   0.849438E+05   0.143737E+04
   0.430800E+03   0.146072E+04   0.282621E+02   0.849438E+05   0.143737E+04
   0.430900E+03   0.146072E+04   0.282621E+02   0.849438E+05   0.143737E+04
   0.431000E+03   0.146072E+04   0.282621E+02   0.849438E+05   0.143737E+04
   0.431100E+03   0.146072E+04   0.282621E+02   0.849438E+05   0.143737E+04
   0.431200E+03   0.146072E+04   0.282621E+02   0.849438E+05   0.143737E+04
   0.431300E+03   0.146072E+04   0.282621E+02   0.849438E+05   0.143737E+04
   0.431400E+03   0.146072E+04   0.282621E+02   0.849438E+05   0.143737E+04
   0.431500E+03   0.146072E+04   0.282621E+02   0.849438E+05   0.143737E+04
   0.431600E+03   0.146072E+04   0.282621E+02   0.849438E+05   0.143737E+04
   0.431700E+03   0.146072E+04   0.282621E+02   0.849438E+05   0.143737E+04
   0.431800E+03   0.146072E+04   0.282621E+02   0.849438E+05   0.143737E+04
   0.431900E+03   0.146072E+04   0.282621E+02   0.849438E+05   0.143737E+04
   0.432000E+03   0.146072E+04   0.282621E+02   0.849438E+05   0.143737E+04
   0.432100E+03   0.146072E+04   0.282621E+02   0.849438E+05   0.143737E+04
   0.432200E+03   0.146072E+04   0.282621E+02   0.849438E+05   0.143737E+04
   0.432300E+03   0.146072E+04   0.282621E+02   0.849438E+05   0.143737E+04
   0.432400E+03   0.146072E+04   0.282621E+02   0.849438E+05   0.143737E+04
   0.432500E+03   0.146072E+04   0.282621E+02   0.849438E+05   0.143737E+04
   0.432600E+03   0.146072E+04   0.282621E+02   0.849438E+05   0.143737E+04
   0.432700E+03   0.146072E+04   0.282621E+02   0.849438E+05   0.143737E+04
   0.432800E+03   0.146072E+04   0.282621E+02   0.849438E+05   0.143737E+04
   0.432900E+03   0.146072E+04   0.282621E+02   0.849438E+05   0.143737E+04
   0.433000E+03   0.146072E+04   0.282621E+02   0.849438E+05   0.143737E+04
   0.433100E+03   0.146072E+04   0.282621E+02   0.849438E+05   0.143737E+04
   0.433200E+03   0.146072E+04   0.282621E+02   0.849438E+05   0.143737E+04
   0.433300E+03   0.146072E+04   0.282621E+02   0.849438E+05   0.143737E+04
   0.433400E+03   0.146072E+04   0.282621E+02   0.849438E+05   0.143737E+04
   0.433500E+03   0.146072E+04   0.282621E+02   0.849438E+05   0.143737E+04
   0.433600E+03   0.146072E+04   0.282621E+02   0.849438E+05   0.143737E+04
   0.433700E+03   0.146072E+04   0.282621E+02   0.849438E+05   0.143737E+04
   0.433800E+03   0.146072E+04   0.282621E+02   0.849438E+05   0.143737E+04
   0.433900E+03   0.146072E+04   0.282621E+02   0.849438E+05   0.143737E+04
   0.434000E+03   0.146072E+04   0.282621E+02   0.849438E+05   0.143737E+04
   0.434100E+03   0.146072E+04   0.282621E+02   0.849438E+05   0.143737E+04
   0.434200E+03   0.146072E+04   0.282621E+02   0.849438E+05   0.143737E+04
   0.434300E+03   0.146072E+04   0.282621E+02   0.849438E+05   0.143737E+04
   0.434400E+03   0.146072E+04   0.282621E+02   0.849438E+05   0.143737E+04
   0.434500E+03   0.146072E+04   0.282621E+02   0.849438E+05   0.143737E+04
   0.434600E+03   0.146072E+04   0.282621E+02   0.849438E+05   0.143737E+04
   0.434700E+03   0.146072E+04   0.282621E+02   0.849438E+05   0.143737E+04
   0.434800E+03   0.146072E+04   0.282621E+02   0.849438E+05   0.143737E+04
   0.434900E+03   0.146072E+04   0.282621E+02   0.849438E+05   0.143737E+04
   0.435000E+03   0.146072E+04   0.282621E+02   0.849438E+05   0.143737E+04
   0.435100E+03   0.146072E+04   0.282621E+02   0.849438E+05   0.143737E+04
   0.435200E+03   0.146072E+04   0.282621E+02   0.849438E+05   0.143737E+04
   0.435300E+03   0.146072E+04   0.282621E+02   0.849438E+05   0.143737E+04
   0.435400E+03   0.146072E+04   0.282621E+02   0.849438E+05   0.143737E+04
   0.435500E+03   0.146072E+04   0.282621E+02   0.849438E+05   0.143737E+04
   0.435600E+03   0.146072E+04   0.282621E+02   0.849438E+05   0.143737E+04
   0.435700E+03   0.146072E+04   0.282621E+02   0.849438E+05   0.143737E+04
   0.435800E+03   0.146072E+04   0.282621E+02   0.849438E+05   0.143737E+04
   0.435900E+03   0.146072E+04   0.282621E+02   0.849438E+05   0.143737E+04
   0.436000E+03   0.146072E+04   0.282621E+02   0.849438E+05   0.143737E+04
   0.436100E+03   0.146072E+04   0.282621E+02   0.849438E+05   0.143737E+04
   0.436200E+03   0.146072E+04   0.282621E+02   0.849438E+05   0.143737E+04
   0.436300E+03   0.146072E+04   0.282621E+02   0.849438E+05   0.143737E+04
   0.436400E+03   0.146072E+04   0.282621E+02   0.849438E+05   0.143737E+04
   0.436500E+03   0.146072E+04   0.282621E+02   0.849438E+05   0.143737E+04
   0.436600E+03   0.146072E+04   0.282621E+02   0.849438E+05   0.143737E+04
   0.436700E+03   0.146072E+04   0.282621E+02   0.849438E+05   0.143737E+04
   0.436800E+03   0.146072E+04   0.282621E+02   0.849438E+05   0.143737E+04
   0.436900E+03   0.146072E+04   0.282621E+02   0.849438E+05   0.143737E+04
   0.437000E+03   0.146072E+04   0.282621E+02   0.849438E+05   0.143737E+04
   0.437100E+03   0.146072E+04   0.282621E+02   0.849438E+05   0.143737E+04
   0.437200E+03   0.146072E+04   0.282621E+02   0.849438E+05   0.143737E+04
   0.437300E+03   0.146072E+04   0.282621E+02   0.849438E+05   0.143737E+04
   0.437400E+03   0.146072E+04   0.282621E+02   0.849438E+05   0.143737E+04
   0.437500E+03   0.146072E+04   0.282621E+02   0.849438E+05   0.143737E+04
   0.437600E+03   0.146072E+04   0.282621E+02   0.849438E+05   0.143737E+04
   0.437700E+03   0.146072E+04   0.282621E+02   0.849438E+05   0.143737E+04
   0.437800E+03   0.146072E+04   0.282621E+02   0.849438E+05   0.143737E+04
   0.437900E+03   0.146072E+04   0.282621E+02   0.849438E+05   0.143737E+04
   0.438000E+03   0.146072E+04   0.282621E+02   0.849438E+05   0.143737E+04
   0.438100E+03   0.146072E+04   0.282621E+02   0.849438E+05   0.143737E+04
   0.438200E+03   0.146072E+04   0.282621E+02   0.849438E+05   0.143737E+04
   0.438300E+03   0.146072E+04   0.282621E+02   0.849438E+05   0.143737E+04
   0.438400E+03   0.146072E+04   0.282621E+02   0.849438E+05   0.143737E+04
   0.438500E+03   0.146072E+04   0.282621E+02   0.849438E+05   0.143737E+04
   0.438600E+03   0.146072E+04   0.282621E+02   0.849438E+05   0.143737E+04
   0.438700E+03   0.146072E+04   0.282621E+02   0.849438E+05   0.143737E+04
   0.438800E+03   0.146072E+04   0.282621E+02   0.849438E+05   0.143737E+04
   0.438900E+03   0.146072E+04   0.282621E+02   0.849438E+05   0.143737E+04
   0.439000E+03   0.146072E+04   0.282621E+02   0.849438E+05   0.143737E+04
   0.439100E+03   0.146072E+04   0.282621E+02   0.849438E+05   0.143737E+04
   0.439200E+03   0.146072E+04   0.282621E+02   0.849438E+05   0.143737E+04
   0.439300E+03   0.146072E+04   0.282621E+02   0.849438E+05   0.143737E+04
   0.439400E+03   0.146072E+04   0.282621E+02   0.849438E+05   0.143737E+04
   0.439500E+03   0.146072E+04   0.282621E+02   0.849438E+05   0.143737E+04
   0.439600E+03   0.146072E+04   0.282621E+02   0.849438E+05   0.143737E+04
   0.439700E+03   0.146072E+04   0.282621E+02   0.849438E+05   0.143737E+04
   0.439800E+03   0.146072E+04   0.282621E+02   0.849438E+05   0.143737E+04
   0.439900E+03   0.146072E+04   0.282621E+02   0.849438E+05   0.143737E+04
   0.440000E+03   0.146072E+04   0.282621E+02   0.849438E+05   0.143737E+04
   0.440100E+03   0.146072E+04   0.282621E+02   0.849438E+05   0.143737E+04
   0.440200E+03   0.146072E+04   0.282621E+02   0.849438E+05   0.143737E+04
   0.440300E+03   0.146072E+04   0.282621E+02   0.849438E+05   0.143737E+04
   0.440400E+03   0.146072E+04   0.282621E+02   0.849438E+05   0.143737E+04
   0.440500E+03   0.146072E+04   0.282621E+02   0.849438E+05   0.143737E+04
   0.440600E+03   0.146072E+04   0.282621E+02   0.849438E+05   0.143737E+04
   0.440700E+03   0.146072E+04   0.282621E+02   0.849438E+05   0.143737E+04
   0.440800E+03   0.146072E+04   0.282621E+02   0.849438E+05   0.143737E+04
   0.440900E+03   0.146072E+04   0.282621E+02   0.849438E+05   0.143737E+04
   0.441000E+03   0.146072E+04   0.282621E+02   0.849438E+05   0.143737E+04
   0.441100E+03   0.146072E+04   0.282621E+02   0.849438E+05   0.143737E+04
   0.441200E+03   0.146072E+04   0.282621E+02   0.849438E+05   0.143737E+04
   0.441300E+03   0.146072E+04   0.282621E+02   0.849438E+05   0.143737E+04
   0.441400E+03   0.146072E+04   0.282621E+02   0.849438E+05   0.143737E+04
   0.441500E+03   0.146072E+04   0.282621E+02   0.849438E+05   0.143737E+04
   0.441600E+03   0.146072E+04   0.282621E+02   0.849438E+05   0.143737E+04
   0.441700E+03   0.146072E+04   0.282621E+02   0.849438E+05   0.143737E+04
   0.441800E+03   0.146072E+04   0.282621E+02   0.849438E+05   0.143737E+04
   0.441900E+03   0.146072E+04   0.282621E+02   0.849438E+05   0.143737E+04
   0.442000E+03   0.146072E+04   0.282621E+02   0.849438E+05   0.143737E+04
   0.442100E+03   0.146072E+04   0.282621E+02   0.849438E+05   0.143737E+04
   0.442200E+03   0.146072E+04   0.282638E+02   0.849438E+05   0.143737E+04
   0.442300E+03   0.146072E+04   0.282638E+02   0.849438E+05   0.143737E+04
   0.442400E+03   0.146072E+04   0.282638E+02   0.849438E+05   0.143737E+04
   0.442500E+03   0.146072E+04   0.282638E+02   0.849438E+05   0.143737E+04
   0.442600E+03   0.146072E+04   0.282638E+02   0.849438E+05   0.143737E+04
   0.442700E+03   0.146072E+04   0.282638E+02   0.849438E+05   0.143737E+04
   0.442800E+03   0.146072E+04   0.282638E+02   0.849438E+05   0.143737E+04
   0.442900E+03   0.146072E+04   0.282638E+02   0.849438E+05   0.143737E+04
   0.443000E+03   0.146072E+04   0.282638E+02   0.849438E+05   0.143737E+04
   0.443100E+03   0.146072E+04   0.282638E+02   0.849438E+05   0.143737E+04
   0.443200E+03   0.146072E+04   0.282638E+02   0.849438E+05   0.143737E+04
   0.443300E+03   0.146072E+04   0.282638E+02   0.849438E+05   0.143737E+04
   0.443400E+03   0.146072E+04   0.282638E+02   0.849438E+05   0.143737E+04
   0.443500E+03   0.146072E+04   0.282638E+02   0.849438E+05   0.143737E+04
   0.443600E+03   0.146072E+04   0.282638E+02   0.849438E+05   0.143737E+04
   0.443700E+03   0.146072E+04   0.282638E+02   0.849438E+05   0.143737E+04
   0.443800E+03   0.146072E+04   0.282638E+02   0.849438E+05   0.143737E+04
   0.443900E+03   0.146072E+04   0.282638E+02   0.849438E+05   0.143737E+04
   0.444000E+03   0.146072E+04   0.282638E+02   0.849438E+05   0.143737E+04
   0.444100E+03   0.146072E+04   0.282638E+02   0.849438E+05   0.143737E+04
   0.444200E+03   0.146072E+04   0.282638E+02   0.849438E+05   0.143737E+04
   0.444300E+03   0.146072E+04   0.282638E+02   0.849438E+05   0.143737E+04
   0.444400E+03   0.146072E+04   0.282638E+02   0.849438E+05   0.143737E+04
   0.444500E+03   0.146072E+04   0.282638E+02   0.849438E+05   0.143737E+04
   0.444600E+03   0.146072E+04   0.282638E+02   0.849438E+05   0.143737E+04
   0.444700E+03   0.146072E+04   0.282638E+02   0.849438E+05   0.143737E+04
   0.444800E+03   0.146072E+04   0.282638E+02   0.849438E+05   0.143737E+04
   0.444900E+03   0.146072E+04   0.282638E+02   0.849438E+05   0.143737E+04
   0.445000E+03   0.146072E+04   0.282638E+02   0.849438E+05   0.143737E+04
   0.445100E+03   0.146072E+04   0.282638E+02   0.849438E+05   0.143737E+04
   0.445200E+03   0.146072E+04   0.282638E+02   0.849438E+05   0.143737E+04
   0.445300E+03   0.146072E+04   0.282638E+02   0.849438E+05   0.143737E+04
   0.445400E+03   0.146072E+04   0.282638E+02   0.849438E+05   0.143737E+04
   0.445500E+03   0.146072E+04   0.282638E+02   0.849438E+05   0.143737E+04
   0.445600E+03   0.146072E+04   0.282638E+02   0.849438E+05   0.143737E+04
   0.445700E+03   0.146072E+04   0.282638E+02   0.849438E+05   0.143737E+04
   0.445800E+03   0.146072E+04   0.282638E+02   0.849438E+05   0.143737E+04
   0.445900E+03   0.146072E+04   0.282638E+02   0.849438E+05   0.143737E+04
   0.446000E+03   0.146072E+04   0.282638E+02   0.849438E+05   0.143737E+04
   0.446100E+03   0.146072E+04   0.282638E+02   0.849438E+05   0.143737E+04
   0.446200E+03   0.146072E+04   0.282638E+02   0.849438E+05   0.143737E+04
   0.446300E+03   0.146072E+04   0.282638E+02   0.849438E+05   0.143737E+04
   0.446400E+03   0.146072E+04   0.282638E+02   0.849438E+05   0.143737E+04
   0.446500E+03   0.146072E+04   0.282638E+02   0.849438E+05   0.143737E+04
   0.446600E+03   0.146072E+04   0.282638E+02   0.849438E+05   0.143737E+04
   0.446700E+03   0.146072E+04   0.282638E+02   0.849438E+05   0.143737E+04
   0.446800E+03   0.146072E+04   0.282638E+02   0.849438E+05   0.143737E+04
   0.446900E+03   0.146072E+04   0.282638E+02   0.849438E+05   0.143737E+04
   0.447000E+03   0.146072E+04   0.282638E+02   0.849438E+05   0.143737E+04
   0.447100E+03   0.146072E+04   0.282638E+02   0.849438E+05   0.143737E+04
   0.447200E+03   0.146072E+04   0.282638E+02   0.849438E+05   0.143737E+04
   0.447300E+03   0.146072E+04   0.282638E+02   0.849438E+05   0.143737E+04
   0.447400E+03   0.146072E+04   0.282638E+02   0.849438E+05   0.143737E+04
   0.447500E+03   0.146072E+04   0.282638E+02   0.849438E+05   0.143737E+04
   0.447600E+03   0.146072E+04   0.282638E+02   0.849438E+05   0.143737E+04
   0.447700E+03   0.146072E+04   0.282638E+02   0.849438E+05   0.143737E+04
   0.447800E+03   0.146072E+04   0.282638E+02   0.849438E+05   0.143737E+04
   0.447900E+03   0.146072E+04   0.282638E+02   0.849438E+05   0.143737E+04
   0.448000E+03   0.146072E+04   0.282638E+02   0.849438E+05   0.143737E+04
   0.448100E+03   0.146072E+04   0.282638E+02   0.849438E+05   0.143737E+04
   0.448200E+03   0.146072E+04   0.282638E+02   0.849438E+05   0.143737E+04
   0.448300E+03   0.146072E+04   0.282638E+02   0.849438E+05   0.143737E+04
   0.448400E+03   0.146072E+04   0.282638E+02   0.849438E+05   0.143737E+04
   0.448500E+03   0.146072E+04   0.282638E+02   0.849438E+05   0.143737E+04
   0.448600E+03   0.146072E+04   0.282638E+02   0.849438E+05   0.143737E+04
   0.448700E+03   0.146072E+04   0.282638E+02   0.849438E+05   0.143737E+04
   0.448800E+03   0.146072E+04   0.282638E+02   0.849438E+05   0.143737E+04
   0.448900E+03   0.146072E+04   0.282638E+02   0.849438E+05   0.143737E+04
   0.449000E+03   0.146072E+04   0.282638E+02   0.849438E+05   0.143737E+04
   0.449100E+03   0.146072E+04   0.282638E+02   0.849438E+05   0.143737E+04
   0.449200E+03   0.146072E+04   0.282638E+02   0.849438E+05   0.143737E+04
   0.449300E+03   0.146072E+04   0.282638E+02   0.849438E+05   0.143737E+04
   0.449400E+03   0.146072E+04   0.282638E+02   0.849438E+05   0.143737E+04
   0.449500E+03   0.146072E+04   0.282638E+02   0.849438E+05   0.143737E+04
   0.449600E+03   0.146072E+04   0.282638E+02   0.849438E+05   0.143737E+04
   0.449700E+03   0.146072E+04   0.282638E+02   0.849438E+05   0.143737E+04
   0.449800E+03   0.146072E+04   0.282638E+02   0.849438E+05   0.143737E+04
   0.449900E+03   0.146072E+04   0.282638E+02   0.849438E+05   0.143737E+04
   0.450000E+03   0.146072E+04   0.282638E+02   0.849438E+05   0.143737E+04
   0.450100E+03   0.146072E+04   0.282638E+02   0.849438E+05   0.143737E+04
   0.450200E+03   0.146072E+04   0.282638E+02   0.849438E+05   0.143737E+04
   0.450300E+03   0.146072E+04   0.282638E+02   0.849438E+05   0.143737E+04
   0.450400E+03   0.146072E+04   0.282638E+02   0.849438E+05   0.143737E+04
   0.450500E+03   0.146072E+04   0.282638E+02   0.849438E+05   0.143737E+04
   0.450600E+03   0.146072E+04   0.282638E+02   0.849438E+05   0.143737E+04
   0.450700E+03   0.146072E+04   0.282638E+02   0.849438E+05   0.143737E+04
   0.450800E+03   0.146072E+04   0.282638E+02   0.849438E+05   0.143737E+04
   0.450900E+03   0.146072E+04   0.282638E+02   0.849438E+05   0.143737E+04
   0.451000E+03   0.146072E+04   0.282638E+02   0.849438E+05   0.143737E+04
   0.451100E+03   0.146072E+04   0.282638E+02   0.849438E+05   0.143737E+04
   0.451200E+03   0.146072E+04   0.282638E+02   0.849438E+05   0.143737E+04
   0.451300E+03   0.146072E+04   0.282638E+02   0.849438E+05   0.143737E+04
   0.451400E+03   0.146072E+04   0.282638E+02   0.849438E+05   0.143737E+04
   0.451500E+03   0.146072E+04   0.282638E+02   0.849438E+05   0.143737E+04
   0.451600E+03   0.146072E+04   0.282638E+02   0.849438E+05   0.143737E+04
   0.451700E+03   0.146072E+04   0.282638E+02   0.849438E+05   0.143737E+04
   0.451800E+03   0.146072E+04   0.282638E+02   0.849438E+05   0.143737E+04
   0.451900E+03   0.146072E+04   0.282638E+02   0.849438E+05   0.143737E+04
   0.452000E+03   0.146072E+04   0.282638E+02   0.849438E+05   0.143737E+04
   0.452100E+03   0.146072E+04   0.282638E+02   0.849438E+05   0.143737E+04
   0.452200E+03   0.146072E+04   0.282638E+02   0.849438E+05   0.143737E+04
   0.452300E+03   0.146072E+04   0.282638E+02   0.849438E+05   0.143737E+04
   0.452400E+03   0.146072E+04   0.282638E+02   0.849438E+05   0.143737E+04
   0.452500E+03   0.146072E+04   0.282638E+02   0.849438E+05   0.143737E+04
   0.452600E+03   0.146072E+04   0.282638E+02   0.849438E+05   0.143737E+04
   0.452700E+03   0.146072E+04   0.282638E+02   0.849438E+05   0.143737E+04
   0.452800E+03   0.146072E+04   0.282638E+02   0.849438E+05   0.143737E+04
   0.452900E+03   0.146072E+04   0.282638E+02   0.849438E+05   0.143737E+04
   0.453000E+03   0.146072E+04   0.282638E+02   0.849438E+05   0.143737E+04
   0.453100E+03   0.146072E+04   0.282638E+02   0.849438E+05   0.143737E+04
   0.453200E+03   0.146072E+04   0.282638E+02   0.849438E+05   0.143737E+04
   0.453300E+03   0.146072E+04   0.282638E+02   0.849438E+05   0.143737E+04
   0.453400E+03   0.146072E+04   0.282638E+02   0.849438E+05   0.143737E+04
   0.453500E+03   0.146072E+04   0.282638E+02   0.849438E+05   0.143737E+04
   0.453600E+03   0.146072E+04   0.282638E+02   0.849438E+05   0.143737E+04
   0.453700E+03   0.146072E+04   0.282638E+02   0.849438E+05   0.143737E+04
   0.453800E+03   0.146072E+04   0.282638E+02   0.849438E+05   0.143737E+04
   0.453900E+03   0.146072E+04   0.282638E+02   0.849438E+05   0.143737E+04
   0.454000E+03   0.146072E+04   0.282638E+02   0.849438E+05   0.143737E+04
   0.454100E+03   0.146072E+04   0.282638E+02   0.849438E+05   0.143737E+04
   0.454200E+03   0.146072E+04   0.282638E+02   0.849438E+05   0.143737E+04
   0.454300E+03   0.146072E+04   0.282638E+02   0.849438E+05   0.143737E+04
   0.454400E+03   0.146072E+04   0.282638E+02   0.849438E+05   0.143737E+04
   0.454500E+03   0.146072E+04   0.282638E+02   0.849438E+05   0.143737E+04
   0.454600E+03   0.146072E+04   0.282638E+02   0.849438E+05   0.143737E+04
   0.454700E+03   0.146072E+04   0.282638E+02   0.849438E+05   0.143737E+04
   0.454800E+03   0.146072E+04   0.282638E+02   0.849438E+05   0.143737E+04
   0.454900E+03   0.146072E+04   0.282638E+02   0.849438E+05   0.143737E+04
   0.455000E+03   0.146072E+04   0.282638E+02   0.849438E+05   0.143737E+04
   0.455100E+03   0.146072E+04   0.282638E+02   0.849438E+05   0.143737E+04
   0.455200E+03   0.146072E+04   0.282638E+02   0.849438E+05   0.143737E+04
   0.455300E+03   0.146072E+04   0.282638E+02   0.849438E+05   0.143737E+04
   0.455400E+03   0.146072E+04   0.282638E+02   0.849438E+05   0.143737E+04
   0.455500E+03   0.146072E+04   0.282638E+02   0.849438E+05   0.143737E+04
   0.455600E+03   0.146072E+04   0.282638E+02   0.849438E+05   0.143737E+04
   0.455700E+03   0.146072E+04   0.282638E+02   0.849438E+05   0.143737E+04
   0.455800E+03   0.146072E+04   0.282638E+02   0.849438E+05   0.143737E+04
   0.455900E+03   0.146072E+04   0.282638E+02   0.849438E+05   0.143737E+04
   0.456000E+03   0.146072E+04   0.282638E+02   0.849438E+05   0.143737E+04
   0.456100E+03   0.146072E+04   0.282638E+02   0.849438E+05   0.143737E+04
   0.456200E+03   0.146072E+04   0.282638E+02   0.849438E+05   0.143737E+04
   0.456300E+03   0.146072E+04   0.282638E+02   0.849438E+05   0.143737E+04
   0.456400E+03   0.146072E+04   0.282638E+02   0.849438E+05   0.143737E+04
   0.456500E+03   0.146072E+04   0.282638E+02   0.849438E+05   0.143737E+04
   0.456600E+03   0.146072E+04   0.282638E+02   0.849438E+05   0.143737E+04
   0.456700E+03   0.146072E+04   0.282638E+02   0.849438E+05   0.143737E+04
   0.456800E+03   0.146072E+04   0.282638E+02   0.849438E+05   0.143737E+04
   0.456900E+03   0.146072E+04   0.282638E+02   0.849438E+05   0.143737E+04
   0.457000E+03   0.146072E+04   0.282638E+02   0.849438E+05   0.143737E+04
   0.457100E+03   0.146072E+04   0.282638E+02   0.849438E+05   0.143737E+04
   0.457200E+03   0.146072E+04   0.282638E+02   0.849438E+05   0.143737E+04
   0.457300E+03   0.146072E+04   0.282638E+02   0.849438E+05   0.143737E+04
   0.457400E+03   0.146072E+04   0.282638E+02   0.849438E+05   0.143737E+04
   0.457500E+03   0.146072E+04   0.282638E+02   0.849438E+05   0.143737E+04
   0.457600E+03   0.146072E+04   0.282638E+02   0.849438E+05   0.143737E+04
   0.457700E+03   0.146072E+04   0.282638E+02   0.849438E+05   0.143737E+04
   0.457800E+03   0.146072E+04   0.282638E+02   0.849438E+05   0.143737E+04
   0.457900E+03   0.146072E+04   0.282638E+02   0.849438E+05   0.143737E+04
   0.458000E+03   0.146072E+04   0.282638E+02   0.849438E+05   0.143737E+04
   0.458100E+03   0.146072E+04   0.282638E+02   0.849438E+05   0.143737E+04
   0.458200E+03   0.146072E+04   0.282638E+02   0.849438E+05   0.143737E+04
   0.458300E+03   0.146072E+04   0.282638E+02   0.849438E+05   0.143737E+04
   0.458400E+03   0.146072E+04   0.282638E+02   0.849438E+05   0.143737E+04
   0.458500E+03   0.146072E+04   0.282638E+02   0.849438E+05   0.143737E+04
   0.458600E+03   0.146072E+04   0.282638E+02   0.849438E+05   0.143737E+04
   0.458700E+03   0.146072E+04   0.282638E+02   0.849438E+05   0.143737E+04
   0.458800E+03   0.146072E+04   0.282638E+02   0.849438E+05   0.143737E+04
   0.458900E+03   0.146072E+04   0.282638E+02   0.849438E+05   0.143737E+04
   0.459000E+03   0.146072E+04   0.282638E+02   0.849438E+05   0.143737E+04
   0.459100E+03   0.146072E+04   0.282638E+02   0.849438E+05   0.143737E+04
   0.459200E+03   0.146072E+04   0.282638E+02   0.849438E+05   0.143737E+04
   0.459300E+03   0.146072E+04   0.282638E+02   0.849438E+05   0.143737E+04
   0.459400E+03   0.146072E+04   0.282638E+02   0.849438E+05   0.143737E+04
   0.459500E+03   0.146072E+04   0.282638E+02   0.849438E+05   0.143737E+04
   0.459600E+03   0.146072E+04   0.282638E+02   0.849438E+05   0.143737E+04
   0.459700E+03   0.146072E+04   0.282638E+02   0.849438E+05   0.143737E+04
   0.459800E+03   0.146072E+04   0.282638E+02   0.849438E+05   0.143737E+04
   0.459900E+03   0.146072E+04   0.282638E+02   0.849438E+05   0.143737E+04
   0.460000E+03   0.146072E+04   0.282638E+02   0.849438E+05   0.143737E+04
   0.460100E+03   0.146072E+04   0.282638E+02   0.849438E+05   0.143737E+04
   0.460200E+03   0.146072E+04   0.282638E+02   0.849438E+05   0.143737E+04
   0.460300E+03   0.146072E+04   0.282638E+02   0.849438E+05   0.143737E+04
   0.460400E+03   0.146072E+04   0.282638E+02   0.849438E+05   0.143737E+04
   0.460500E+03   0.146072E+04   0.282638E+02   0.849438E+05   0.143737E+04
   0.460600E+03   0.146072E+04   0.282638E+02   0.849438E+05   0.143737E+04
   0.460700E+03   0.146072E+04   0.282638E+02   0.849438E+05   0.143737E+04
   0.460800E+03   0.146072E+04   0.282638E+02   0.849438E+05   0.143737E+04
   0.460900E+03   0.146072E+04   0.282638E+02   0.849438E+05   0.143737E+04
   0.461000E+03   0.146072E+04   0.282638E+02   0.849438E+05   0.143737E+04
   0.461100E+03   0.146072E+04   0.282638E+02   0.849438E+05   0.143737E+04
   0.461200E+03   0.146072E+04   0.282638E+02   0.849438E+05   0.143737E+04
   0.461300E+03   0.146072E+04   0.282638E+02   0.849438E+05   0.143737E+04
   0.461400E+03   0.146072E+04   0.282638E+02   0.849438E+05   0.143737E+04
   0.461500E+03   0.146072E+04   0.282638E+02   0.849438E+05   0.143737E+04
   0.461600E+03   0.146072E+04   0.282638E+02   0.849438E+05   0.143737E+04
   0.461700E+03   0.146072E+04   0.282638E+02   0.849438E+05   0.143737E+04
   0.461800E+03   0.146072E+04   0.282638E+02   0.849438E+05   0.143737E+04
   0.461900E+03   0.146072E+04   0.282638E+02   0.849438E+05   0.143737E+04
   0.462000E+03   0.146072E+04   0.282638E+02   0.849438E+05   0.143737E+04
   0.462100E+03   0.146072E+04   0.282638E+02   0.849438E+05   0.143737E+04
   0.462200E+03   0.146072E+04   0.282638E+02   0.849438E+05   0.143737E+04
   0.462300E+03   0.146072E+04   0.282638E+02   0.849438E+05   0.143737E+04
   0.462400E+03   0.146072E+04   0.282638E+02   0.849438E+05   0.143737E+04
   0.462500E+03   0.146072E+04   0.282638E+02   0.849438E+05   0.143737E+04
   0.462600E+03   0.146072E+04   0.282638E+02   0.849438E+05   0.143737E+04
   0.462700E+03   0.146072E+04   0.282638E+02   0.849438E+05   0.143737E+04
   0.462800E+03   0.146072E+04   0.282638E+02   0.849438E+05   0.143737E+04
   0.462900E+03   0.146072E+04   0.282638E+02   0.849438E+05   0.143737E+04
   0.463000E+03   0.146072E+04   0.282638E+02   0.849438E+05   0.143737E+04
   0.463100E+03   0.146072E+04   0.282638E+02   0.849438E+05   0.143737E+04
   0.463200E+03   0.146072E+04   0.282638E+02   0.849438E+05   0.143737E+04
   0.463300E+03   0.146072E+04   0.282638E+02   0.849438E+05   0.143737E+04
   0.463400E+03   0.146072E+04   0.282638E+02   0.849438E+05   0.143737E+04
   0.463500E+03   0.146072E+04   0.282638E+02   0.849438E+05   0.143737E+04
   0.463600E+03   0.146072E+04   0.282638E+02   0.849438E+05   0.143737E+04
   0.463700E+03   0.146072E+04   0.282638E+02   0.849438E+05   0.143737E+04
   0.463800E+03   0.146072E+04   0.282638E+02   0.849438E+05   0.143737E+04
   0.463900E+03   0.146072E+04   0.282638E+02   0.849438E+05   0.143737E+04
   0.464000E+03   0.146072E+04   0.282638E+02   0.849438E+05   0.143737E+04
   0.464100E+03   0.146072E+04   0.282638E+02   0.849438E+05   0.143737E+04
   0.464200E+03   0.146072E+04   0.282638E+02   0.849438E+05   0.143737E+04
   0.464300E+03   0.146072E+04   0.282638E+02   0.849438E+05   0.143737E+04
   0.464400E+03   0.146072E+04   0.282638E+02   0.849438E+05   0.143737E+04
   0.464500E+03   0.146072E+04   0.282638E+02   0.849438E+05   0.143737E+04
   0.464600E+03   0.146072E+04   0.282638E+02   0.849438E+05   0.143737E+04
   0.464700E+03   0.146072E+04   0.282638E+02   0.849438E+05   0.143737E+04
   0.464800E+03   0.146072E+04   0.282638E+02   0.849438E+05   0.143737E+04
   0.464900E+03   0.146072E+04   0.282638E+02   0.849438E+05   0.143737E+04
   0.465000E+03   0.146072E+04   0.282638E+02   0.849438E+05   0.143737E+04
   0.465100E+03   0.146072E+04   0.282638E+02   0.849438E+05   0.143737E+04
   0.465200E+03   0.146072E+04   0.282638E+02   0.849438E+05   0.143737E+04
   0.465300E+03   0.146072E+04   0.282638E+02   0.849438E+05   0.143737E+04
   0.465400E+03   0.146072E+04   0.282638E+02   0.849438E+05   0.143737E+04
   0.465500E+03   0.146072E+04   0.282638E+02   0.849438E+05   0.143737E+04
   0.465600E+03   0.146072E+04   0.282638E+02   0.849438E+05   0.143737E+04
   0.465700E+03   0.146072E+04   0.282638E+02   0.849438E+05   0.143737E+04
   0.465800E+03   0.146072E+04   0.282638E+02   0.849438E+05   0.143737E+04
   0.465900E+03   0.146072E+04   0.282638E+02   0.849438E+05   0.143737E+04
   0.466000E+03   0.146072E+04   0.282638E+02   0.849438E+05   0.143737E+04
   0.466100E+03   0.146072E+04   0.282638E+02   0.849438E+05   0.143737E+04
   0.466200E+03   0.146072E+04   0.282638E+02   0.849438E+05   0.143737E+04
   0.466300E+03   0.146072E+04   0.282638E+02   0.849438E+05   0.143737E+04
   0.466400E+03   0.146072E+04   0.282638E+02   0.849438E+05   0.143737E+04
   0.466500E+03   0.146072E+04   0.282638E+02   0.849438E+05   0.143737E+04
   0.466600E+03   0.146072E+04   0.282638E+02   0.849438E+05   0.143737E+04
   0.466700E+03   0.146072E+04   0.282638E+02   0.849438E+05   0.143737E+04
   0.466800E+03   0.146072E+04   0.282638E+02   0.849438E+05   0.143737E+04
   0.466900E+03   0.146072E+04   0.282638E+02   0.849438E+05   0.143737E+04
   0.467000E+03   0.146072E+04   0.282638E+02   0.849438E+05   0.143737E+04
   0.467100E+03   0.146072E+04   0.282638E+02   0.849438E+05   0.143737E+04
   0.467200E+03   0.146072E+04   0.282638E+02   0.849438E+05   0.143737E+04
   0.467300E+03   0.146072E+04   0.282638E+02   0.849438E+05   0.143737E+04
   0.467400E+03   0.146072E+04   0.282638E+02   0.849438E+05   0.143737E+04
   0.467500E+03   0.146072E+04   0.282638E+02   0.849438E+05   0.143737E+04
   0.467600E+03   0.146072E+04   0.282638E+02   0.849438E+05   0.143737E+04
   0.467700E+03   0.146072E+04   0.282638E+02   0.849438E+05   0.143737E+04
   0.467800E+03   0.146072E+04   0.282638E+02   0.849438E+05   0.143737E+04
   0.467900E+03   0.146072E+04   0.282638E+02   0.849438E+05   0.143737E+04
   0.468000E+03   0.146072E+04   0.282638E+02   0.849438E+05   0.143737E+04
   0.468100E+03   0.146072E+04   0.282638E+02   0.849438E+05   0.143737E+04
   0.468200E+03   0.146072E+04   0.282638E+02   0.849438E+05   0.143737E+04
   0.468300E+03   0.146072E+04   0.282638E+02   0.849438E+05   0.143737E+04
   0.468400E+03   0.146072E+04   0.282638E+02   0.849438E+05   0.143737E+04
   0.468500E+03   0.146072E+04   0.282638E+02   0.849438E+05   0.143737E+04
   0.468600E+03   0.146072E+04   0.282638E+02   0.849438E+05   0.143737E+04
   0.468700E+03   0.146072E+04   0.282638E+02   0.849438E+05   0.143737E+04
   0.468800E+03   0.146072E+04   0.282638E+02   0.849438E+05   0.143737E+04
   0.468900E+03   0.146072E+04   0.282638E+02   0.849438E+05   0.143737E+04
   0.469000E+03   0.146072E+04   0.282638E+02   0.849438E+05   0.143737E+04
   0.469100E+03   0.146072E+04   0.282638E+02   0.849438E+05   0.143737E+04
   0.469200E+03   0.146072E+04   0.282638E+02   0.849438E+05   0.143737E+04
   0.469300E+03   0.146072E+04   0.282638E+02   0.849438E+05   0.143737E+04
   0.469400E+03   0.146072E+04   0.282638E+02   0.849438E+05   0.143737E+04
   0.469500E+03   0.146072E+04   0.282638E+02   0.849438E+05   0.143737E+04
   0.469600E+03   0.146072E+04   0.282638E+02   0.849438E+05   0.143737E+04
   0.469700E+03   0.146072E+04   0.282638E+02   0.849438E+05   0.143737E+04
   0.469800E+03   0.146072E+04   0.282638E+02   0.849438E+05   0.143737E+04
   0.469900E+03   0.146072E+04   0.282638E+02   0.849438E+05   0.143737E+04
   0.470000E+03   0.146072E+04   0.282638E+02   0.849438E+05   0.143737E+04
   0.470100E+03   0.146072E+04   0.282638E+02   0.849438E+05   0.143737E+04
   0.470200E+03   0.146072E+04   0.282638E+02   0.849438E+05   0.143737E+04
   0.470300E+03   0.146072E+04   0.282638E+02   0.849438E+05   0.143737E+04
   0.470400E+03   0.146072E+04   0.282638E+02   0.849438E+05   0.143737E+04
   0.470500E+03   0.146072E+04   0.282638E+02   0.849438E+05   0.143737E+04
   0.470600E+03   0.146072E+04   0.282638E+02   0.849438E+05   0.143737E+04
   0.470700E+03   0.146072E+04   0.282638E+02   0.849438E+05   0.143737E+04
   0.470800E+03   0.146072E+04   0.282638E+02   0.849438E+05   0.143737E+04
   0.470900E+03   0.146072E+04   0.282638E+02   0.849438E+05   0.143737E+04
   0.471000E+03   0.146072E+04   0.282638E+02   0.849438E+05   0.143737E+04
   0.471100E+03   0.146072E+04   0.282638E+02   0.849438E+05   0.143737E+04
   0.471200E+03   0.146072E+04   0.282638E+02   0.849438E+05   0.143737E+04
   0.471300E+03   0.146072E+04   0.282638E+02   0.849438E+05   0.143737E+04
   0.471400E+03   0.146072E+04   0.282638E+02   0.849438E+05   0.143737E+04
   0.471500E+03   0.146072E+04   0.282638E+02   0.849438E+05   0.143737E+04
   0.471600E+03   0.146072E+04   0.282638E+02   0.849438E+05   0.143737E+04
   0.471700E+03   0.146072E+04   0.282638E+02   0.849438E+05   0.143737E+04
   0.471800E+03   0.146072E+04   0.282638E+02   0.849438E+05   0.143736E+04
   0.471900E+03   0.146072E+04   0.282638E+02   0.849438E+05   0.143736E+04
   0.472000E+03   0.146072E+04   0.282638E+02   0.849438E+05   0.143736E+04
   0.472100E+03   0.146072E+04   0.282638E+02   0.849438E+05   0.143736E+04
   0.472200E+03   0.146072E+04   0.282638E+02   0.849438E+05   0.143736E+04
   0.472300E+03   0.146072E+04   0.282638E+02   0.849438E+05   0.143736E+04
   0.472400E+03   0.146072E+04   0.282638E+02   0.849438E+05   0.143736E+04
   0.472500E+03   0.146072E+04   0.282638E+02   0.849438E+05   0.143736E+04
   0.472600E+03   0.146072E+04   0.282638E+02   0.849438E+05   0.143736E+04
   0.472700E+03   0.146072E+04   0.282638E+02   0.849438E+05   0.143736E+04
   0.472800E+03   0.146072E+04   0.282638E+02   0.849438E+05   0.143736E+04
   0.472900E+03   0.146072E+04   0.282638E+02   0.849438E+05   0.143736E+04
   0.473000E+03   0.146072E+04   0.282638E+02   0.849438E+05   0.143736E+04
   0.473100E+03   0.146072E+04   0.282638E+02   0.849438E+05   0.143736E+04
   0.473200E+03   0.146072E+04   0.282638E+02   0.849438E+05   0.143736E+04
   0.473300E+03   0.146072E+04   0.282638E+02   0.849438E+05   0.143736E+04
   0.473400E+03   0.146072E+04   0.282638E+02   0.849438E+05   0.143736E+04
   0.473500E+03   0.146072E+04   0.282638E+02   0.849438E+05   0.143736E+04
   0.473600E+03   0.146072E+04   0.282638E+02   0.849438E+05   0.143736E+04
   0.473700E+03   0.146072E+04   0.282638E+02   0.849438E+05   0.143736E+04
   0.473800E+03   0.146072E+04   0.282638E+02   0.849438E+05   0.143736E+04
   0.473900E+03   0.146072E+04   0.282638E+02   0.849438E+05   0.143736E+04
   0.474000E+03   0.146072E+04   0.282638E+02   0.849438E+05   0.143736E+04
   0.474100E+03   0.146072E+04   0.282638E+02   0.849438E+05   0.143736E+04
   0.474200E+03   0.146072E+04   0.282638E+02   0.849438E+05   0.143736E+04
   0.474300E+03   0.146072E+04   0.282638E+02   0.849438E+05   0.143736E+04
   0.474400E+03   0.146072E+04   0.282638E+02   0.849438E+05   0.143736E+04
   0.474500E+03   0.146072E+04   0.282638E+02   0.849438E+05   0.143736E+04
   0.474600E+03   0.146072E+04   0.282638E+02   0.849438E+05   0.143736E+04
   0.474700E+03   0.146072E+04   0.282638E+02   0.849438E+05   0.143736E+04
   0.474800E+03   0.146072E+04   0.282638E+02   0.849438E+05   0.143736E+04
   0.474900E+03   0.146072E+04   0.282638E+02   0.849438E+05   0.143736E+04
   0.475000E+03   0.146072E+04   0.282638E+02   0.849438E+05   0.143736E+04
   0.475100E+03   0.146072E+04   0.282638E+02   0.849438E+05   0.143736E+04
   0.475200E+03   0.146072E+04   0.282638E+02   0.849438E+05   0.143736E+04
   0.475300E+03   0.146072E+04   0.282638E+02   0.849438E+05   0.143736E+04
   0.475400E+03   0.146072E+04   0.282638E+02   0.849438E+05   0.143736E+04
   0.475500E+03   0.146072E+04   0.282638E+02   0.849438E+05   0.143736E+04
   0.475600E+03   0.146072E+04   0.282638E+02   0.849438E+05   0.143736E+04
   0.475700E+03   0.146072E+04   0.282638E+02   0.849438E+05   0.143736E+04
   0.475800E+03   0.146072E+04   0.282638E+02   0.849438E+05   0.143736E+04
   0.475900E+03   0.146072E+04   0.282638E+02   0.849438E+05   0.143736E+04
   0.476000E+03   0.146072E+04   0.282638E+02   0.849438E+05   0.143736E+04
   0.476100E+03   0.146072E+04   0.282638E+02   0.849438E+05   0.143736E+04
   0.476200E+03   0.146072E+04   0.282638E+02   0.849438E+05   0.143736E+04
   0.476300E+03   0.146072E+04   0.282638E+02   0.849438E+05   0.143736E+04
   0.476400E+03   0.146072E+04   0.282638E+02   0.849438E+05   0.143736E+04
   0.476500E+03   0.146072E+04   0.282638E+02   0.849438E+05   0.143736E+04
   0.476600E+03   0.146072E+04   0.282638E+02   0.849438E+05   0.143736E+04
   0.476700E+03   0.146072E+04   0.282638E+02   0.849438E+05   0.143736E+04
   0.476800E+03   0.146072E+04   0.282638E+02   0.849438E+05   0.143736E+04
   0.476900E+03   0.146072E+04   0.282638E+02   0.849438E+05   0.143736E+04
   0.477000E+03   0.146072E+04   0.282638E+02   0.849438E+05   0.143736E+04
   0.477100E+03   0.146072E+04   0.282638E+02   0.849438E+05   0.143736E+04
   0.477200E+03   0.146072E+04   0.282638E+02   0.849438E+05   0.143736E+04
   0.477300E+03   0.146072E+04   0.282638E+02   0.849438E+05   0.143736E+04
   0.477400E+03   0.146072E+04   0.282638E+02   0.849438E+05   0.143736E+04
   0.477500E+03   0.146072E+04   0.282638E+02   0.849438E+05   0.143736E+04
   0.477600E+03   0.146072E+04   0.282638E+02   0.849438E+05   0.143736E+04
   0.477700E+03   0.146072E+04   0.282638E+02   0.849438E+05   0.143736E+04
   0.477800E+03   0.146072E+04   0.282638E+02   0.849438E+05   0.143736E+04
   0.477900E+03   0.146072E+04   0.282638E+02   0.849438E+05   0.143736E+04
   0.478000E+03   0.146072E+04   0.282638E+02   0.849438E+05   0.143736E+04
   0.478100E+03   0.146072E+04   0.282638E+02   0.849438E+05   0.143736E+04
   0.478200E+03   0.146072E+04   0.282638E+02   0.849438E+05   0.143736E+04
   0.478300E+03   0.146072E+04   0.282638E+02   0.849438E+05   0.143736E+04
   0.478400E+03   0.146072E+04   0.282638E+02   0.849438E+05   0.143736E+04
   0.478500E+03   0.146072E+04   0.282638E+02   0.849438E+05   0.143736E+04
   0.478600E+03   0.146072E+04   0.282638E+02   0.849438E+05   0.143736E+04
   0.478700E+03   0.146072E+04   0.282638E+02   0.849438E+05   0.143736E+04
   0.478800E+03   0.146072E+04   0.282638E+02   0.849438E+05   0.143736E+04
   0.478900E+03   0.146072E+04   0.282638E+02   0.849438E+05   0.143736E+04
   0.479000E+03   0.146072E+04   0.282638E+02   0.849438E+05   0.143736E+04
   0.479100E+03   0.146072E+04   0.282638E+02   0.849438E+05   0.143736E+04
   0.479200E+03   0.146072E+04   0.282638E+02   0.849438E+05   0.143736E+04
   0.479300E+03   0.146072E+04   0.282638E+02   0.849438E+05   0.143736E+04
   0.479400E+03   0.146072E+04   0.282638E+02   0.849438E+05   0.143736E+04
   0.479500E+03   0.146072E+04   0.282638E+02   0.849438E+05   0.143736E+04
   0.479600E+03   0.146072E+04   0.282638E+02   0.849438E+05   0.143736E+04
   0.479700E+03   0.146072E+04   0.282638E+02   0.849438E+05   0.143736E+04
   0.479800E+03   0.146072E+04   0.282638E+02   0.849438E+05   0.143736E+04
   0.479900E+03   0.146072E+04   0.282638E+02   0.849438E+05   0.143736E+04
   0.480000E+03   0.146072E+04   0.282638E+02   0.849438E+05   0.143736E+04
   0.480100E+03   0.146072E+04   0.282638E+02   0.849438E+05   0.143736E+04
   0.480200E+03   0.146072E+04   0.282638E+02   0.849438E+05   0.143736E+04
   0.480300E+03   0.146072E+04   0.282638E+02   0.849438E+05   0.143736E+04
   0.480400E+03   0.146072E+04   0.282638E+02   0.849438E+05   0.143736E+04
   0.480500E+03   0.146072E+04   0.282638E+02   0.849438E+05   0.143736E+04
   0.480600E+03   0.146072E+04   0.282638E+02   0.849438E+05   0.143736E+04
   0.480700E+03   0.146072E+04   0.282638E+02   0.849438E+05   0.143736E+04
   0.480800E+03   0.146072E+04   0.282638E+02   0.849438E+05   0.143736E+04
   0.480900E+03   0.146072E+04   0.282638E+02   0.849438E+05   0.143736E+04
   0.481000E+03   0.146072E+04   0.282638E+02   0.849438E+05   0.143736E+04
   0.481100E+03   0.146072E+04   0.282638E+02   0.849438E+05   0.143736E+04
   0.481200E+03   0.146072E+04   0.282638E+02   0.849438E+05   0.143736E+04
   0.481300E+03   0.146072E+04   0.282638E+02   0.849438E+05   0.143736E+04
   0.481400E+03   0.146072E+04   0.282638E+02   0.849438E+05   0.143736E+04
   0.481500E+03   0.146072E+04   0.282638E+02   0.849438E+05   0.143736E+04
   0.481600E+03   0.146072E+04   0.282638E+02   0.849438E+05   0.143736E+04
   0.481700E+03   0.146072E+04   0.282638E+02   0.849438E+05   0.143736E+04
   0.481800E+03   0.146072E+04   0.282638E+02   0.849438E+05   0.143736E+04
   0.481900E+03   0.146072E+04   0.282638E+02   0.849438E+05   0.143736E+04
   0.482000E+03   0.146072E+04   0.282638E+02   0.849438E+05   0.143736E+04
   0.482100E+03   0.146072E+04   0.282638E+02   0.849438E+05   0.143736E+04
   0.482200E+03   0.146072E+04   0.282638E+02   0.849438E+05   0.143736E+04
   0.482300E+03   0.146072E+04   0.282638E+02   0.849438E+05   0.143736E+04
   0.482400E+03   0.146072E+04   0.282638E+02   0.849438E+05   0.143736E+04
   0.482500E+03   0.146072E+04   0.282638E+02   0.849438E+05   0.143736E+04
   0.482600E+03   0.146072E+04   0.282638E+02   0.849438E+05   0.143736E+04
   0.482700E+03   0.146072E+04   0.282638E+02   0.849438E+05   0.143736E+04
   0.482800E+03   0.146072E+04   0.282638E+02   0.849438E+05   0.143736E+04
   0.482900E+03   0.146072E+04   0.282638E+02   0.849438E+05   0.143736E+04
   0.483000E+03   0.146072E+04   0.282638E+02   0.849438E+05   0.143736E+04
   0.483100E+03   0.146072E+04   0.282638E+02   0.849438E+05   0.143736E+04
   0.483200E+03   0.146072E+04   0.282638E+02   0.849438E+05   0.143736E+04
   0.483300E+03   0.146072E+04   0.282638E+02   0.849438E+05   0.143736E+04
   0.483400E+03   0.146072E+04   0.282638E+02   0.849438E+05   0.143736E+04
   0.483500E+03   0.146072E+04   0.282638E+02   0.849438E+05   0.143736E+04
   0.483600E+03   0.146072E+04   0.282638E+02   0.849438E+05   0.143736E+04
   0.483700E+03   0.146072E+04   0.282638E+02   0.849438E+05   0.143736E+04
   0.483800E+03   0.146072E+04   0.282638E+02   0.849438E+05   0.143736E+04
   0.483900E+03   0.146072E+04   0.282638E+02   0.849438E+05   0.143736E+04
   0.484000E+03   0.146072E+04   0.282638E+02   0.849438E+05   0.143736E+04
   0.484100E+03   0.146072E+04   0.282638E+02   0.849438E+05   0.143736E+04
   0.484200E+03   0.146072E+04   0.282638E+02   0.849438E+05   0.143736E+04
   0.484300E+03   0.146072E+04   0.282638E+02   0.849438E+05   0.143736E+04
   0.484400E+03   0.146072E+04   0.282638E+02   0.849438E+05   0.143736E+04
   0.484500E+03   0.146072E+04   0.282638E+02   0.849438E+05   0.143736E+04
   0.484600E+03   0.146072E+04   0.282638E+02   0.849438E+05   0.143736E+04
   0.484700E+03   0.146072E+04   0.282638E+02   0.849438E+05   0.143736E+04
   0.484800E+03   0.146072E+04   0.282638E+02   0.849438E+05   0.143736E+04
   0.484900E+03   0.146072E+04   0.282638E+02   0.849438E+05   0.143736E+04
   0.485000E+03   0.146072E+04   0.282638E+02   0.849438E+05   0.143736E+04
   0.485100E+03   0.146072E+04   0.282638E+02   0.849438E+05   0.143736E+04
   0.485200E+03   0.146072E+04   0.282638E+02   0.849438E+05   0.143736E+04
   0.485300E+03   0.146072E+04   0.282638E+02   0.849438E+05   0.143736E+04
   0.485400E+03   0.146072E+04   0.282638E+02   0.849438E+05   0.143736E+04
   0.485500E+03   0.146072E+04   0.282638E+02   0.849438E+05   0.143736E+04
   0.485600E+03   0.146072E+04   0.282638E+02   0.849438E+05   0.143736E+04
   0.485700E+03   0.146072E+04   0.282638E+02   0.849438E+05   0.143736E+04
   0.485800E+03   0.146072E+04   0.282638E+02   0.849438E+05   0.143736E+04
   0.485900E+03   0.146072E+04   0.282638E+02   0.849438E+05   0.143736E+04
   0.486000E+03   0.146072E+04   0.282638E+02   0.849438E+05   0.143736E+04
   0.486100E+03   0.146072E+04   0.282638E+02   0.849438E+05   0.143736E+04
   0.486200E+03   0.146072E+04   0.282638E+02   0.849438E+05   0.143736E+04
   0.486300E+03   0.146072E+04   0.282638E+02   0.849438E+05   0.143736E+04
   0.486400E+03   0.146072E+04   0.282638E+02   0.849438E+05   0.143736E+04
   0.486500E+03   0.146072E+04   0.282638E+02   0.849438E+05   0.143736E+04
   0.486600E+03   0.146072E+04   0.282638E+02   0.849438E+05   0.143736E+04
   0.486700E+03   0.146072E+04   0.282638E+02   0.849438E+05   0.143736E+04
   0.486800E+03   0.146072E+04   0.282638E+02   0.849438E+05   0.143736E+04
   0.486900E+03   0.146072E+04   0.282638E+02   0.849438E+05   0.143736E+04
   0.487000E+03   0.146072E+04   0.282638E+02   0.849438E+05   0.143736E+04
   0.487100E+03   0.146072E+04   0.282638E+02   0.849438E+05   0.143736E+04
   0.487200E+03   0.146072E+04   0.282638E+02   0.849438E+05   0.143736E+04
   0.487300E+03   0.146072E+04   0.282638E+02   0.849438E+05   0.143736E+04
   0.487400E+03   0.146072E+04   0.282638E+02   0.849438E+05   0.143736E+04
   0.487500E+03   0.146072E+04   0.282638E+02   0.849438E+05   0.143736E+04
   0.487600E+03   0.146072E+04   0.282638E+02   0.849438E+05   0.143736E+04
   0.487700E+03   0.146072E+04   0.282638E+02   0.849438E+05   0.143736E+04
   0.487800E+03   0.146072E+04   0.282638E+02   0.849438E+05   0.143736E+04
   0.487900E+03   0.146072E+04   0.282638E+02   0.849438E+05   0.143736E+04
   0.488000E+03   0.146072E+04   0.282638E+02   0.849438E+05   0.143736E+04
   0.488100E+03   0.146072E+04   0.282638E+02   0.849438E+05   0.143736E+04
   0.488200E+03   0.146072E+04   0.282638E+02   0.849438E+05   0.143736E+04
   0.488300E+03   0.146072E+04   0.282638E+02   0.849438E+05   0.143736E+04
   0.488400E+03   0.146072E+04   0.282638E+02   0.849438E+05   0.143736E+04
   0.488500E+03   0.146072E+04   0.282638E+02   0.849438E+05   0.143736E+04
   0.488600E+03   0.146072E+04   0.282638E+02   0.849438E+05   0.143736E+04
   0.488700E+03   0.146072E+04   0.282638E+02   0.849438E+05   0.143736E+04
   0.488800E+03   0.146072E+04   0.282638E+02   0.849438E+05   0.143736E+04
   0.488900E+03   0.146072E+04   0.282638E+02   0.849438E+05   0.143736E+04
   0.489000E+03   0.146072E+04   0.282638E+02   0.849438E+05   0.143736E+04
   0.489100E+03   0.146072E+04   0.282638E+02   0.849438E+05   0.143736E+04
   0.489200E+03   0.146072E+04   0.282638E+02   0.849438E+05   0.143736E+04
   0.489300E+03   0.146072E+04   0.282638E+02   0.849438E+05   0.143736E+04
   0.489400E+03   0.146072E+04   0.282638E+02   0.849438E+05   0.143736E+04
   0.489500E+03   0.146072E+04   0.282638E+02   0.849438E+05   0.143736E+04
   0.489600E+03   0.146072E+04   0.282638E+02   0.849438E+05   0.143736E+04
   0.489700E+03   0.146072E+04   0.282638E+02   0.849438E+05   0.143736E+04
   0.489800E+03   0.146072E+04   0.282638E+02   0.849438E+05   0.143736E+04
   0.489900E+03   0.146072E+04   0.282638E+02   0.849438E+05   0.143736E+04
   0.490000E+03   0.146072E+04   0.282638E+02   0.849438E+05   0.143736E+04
   0.490100E+03   0.146072E+04   0.282638E+02   0.849438E+05   0.143736E+04
   0.490200E+03   0.146072E+04   0.282638E+02   0.849438E+05   0.143736E+04
   0.490300E+03   0.146072E+04   0.282638E+02   0.849438E+05   0.143736E+04
   0.490400E+03   0.146072E+04   0.282638E+02   0.849438E+05   0.143736E+04
   0.490500E+03   0.146072E+04   0.282638E+02   0.849438E+05   0.143736E+04
   0.490600E+03   0.146072E+04   0.282638E+02   0.849438E+05   0.143736E+04
   0.490700E+03   0.146072E+04   0.282638E+02   0.849438E+05   0.143736E+04
   0.490800E+03   0.146072E+04   0.282638E+02   0.849438E+05   0.143736E+04
   0.490900E+03   0.146072E+04   0.282638E+02   0.849438E+05   0.143736E+04
   0.491000E+03   0.146072E+04   0.282638E+02   0.849438E+05   0.143736E+04
   0.491100E+03   0.146072E+04   0.282638E+02   0.849438E+05   0.143736E+04
   0.491200E+03   0.146072E+04   0.282638E+02   0.849438E+05   0.143736E+04
   0.491300E+03   0.146072E+04   0.282638E+02   0.849438E+05   0.143736E+04
   0.491400E+03   0.146072E+04   0.282638E+02   0.849438E+05   0.143736E+04
   0.491500E+03   0.146072E+04   0.282638E+02   0.849438E+05   0.143736E+04
   0.491600E+03   0.146072E+04   0.282638E+02   0.849438E+05   0.143736E+04
   0.491700E+03   0.146072E+04   0.282638E+02   0.849438E+05   0.143736E+04
   0.491800E+03   0.146072E+04   0.282638E+02   0.849438E+05   0.143736E+04
   0.491900E+03   0.146072E+04   0.282638E+02   0.849438E+05   0.143736E+04
   0.492000E+03   0.146072E+04   0.282638E+02   0.849438E+05   0.143736E+04
   0.492100E+03   0.146072E+04   0.282638E+02   0.849438E+05   0.143736E+04
   0.492200E+03   0.146072E+04   0.282638E+02   0.849438E+05   0.143736E+04
   0.492300E+03   0.146072E+04   0.282638E+02   0.849438E+05   0.143736E+04
   0.492400E+03   0.146072E+04   0.282638E+02   0.849438E+05   0.143736E+04
   0.492500E+03   0.146072E+04   0.282638E+02   0.849438E+05   0.143736E+04
   0.492600E+03   0.146072E+04   0.282638E+02   0.849438E+05   0.143736E+04
   0.492700E+03   0.146072E+04   0.282638E+02   0.849438E+05   0.143736E+04
   0.492800E+03   0.146072E+04   0.282638E+02   0.849438E+05   0.143736E+04
   0.492900E+03   0.146072E+04   0.282638E+02   0.849438E+05   0.143736E+04
   0.493000E+03   0.146072E+04   0.282638E+02   0.849438E+05   0.143736E+04
   0.493100E+03   0.146072E+04   0.282638E+02   0.849438E+05   0.143736E+04
   0.493200E+03   0.146072E+04   0.282638E+02   0.849438E+05   0.143736E+04
   0.493300E+03   0.146072E+04   0.282638E+02   0.849438E+05   0.143736E+04
   0.493400E+03   0.146072E+04   0.282638E+02   0.849438E+05   0.143736E+04
   0.493500E+03   0.146072E+04   0.282638E+02   0.849438E+05   0.143736E+04
   0.493600E+03   0.146072E+04   0.282638E+02   0.849438E+05   0.143736E+04
   0.493700E+03   0.146072E+04   0.282638E+02   0.849438E+05   0.143736E+04
   0.493800E+03   0.146072E+04   0.282638E+02   0.849438E+05   0.143736E+04
   0.493900E+03   0.146072E+04   0.282638E+02   0.849438E+05   0.143736E+04
   0.494000E+03   0.146072E+04   0.282638E+02   0.849438E+05   0.143736E+04
   0.494100E+03   0.146072E+04   0.282638E+02   0.849438E+05   0.143736E+04
   0.494200E+03   0.146072E+04   0.282638E+02   0.849438E+05   0.143736E+04
   0.494300E+03   0.146072E+04   0.282638E+02   0.849438E+05   0.143736E+04
   0.494400E+03   0.146072E+04   0.282638E+02   0.849438E+05   0.143736E+04
   0.494500E+03   0.146072E+04   0.282638E+02   0.849438E+05   0.143736E+04
   0.494600E+03   0.146072E+04   0.282638E+02   0.849438E+05   0.143736E+04
   0.494700E+03   0.146072E+04   0.282638E+02   0.849438E+05   0.143736E+04
   0.494800E+03   0.146072E+04   0.282638E+02   0.849438E+05   0.143736E+04
   0.494900E+03   0.146072E+04   0.282638E+02   0.849438E+05   0.143736E+04
   0.495000E+03   0.146072E+04   0.282638E+02   0.849438E+05   0.143736E+04
   0.495100E+03   0.146072E+04   0.282638E+02   0.849438E+05   0.143736E+04
   0.495200E+03   0.146072E+04   0.282638E+02   0.849438E+05   0.143736E+04
   0.495300E+03   0.146072E+04   0.282638E+02   0.849438E+05   0.143736E+04
   0.495400E+03   0.146072E+04   0.282638E+02   0.849438E+05   0.143736E+04
   0.495500E+03   0.146072E+04   0.282638E+02   0.849438E+05   0.143736E+04
   0.495600E+03   0.146072E+04   0.282638E+02   0.849438E+05   0.143736E+04
   0.495700E+03   0.146072E+04   0.282638E+02   0.849438E+05   0.143736E+04
   0.495800E+03   0.146072E+04   0.282638E+02   0.849438E+05   0.143736E+04
   0.495900E+03   0.146072E+04   0.282638E+02   0.849438E+05   0.143736E+04
   0.496000E+03   0.146072E+04   0.282638E+02   0.849438E+05   0.143736E+04
   0.496100E+03   0.146072E+04   0.282638E+02   0.849438E+05   0.143736E+04
   0.496200E+03   0.146072E+04   0.282638E+02   0.849438E+05   0.143736E+04
   0.496300E+03   0.146072E+04   0.282638E+02   0.849438E+05   0.143736E+04
   0.496400E+03   0.146072E+04   0.282638E+02   0.849438E+05   0.143736E+04
   0.496500E+03   0.146072E+04   0.282638E+02   0.849438E+05   0.143736E+04
   0.496600E+03   0.146072E+04   0.282638E+02   0.849438E+05   0.143736E+04
   0.496700E+03   0.146072E+04   0.282638E+02   0.849438E+05   0.143736E+04
   0.496800E+03   0.146072E+04   0.282638E+02   0.849438E+05   0.143736E+04
   0.496900E+03   0.146072E+04   0.282638E+02   0.849438E+05   0.143736E+04
   0.497000E+03   0.146072E+04   0.282638E+02   0.849438E+05   0.143736E+04
   0.497100E+03   0.146072E+04   0.282638E+02   0.849438E+05   0.143736E+04
   0.497200E+03   0.146072E+04   0.282638E+02   0.849438E+05   0.143736E+04
   0.497300E+03   0.146072E+04   0.282638E+02   0.849438E+05   0.143736E+04
   0.497400E+03   0.146072E+04   0.282638E+02   0.849438E+05   0.143736E+04
   0.497500E+03   0.146072E+04   0.282638E+02   0.849438E+05   0.143736E+04
   0.497600E+03   0.146072E+04   0.282638E+02   0.849438E+05   0.143736E+04
   0.497700E+03   0.146072E+04   0.282638E+02   0.849438E+05   0.143736E+04
   0.497800E+03   0.146072E+04   0.282638E+02   0.849438E+05   0.143736E+04
   0.497900E+03   0.146072E+04   0.282638E+02   0.849438E+05   0.143736E+04
   0.498000E+03   0.146072E+04   0.282638E+02   0.849438E+05   0.143736E+04
   0.498100E+03   0.146072E+04   0.282638E+02   0.849438E+05   0.143736E+04
   0.498200E+03   0.146072E+04   0.282638E+02   0.849438E+05   0.143736E+04
   0.498300E+03   0.146072E+04   0.282638E+02   0.849438E+05   0.143736E+04
   0.498400E+03   0.146072E+04   0.282638E+02   0.849438E+05   0.143736E+04
   0.498500E+03   0.146072E+04   0.282638E+02   0.849438E+05   0.143736E+04
   0.498600E+03   0.146072E+04   0.282638E+02   0.849438E+05   0.143736E+04
   0.498700E+03   0.146072E+04   0.282638E+02   0.849438E+05   0.143736E+04
   0.498800E+03   0.146072E+04   0.282638E+02   0.849438E+05   0.143736E+04
   0.498900E+03   0.146072E+04   0.282638E+02   0.849438E+05   0.143736E+04
   0.499000E+03   0.146072E+04   0.282638E+02   0.849438E+05   0.143736E+04
   0.499100E+03   0.146072E+04   0.282638E+02   0.849438E+05   0.143736E+04
   0.499200E+03   0.146072E+04   0.282638E+02   0.849438E+05   0.143736E+04
   0.499300E+03   0.146072E+04   0.282638E+02   0.849438E+05   0.143736E+04
   0.499400E+03   0.146072E+04   0.282638E+02   0.849438E+05   0.143736E+04
   0.499500E+03   0.146072E+04   0.282638E+02   0.849438E+05   0.143736E+04
   0.499600E+03   0.146072E+04   0.282638E+02   0.849438E+05   0.143736E+04
   0.499700E+03   0.146072E+04   0.282638E+02   0.849438E+05   0.143736E+04
   0.499800E+03   0.146072E+04   0.282638E+02   0.849438E+05   0.143736E+04
   0.499900E+03   0.146072E+04   0.282638E+02   0.849438E+05   0.143736E+04
