   0.000000E+00   0.648337E-04   0.438576E-07   0.851129E-02   0.361802E-07
   0.100000E+00   0.646818E-04   0.132899E-06   0.844878E-02   0.150851E-06
   0.200000E+00   0.644207E-04   0.252740E-06   0.838696E-02   0.369031E-06
   0.300000E+00   0.640552E-04   0.395312E-06   0.832575E-02   0.709902E-06
   0.400000E+00   0.636026E-04   0.554720E-06   0.826507E-02   0.118154E-05
   0.500000E+00   0.630859E-04   0.721030E-06   0.820484E-02   0.178971E-05
   0.600000E+00   0.625278E-04   0.881942E-06   0.814502E-02   0.253240E-05
   0.700000E+00   0.619474E-04   0.102752E-05   0.808557E-02   0.340140E-05
   0.800000E+00   0.613587E-04   0.115314E-05   0.802646E-02   0.438913E-05
   0.900000E+00   0.607709E-04   0.126003E-05   0.796767E-02   0.548191E-05
   0.100000E+01   0.601902E-04   0.135287E-05   0.790919E-02   0.666701E-05
   0.110000E+01   0.596203E-04   0.143684E-05   0.785103E-02   0.793683E-05
   0.120000E+01   0.590641E-04   0.151818E-05   0.779317E-02   0.928316E-05
   0.130000E+01   0.585265E-04   0.160016E-05   0.773562E-02   0.107065E-04
   0.140000E+01   0.580176E-04   0.168433E-05   0.767839E-02   0.122045E-04
   0.150000E+01   0.575635E-04   0.177288E-05   0.762151E-02   0.137730E-04
   0.160000E+01   0.572381E-04   0.186680E-05   0.756506E-02   0.154227E-04
   0.170000E+01   0.572499E-04   0.197618E-05   0.750922E-02   0.171635E-04
   0.180000E+01   0.581550E-04   0.214166E-05   0.745445E-02   0.190379E-04
   0.190000E+01   0.613579E-04   0.260137E-05   0.740200E-02   0.211430E-04
   0.200000E+01   0.702270E-04   0.429711E-05   0.735485E-02   0.237626E-04
   0.210000E+01   0.924438E-04   0.939903E-05   0.732000E-02   0.277956E-04
   0.220000E+01   0.144709E-03   0.220793E-04   0.731314E-02   0.362824E-04
   0.230000E+01   0.261721E-03   0.509640E-04   0.736788E-02   0.579116E-04
   0.240000E+01   0.512506E-03   0.113474E-03   0.755342E-02   0.111154E-03
   0.250000E+01   0.102878E-02   0.243081E-03   0.800662E-02   0.230205E-03
   0.260000E+01   0.205182E-02   0.501284E-03   0.898801E-02   0.479088E-03
   0.270000E+01   0.400642E-02   0.996427E-03   0.109754E-01   0.975962E-03
   0.280000E+01   0.761212E-02   0.191187E-02   0.148137E-01   0.193076E-02
   0.290000E+01   0.140437E-01   0.354585E-02   0.219468E-01   0.370272E-02
   0.300000E+01   0.251489E-01   0.636558E-02   0.347591E-01   0.688456E-02
   0.310000E+01   0.437315E-01   0.110758E-01   0.570606E-01   0.124209E-01
   0.320000E+01   0.738991E-01   0.186999E-01   0.947479E-01   0.217667E-01
   0.330000E+01   0.121464E+00   0.306709E-01   0.156669E+00   0.370913E-01
   0.340000E+01   0.194368E+00   0.489234E-01   0.255700E+00   0.615268E-01
   0.350000E+01   0.303099E+00   0.759708E-01   0.410038E+00   0.994538E-01
   0.360000E+01   0.461038E+00   0.114964E+00   0.644660E+00   0.156816E+00
   0.370000E+01   0.684690E+00   0.169697E+00   0.992913E+00   0.241433E+00
   0.380000E+01   0.993711E+00   0.244562E+00   0.149811E+01   0.363294E+00
   0.390000E+01   0.141068E+01   0.344427E+00   0.221500E+01   0.534782E+00
   0.400000E+01   0.196062E+01   0.474460E+00   0.321105E+01   0.770809E+00
   0.410000E+01   0.267014E+01   0.639853E+00   0.456722E+01   0.108881E+01
   0.420000E+01   0.356641E+01   0.845501E+00   0.637828E+01   0.150861E+01
   0.430000E+01   0.467584E+01   0.109565E+01   0.875246E+01   0.205201E+01
   0.440000E+01   0.602265E+01   0.139358E+01   0.118104E+02   0.274239E+01
   0.450000E+01   0.762748E+01   0.174125E+01   0.156832E+02   0.360398E+01
   0.460000E+01   0.950612E+01   0.213905E+01   0.205102E+02   0.466102E+01
   0.470000E+01   0.116684E+02   0.258569E+01   0.264360E+02   0.593706E+01
   0.480000E+01   0.141178E+02   0.307818E+01   0.336070E+02   0.745399E+01
   0.490000E+01   0.168505E+02   0.361186E+01   0.421681E+02   0.923125E+01
   0.500000E+01   0.198564E+02   0.418073E+01   0.522591E+02   0.112852E+02
   0.510000E+01   0.231190E+02   0.477763E+01   0.640117E+02   0.136286E+02
   0.520000E+01   0.266167E+02   0.539472E+01   0.775468E+02   0.162701E+02
   0.530000E+01   0.303239E+02   0.602375E+01   0.929725E+02   0.192143E+02
   0.540000E+01   0.342122E+02   0.665662E+01   0.110383E+03   0.224618E+02
   0.550000E+01   0.382519E+02   0.728560E+01   0.129855E+03   0.260090E+02
   0.560000E+01   0.424131E+02   0.790379E+01   0.151454E+03   0.298495E+02
   0.570000E+01   0.466670E+02   0.850518E+01   0.175227E+03   0.339734E+02
   0.580000E+01   0.509867E+02   0.908494E+01   0.201209E+03   0.383685E+02
   0.590000E+01   0.553480E+02   0.963937E+01   0.229420E+03   0.430212E+02
   0.600000E+01   0.597294E+02   0.101659E+02   0.259872E+03   0.479162E+02
   0.610000E+01   0.641130E+02   0.106627E+02   0.292563E+03   0.530379E+02
   0.620000E+01   0.684839E+02   0.111293E+02   0.327487E+03   0.583705E+02
   0.630000E+01   0.728305E+02   0.115655E+02   0.364627E+03   0.638976E+02
   0.640000E+01   0.771440E+02   0.119721E+02   0.403964E+03   0.696035E+02
   0.650000E+01   0.814181E+02   0.123499E+02   0.445473E+03   0.754733E+02
   0.660000E+01   0.856489E+02   0.127005E+02   0.489128E+03   0.814930E+02
   0.670000E+01   0.898346E+02   0.130252E+02   0.534900E+03   0.876482E+02
   0.680000E+01   0.939745E+02   0.133257E+02   0.582758E+03   0.939269E+02
   0.690000E+01   0.980696E+02   0.136035E+02   0.632673E+03   0.100317E+03
   0.700000E+01   0.102122E+03   0.138606E+02   0.684616E+03   0.106806E+03
   0.710000E+01   0.106134E+03   0.140983E+02   0.738556E+03   0.113385E+03
   0.720000E+01   0.110108E+03   0.143183E+02   0.794467E+03   0.120044E+03
   0.730000E+01   0.114049E+03   0.145220E+02   0.852321E+03   0.126774E+03
   0.740000E+01   0.117958E+03   0.147110E+02   0.912091E+03   0.133566E+03
   0.750000E+01   0.121838E+03   0.148865E+02   0.973753E+03   0.140413E+03
   0.760000E+01   0.125692E+03   0.150500E+02   0.103728E+04   0.147305E+03
   0.770000E+01   0.129521E+03   0.152027E+02   0.110264E+04   0.154240E+03
   0.780000E+01   0.133327E+03   0.153457E+02   0.116982E+04   0.161207E+03
   0.790000E+01   0.137111E+03   0.154804E+02   0.123879E+04   0.168204E+03
   0.800000E+01   0.140873E+03   0.156076E+02   0.130952E+04   0.175225E+03
   0.810000E+01   0.144613E+03   0.157283E+02   0.138199E+04   0.182265E+03
   0.820000E+01   0.148332E+03   0.158435E+02   0.145616E+04   0.189320E+03
   0.830000E+01   0.152029E+03   0.159536E+02   0.153201E+04   0.196386E+03
   0.840000E+01   0.155705E+03   0.160595E+02   0.160951E+04   0.203461E+03
   0.850000E+01   0.159359E+03   0.161618E+02   0.168864E+04   0.210537E+03
   0.860000E+01   0.162992E+03   0.162610E+02   0.176935E+04   0.217614E+03
   0.870000E+01   0.166604E+03   0.163574E+02   0.185164E+04   0.224695E+03
   0.880000E+01   0.170198E+03   0.164517E+02   0.193546E+04   0.231770E+03
   0.890000E+01   0.173773E+03   0.165442E+02   0.202079E+04   0.238839E+03
   0.900000E+01   0.177332E+03   0.166356E+02   0.210761E+04   0.245901E+03
   0.910000E+01   0.180877E+03   0.167263E+02   0.219589E+04   0.252957E+03
   0.920000E+01   0.184410E+03   0.168162E+02   0.228563E+04   0.260003E+03
   0.930000E+01   0.187933E+03   0.169059E+02   0.237679E+04   0.267042E+03
   0.940000E+01   0.191448E+03   0.169961E+02   0.246936E+04   0.274070E+03
   0.950000E+01   0.194958E+03   0.170863E+02   0.256332E+04   0.281090E+03
   0.960000E+01   0.198464E+03   0.171774E+02   0.265867E+04   0.288101E+03
   0.970000E+01   0.201968E+03   0.172692E+02   0.275539E+04   0.295105E+03
   0.980000E+01   0.205473E+03   0.173620E+02   0.285347E+04   0.302101E+03
   0.990000E+01   0.208979E+03   0.174563E+02   0.295291E+04   0.309090E+03
   0.100000E+02   0.212488E+03   0.175515E+02   0.305368E+04   0.316078E+03
   0.101000E+02   0.215999E+03   0.176481E+02   0.315580E+04   0.323063E+03
   0.102000E+02   0.219512E+03   0.177460E+02   0.325924E+04   0.330045E+03
   0.103000E+02   0.223029E+03   0.178453E+02   0.336401E+04   0.337028E+03
   0.104000E+02   0.226547E+03   0.179455E+02   0.347008E+04   0.344015E+03
   0.105000E+02   0.230066E+03   0.180470E+02   0.357745E+04   0.351005E+03
   0.106000E+02   0.233586E+03   0.181494E+02   0.368611E+04   0.357999E+03
   0.107000E+02   0.237103E+03   0.182526E+02   0.379604E+04   0.365002E+03
   0.108000E+02   0.240618E+03   0.183560E+02   0.390723E+04   0.372007E+03
   0.109000E+02   0.244128E+03   0.184599E+02   0.401966E+04   0.379023E+03
   0.110000E+02   0.247631E+03   0.185637E+02   0.413332E+04   0.386047E+03
   0.111000E+02   0.251127E+03   0.186675E+02   0.424818E+04   0.393079E+03
   0.112000E+02   0.254613E+03   0.187709E+02   0.436422E+04   0.400119E+03
   0.113000E+02   0.258087E+03   0.188738E+02   0.448141E+04   0.407170E+03
   0.114000E+02   0.261549E+03   0.189760E+02   0.459975E+04   0.414224E+03
   0.115000E+02   0.264997E+03   0.190774E+02   0.471919E+04   0.421288E+03
   0.116000E+02   0.268431E+03   0.191775E+02   0.483971E+04   0.428354E+03
   0.117000E+02   0.271848E+03   0.192766E+02   0.496129E+04   0.435430E+03
   0.118000E+02   0.275250E+03   0.193743E+02   0.508391E+04   0.442506E+03
   0.119000E+02   0.278636E+03   0.194709E+02   0.520752E+04   0.449584E+03
   0.120000E+02   0.282004E+03   0.195660E+02   0.533211E+04   0.456662E+03
   0.121000E+02   0.285356E+03   0.196597E+02   0.545766E+04   0.463742E+03
   0.122000E+02   0.288692E+03   0.197521E+02   0.558412E+04   0.470817E+03
   0.123000E+02   0.292011E+03   0.198432E+02   0.571148E+04   0.477891E+03
   0.124000E+02   0.295315E+03   0.199330E+02   0.583972E+04   0.484957E+03
   0.125000E+02   0.298603E+03   0.200215E+02   0.596881E+04   0.492016E+03
   0.126000E+02   0.301876E+03   0.201091E+02   0.609873E+04   0.499068E+03
   0.127000E+02   0.305135E+03   0.201955E+02   0.622945E+04   0.506111E+03
   0.128000E+02   0.308380E+03   0.202808E+02   0.636095E+04   0.513141E+03
   0.129000E+02   0.311612E+03   0.203653E+02   0.649321E+04   0.520160E+03
   0.130000E+02   0.314832E+03   0.204490E+02   0.662622E+04   0.527164E+03
   0.131000E+02   0.318039E+03   0.205316E+02   0.675995E+04   0.534154E+03
   0.132000E+02   0.321236E+03   0.206135E+02   0.689438E+04   0.541129E+03
   0.133000E+02   0.324421E+03   0.206951E+02   0.702950E+04   0.548088E+03
   0.134000E+02   0.327596E+03   0.207754E+02   0.716529E+04   0.555032E+03
   0.135000E+02   0.330761E+03   0.208558E+02   0.730173E+04   0.561958E+03
   0.136000E+02   0.333916E+03   0.209352E+02   0.743881E+04   0.568862E+03
   0.137000E+02   0.337062E+03   0.210142E+02   0.757652E+04   0.575750E+03
   0.138000E+02   0.340200E+03   0.210926E+02   0.771483E+04   0.582618E+03
   0.139000E+02   0.343328E+03   0.211706E+02   0.785374E+04   0.589466E+03
   0.140000E+02   0.346448E+03   0.212482E+02   0.799322E+04   0.596294E+03
   0.141000E+02   0.349560E+03   0.213255E+02   0.813328E+04   0.603102E+03
   0.142000E+02   0.352664E+03   0.214022E+02   0.827388E+04   0.609888E+03
   0.143000E+02   0.355760E+03   0.214786E+02   0.841503E+04   0.616651E+03
   0.144000E+02   0.358849E+03   0.215546E+02   0.855670E+04   0.623391E+03
   0.145000E+02   0.361930E+03   0.216303E+02   0.869889E+04   0.630114E+03
   0.146000E+02   0.365003E+03   0.217055E+02   0.884158E+04   0.636811E+03
   0.147000E+02   0.368069E+03   0.217805E+02   0.898477E+04   0.643485E+03
   0.148000E+02   0.371128E+03   0.218552E+02   0.912843E+04   0.650140E+03
   0.149000E+02   0.374180E+03   0.219295E+02   0.927257E+04   0.656768E+03
   0.150000E+02   0.377225E+03   0.220032E+02   0.941716E+04   0.663373E+03
   0.151000E+02   0.380262E+03   0.220767E+02   0.956218E+04   0.669950E+03
   0.152000E+02   0.383293E+03   0.221501E+02   0.970767E+04   0.676516E+03
   0.153000E+02   0.386317E+03   0.222231E+02   0.985356E+04   0.683050E+03
   0.154000E+02   0.389334E+03   0.222958E+02   0.999988E+04   0.689562E+03
   0.155000E+02   0.392344E+03   0.223681E+02   0.101466E+05   0.696055E+03
   0.156000E+02   0.395347E+03   0.224402E+02   0.102937E+05   0.702515E+03
   0.157000E+02   0.398344E+03   0.225119E+02   0.104412E+05   0.708954E+03
   0.158000E+02   0.401334E+03   0.225835E+02   0.105891E+05   0.715366E+03
   0.159000E+02   0.404317E+03   0.226549E+02   0.107373E+05   0.721768E+03
   0.160000E+02   0.407294E+03   0.227255E+02   0.108859E+05   0.728143E+03
   0.161000E+02   0.410264E+03   0.227962E+02   0.110348E+05   0.734486E+03
   0.162000E+02   0.413228E+03   0.228665E+02   0.111841E+05   0.740814E+03
   0.163000E+02   0.416185E+03   0.229367E+02   0.113337E+05   0.747101E+03
   0.164000E+02   0.419136E+03   0.230062E+02   0.114836E+05   0.753368E+03
   0.165000E+02   0.422080E+03   0.230759E+02   0.116339E+05   0.759633E+03
   0.166000E+02   0.425018E+03   0.231449E+02   0.117844E+05   0.765856E+03
   0.167000E+02   0.427949E+03   0.232138E+02   0.119352E+05   0.772057E+03
   0.168000E+02   0.430874E+03   0.232824E+02   0.120864E+05   0.778236E+03
   0.169000E+02   0.433793E+03   0.233507E+02   0.122377E+05   0.784374E+03
   0.170000E+02   0.436705E+03   0.234187E+02   0.123894E+05   0.790512E+03
   0.171000E+02   0.439611E+03   0.234866E+02   0.125413E+05   0.796625E+03
   0.172000E+02   0.442511E+03   0.235541E+02   0.126934E+05   0.802703E+03
   0.173000E+02   0.445405E+03   0.236212E+02   0.128459E+05   0.808750E+03
   0.174000E+02   0.448292E+03   0.236882E+02   0.129985E+05   0.814786E+03
   0.175000E+02   0.451173E+03   0.237546E+02   0.131514E+05   0.820801E+03
   0.176000E+02   0.454049E+03   0.238209E+02   0.133045E+05   0.826792E+03
   0.177000E+02   0.456917E+03   0.238868E+02   0.134578E+05   0.832745E+03
   0.178000E+02   0.459780E+03   0.239526E+02   0.136113E+05   0.838683E+03
   0.179000E+02   0.462637E+03   0.240178E+02   0.137651E+05   0.844596E+03
   0.180000E+02   0.465487E+03   0.240828E+02   0.139190E+05   0.850486E+03
   0.181000E+02   0.468331E+03   0.241478E+02   0.140731E+05   0.856359E+03
   0.182000E+02   0.471169E+03   0.242120E+02   0.142274E+05   0.862210E+03
   0.183000E+02   0.474002E+03   0.242763E+02   0.143818E+05   0.868015E+03
   0.184000E+02   0.476828E+03   0.243403E+02   0.145364E+05   0.873822E+03
   0.185000E+02   0.479648E+03   0.244040E+02   0.146912E+05   0.879578E+03
   0.186000E+02   0.482462E+03   0.244671E+02   0.148461E+05   0.885349E+03
   0.187000E+02   0.485270E+03   0.245301E+02   0.150012E+05   0.891060E+03
   0.188000E+02   0.488072E+03   0.245928E+02   0.151564E+05   0.896776E+03
   0.189000E+02   0.490868E+03   0.246551E+02   0.153118E+05   0.902430E+03
   0.190000E+02   0.493658E+03   0.247173E+02   0.154673E+05   0.908105E+03
   0.191000E+02   0.496442E+03   0.247790E+02   0.156229E+05   0.913750E+03
   0.192000E+02   0.499220E+03   0.248405E+02   0.157786E+05   0.919333E+03
   0.193000E+02   0.501992E+03   0.249018E+02   0.159344E+05   0.924926E+03
   0.194000E+02   0.504758E+03   0.249625E+02   0.160903E+05   0.930482E+03
   0.195000E+02   0.507518E+03   0.250231E+02   0.162464E+05   0.936017E+03
   0.196000E+02   0.510272E+03   0.250834E+02   0.164025E+05   0.941528E+03
   0.197000E+02   0.513020E+03   0.251431E+02   0.165587E+05   0.947030E+03
   0.198000E+02   0.515763E+03   0.252030E+02   0.167150E+05   0.952477E+03
   0.199000E+02   0.518499E+03   0.252622E+02   0.168713E+05   0.957933E+03
   0.200000E+02   0.521229E+03   0.253214E+02   0.170278E+05   0.963354E+03
   0.201000E+02   0.523953E+03   0.253799E+02   0.171843E+05   0.968728E+03
   0.202000E+02   0.526672E+03   0.254384E+02   0.173408E+05   0.974107E+03
   0.203000E+02   0.529385E+03   0.254965E+02   0.174974E+05   0.979467E+03
   0.204000E+02   0.532091E+03   0.255544E+02   0.176541E+05   0.984788E+03
   0.205000E+02   0.534792E+03   0.256118E+02   0.178108E+05   0.990100E+03
   0.206000E+02   0.537487E+03   0.256689E+02   0.179676E+05   0.995380E+03
   0.207000E+02   0.540176E+03   0.257259E+02   0.181244E+05   0.100065E+04
   0.208000E+02   0.542859E+03   0.257826E+02   0.182812E+05   0.100585E+04
   0.209000E+02   0.545536E+03   0.258388E+02   0.184380E+05   0.101106E+04
   0.210000E+02   0.548207E+03   0.258948E+02   0.185949E+05   0.101626E+04
   0.211000E+02   0.550872E+03   0.259507E+02   0.187518E+05   0.102142E+04
   0.212000E+02   0.553532E+03   0.260058E+02   0.189087E+05   0.102658E+04
   0.213000E+02   0.556185E+03   0.260609E+02   0.190656E+05   0.103169E+04
   0.214000E+02   0.558833E+03   0.261158E+02   0.192225E+05   0.103677E+04
   0.215000E+02   0.561474E+03   0.261702E+02   0.193794E+05   0.104183E+04
   0.216000E+02   0.564110E+03   0.262245E+02   0.195363E+05   0.104690E+04
   0.217000E+02   0.566740E+03   0.262785E+02   0.196932E+05   0.105193E+04
   0.218000E+02   0.569364E+03   0.263320E+02   0.198500E+05   0.105693E+04
   0.219000E+02   0.571982E+03   0.263855E+02   0.200069E+05   0.106193E+04
   0.220000E+02   0.574594E+03   0.264385E+02   0.201637E+05   0.106688E+04
   0.221000E+02   0.577200E+03   0.264911E+02   0.203205E+05   0.107184E+04
   0.222000E+02   0.579801E+03   0.265436E+02   0.204773E+05   0.107673E+04
   0.223000E+02   0.582395E+03   0.265958E+02   0.206340E+05   0.108164E+04
   0.224000E+02   0.584984E+03   0.266479E+02   0.207907E+05   0.108649E+04
   0.225000E+02   0.587566E+03   0.266993E+02   0.209474E+05   0.109135E+04
   0.226000E+02   0.590143E+03   0.267506E+02   0.211040E+05   0.109617E+04
   0.227000E+02   0.592714E+03   0.268017E+02   0.212606E+05   0.110097E+04
   0.228000E+02   0.595279E+03   0.268523E+02   0.214171E+05   0.110577E+04
   0.229000E+02   0.597838E+03   0.269029E+02   0.215735E+05   0.111052E+04
   0.230000E+02   0.600391E+03   0.269531E+02   0.217299E+05   0.111524E+04
   0.231000E+02   0.602939E+03   0.270030E+02   0.218862E+05   0.111997E+04
   0.232000E+02   0.605480E+03   0.270526E+02   0.220425E+05   0.112466E+04
   0.233000E+02   0.608015E+03   0.271020E+02   0.221987E+05   0.112932E+04
   0.234000E+02   0.610545E+03   0.271508E+02   0.223548E+05   0.113400E+04
   0.235000E+02   0.613068E+03   0.271999E+02   0.225108E+05   0.113862E+04
   0.236000E+02   0.615586E+03   0.272483E+02   0.226668E+05   0.114321E+04
   0.237000E+02   0.618098E+03   0.272967E+02   0.228226E+05   0.114781E+04
   0.238000E+02   0.620603E+03   0.273447E+02   0.229784E+05   0.115234E+04
   0.239000E+02   0.623103E+03   0.273924E+02   0.231341E+05   0.115691E+04
   0.240000E+02   0.625598E+03   0.274397E+02   0.232897E+05   0.116141E+04
   0.241000E+02   0.628086E+03   0.274869E+02   0.234451E+05   0.116594E+04
   0.242000E+02   0.630568E+03   0.275336E+02   0.236005E+05   0.117040E+04
   0.243000E+02   0.633044E+03   0.275803E+02   0.237558E+05   0.117486E+04
   0.244000E+02   0.635514E+03   0.276268E+02   0.239110E+05   0.117931E+04
   0.245000E+02   0.637979E+03   0.276728E+02   0.240660E+05   0.118373E+04
   0.246000E+02   0.640437E+03   0.277185E+02   0.242210E+05   0.118810E+04
   0.247000E+02   0.642890E+03   0.277640E+02   0.243758E+05   0.119248E+04
   0.248000E+02   0.645337E+03   0.278094E+02   0.245305E+05   0.119682E+04
   0.249000E+02   0.647777E+03   0.278544E+02   0.246850E+05   0.120115E+04
   0.250000E+02   0.650212E+03   0.278989E+02   0.248395E+05   0.120546E+04
   0.251000E+02   0.652641E+03   0.279437E+02   0.249938E+05   0.120976E+04
   0.252000E+02   0.655064E+03   0.279880E+02   0.251480E+05   0.121402E+04
   0.253000E+02   0.657481E+03   0.280318E+02   0.253021E+05   0.121827E+04
   0.254000E+02   0.659892E+03   0.280756E+02   0.254560E+05   0.122251E+04
   0.255000E+02   0.662297E+03   0.281189E+02   0.256098E+05   0.122668E+04
   0.256000E+02   0.664697E+03   0.281618E+02   0.257634E+05   0.123088E+04
   0.257000E+02   0.667090E+03   0.282048E+02   0.259169E+05   0.123504E+04
   0.258000E+02   0.669478E+03   0.282476E+02   0.260702E+05   0.123919E+04
   0.259000E+02   0.671859E+03   0.282901E+02   0.262234E+05   0.124332E+04
   0.260000E+02   0.674235E+03   0.283321E+02   0.263765E+05   0.124740E+04
   0.261000E+02   0.676605E+03   0.283739E+02   0.265293E+05   0.125151E+04
   0.262000E+02   0.678969E+03   0.284157E+02   0.266821E+05   0.125556E+04
   0.263000E+02   0.681327E+03   0.284570E+02   0.268346E+05   0.125958E+04
   0.264000E+02   0.683679E+03   0.284981E+02   0.269870E+05   0.126361E+04
   0.265000E+02   0.686025E+03   0.285390E+02   0.271393E+05   0.126760E+04
   0.266000E+02   0.688365E+03   0.285796E+02   0.272914E+05   0.127158E+04
   0.267000E+02   0.690700E+03   0.286201E+02   0.274432E+05   0.127556E+04
   0.268000E+02   0.693028E+03   0.286601E+02   0.275950E+05   0.127948E+04
   0.269000E+02   0.695351E+03   0.287001E+02   0.277465E+05   0.128341E+04
   0.270000E+02   0.697667E+03   0.287397E+02   0.278979E+05   0.128731E+04
   0.271000E+02   0.699978E+03   0.287791E+02   0.280491E+05   0.129121E+04
   0.272000E+02   0.702283E+03   0.288183E+02   0.282001E+05   0.129507E+04
   0.273000E+02   0.704582E+03   0.288570E+02   0.283510E+05   0.129890E+04
   0.274000E+02   0.706876E+03   0.288958E+02   0.285016E+05   0.130273E+04
   0.275000E+02   0.709163E+03   0.289344E+02   0.286521E+05   0.130652E+04
   0.276000E+02   0.711444E+03   0.289724E+02   0.288024E+05   0.131031E+04
   0.277000E+02   0.713720E+03   0.290105E+02   0.289524E+05   0.131408E+04
   0.278000E+02   0.715990E+03   0.290481E+02   0.291023E+05   0.131779E+04
   0.279000E+02   0.718254E+03   0.290857E+02   0.292520E+05   0.132153E+04
   0.280000E+02   0.720512E+03   0.291231E+02   0.294015E+05   0.132523E+04
   0.281000E+02   0.722764E+03   0.291600E+02   0.295508E+05   0.132892E+04
   0.282000E+02   0.725010E+03   0.291969E+02   0.296999E+05   0.133260E+04
   0.283000E+02   0.727251E+03   0.292334E+02   0.298488E+05   0.133623E+04
   0.284000E+02   0.729486E+03   0.292698E+02   0.299975E+05   0.133986E+04
   0.285000E+02   0.731715E+03   0.293061E+02   0.301460E+05   0.134348E+04
   0.286000E+02   0.733937E+03   0.293419E+02   0.302943E+05   0.134706E+04
   0.287000E+02   0.736155E+03   0.293776E+02   0.304424E+05   0.135064E+04
   0.288000E+02   0.738366E+03   0.294129E+02   0.305902E+05   0.135419E+04
   0.289000E+02   0.740572E+03   0.294481E+02   0.307379E+05   0.135771E+04
   0.290000E+02   0.742771E+03   0.294832E+02   0.308853E+05   0.136124E+04
   0.291000E+02   0.744965E+03   0.295180E+02   0.310326E+05   0.136474E+04
   0.292000E+02   0.747153E+03   0.295524E+02   0.311796E+05   0.136822E+04
   0.293000E+02   0.749335E+03   0.295868E+02   0.313264E+05   0.137169E+04
   0.294000E+02   0.751512E+03   0.296207E+02   0.314729E+05   0.137511E+04
   0.295000E+02   0.753682E+03   0.296548E+02   0.316193E+05   0.137855E+04
   0.296000E+02   0.755847E+03   0.296884E+02   0.317654E+05   0.138197E+04
   0.297000E+02   0.758006E+03   0.297218E+02   0.319113E+05   0.138534E+04
   0.298000E+02   0.760159E+03   0.297552E+02   0.320570E+05   0.138872E+04
   0.299000E+02   0.762306E+03   0.297884E+02   0.322024E+05   0.139208E+04
   0.300000E+02   0.764448E+03   0.298210E+02   0.323476E+05   0.139541E+04
   0.301000E+02   0.766584E+03   0.298537E+02   0.324926E+05   0.139873E+04
   0.302000E+02   0.768714E+03   0.298860E+02   0.326373E+05   0.140204E+04
   0.303000E+02   0.770837E+03   0.299183E+02   0.327818E+05   0.140532E+04
   0.304000E+02   0.772956E+03   0.299502E+02   0.329261E+05   0.140858E+04
   0.305000E+02   0.775068E+03   0.299819E+02   0.330702E+05   0.141182E+04
   0.306000E+02   0.777175E+03   0.300137E+02   0.332140E+05   0.141507E+04
   0.307000E+02   0.779276E+03   0.300448E+02   0.333575E+05   0.141828E+04
   0.308000E+02   0.781371E+03   0.300760E+02   0.335008E+05   0.142149E+04
   0.309000E+02   0.783461E+03   0.301069E+02   0.336439E+05   0.142464E+04
   0.310000E+02   0.785544E+03   0.301378E+02   0.337868E+05   0.142782E+04
   0.311000E+02   0.787623E+03   0.301682E+02   0.339293E+05   0.143097E+04
   0.312000E+02   0.789695E+03   0.301985E+02   0.340717E+05   0.143408E+04
   0.313000E+02   0.791761E+03   0.302287E+02   0.342138E+05   0.143719E+04
   0.314000E+02   0.793822E+03   0.302585E+02   0.343557E+05   0.144029E+04
   0.315000E+02   0.795877E+03   0.302883E+02   0.344972E+05   0.144337E+04
   0.316000E+02   0.797926E+03   0.303178E+02   0.346386E+05   0.144642E+04
   0.317000E+02   0.799969E+03   0.303472E+02   0.347797E+05   0.144948E+04
   0.318000E+02   0.802007E+03   0.303761E+02   0.349205E+05   0.145250E+04
   0.319000E+02   0.804039E+03   0.304052E+02   0.350611E+05   0.145551E+04
   0.320000E+02   0.806066E+03   0.304339E+02   0.352014E+05   0.145850E+04
   0.321000E+02   0.808086E+03   0.304624E+02   0.353415E+05   0.146147E+04
   0.322000E+02   0.810102E+03   0.304907E+02   0.354813E+05   0.146444E+04
   0.323000E+02   0.812111E+03   0.305188E+02   0.356209E+05   0.146738E+04
   0.324000E+02   0.814114E+03   0.305467E+02   0.357602E+05   0.147032E+04
   0.325000E+02   0.816112E+03   0.305744E+02   0.358992E+05   0.147322E+04
   0.326000E+02   0.818105E+03   0.306019E+02   0.360380E+05   0.147612E+04
   0.327000E+02   0.820091E+03   0.306293E+02   0.361765E+05   0.147901E+04
   0.328000E+02   0.822072E+03   0.306563E+02   0.363147E+05   0.148186E+04
   0.329000E+02   0.824048E+03   0.306832E+02   0.364527E+05   0.148471E+04
   0.330000E+02   0.826017E+03   0.307101E+02   0.365904E+05   0.148753E+04
   0.331000E+02   0.827982E+03   0.307367E+02   0.367279E+05   0.149034E+04
   0.332000E+02   0.829940E+03   0.307632E+02   0.368651E+05   0.149315E+04
   0.333000E+02   0.831893E+03   0.307892E+02   0.370020E+05   0.149594E+04
   0.334000E+02   0.833841E+03   0.308152E+02   0.371386E+05   0.149871E+04
   0.335000E+02   0.835782E+03   0.308411E+02   0.372750E+05   0.150145E+04
   0.336000E+02   0.837718E+03   0.308667E+02   0.374111E+05   0.150421E+04
   0.337000E+02   0.839649E+03   0.308924E+02   0.375469E+05   0.150691E+04
   0.338000E+02   0.841574E+03   0.309176E+02   0.376825E+05   0.150960E+04
   0.339000E+02   0.843494E+03   0.309427E+02   0.378177E+05   0.151229E+04
   0.340000E+02   0.845408E+03   0.309676E+02   0.379528E+05   0.151498E+04
   0.341000E+02   0.847316E+03   0.309925E+02   0.380875E+05   0.151764E+04
   0.342000E+02   0.849219E+03   0.310169E+02   0.382219E+05   0.152029E+04
   0.343000E+02   0.851117E+03   0.310411E+02   0.383561E+05   0.152289E+04
   0.344000E+02   0.853009E+03   0.310654E+02   0.384900E+05   0.152553E+04
   0.345000E+02   0.854895E+03   0.310896E+02   0.386237E+05   0.152812E+04
   0.346000E+02   0.856776E+03   0.311133E+02   0.387570E+05   0.153071E+04
   0.347000E+02   0.858651E+03   0.311371E+02   0.388901E+05   0.153327E+04
   0.348000E+02   0.860522E+03   0.311606E+02   0.390229E+05   0.153585E+04
   0.349000E+02   0.862386E+03   0.311838E+02   0.391554E+05   0.153836E+04
   0.350000E+02   0.864245E+03   0.312072E+02   0.392876E+05   0.154090E+04
   0.351000E+02   0.866099E+03   0.312300E+02   0.394196E+05   0.154341E+04
   0.352000E+02   0.867947E+03   0.312529E+02   0.395512E+05   0.154589E+04
   0.353000E+02   0.869790E+03   0.312756E+02   0.396826E+05   0.154837E+04
   0.354000E+02   0.871628E+03   0.312979E+02   0.398137E+05   0.155082E+04
   0.355000E+02   0.873460E+03   0.313205E+02   0.399445E+05   0.155328E+04
   0.356000E+02   0.875286E+03   0.313425E+02   0.400751E+05   0.155571E+04
   0.357000E+02   0.877108E+03   0.313645E+02   0.402053E+05   0.155813E+04
   0.358000E+02   0.878924E+03   0.313862E+02   0.403353E+05   0.156054E+04
   0.359000E+02   0.880734E+03   0.314079E+02   0.404650E+05   0.156294E+04
   0.360000E+02   0.882539E+03   0.314295E+02   0.405944E+05   0.156533E+04
   0.361000E+02   0.884339E+03   0.314507E+02   0.407235E+05   0.156767E+04
   0.362000E+02   0.886134E+03   0.314719E+02   0.408523E+05   0.157005E+04
   0.363000E+02   0.887923E+03   0.314930E+02   0.409809E+05   0.157239E+04
   0.364000E+02   0.889707E+03   0.315138E+02   0.411091E+05   0.157470E+04
   0.365000E+02   0.891485E+03   0.315345E+02   0.412371E+05   0.157700E+04
   0.366000E+02   0.893259E+03   0.315550E+02   0.413648E+05   0.157931E+04
   0.367000E+02   0.895027E+03   0.315755E+02   0.414922E+05   0.158156E+04
   0.368000E+02   0.896789E+03   0.315956E+02   0.416192E+05   0.158385E+04
   0.369000E+02   0.898547E+03   0.316158E+02   0.417460E+05   0.158611E+04
   0.370000E+02   0.900299E+03   0.316356E+02   0.418726E+05   0.158833E+04
   0.371000E+02   0.902046E+03   0.316553E+02   0.419988E+05   0.159056E+04
   0.372000E+02   0.903788E+03   0.316752E+02   0.421247E+05   0.159278E+04
   0.373000E+02   0.905524E+03   0.316945E+02   0.422504E+05   0.159497E+04
   0.374000E+02   0.907255E+03   0.317137E+02   0.423758E+05   0.159715E+04
   0.375000E+02   0.908981E+03   0.317331E+02   0.425008E+05   0.159935E+04
   0.376000E+02   0.910702E+03   0.317520E+02   0.426256E+05   0.160149E+04
   0.377000E+02   0.912418E+03   0.317708E+02   0.427501E+05   0.160363E+04
   0.378000E+02   0.914128E+03   0.317894E+02   0.428743E+05   0.160576E+04
   0.379000E+02   0.915833E+03   0.318080E+02   0.429982E+05   0.160788E+04
   0.380000E+02   0.917534E+03   0.318265E+02   0.431218E+05   0.160999E+04
   0.381000E+02   0.919229E+03   0.318449E+02   0.432452E+05   0.161209E+04
   0.382000E+02   0.920919E+03   0.318628E+02   0.433682E+05   0.161415E+04
   0.383000E+02   0.922603E+03   0.318808E+02   0.434910E+05   0.161624E+04
   0.384000E+02   0.924283E+03   0.318988E+02   0.436134E+05   0.161828E+04
   0.385000E+02   0.925957E+03   0.319165E+02   0.437356E+05   0.162034E+04
   0.386000E+02   0.927627E+03   0.319338E+02   0.438574E+05   0.162234E+04
   0.387000E+02   0.929291E+03   0.319513E+02   0.439790E+05   0.162437E+04
   0.388000E+02   0.930950E+03   0.319686E+02   0.441003E+05   0.162637E+04
   0.389000E+02   0.932605E+03   0.319859E+02   0.442213E+05   0.162837E+04
   0.390000E+02   0.934254E+03   0.320028E+02   0.443420E+05   0.163035E+04
   0.391000E+02   0.935898E+03   0.320196E+02   0.444624E+05   0.163232E+04
   0.392000E+02   0.937536E+03   0.320364E+02   0.445825E+05   0.163428E+04
   0.393000E+02   0.939171E+03   0.320530E+02   0.447023E+05   0.163623E+04
   0.394000E+02   0.940799E+03   0.320692E+02   0.448218E+05   0.163814E+04
   0.395000E+02   0.942423E+03   0.320857E+02   0.449411E+05   0.164005E+04
   0.396000E+02   0.944043E+03   0.321018E+02   0.450600E+05   0.164197E+04
   0.397000E+02   0.945656E+03   0.321179E+02   0.451786E+05   0.164385E+04
   0.398000E+02   0.947265E+03   0.321338E+02   0.452970E+05   0.164574E+04
   0.399000E+02   0.948870E+03   0.321495E+02   0.454150E+05   0.164760E+04
   0.400000E+02   0.950469E+03   0.321652E+02   0.455328E+05   0.164947E+04
   0.401000E+02   0.952063E+03   0.321805E+02   0.456503E+05   0.165130E+04
   0.402000E+02   0.953652E+03   0.321960E+02   0.457675E+05   0.165314E+04
   0.403000E+02   0.955236E+03   0.322112E+02   0.458843E+05   0.165495E+04
   0.404000E+02   0.956816E+03   0.322264E+02   0.460009E+05   0.165677E+04
   0.405000E+02   0.958390E+03   0.322413E+02   0.461172E+05   0.165857E+04
   0.406000E+02   0.959960E+03   0.322563E+02   0.462332E+05   0.166037E+04
   0.407000E+02   0.961524E+03   0.322709E+02   0.463489E+05   0.166214E+04
   0.408000E+02   0.963085E+03   0.322860E+02   0.464643E+05   0.166389E+04
   0.409000E+02   0.964639E+03   0.322999E+02   0.465795E+05   0.166565E+04
   0.410000E+02   0.966189E+03   0.323141E+02   0.466943E+05   0.166738E+04
   0.411000E+02   0.967735E+03   0.323288E+02   0.468088E+05   0.166911E+04
   0.412000E+02   0.969275E+03   0.323431E+02   0.469231E+05   0.167083E+04
   0.413000E+02   0.970810E+03   0.323561E+02   0.470370E+05   0.167255E+04
   0.414000E+02   0.972341E+03   0.323697E+02   0.471507E+05   0.167423E+04
   0.415000E+02   0.973867E+03   0.323838E+02   0.472640E+05   0.167590E+04
   0.416000E+02   0.975389E+03   0.323981E+02   0.473771E+05   0.167759E+04
   0.417000E+02   0.976906E+03   0.324120E+02   0.474899E+05   0.167927E+04
   0.418000E+02   0.978418E+03   0.324254E+02   0.476023E+05   0.168090E+04
   0.419000E+02   0.979924E+03   0.324378E+02   0.477145E+05   0.168254E+04
   0.420000E+02   0.981426E+03   0.324509E+02   0.478264E+05   0.168418E+04
   0.421000E+02   0.982924E+03   0.324641E+02   0.479381E+05   0.168578E+04
   0.422000E+02   0.984418E+03   0.324777E+02   0.480494E+05   0.168738E+04
   0.423000E+02   0.985905E+03   0.324897E+02   0.481604E+05   0.168899E+04
   0.424000E+02   0.987389E+03   0.325024E+02   0.482711E+05   0.169060E+04
   0.425000E+02   0.988866E+03   0.325147E+02   0.483816E+05   0.169216E+04
   0.426000E+02   0.990341E+03   0.325268E+02   0.484917E+05   0.169372E+04
   0.427000E+02   0.991811E+03   0.325400E+02   0.486016E+05   0.169529E+04
   0.428000E+02   0.993275E+03   0.325519E+02   0.487111E+05   0.169682E+04
   0.429000E+02   0.994737E+03   0.325650E+02   0.488204E+05   0.169835E+04
   0.430000E+02   0.996192E+03   0.325769E+02   0.489294E+05   0.169988E+04
   0.431000E+02   0.997642E+03   0.325888E+02   0.490381E+05   0.170140E+04
   0.432000E+02   0.999088E+03   0.325999E+02   0.491465E+05   0.170290E+04
   0.433000E+02   0.100053E+04   0.326121E+02   0.492546E+05   0.170439E+04
   0.434000E+02   0.100197E+04   0.326228E+02   0.493625E+05   0.170587E+04
   0.435000E+02   0.100340E+04   0.326354E+02   0.494700E+05   0.170735E+04
   0.436000E+02   0.100483E+04   0.326457E+02   0.495772E+05   0.170882E+04
   0.437000E+02   0.100625E+04   0.326575E+02   0.496842E+05   0.171023E+04
   0.438000E+02   0.100767E+04   0.326672E+02   0.497909E+05   0.171170E+04
   0.439000E+02   0.100908E+04   0.326789E+02   0.498973E+05   0.171314E+04
   0.440000E+02   0.101049E+04   0.326907E+02   0.500033E+05   0.171456E+04
   0.441000E+02   0.101190E+04   0.327014E+02   0.501092E+05   0.171596E+04
   0.442000E+02   0.101330E+04   0.327113E+02   0.502147E+05   0.171734E+04
   0.443000E+02   0.101470E+04   0.327219E+02   0.503199E+05   0.171875E+04
   0.444000E+02   0.101609E+04   0.327326E+02   0.504248E+05   0.172014E+04
   0.445000E+02   0.101748E+04   0.327433E+02   0.505295E+05   0.172151E+04
   0.446000E+02   0.101886E+04   0.327534E+02   0.506339E+05   0.172287E+04
   0.447000E+02   0.102024E+04   0.327635E+02   0.507379E+05   0.172424E+04
   0.448000E+02   0.102161E+04   0.327736E+02   0.508417E+05   0.172558E+04
   0.449000E+02   0.102298E+04   0.327835E+02   0.509453E+05   0.172690E+04
   0.450000E+02   0.102435E+04   0.327939E+02   0.510485E+05   0.172821E+04
   0.451000E+02   0.102571E+04   0.328032E+02   0.511514E+05   0.172957E+04
   0.452000E+02   0.102706E+04   0.328128E+02   0.512541E+05   0.173087E+04
   0.453000E+02   0.102842E+04   0.328233E+02   0.513564E+05   0.173215E+04
   0.454000E+02   0.102976E+04   0.328325E+02   0.514585E+05   0.173345E+04
   0.455000E+02   0.103111E+04   0.328414E+02   0.515603E+05   0.173472E+04
   0.456000E+02   0.103244E+04   0.328494E+02   0.516619E+05   0.173599E+04
   0.457000E+02   0.103378E+04   0.328609E+02   0.517631E+05   0.173726E+04
   0.458000E+02   0.103511E+04   0.328695E+02   0.518640E+05   0.173852E+04
   0.459000E+02   0.103644E+04   0.328787E+02   0.519647E+05   0.173974E+04
   0.460000E+02   0.103776E+04   0.328874E+02   0.520651E+05   0.174096E+04
   0.461000E+02   0.103908E+04   0.328964E+02   0.521652E+05   0.174222E+04
   0.462000E+02   0.104039E+04   0.329047E+02   0.522651E+05   0.174343E+04
   0.463000E+02   0.104170E+04   0.329126E+02   0.523646E+05   0.174462E+04
   0.464000E+02   0.104300E+04   0.329221E+02   0.524638E+05   0.174583E+04
   0.465000E+02   0.104430E+04   0.329304E+02   0.525628E+05   0.174701E+04
   0.466000E+02   0.104560E+04   0.329398E+02   0.526615E+05   0.174819E+04
   0.467000E+02   0.104689E+04   0.329469E+02   0.527600E+05   0.174938E+04
   0.468000E+02   0.104818E+04   0.329542E+02   0.528581E+05   0.175055E+04
   0.469000E+02   0.104946E+04   0.329636E+02   0.529560E+05   0.175170E+04
   0.470000E+02   0.105074E+04   0.329713E+02   0.530536E+05   0.175285E+04
   0.471000E+02   0.105202E+04   0.329794E+02   0.531509E+05   0.175398E+04
   0.472000E+02   0.105329E+04   0.329874E+02   0.532479E+05   0.175510E+04
   0.473000E+02   0.105456E+04   0.329958E+02   0.533446E+05   0.175624E+04
   0.474000E+02   0.105582E+04   0.330028E+02   0.534411E+05   0.175735E+04
   0.475000E+02   0.105708E+04   0.330118E+02   0.535373E+05   0.175845E+04
   0.476000E+02   0.105833E+04   0.330174E+02   0.536332E+05   0.175956E+04
   0.477000E+02   0.105958E+04   0.330264E+02   0.537288E+05   0.176063E+04
   0.478000E+02   0.106083E+04   0.330318E+02   0.538242E+05   0.176171E+04
   0.479000E+02   0.106207E+04   0.330406E+02   0.539193E+05   0.176278E+04
   0.480000E+02   0.106331E+04   0.330473E+02   0.540142E+05   0.176385E+04
   0.481000E+02   0.106454E+04   0.330543E+02   0.541087E+05   0.176489E+04
   0.482000E+02   0.106577E+04   0.330616E+02   0.542030E+05   0.176595E+04
   0.483000E+02   0.106700E+04   0.330687E+02   0.542970E+05   0.176700E+04
   0.484000E+02   0.106822E+04   0.330754E+02   0.543907E+05   0.176803E+04
   0.485000E+02   0.106944E+04   0.330825E+02   0.544842E+05   0.176905E+04
   0.486000E+02   0.107065E+04   0.330904E+02   0.545774E+05   0.177005E+04
   0.487000E+02   0.107186E+04   0.330949E+02   0.546703E+05   0.177108E+04
   0.488000E+02   0.107307E+04   0.331012E+02   0.547629E+05   0.177205E+04
   0.489000E+02   0.107427E+04   0.331076E+02   0.548552E+05   0.177306E+04
   0.490000E+02   0.107547E+04   0.331153E+02   0.549473E+05   0.177406E+04
   0.491000E+02   0.107666E+04   0.331216E+02   0.550392E+05   0.177503E+04
   0.492000E+02   0.107785E+04   0.331268E+02   0.551308E+05   0.177599E+04
   0.493000E+02   0.107904E+04   0.331346E+02   0.552220E+05   0.177696E+04
   0.494000E+02   0.108022E+04   0.331408E+02   0.553131E+05   0.177792E+04
   0.495000E+02   0.108140E+04   0.331452E+02   0.554038E+05   0.177886E+04
   0.496000E+02   0.108257E+04   0.331526E+02   0.554943E+05   0.177982E+04
   0.497000E+02   0.108374E+04   0.331580E+02   0.555846E+05   0.178074E+04
   0.498000E+02   0.108491E+04   0.331637E+02   0.556745E+05   0.178168E+04
   0.499000E+02   0.108607E+04   0.331711E+02   0.557642E+05   0.178258E+04
   0.500000E+02   0.108723E+04   0.331753E+02   0.558536E+05   0.178350E+04
   0.501000E+02   0.108839E+04   0.331811E+02   0.559427E+05   0.178441E+04
   0.502000E+02   0.108954E+04   0.331873E+02   0.560316E+05   0.178530E+04
   0.503000E+02   0.109069E+04   0.331904E+02   0.561203E+05   0.178618E+04
   0.504000E+02   0.109183E+04   0.331988E+02   0.562086E+05   0.178707E+04
   0.505000E+02   0.109297E+04   0.332022E+02   0.562967E+05   0.178793E+04
   0.506000E+02   0.109411E+04   0.332069E+02   0.563846E+05   0.178880E+04
   0.507000E+02   0.109524E+04   0.332130E+02   0.564721E+05   0.178965E+04
   0.508000E+02   0.109636E+04   0.332185E+02   0.565594E+05   0.179052E+04
   0.509000E+02   0.109749E+04   0.332229E+02   0.566465E+05   0.179138E+04
   0.510000E+02   0.109861E+04   0.332267E+02   0.567333E+05   0.179220E+04
   0.511000E+02   0.109973E+04   0.332313E+02   0.568198E+05   0.179305E+04
   0.512000E+02   0.110084E+04   0.332360E+02   0.569061E+05   0.179387E+04
   0.513000E+02   0.110195E+04   0.332410E+02   0.569921E+05   0.179468E+04
   0.514000E+02   0.110306E+04   0.332462E+02   0.570778E+05   0.179550E+04
   0.515000E+02   0.110416E+04   0.332504E+02   0.571633E+05   0.179631E+04
   0.516000E+02   0.110526E+04   0.332542E+02   0.572486E+05   0.179712E+04
   0.517000E+02   0.110636E+04   0.332605E+02   0.573336E+05   0.179791E+04
   0.518000E+02   0.110745E+04   0.332652E+02   0.574183E+05   0.179870E+04
   0.519000E+02   0.110853E+04   0.332690E+02   0.575027E+05   0.179948E+04
   0.520000E+02   0.110962E+04   0.332739E+02   0.575869E+05   0.180023E+04
   0.521000E+02   0.111070E+04   0.332760E+02   0.576709E+05   0.180100E+04
   0.522000E+02   0.111177E+04   0.332818E+02   0.577546E+05   0.180175E+04
   0.523000E+02   0.111285E+04   0.332848E+02   0.578381E+05   0.180253E+04
   0.524000E+02   0.111392E+04   0.332893E+02   0.579212E+05   0.180327E+04
   0.525000E+02   0.111498E+04   0.332921E+02   0.580042E+05   0.180399E+04
   0.526000E+02   0.111605E+04   0.332973E+02   0.580868E+05   0.180474E+04
   0.527000E+02   0.111711E+04   0.333028E+02   0.581693E+05   0.180547E+04
   0.528000E+02   0.111816E+04   0.333055E+02   0.582515E+05   0.180620E+04
   0.529000E+02   0.111921E+04   0.333085E+02   0.583334E+05   0.180691E+04
   0.530000E+02   0.112026E+04   0.333124E+02   0.584151E+05   0.180761E+04
   0.531000E+02   0.112131E+04   0.333153E+02   0.584965E+05   0.180832E+04
   0.532000E+02   0.112234E+04   0.333198E+02   0.585777E+05   0.180902E+04
   0.533000E+02   0.112338E+04   0.333227E+02   0.586586E+05   0.180972E+04
   0.534000E+02   0.112442E+04   0.333271E+02   0.587393E+05   0.181039E+04
   0.535000E+02   0.112545E+04   0.333296E+02   0.588197E+05   0.181107E+04
   0.536000E+02   0.112647E+04   0.333332E+02   0.588999E+05   0.181175E+04
   0.537000E+02   0.112750E+04   0.333382E+02   0.589798E+05   0.181243E+04
   0.538000E+02   0.112852E+04   0.333420E+02   0.590595E+05   0.181309E+04
   0.539000E+02   0.112953E+04   0.333445E+02   0.591390E+05   0.181373E+04
   0.540000E+02   0.113055E+04   0.333474E+02   0.592182E+05   0.181439E+04
   0.541000E+02   0.113156E+04   0.333497E+02   0.592971E+05   0.181504E+04
   0.542000E+02   0.113256E+04   0.333516E+02   0.593758E+05   0.181566E+04
   0.543000E+02   0.113357E+04   0.333558E+02   0.594543E+05   0.181632E+04
   0.544000E+02   0.113457E+04   0.333590E+02   0.595325E+05   0.181693E+04
   0.545000E+02   0.113556E+04   0.333608E+02   0.596105E+05   0.181756E+04
   0.546000E+02   0.113656E+04   0.333635E+02   0.596882E+05   0.181817E+04
   0.547000E+02   0.113755E+04   0.333672E+02   0.597657E+05   0.181878E+04
   0.548000E+02   0.113853E+04   0.333692E+02   0.598430E+05   0.181939E+04
   0.549000E+02   0.113951E+04   0.333708E+02   0.599200E+05   0.181999E+04
   0.550000E+02   0.114049E+04   0.333746E+02   0.599967E+05   0.182057E+04
   0.551000E+02   0.114147E+04   0.333780E+02   0.600733E+05   0.182117E+04
   0.552000E+02   0.114244E+04   0.333785E+02   0.601496E+05   0.182176E+04
   0.553000E+02   0.114341E+04   0.333831E+02   0.602256E+05   0.182233E+04
   0.554000E+02   0.114438E+04   0.333848E+02   0.603014E+05   0.182290E+04
   0.555000E+02   0.114534E+04   0.333871E+02   0.603770E+05   0.182346E+04
   0.556000E+02   0.114630E+04   0.333887E+02   0.604523E+05   0.182403E+04
   0.557000E+02   0.114726E+04   0.333918E+02   0.605275E+05   0.182458E+04
   0.558000E+02   0.114821E+04   0.333935E+02   0.606023E+05   0.182513E+04
   0.559000E+02   0.114916E+04   0.333976E+02   0.606770E+05   0.182566E+04
   0.560000E+02   0.115011E+04   0.333990E+02   0.607514E+05   0.182622E+04
   0.561000E+02   0.115105E+04   0.334021E+02   0.608255E+05   0.182676E+04
   0.562000E+02   0.115199E+04   0.334018E+02   0.608995E+05   0.182729E+04
   0.563000E+02   0.115293E+04   0.334036E+02   0.609732E+05   0.182781E+04
   0.564000E+02   0.115386E+04   0.334053E+02   0.610466E+05   0.182834E+04
   0.565000E+02   0.115479E+04   0.334063E+02   0.611198E+05   0.182885E+04
   0.566000E+02   0.115572E+04   0.334095E+02   0.611929E+05   0.182934E+04
   0.567000E+02   0.115664E+04   0.334112E+02   0.612656E+05   0.182987E+04
   0.568000E+02   0.115757E+04   0.334140E+02   0.613382E+05   0.183035E+04
   0.569000E+02   0.115848E+04   0.334143E+02   0.614105E+05   0.183086E+04
   0.570000E+02   0.115940E+04   0.334160E+02   0.614826E+05   0.183135E+04
   0.571000E+02   0.116031E+04   0.334168E+02   0.615544E+05   0.183183E+04
   0.572000E+02   0.116122E+04   0.334191E+02   0.616260E+05   0.183232E+04
   0.573000E+02   0.116212E+04   0.334216E+02   0.616974E+05   0.183278E+04
   0.574000E+02   0.116302E+04   0.334221E+02   0.617686E+05   0.183325E+04
   0.575000E+02   0.116392E+04   0.334241E+02   0.618395E+05   0.183374E+04
   0.576000E+02   0.116482E+04   0.334239E+02   0.619103E+05   0.183419E+04
   0.577000E+02   0.116571E+04   0.334249E+02   0.619808E+05   0.183464E+04
   0.578000E+02   0.116661E+04   0.334284E+02   0.620510E+05   0.183508E+04
   0.579000E+02   0.116749E+04   0.334281E+02   0.621211E+05   0.183554E+04
   0.580000E+02   0.116838E+04   0.334308E+02   0.621909E+05   0.183599E+04
   0.581000E+02   0.116926E+04   0.334315E+02   0.622605E+05   0.183642E+04
   0.582000E+02   0.117013E+04   0.334338E+02   0.623299E+05   0.183686E+04
   0.583000E+02   0.117101E+04   0.334350E+02   0.623990E+05   0.183730E+04
   0.584000E+02   0.117188E+04   0.334346E+02   0.624679E+05   0.183771E+04
   0.585000E+02   0.117275E+04   0.334362E+02   0.625367E+05   0.183813E+04
   0.586000E+02   0.117362E+04   0.334363E+02   0.626051E+05   0.183855E+04
   0.587000E+02   0.117448E+04   0.334366E+02   0.626734E+05   0.183894E+04
   0.588000E+02   0.117534E+04   0.334404E+02   0.627415E+05   0.183936E+04
   0.589000E+02   0.117620E+04   0.334390E+02   0.628093E+05   0.183976E+04
   0.590000E+02   0.117705E+04   0.334398E+02   0.628769E+05   0.184017E+04
   0.591000E+02   0.117790E+04   0.334409E+02   0.629443E+05   0.184057E+04
   0.592000E+02   0.117875E+04   0.334429E+02   0.630115E+05   0.184095E+04
   0.593000E+02   0.117959E+04   0.334450E+02   0.630784E+05   0.184135E+04
   0.594000E+02   0.118043E+04   0.334442E+02   0.631452E+05   0.184172E+04
   0.595000E+02   0.118128E+04   0.334445E+02   0.632117E+05   0.184210E+04
   0.596000E+02   0.118211E+04   0.334452E+02   0.632780E+05   0.184245E+04
   0.597000E+02   0.118295E+04   0.334440E+02   0.633441E+05   0.184282E+04
   0.598000E+02   0.118378E+04   0.334459E+02   0.634100E+05   0.184320E+04
   0.599000E+02   0.118460E+04   0.334463E+02   0.634757E+05   0.184358E+04
   0.600000E+02   0.118543E+04   0.334473E+02   0.635411E+05   0.184393E+04
   0.601000E+02   0.118625E+04   0.334485E+02   0.636064E+05   0.184428E+04
   0.602000E+02   0.118707E+04   0.334468E+02   0.636714E+05   0.184463E+04
   0.603000E+02   0.118789E+04   0.334472E+02   0.637362E+05   0.184498E+04
   0.604000E+02   0.118870E+04   0.334479E+02   0.638008E+05   0.184531E+04
   0.605000E+02   0.118951E+04   0.334489E+02   0.638653E+05   0.184565E+04
   0.606000E+02   0.119032E+04   0.334485E+02   0.639295E+05   0.184599E+04
   0.607000E+02   0.119112E+04   0.334485E+02   0.639934E+05   0.184630E+04
   0.608000E+02   0.119193E+04   0.334496E+02   0.640572E+05   0.184664E+04
   0.609000E+02   0.119273E+04   0.334483E+02   0.641208E+05   0.184695E+04
   0.610000E+02   0.119352E+04   0.334496E+02   0.641842E+05   0.184728E+04
   0.611000E+02   0.119432E+04   0.334507E+02   0.642473E+05   0.184757E+04
   0.612000E+02   0.119511E+04   0.334514E+02   0.643103E+05   0.184792E+04
   0.613000E+02   0.119590E+04   0.334502E+02   0.643730E+05   0.184821E+04
   0.614000E+02   0.119668E+04   0.334492E+02   0.644355E+05   0.184852E+04
   0.615000E+02   0.119747E+04   0.334512E+02   0.644979E+05   0.184880E+04
   0.616000E+02   0.119825E+04   0.334492E+02   0.645600E+05   0.184909E+04
   0.617000E+02   0.119903E+04   0.334511E+02   0.646219E+05   0.184940E+04
   0.618000E+02   0.119980E+04   0.334501E+02   0.646837E+05   0.184967E+04
   0.619000E+02   0.120057E+04   0.334494E+02   0.647452E+05   0.184998E+04
   0.620000E+02   0.120134E+04   0.334497E+02   0.648065E+05   0.185024E+04
   0.621000E+02   0.120211E+04   0.334488E+02   0.648676E+05   0.185052E+04
   0.622000E+02   0.120287E+04   0.334493E+02   0.649286E+05   0.185080E+04
   0.623000E+02   0.120363E+04   0.334487E+02   0.649892E+05   0.185106E+04
   0.624000E+02   0.120439E+04   0.334484E+02   0.650498E+05   0.185133E+04
   0.625000E+02   0.120515E+04   0.334491E+02   0.651101E+05   0.185159E+04
   0.626000E+02   0.120590E+04   0.334480E+02   0.651702E+05   0.185184E+04
   0.627000E+02   0.120665E+04   0.334478E+02   0.652301E+05   0.185210E+04
   0.628000E+02   0.120740E+04   0.334458E+02   0.652898E+05   0.185237E+04
   0.629000E+02   0.120815E+04   0.334470E+02   0.653494E+05   0.185261E+04
   0.630000E+02   0.120889E+04   0.334469E+02   0.654087E+05   0.185285E+04
   0.631000E+02   0.120963E+04   0.334450E+02   0.654678E+05   0.185309E+04
   0.632000E+02   0.121037E+04   0.334467E+02   0.655268E+05   0.185335E+04
   0.633000E+02   0.121111E+04   0.334456E+02   0.655856E+05   0.185357E+04
   0.634000E+02   0.121184E+04   0.334461E+02   0.656441E+05   0.185381E+04
   0.635000E+02   0.121257E+04   0.334453E+02   0.657025E+05   0.185403E+04
   0.636000E+02   0.121330E+04   0.334432E+02   0.657606E+05   0.185428E+04
   0.637000E+02   0.121402E+04   0.334431E+02   0.658186E+05   0.185449E+04
   0.638000E+02   0.121475E+04   0.334416E+02   0.658764E+05   0.185470E+04
   0.639000E+02   0.121547E+04   0.334420E+02   0.659340E+05   0.185493E+04
   0.640000E+02   0.121618E+04   0.334403E+02   0.659914E+05   0.185514E+04
   0.641000E+02   0.121690E+04   0.334419E+02   0.660486E+05   0.185535E+04
   0.642000E+02   0.121761E+04   0.334379E+02   0.661056E+05   0.185557E+04
   0.643000E+02   0.121832E+04   0.334369E+02   0.661624E+05   0.185576E+04
   0.644000E+02   0.121903E+04   0.334375E+02   0.662191E+05   0.185597E+04
   0.645000E+02   0.121973E+04   0.334372E+02   0.662755E+05   0.185617E+04
   0.646000E+02   0.122044E+04   0.334347E+02   0.663318E+05   0.185637E+04
   0.647000E+02   0.122114E+04   0.334340E+02   0.663879E+05   0.185655E+04
   0.648000E+02   0.122183E+04   0.334342E+02   0.664437E+05   0.185674E+04
   0.649000E+02   0.122253E+04   0.334333E+02   0.664994E+05   0.185693E+04
   0.650000E+02   0.122322E+04   0.334314E+02   0.665550E+05   0.185712E+04
   0.651000E+02   0.122391E+04   0.334307E+02   0.666103E+05   0.185732E+04
   0.652000E+02   0.122460E+04   0.334283E+02   0.666654E+05   0.185747E+04
   0.653000E+02   0.122529E+04   0.334308E+02   0.667204E+05   0.185766E+04
   0.654000E+02   0.122597E+04   0.334283E+02   0.667752E+05   0.185783E+04
   0.655000E+02   0.122665E+04   0.334260E+02   0.668298E+05   0.185800E+04
   0.656000E+02   0.122733E+04   0.334271E+02   0.668842E+05   0.185816E+04
   0.657000E+02   0.122801E+04   0.334248E+02   0.669385E+05   0.185834E+04
   0.658000E+02   0.122868E+04   0.334253E+02   0.669925E+05   0.185850E+04
   0.659000E+02   0.122935E+04   0.334231E+02   0.670464E+05   0.185866E+04
   0.660000E+02   0.123002E+04   0.334208E+02   0.671001E+05   0.185883E+04
   0.661000E+02   0.123069E+04   0.334210E+02   0.671536E+05   0.185896E+04
   0.662000E+02   0.123135E+04   0.334209E+02   0.672069E+05   0.185911E+04
   0.663000E+02   0.123201E+04   0.334185E+02   0.672601E+05   0.185925E+04
   0.664000E+02   0.123267E+04   0.334166E+02   0.673130E+05   0.185942E+04
   0.665000E+02   0.123333E+04   0.334163E+02   0.673658E+05   0.185954E+04
   0.666000E+02   0.123399E+04   0.334151E+02   0.674185E+05   0.185968E+04
   0.667000E+02   0.123464E+04   0.334107E+02   0.674709E+05   0.185982E+04
   0.668000E+02   0.123529E+04   0.334113E+02   0.675232E+05   0.185996E+04
   0.669000E+02   0.123594E+04   0.334111E+02   0.675752E+05   0.186009E+04
   0.670000E+02   0.123659E+04   0.334080E+02   0.676272E+05   0.186022E+04
   0.671000E+02   0.123723E+04   0.334088E+02   0.676789E+05   0.186033E+04
   0.672000E+02   0.123787E+04   0.334057E+02   0.677305E+05   0.186048E+04
   0.673000E+02   0.123851E+04   0.334037E+02   0.677819E+05   0.186059E+04
   0.674000E+02   0.123915E+04   0.334023E+02   0.678331E+05   0.186072E+04
   0.675000E+02   0.123978E+04   0.334034E+02   0.678841E+05   0.186082E+04
   0.676000E+02   0.124041E+04   0.333985E+02   0.679350E+05   0.186093E+04
   0.677000E+02   0.124104E+04   0.333979E+02   0.679857E+05   0.186107E+04
   0.678000E+02   0.124167E+04   0.333972E+02   0.680362E+05   0.186117E+04
   0.679000E+02   0.124230E+04   0.333952E+02   0.680866E+05   0.186128E+04
   0.680000E+02   0.124292E+04   0.333961E+02   0.681368E+05   0.186138E+04
   0.681000E+02   0.124354E+04   0.333929E+02   0.681868E+05   0.186149E+04
   0.682000E+02   0.124416E+04   0.333917E+02   0.682367E+05   0.186159E+04
   0.683000E+02   0.124478E+04   0.333894E+02   0.682864E+05   0.186168E+04
   0.684000E+02   0.124539E+04   0.333898E+02   0.683359E+05   0.186177E+04
   0.685000E+02   0.124601E+04   0.333867E+02   0.683852E+05   0.186188E+04
   0.686000E+02   0.124662E+04   0.333853E+02   0.684344E+05   0.186197E+04
   0.687000E+02   0.124722E+04   0.333831E+02   0.684834E+05   0.186207E+04
   0.688000E+02   0.124783E+04   0.333835E+02   0.685323E+05   0.186216E+04
   0.689000E+02   0.124843E+04   0.333795E+02   0.685809E+05   0.186224E+04
   0.690000E+02   0.124904E+04   0.333784E+02   0.686295E+05   0.186231E+04
   0.691000E+02   0.124964E+04   0.333752E+02   0.686778E+05   0.186238E+04
   0.692000E+02   0.125023E+04   0.333729E+02   0.687260E+05   0.186249E+04
   0.693000E+02   0.125083E+04   0.333749E+02   0.687740E+05   0.186253E+04
   0.694000E+02   0.125142E+04   0.333712E+02   0.688219E+05   0.186262E+04
   0.695000E+02   0.125201E+04   0.333688E+02   0.688696E+05   0.186270E+04
   0.696000E+02   0.125260E+04   0.333669E+02   0.689171E+05   0.186275E+04
   0.697000E+02   0.125319E+04   0.333651E+02   0.689645E+05   0.186282E+04
   0.698000E+02   0.125378E+04   0.333628E+02   0.690117E+05   0.186290E+04
   0.699000E+02   0.125436E+04   0.333629E+02   0.690588E+05   0.186295E+04
   0.700000E+02   0.125494E+04   0.333609E+02   0.691057E+05   0.186302E+04
   0.701000E+02   0.125552E+04   0.333590E+02   0.691524E+05   0.186311E+04
   0.702000E+02   0.125609E+04   0.333556E+02   0.691989E+05   0.186314E+04
   0.703000E+02   0.125667E+04   0.333548E+02   0.692454E+05   0.186321E+04
   0.704000E+02   0.125724E+04   0.333531E+02   0.692916E+05   0.186325E+04
   0.705000E+02   0.125781E+04   0.333496E+02   0.693377E+05   0.186332E+04
   0.706000E+02   0.125838E+04   0.333482E+02   0.693837E+05   0.186337E+04
   0.707000E+02   0.125895E+04   0.333478E+02   0.694295E+05   0.186340E+04
   0.708000E+02   0.125951E+04   0.333449E+02   0.694751E+05   0.186344E+04
   0.709000E+02   0.126008E+04   0.333450E+02   0.695206E+05   0.186348E+04
   0.710000E+02   0.126064E+04   0.333408E+02   0.695659E+05   0.186353E+04
   0.711000E+02   0.126119E+04   0.333389E+02   0.696110E+05   0.186358E+04
   0.712000E+02   0.126175E+04   0.333374E+02   0.696560E+05   0.186362E+04
   0.713000E+02   0.126231E+04   0.333340E+02   0.697009E+05   0.186365E+04
   0.714000E+02   0.126286E+04   0.333341E+02   0.697456E+05   0.186368E+04
   0.715000E+02   0.126341E+04   0.333316E+02   0.697901E+05   0.186373E+04
   0.716000E+02   0.126396E+04   0.333297E+02   0.698345E+05   0.186376E+04
   0.717000E+02   0.126451E+04   0.333264E+02   0.698788E+05   0.186379E+04
   0.718000E+02   0.126505E+04   0.333250E+02   0.699229E+05   0.186382E+04
   0.719000E+02   0.126560E+04   0.333237E+02   0.699668E+05   0.186384E+04
   0.720000E+02   0.126614E+04   0.333206E+02   0.700106E+05   0.186387E+04
   0.721000E+02   0.126667E+04   0.333192E+02   0.700542E+05   0.186389E+04
   0.722000E+02   0.126721E+04   0.333173E+02   0.700977E+05   0.186391E+04
   0.723000E+02   0.126775E+04   0.333158E+02   0.701411E+05   0.186394E+04
   0.724000E+02   0.126828E+04   0.333124E+02   0.701842E+05   0.186395E+04
   0.725000E+02   0.126881E+04   0.333101E+02   0.702273E+05   0.186396E+04
   0.726000E+02   0.126934E+04   0.333079E+02   0.702702E+05   0.186398E+04
   0.727000E+02   0.126987E+04   0.333061E+02   0.703129E+05   0.186400E+04
   0.728000E+02   0.127039E+04   0.333053E+02   0.703555E+05   0.186401E+04
   0.729000E+02   0.127092E+04   0.333020E+02   0.703980E+05   0.186401E+04
   0.730000E+02   0.127144E+04   0.333009E+02   0.704403E+05   0.186400E+04
   0.731000E+02   0.127196E+04   0.332969E+02   0.704825E+05   0.186402E+04
   0.732000E+02   0.127248E+04   0.332963E+02   0.705245E+05   0.186403E+04
   0.733000E+02   0.127300E+04   0.332941E+02   0.705663E+05   0.186404E+04
   0.734000E+02   0.127351E+04   0.332923E+02   0.706081E+05   0.186403E+04
   0.735000E+02   0.127403E+04   0.332881E+02   0.706496E+05   0.186403E+04
   0.736000E+02   0.127454E+04   0.332876E+02   0.706911E+05   0.186403E+04
   0.737000E+02   0.127505E+04   0.332844E+02   0.707324E+05   0.186403E+04
   0.738000E+02   0.127555E+04   0.332830E+02   0.707735E+05   0.186402E+04
   0.739000E+02   0.127606E+04   0.332808E+02   0.708146E+05   0.186401E+04
   0.740000E+02   0.127656E+04   0.332770E+02   0.708554E+05   0.186402E+04
   0.741000E+02   0.127706E+04   0.332766E+02   0.708962E+05   0.186400E+04
   0.742000E+02   0.127756E+04   0.332733E+02   0.709368E+05   0.186401E+04
   0.743000E+02   0.127806E+04   0.332724E+02   0.709772E+05   0.186399E+04
   0.744000E+02   0.127856E+04   0.332686E+02   0.710175E+05   0.186396E+04
   0.745000E+02   0.127906E+04   0.332664E+02   0.710577E+05   0.186397E+04
   0.746000E+02   0.127955E+04   0.332645E+02   0.710977E+05   0.186393E+04
   0.747000E+02   0.128004E+04   0.332628E+02   0.711376E+05   0.186394E+04
   0.748000E+02   0.128053E+04   0.332601E+02   0.711774E+05   0.186391E+04
   0.749000E+02   0.128102E+04   0.332584E+02   0.712170E+05   0.186389E+04
   0.750000E+02   0.128150E+04   0.332563E+02   0.712564E+05   0.186386E+04
   0.751000E+02   0.128199E+04   0.332531E+02   0.712958E+05   0.186383E+04
   0.752000E+02   0.128247E+04   0.332489E+02   0.713350E+05   0.186383E+04
   0.753000E+02   0.128295E+04   0.332481E+02   0.713741E+05   0.186381E+04
   0.754000E+02   0.128343E+04   0.332447E+02   0.714130E+05   0.186374E+04
   0.755000E+02   0.128391E+04   0.332437E+02   0.714518E+05   0.186374E+04
   0.756000E+02   0.128439E+04   0.332413E+02   0.714905E+05   0.186372E+04
   0.757000E+02   0.128486E+04   0.332376E+02   0.715290E+05   0.186367E+04
   0.758000E+02   0.128533E+04   0.332379E+02   0.715674E+05   0.186365E+04
   0.759000E+02   0.128580E+04   0.332332E+02   0.716056E+05   0.186361E+04
   0.760000E+02   0.128627E+04   0.332319E+02   0.716438E+05   0.186359E+04
   0.761000E+02   0.128674E+04   0.332297E+02   0.716818E+05   0.186355E+04
   0.762000E+02   0.128720E+04   0.332259E+02   0.717197E+05   0.186350E+04
   0.763000E+02   0.128767E+04   0.332228E+02   0.717574E+05   0.186348E+04
   0.764000E+02   0.128813E+04   0.332227E+02   0.717950E+05   0.186343E+04
   0.765000E+02   0.128859E+04   0.332195E+02   0.718325E+05   0.186340E+04
   0.766000E+02   0.128905E+04   0.332182E+02   0.718698E+05   0.186335E+04
   0.767000E+02   0.128951E+04   0.332167E+02   0.719070E+05   0.186331E+04
   0.768000E+02   0.128997E+04   0.332112E+02   0.719441E+05   0.186325E+04
   0.769000E+02   0.129042E+04   0.332120E+02   0.719811E+05   0.186322E+04
   0.770000E+02   0.129087E+04   0.332072E+02   0.720179E+05   0.186318E+04
   0.771000E+02   0.129132E+04   0.332039E+02   0.720546E+05   0.186312E+04
   0.772000E+02   0.129177E+04   0.332030E+02   0.720912E+05   0.186309E+04
   0.773000E+02   0.129222E+04   0.332007E+02   0.721276E+05   0.186304E+04
   0.774000E+02   0.129267E+04   0.331958E+02   0.721639E+05   0.186299E+04
   0.775000E+02   0.129311E+04   0.331942E+02   0.722001E+05   0.186294E+04
   0.776000E+02   0.129355E+04   0.331929E+02   0.722362E+05   0.186287E+04
   0.777000E+02   0.129400E+04   0.331905E+02   0.722721E+05   0.186281E+04
   0.778000E+02   0.129443E+04   0.331884E+02   0.723079E+05   0.186278E+04
   0.779000E+02   0.129487E+04   0.331848E+02   0.723436E+05   0.186271E+04
   0.780000E+02   0.129531E+04   0.331816E+02   0.723792E+05   0.186266E+04
   0.781000E+02   0.129574E+04   0.331803E+02   0.724146E+05   0.186258E+04
   0.782000E+02   0.129618E+04   0.331771E+02   0.724499E+05   0.186255E+04
   0.783000E+02   0.129661E+04   0.331743E+02   0.724851E+05   0.186249E+04
   0.784000E+02   0.129704E+04   0.331724E+02   0.725202E+05   0.186242E+04
   0.785000E+02   0.129747E+04   0.331719E+02   0.725551E+05   0.186237E+04
   0.786000E+02   0.129790E+04   0.331678E+02   0.725899E+05   0.186229E+04
   0.787000E+02   0.129833E+04   0.331650E+02   0.726246E+05   0.186223E+04
   0.788000E+02   0.129875E+04   0.331631E+02   0.726592E+05   0.186216E+04
   0.789000E+02   0.129917E+04   0.331591E+02   0.726937E+05   0.186211E+04
   0.790000E+02   0.129959E+04   0.331586E+02   0.727280E+05   0.186205E+04
   0.791000E+02   0.130001E+04   0.331550E+02   0.727623E+05   0.186196E+04
   0.792000E+02   0.130043E+04   0.331535E+02   0.727964E+05   0.186190E+04
   0.793000E+02   0.130085E+04   0.331505E+02   0.728303E+05   0.186184E+04
   0.794000E+02   0.130126E+04   0.331496E+02   0.728642E+05   0.186177E+04
   0.795000E+02   0.130167E+04   0.331456E+02   0.728979E+05   0.186168E+04
   0.796000E+02   0.130209E+04   0.331428E+02   0.729315E+05   0.186162E+04
   0.797000E+02   0.130250E+04   0.331383E+02   0.729651E+05   0.186155E+04
   0.798000E+02   0.130291E+04   0.331368E+02   0.729984E+05   0.186147E+04
   0.799000E+02   0.130332E+04   0.331348E+02   0.730317E+05   0.186140E+04
   0.800000E+02   0.130372E+04   0.331309E+02   0.730649E+05   0.186134E+04
   0.801000E+02   0.130413E+04   0.331288E+02   0.730979E+05   0.186125E+04
   0.802000E+02   0.130453E+04   0.331279E+02   0.731308E+05   0.186118E+04
   0.803000E+02   0.130493E+04   0.331249E+02   0.731636E+05   0.186109E+04
   0.804000E+02   0.130533E+04   0.331206E+02   0.731963E+05   0.186101E+04
   0.805000E+02   0.130573E+04   0.331199E+02   0.732289E+05   0.186094E+04
   0.806000E+02   0.130613E+04   0.331166E+02   0.732614E+05   0.186085E+04
   0.807000E+02   0.130653E+04   0.331126E+02   0.732937E+05   0.186080E+04
   0.808000E+02   0.130692E+04   0.331123E+02   0.733259E+05   0.186070E+04
   0.809000E+02   0.130731E+04   0.331068E+02   0.733581E+05   0.186060E+04
   0.810000E+02   0.130771E+04   0.331069E+02   0.733901E+05   0.186053E+04
   0.811000E+02   0.130810E+04   0.331040E+02   0.734220E+05   0.186044E+04
   0.812000E+02   0.130849E+04   0.330998E+02   0.734538E+05   0.186036E+04
   0.813000E+02   0.130887E+04   0.330988E+02   0.734854E+05   0.186027E+04
   0.814000E+02   0.130926E+04   0.330957E+02   0.735170E+05   0.186018E+04
   0.815000E+02   0.130965E+04   0.330923E+02   0.735485E+05   0.186010E+04
   0.816000E+02   0.131003E+04   0.330907E+02   0.735798E+05   0.186003E+04
   0.817000E+02   0.131041E+04   0.330870E+02   0.736110E+05   0.185993E+04
   0.818000E+02   0.131079E+04   0.330854E+02   0.736421E+05   0.185984E+04
   0.819000E+02   0.131117E+04   0.330822E+02   0.736731E+05   0.185977E+04
   0.820000E+02   0.131155E+04   0.330812E+02   0.737040E+05   0.185965E+04
   0.821000E+02   0.131193E+04   0.330770E+02   0.737348E+05   0.185957E+04
   0.822000E+02   0.131230E+04   0.330749E+02   0.737655E+05   0.185947E+04
   0.823000E+02   0.131268E+04   0.330711E+02   0.737961E+05   0.185939E+04
   0.824000E+02   0.131305E+04   0.330702E+02   0.738266E+05   0.185930E+04
   0.825000E+02   0.131342E+04   0.330668E+02   0.738569E+05   0.185922E+04
   0.826000E+02   0.131379E+04   0.330644E+02   0.738872E+05   0.185911E+04
   0.827000E+02   0.131416E+04   0.330626E+02   0.739173E+05   0.185903E+04
   0.828000E+02   0.131453E+04   0.330576E+02   0.739473E+05   0.185891E+04
   0.829000E+02   0.131489E+04   0.330565E+02   0.739773E+05   0.185883E+04
   0.830000E+02   0.131526E+04   0.330534E+02   0.740071E+05   0.185874E+04
   0.831000E+02   0.131562E+04   0.330511E+02   0.740368E+05   0.185862E+04
   0.832000E+02   0.131598E+04   0.330499E+02   0.740665E+05   0.185853E+04
   0.833000E+02   0.131635E+04   0.330472E+02   0.740960E+05   0.185843E+04
   0.834000E+02   0.131671E+04   0.330439E+02   0.741254E+05   0.185833E+04
   0.835000E+02   0.131706E+04   0.330411E+02   0.741547E+05   0.185823E+04
   0.836000E+02   0.131742E+04   0.330390E+02   0.741839E+05   0.185812E+04
   0.837000E+02   0.131778E+04   0.330354E+02   0.742130E+05   0.185803E+04
   0.838000E+02   0.131813E+04   0.330349E+02   0.742420E+05   0.185792E+04
   0.839000E+02   0.131848E+04   0.330314E+02   0.742709E+05   0.185784E+04
   0.840000E+02   0.131884E+04   0.330285E+02   0.742996E+05   0.185772E+04
   0.841000E+02   0.131919E+04   0.330251E+02   0.743284E+05   0.185763E+04
   0.842000E+02   0.131954E+04   0.330244E+02   0.743569E+05   0.185752E+04
   0.843000E+02   0.131988E+04   0.330204E+02   0.743854E+05   0.185741E+04
   0.844000E+02   0.132023E+04   0.330166E+02   0.744138E+05   0.185731E+04
   0.845000E+02   0.132058E+04   0.330152E+02   0.744421E+05   0.185719E+04
   0.846000E+02   0.132092E+04   0.330129E+02   0.744703E+05   0.185710E+04
   0.847000E+02   0.132126E+04   0.330098E+02   0.744984E+05   0.185699E+04
   0.848000E+02   0.132161E+04   0.330069E+02   0.745264E+05   0.185687E+04
   0.849000E+02   0.132194E+04   0.330062E+02   0.745542E+05   0.185678E+04
   0.850000E+02   0.132229E+04   0.330028E+02   0.745820E+05   0.185668E+04
   0.851000E+02   0.132262E+04   0.330004E+02   0.746097E+05   0.185657E+04
   0.852000E+02   0.132296E+04   0.329965E+02   0.746373E+05   0.185645E+04
   0.853000E+02   0.132330E+04   0.329927E+02   0.746648E+05   0.185634E+04
   0.854000E+02   0.132363E+04   0.329908E+02   0.746922E+05   0.185623E+04
   0.855000E+02   0.132396E+04   0.329879E+02   0.747195E+05   0.185612E+04
   0.856000E+02   0.132430E+04   0.329870E+02   0.747467E+05   0.185601E+04
   0.857000E+02   0.132463E+04   0.329829E+02   0.747738E+05   0.185590E+04
   0.858000E+02   0.132496E+04   0.329793E+02   0.748008E+05   0.185578E+04
   0.859000E+02   0.132529E+04   0.329782E+02   0.748277E+05   0.185569E+04
   0.860000E+02   0.132561E+04   0.329768E+02   0.748545E+05   0.185557E+04
   0.861000E+02   0.132594E+04   0.329725E+02   0.748813E+05   0.185547E+04
   0.862000E+02   0.132627E+04   0.329704E+02   0.749079E+05   0.185533E+04
   0.863000E+02   0.132659E+04   0.329688E+02   0.749344E+05   0.185525E+04
   0.864000E+02   0.132691E+04   0.329638E+02   0.749609E+05   0.185511E+04
   0.865000E+02   0.132723E+04   0.329630E+02   0.749872E+05   0.185499E+04
   0.866000E+02   0.132755E+04   0.329602E+02   0.750135E+05   0.185488E+04
   0.867000E+02   0.132787E+04   0.329590E+02   0.750396E+05   0.185478E+04
   0.868000E+02   0.132819E+04   0.329563E+02   0.750657E+05   0.185466E+04
   0.869000E+02   0.132851E+04   0.329538E+02   0.750916E+05   0.185454E+04
   0.870000E+02   0.132882E+04   0.329506E+02   0.751176E+05   0.185444E+04
   0.871000E+02   0.132914E+04   0.329482E+02   0.751433E+05   0.185430E+04
   0.872000E+02   0.132945E+04   0.329453E+02   0.751690E+05   0.185421E+04
   0.873000E+02   0.132976E+04   0.329419E+02   0.751946E+05   0.185409E+04
   0.874000E+02   0.133007E+04   0.329382E+02   0.752201E+05   0.185396E+04
   0.875000E+02   0.133038E+04   0.329376E+02   0.752456E+05   0.185384E+04
   0.876000E+02   0.133069E+04   0.329335E+02   0.752709E+05   0.185372E+04
   0.877000E+02   0.133100E+04   0.329317E+02   0.752961E+05   0.185361E+04
   0.878000E+02   0.133131E+04   0.329289E+02   0.753213E+05   0.185348E+04
   0.879000E+02   0.133161E+04   0.329269E+02   0.753464E+05   0.185338E+04
   0.880000E+02   0.133192E+04   0.329234E+02   0.753714E+05   0.185325E+04
   0.881000E+02   0.133222E+04   0.329200E+02   0.753962E+05   0.185312E+04
   0.882000E+02   0.133252E+04   0.329201E+02   0.754210E+05   0.185302E+04
   0.883000E+02   0.133282E+04   0.329174E+02   0.754457E+05   0.185290E+04
   0.884000E+02   0.133312E+04   0.329135E+02   0.754704E+05   0.185278E+04
   0.885000E+02   0.133342E+04   0.329129E+02   0.754949E+05   0.185264E+04
   0.886000E+02   0.133372E+04   0.329077E+02   0.755193E+05   0.185253E+04
   0.887000E+02   0.133402E+04   0.329054E+02   0.755437E+05   0.185243E+04
   0.888000E+02   0.133431E+04   0.329030E+02   0.755680E+05   0.185228E+04
   0.889000E+02   0.133461E+04   0.329022E+02   0.755922E+05   0.185217E+04
   0.890000E+02   0.133490E+04   0.328977E+02   0.756163E+05   0.185203E+04
   0.891000E+02   0.133519E+04   0.328955E+02   0.756403E+05   0.185192E+04
   0.892000E+02   0.133549E+04   0.328924E+02   0.756642E+05   0.185179E+04
   0.893000E+02   0.133578E+04   0.328918E+02   0.756880E+05   0.185167E+04
   0.894000E+02   0.133607E+04   0.328868E+02   0.757118E+05   0.185156E+04
   0.895000E+02   0.133635E+04   0.328855E+02   0.757355E+05   0.185144E+04
   0.896000E+02   0.133664E+04   0.328824E+02   0.757591E+05   0.185130E+04
   0.897000E+02   0.133693E+04   0.328814E+02   0.757826E+05   0.185118E+04
   0.898000E+02   0.133721E+04   0.328777E+02   0.758060E+05   0.185105E+04
   0.899000E+02   0.133750E+04   0.328746E+02   0.758293E+05   0.185093E+04
   0.900000E+02   0.133778E+04   0.328741E+02   0.758526E+05   0.185080E+04
   0.901000E+02   0.133806E+04   0.328708E+02   0.758757E+05   0.185069E+04
   0.902000E+02   0.133834E+04   0.328684E+02   0.758988E+05   0.185054E+04
   0.903000E+02   0.133862E+04   0.328659E+02   0.759218E+05   0.185044E+04
   0.904000E+02   0.133890E+04   0.328618E+02   0.759448E+05   0.185030E+04
   0.905000E+02   0.133918E+04   0.328610E+02   0.759676E+05   0.185021E+04
   0.906000E+02   0.133946E+04   0.328576E+02   0.759904E+05   0.185006E+04
   0.907000E+02   0.133974E+04   0.328532E+02   0.760131E+05   0.184992E+04
   0.908000E+02   0.134001E+04   0.328518E+02   0.760356E+05   0.184980E+04
   0.909000E+02   0.134029E+04   0.328494E+02   0.760582E+05   0.184968E+04
   0.910000E+02   0.134056E+04   0.328466E+02   0.760806E+05   0.184956E+04
   0.911000E+02   0.134083E+04   0.328450E+02   0.761029E+05   0.184943E+04
   0.912000E+02   0.134110E+04   0.328420E+02   0.761252E+05   0.184928E+04
   0.913000E+02   0.134137E+04   0.328391E+02   0.761474E+05   0.184917E+04
   0.914000E+02   0.134164E+04   0.328382E+02   0.761695E+05   0.184904E+04
   0.915000E+02   0.134191E+04   0.328335E+02   0.761916E+05   0.184891E+04
   0.916000E+02   0.134218E+04   0.328330E+02   0.762135E+05   0.184877E+04
   0.917000E+02   0.134244E+04   0.328301E+02   0.762354E+05   0.184866E+04
   0.918000E+02   0.134271E+04   0.328300E+02   0.762572E+05   0.184854E+04
   0.919000E+02   0.134297E+04   0.328256E+02   0.762789E+05   0.184839E+04
   0.920000E+02   0.134323E+04   0.328242E+02   0.763006E+05   0.184828E+04
   0.921000E+02   0.134350E+04   0.328198E+02   0.763222E+05   0.184816E+04
   0.922000E+02   0.134376E+04   0.328173E+02   0.763437E+05   0.184801E+04
   0.923000E+02   0.134402E+04   0.328171E+02   0.763651E+05   0.184789E+04
   0.924000E+02   0.134428E+04   0.328128E+02   0.763864E+05   0.184777E+04
   0.925000E+02   0.134454E+04   0.328104E+02   0.764077E+05   0.184764E+04
   0.926000E+02   0.134480E+04   0.328085E+02   0.764288E+05   0.184749E+04
   0.927000E+02   0.134505E+04   0.328058E+02   0.764500E+05   0.184738E+04
   0.928000E+02   0.134531E+04   0.328038E+02   0.764710E+05   0.184725E+04
   0.929000E+02   0.134556E+04   0.328021E+02   0.764920E+05   0.184713E+04
   0.930000E+02   0.134582E+04   0.327995E+02   0.765128E+05   0.184699E+04
   0.931000E+02   0.134607E+04   0.327968E+02   0.765336E+05   0.184686E+04
   0.932000E+02   0.134632E+04   0.327926E+02   0.765544E+05   0.184673E+04
   0.933000E+02   0.134657E+04   0.327899E+02   0.765750E+05   0.184660E+04
   0.934000E+02   0.134682E+04   0.327890E+02   0.765956E+05   0.184646E+04
   0.935000E+02   0.134707E+04   0.327862E+02   0.766161E+05   0.184635E+04
   0.936000E+02   0.134732E+04   0.327847E+02   0.766366E+05   0.184623E+04
   0.937000E+02   0.134757E+04   0.327807E+02   0.766570E+05   0.184606E+04
   0.938000E+02   0.134782E+04   0.327789E+02   0.766772E+05   0.184595E+04
   0.939000E+02   0.134806E+04   0.327762E+02   0.766975E+05   0.184581E+04
   0.940000E+02   0.134831E+04   0.327753E+02   0.767176E+05   0.184568E+04
   0.941000E+02   0.134855E+04   0.327716E+02   0.767377E+05   0.184558E+04
   0.942000E+02   0.134879E+04   0.327694E+02   0.767577E+05   0.184544E+04
   0.943000E+02   0.134904E+04   0.327661E+02   0.767776E+05   0.184529E+04
   0.944000E+02   0.134928E+04   0.327641E+02   0.767975E+05   0.184516E+04
   0.945000E+02   0.134952E+04   0.327622E+02   0.768173E+05   0.184505E+04
   0.946000E+02   0.134976E+04   0.327600E+02   0.768370E+05   0.184492E+04
   0.947000E+02   0.135000E+04   0.327559E+02   0.768566E+05   0.184480E+04
   0.948000E+02   0.135023E+04   0.327537E+02   0.768762E+05   0.184464E+04
   0.949000E+02   0.135047E+04   0.327521E+02   0.768957E+05   0.184453E+04
   0.950000E+02   0.135071E+04   0.327500E+02   0.769152E+05   0.184441E+04
   0.951000E+02   0.135094E+04   0.327470E+02   0.769345E+05   0.184426E+04
   0.952000E+02   0.135118E+04   0.327437E+02   0.769538E+05   0.184413E+04
   0.953000E+02   0.135141E+04   0.327396E+02   0.769730E+05   0.184398E+04
   0.954000E+02   0.135164E+04   0.327400E+02   0.769922E+05   0.184387E+04
   0.955000E+02   0.135188E+04   0.327391E+02   0.770113E+05   0.184373E+04
   0.956000E+02   0.135211E+04   0.327337E+02   0.770303E+05   0.184361E+04
   0.957000E+02   0.135234E+04   0.327339E+02   0.770493E+05   0.184346E+04
   0.958000E+02   0.135257E+04   0.327306E+02   0.770681E+05   0.184334E+04
   0.959000E+02   0.135279E+04   0.327282E+02   0.770870E+05   0.184321E+04
   0.960000E+02   0.135302E+04   0.327259E+02   0.771057E+05   0.184308E+04
   0.961000E+02   0.135325E+04   0.327238E+02   0.771244E+05   0.184296E+04
   0.962000E+02   0.135348E+04   0.327222E+02   0.771430E+05   0.184281E+04
   0.963000E+02   0.135370E+04   0.327186E+02   0.771616E+05   0.184268E+04
   0.964000E+02   0.135392E+04   0.327187E+02   0.771800E+05   0.184255E+04
   0.965000E+02   0.135415E+04   0.327151E+02   0.771984E+05   0.184243E+04
   0.966000E+02   0.135437E+04   0.327130E+02   0.772168E+05   0.184229E+04
   0.967000E+02   0.135459E+04   0.327087E+02   0.772351E+05   0.184217E+04
   0.968000E+02   0.135482E+04   0.327063E+02   0.772533E+05   0.184202E+04
   0.969000E+02   0.135503E+04   0.327059E+02   0.772714E+05   0.184190E+04
   0.970000E+02   0.135526E+04   0.327028E+02   0.772895E+05   0.184177E+04
   0.971000E+02   0.135547E+04   0.327010E+02   0.773076E+05   0.184164E+04
   0.972000E+02   0.135569E+04   0.326978E+02   0.773255E+05   0.184150E+04
   0.973000E+02   0.135591E+04   0.326956E+02   0.773434E+05   0.184137E+04
   0.974000E+02   0.135612E+04   0.326921E+02   0.773612E+05   0.184124E+04
   0.975000E+02   0.135634E+04   0.326889E+02   0.773790E+05   0.184112E+04
   0.976000E+02   0.135655E+04   0.326870E+02   0.773967E+05   0.184098E+04
   0.977000E+02   0.135677E+04   0.326848E+02   0.774143E+05   0.184085E+04
   0.978000E+02   0.135698E+04   0.326829E+02   0.774319E+05   0.184074E+04
   0.979000E+02   0.135720E+04   0.326819E+02   0.774494E+05   0.184060E+04
   0.980000E+02   0.135741E+04   0.326800E+02   0.774669E+05   0.184046E+04
   0.981000E+02   0.135762E+04   0.326771E+02   0.774842E+05   0.184033E+04
   0.982000E+02   0.135783E+04   0.326754E+02   0.775015E+05   0.184021E+04
   0.983000E+02   0.135804E+04   0.326728E+02   0.775188E+05   0.184006E+04
   0.984000E+02   0.135825E+04   0.326716E+02   0.775360E+05   0.183995E+04
   0.985000E+02   0.135846E+04   0.326679E+02   0.775531E+05   0.183982E+04
   0.986000E+02   0.135866E+04   0.326670E+02   0.775702E+05   0.183968E+04
   0.987000E+02   0.135887E+04   0.326635E+02   0.775872E+05   0.183955E+04
   0.988000E+02   0.135908E+04   0.326611E+02   0.776042E+05   0.183939E+04
   0.989000E+02   0.135928E+04   0.326599E+02   0.776210E+05   0.183930E+04
   0.990000E+02   0.135948E+04   0.326569E+02   0.776379E+05   0.183916E+04
   0.991000E+02   0.135969E+04   0.326556E+02   0.776546E+05   0.183902E+04
   0.992000E+02   0.135989E+04   0.326518E+02   0.776713E+05   0.183889E+04
   0.993000E+02   0.136009E+04   0.326497E+02   0.776880E+05   0.183878E+04
   0.994000E+02   0.136030E+04   0.326478E+02   0.777046E+05   0.183862E+04
   0.995000E+02   0.136049E+04   0.326460E+02   0.777211E+05   0.183849E+04
   0.996000E+02   0.136069E+04   0.326436E+02   0.777376E+05   0.183836E+04
   0.997000E+02   0.136089E+04   0.326422E+02   0.777540E+05   0.183824E+04
   0.998000E+02   0.136109E+04   0.326383E+02   0.777703E+05   0.183812E+04
   0.999000E+02   0.136129E+04   0.326373E+02   0.777866E+05   0.183799E+04
   0.100000E+03   0.136148E+04   0.326349E+02   0.778028E+05   0.183787E+04
   0.100100E+03   0.136168E+04   0.326307E+02   0.778190E+05   0.183771E+04
   0.100200E+03   0.136188E+04   0.326285E+02   0.778351E+05   0.183760E+04
   0.100300E+03   0.136207E+04   0.326277E+02   0.778512E+05   0.183744E+04
   0.100400E+03   0.136227E+04   0.326242E+02   0.778672E+05   0.183733E+04
   0.100500E+03   0.136246E+04   0.326219E+02   0.778831E+05   0.183722E+04
   0.100600E+03   0.136265E+04   0.326215E+02   0.778990E+05   0.183707E+04
   0.100700E+03   0.136284E+04   0.326184E+02   0.779148E+05   0.183695E+04
   0.100800E+03   0.136303E+04   0.326165E+02   0.779306E+05   0.183681E+04
   0.100900E+03   0.136322E+04   0.326134E+02   0.779463E+05   0.183669E+04
   0.101000E+03   0.136341E+04   0.326135E+02   0.779620E+05   0.183657E+04
   0.101100E+03   0.136360E+04   0.326100E+02   0.779776E+05   0.183643E+04
   0.101200E+03   0.136379E+04   0.326076E+02   0.779931E+05   0.183630E+04
   0.101300E+03   0.136398E+04   0.326069E+02   0.780086E+05   0.183616E+04
   0.101400E+03   0.136417E+04   0.326024E+02   0.780240E+05   0.183604E+04
   0.101500E+03   0.136435E+04   0.326007E+02   0.780394E+05   0.183591E+04
   0.101600E+03   0.136454E+04   0.325989E+02   0.780547E+05   0.183578E+04
   0.101700E+03   0.136472E+04   0.325974E+02   0.780700E+05   0.183565E+04
   0.101800E+03   0.136491E+04   0.325950E+02   0.780852E+05   0.183554E+04
   0.101900E+03   0.136509E+04   0.325933E+02   0.781003E+05   0.183540E+04
   0.102000E+03   0.136528E+04   0.325909E+02   0.781154E+05   0.183528E+04
   0.102100E+03   0.136546E+04   0.325886E+02   0.781304E+05   0.183515E+04
   0.102200E+03   0.136564E+04   0.325874E+02   0.781455E+05   0.183501E+04
   0.102300E+03   0.136582E+04   0.325834E+02   0.781604E+05   0.183489E+04
   0.102400E+03   0.136600E+04   0.325803E+02   0.781752E+05   0.183477E+04
   0.102500E+03   0.136618E+04   0.325800E+02   0.781901E+05   0.183464E+04
   0.102600E+03   0.136636E+04   0.325782E+02   0.782049E+05   0.183451E+04
   0.102700E+03   0.136654E+04   0.325769E+02   0.782196E+05   0.183439E+04
   0.102800E+03   0.136671E+04   0.325737E+02   0.782342E+05   0.183425E+04
   0.102900E+03   0.136689E+04   0.325697E+02   0.782489E+05   0.183413E+04
   0.103000E+03   0.136707E+04   0.325706E+02   0.782634E+05   0.183400E+04
   0.103100E+03   0.136725E+04   0.325684E+02   0.782779E+05   0.183388E+04
   0.103200E+03   0.136742E+04   0.325649E+02   0.782924E+05   0.183374E+04
   0.103300E+03   0.136759E+04   0.325642E+02   0.783068E+05   0.183362E+04
   0.103400E+03   0.136777E+04   0.325602E+02   0.783211E+05   0.183350E+04
   0.103500E+03   0.136794E+04   0.325602E+02   0.783354E+05   0.183338E+04
   0.103600E+03   0.136812E+04   0.325555E+02   0.783497E+05   0.183325E+04
   0.103700E+03   0.136829E+04   0.325548E+02   0.783639E+05   0.183311E+04
   0.103800E+03   0.136846E+04   0.325541E+02   0.783780E+05   0.183299E+04
   0.103900E+03   0.136863E+04   0.325510E+02   0.783921E+05   0.183287E+04
   0.104000E+03   0.136880E+04   0.325506E+02   0.784061E+05   0.183276E+04
   0.104100E+03   0.136897E+04   0.325450E+02   0.784201E+05   0.183263E+04
   0.104200E+03   0.136914E+04   0.325449E+02   0.784341E+05   0.183249E+04
   0.104300E+03   0.136931E+04   0.325429E+02   0.784480E+05   0.183236E+04
   0.104400E+03   0.136947E+04   0.325412E+02   0.784618E+05   0.183222E+04
   0.104500E+03   0.136964E+04   0.325403E+02   0.784756E+05   0.183211E+04
   0.104600E+03   0.136981E+04   0.325358E+02   0.784893E+05   0.183200E+04
   0.104700E+03   0.136997E+04   0.325336E+02   0.785030E+05   0.183184E+04
   0.104800E+03   0.137014E+04   0.325325E+02   0.785167E+05   0.183173E+04
   0.104900E+03   0.137030E+04   0.325302E+02   0.785302E+05   0.183162E+04
   0.105000E+03   0.137047E+04   0.325285E+02   0.785438E+05   0.183149E+04
   0.105100E+03   0.137063E+04   0.325262E+02   0.785573E+05   0.183136E+04
   0.105200E+03   0.137079E+04   0.325253E+02   0.785707E+05   0.183123E+04
   0.105300E+03   0.137096E+04   0.325229E+02   0.785841E+05   0.183113E+04
   0.105400E+03   0.137112E+04   0.325199E+02   0.785975E+05   0.183101E+04
   0.105500E+03   0.137128E+04   0.325176E+02   0.786108E+05   0.183087E+04
   0.105600E+03   0.137144E+04   0.325168E+02   0.786240E+05   0.183074E+04
   0.105700E+03   0.137160E+04   0.325155E+02   0.786372E+05   0.183061E+04
   0.105800E+03   0.137176E+04   0.325150E+02   0.786504E+05   0.183050E+04
   0.105900E+03   0.137192E+04   0.325108E+02   0.786635E+05   0.183038E+04
   0.106000E+03   0.137207E+04   0.325090E+02   0.786766E+05   0.183025E+04
   0.106100E+03   0.137223E+04   0.325089E+02   0.786896E+05   0.183015E+04
   0.106200E+03   0.137239E+04   0.325053E+02   0.787025E+05   0.183001E+04
   0.106300E+03   0.137254E+04   0.325013E+02   0.787154E+05   0.182989E+04
   0.106400E+03   0.137270E+04   0.325004E+02   0.787283E+05   0.182975E+04
   0.106500E+03   0.137286E+04   0.324994E+02   0.787412E+05   0.182965E+04
   0.106600E+03   0.137301E+04   0.324957E+02   0.787539E+05   0.182953E+04
   0.106700E+03   0.137316E+04   0.324950E+02   0.787667E+05   0.182940E+04
   0.106800E+03   0.137332E+04   0.324918E+02   0.787793E+05   0.182929E+04
   0.106900E+03   0.137347E+04   0.324904E+02   0.787920E+05   0.182916E+04
   0.107000E+03   0.137362E+04   0.324902E+02   0.788046E+05   0.182903E+04
   0.107100E+03   0.137378E+04   0.324879E+02   0.788171E+05   0.182892E+04
   0.107200E+03   0.137393E+04   0.324849E+02   0.788296E+05   0.182881E+04
   0.107300E+03   0.137408E+04   0.324840E+02   0.788421E+05   0.182870E+04
   0.107400E+03   0.137423E+04   0.324814E+02   0.788545E+05   0.182855E+04
   0.107500E+03   0.137438E+04   0.324818E+02   0.788669E+05   0.182844E+04
   0.107600E+03   0.137453E+04   0.324788E+02   0.788792E+05   0.182832E+04
   0.107700E+03   0.137468E+04   0.324770E+02   0.788915E+05   0.182821E+04
   0.107800E+03   0.137482E+04   0.324735E+02   0.789037E+05   0.182808E+04
   0.107900E+03   0.137497E+04   0.324724E+02   0.789159E+05   0.182795E+04
   0.108000E+03   0.137512E+04   0.324710E+02   0.789281E+05   0.182784E+04
   0.108100E+03   0.137527E+04   0.324681E+02   0.789401E+05   0.182773E+04
   0.108200E+03   0.137541E+04   0.324681E+02   0.789522E+05   0.182761E+04
   0.108300E+03   0.137556E+04   0.324655E+02   0.789642E+05   0.182748E+04
   0.108400E+03   0.137570E+04   0.324646E+02   0.789762E+05   0.182736E+04
   0.108500E+03   0.137585E+04   0.324621E+02   0.789881E+05   0.182724E+04
   0.108600E+03   0.137599E+04   0.324598E+02   0.790000E+05   0.182713E+04
   0.108700E+03   0.137613E+04   0.324575E+02   0.790118E+05   0.182700E+04
   0.108800E+03   0.137628E+04   0.324552E+02   0.790236E+05   0.182689E+04
   0.108900E+03   0.137642E+04   0.324522E+02   0.790354E+05   0.182676E+04
   0.109000E+03   0.137656E+04   0.324531E+02   0.790471E+05   0.182667E+04
   0.109100E+03   0.137670E+04   0.324514E+02   0.790588E+05   0.182653E+04
   0.109200E+03   0.137684E+04   0.324461E+02   0.790704E+05   0.182643E+04
   0.109300E+03   0.137698E+04   0.324459E+02   0.790820E+05   0.182630E+04
   0.109400E+03   0.137712E+04   0.324433E+02   0.790935E+05   0.182618E+04
   0.109500E+03   0.137726E+04   0.324431E+02   0.791050E+05   0.182605E+04
   0.109600E+03   0.137740E+04   0.324415E+02   0.791165E+05   0.182595E+04
   0.109700E+03   0.137754E+04   0.324385E+02   0.791279E+05   0.182583E+04
   0.109800E+03   0.137767E+04   0.324386E+02   0.791393E+05   0.182573E+04
   0.109900E+03   0.137781E+04   0.324364E+02   0.791506E+05   0.182559E+04
   0.110000E+03   0.137795E+04   0.324355E+02   0.791619E+05   0.182550E+04
   0.110100E+03   0.137809E+04   0.324306E+02   0.791731E+05   0.182539E+04
   0.110200E+03   0.137822E+04   0.324303E+02   0.791844E+05   0.182525E+04
   0.110300E+03   0.137836E+04   0.324280E+02   0.791955E+05   0.182514E+04
   0.110400E+03   0.137849E+04   0.324262E+02   0.792066E+05   0.182501E+04
   0.110500E+03   0.137863E+04   0.324239E+02   0.792177E+05   0.182491E+04
   0.110600E+03   0.137876E+04   0.324211E+02   0.792288E+05   0.182480E+04
   0.110700E+03   0.137889E+04   0.324215E+02   0.792398E+05   0.182465E+04
   0.110800E+03   0.137903E+04   0.324203E+02   0.792508E+05   0.182456E+04
   0.110900E+03   0.137916E+04   0.324164E+02   0.792617E+05   0.182444E+04
   0.111000E+03   0.137929E+04   0.324151E+02   0.792726E+05   0.182434E+04
   0.111100E+03   0.137942E+04   0.324143E+02   0.792834E+05   0.182422E+04
   0.111200E+03   0.137955E+04   0.324117E+02   0.792942E+05   0.182411E+04
   0.111300E+03   0.137968E+04   0.324098E+02   0.793050E+05   0.182397E+04
   0.111400E+03   0.137981E+04   0.324076E+02   0.793157E+05   0.182389E+04
   0.111500E+03   0.137994E+04   0.324064E+02   0.793264E+05   0.182375E+04
   0.111600E+03   0.138007E+04   0.324035E+02   0.793371E+05   0.182363E+04
   0.111700E+03   0.138020E+04   0.324019E+02   0.793477E+05   0.182355E+04
   0.111800E+03   0.138033E+04   0.324027E+02   0.793583E+05   0.182343E+04
   0.111900E+03   0.138045E+04   0.324018E+02   0.793688E+05   0.182333E+04
   0.112000E+03   0.138058E+04   0.323977E+02   0.793793E+05   0.182320E+04
   0.112100E+03   0.138071E+04   0.323961E+02   0.793898E+05   0.182308E+04
   0.112200E+03   0.138083E+04   0.323942E+02   0.794002E+05   0.182299E+04
   0.112300E+03   0.138096E+04   0.323931E+02   0.794106E+05   0.182288E+04
   0.112400E+03   0.138108E+04   0.323907E+02   0.794209E+05   0.182277E+04
   0.112500E+03   0.138121E+04   0.323896E+02   0.794313E+05   0.182264E+04
   0.112600E+03   0.138133E+04   0.323877E+02   0.794415E+05   0.182254E+04
   0.112700E+03   0.138146E+04   0.323866E+02   0.794518E+05   0.182241E+04
   0.112800E+03   0.138158E+04   0.323833E+02   0.794620E+05   0.182233E+04
   0.112900E+03   0.138170E+04   0.323848E+02   0.794721E+05   0.182220E+04
   0.113000E+03   0.138183E+04   0.323803E+02   0.794822E+05   0.182209E+04
   0.113100E+03   0.138195E+04   0.323791E+02   0.794924E+05   0.182198E+04
   0.113200E+03   0.138207E+04   0.323787E+02   0.795024E+05   0.182186E+04
   0.113300E+03   0.138219E+04   0.323763E+02   0.795124E+05   0.182177E+04
   0.113400E+03   0.138231E+04   0.323752E+02   0.795224E+05   0.182166E+04
   0.113500E+03   0.138243E+04   0.323727E+02   0.795323E+05   0.182155E+04
   0.113600E+03   0.138255E+04   0.323697E+02   0.795422E+05   0.182142E+04
   0.113700E+03   0.138267E+04   0.323689E+02   0.795521E+05   0.182134E+04
   0.113800E+03   0.138279E+04   0.323688E+02   0.795619E+05   0.182124E+04
   0.113900E+03   0.138291E+04   0.323649E+02   0.795717E+05   0.182109E+04
   0.114000E+03   0.138303E+04   0.323631E+02   0.795815E+05   0.182100E+04
   0.114100E+03   0.138314E+04   0.323646E+02   0.795912E+05   0.182090E+04
   0.114200E+03   0.138326E+04   0.323631E+02   0.796009E+05   0.182080E+04
   0.114300E+03   0.138338E+04   0.323586E+02   0.796106E+05   0.182069E+04
   0.114400E+03   0.138349E+04   0.323574E+02   0.796202E+05   0.182058E+04
   0.114500E+03   0.138361E+04   0.323575E+02   0.796298E+05   0.182045E+04
   0.114600E+03   0.138372E+04   0.323540E+02   0.796393E+05   0.182035E+04
   0.114700E+03   0.138384E+04   0.323518E+02   0.796488E+05   0.182026E+04
   0.114800E+03   0.138395E+04   0.323513E+02   0.796583E+05   0.182015E+04
   0.114900E+03   0.138407E+04   0.323485E+02   0.796678E+05   0.182004E+04
   0.115000E+03   0.138418E+04   0.323494E+02   0.796772E+05   0.181991E+04
   0.115100E+03   0.138430E+04   0.323466E+02   0.796866E+05   0.181982E+04
   0.115200E+03   0.138441E+04   0.323448E+02   0.796959E+05   0.181973E+04
   0.115300E+03   0.138452E+04   0.323438E+02   0.797052E+05   0.181960E+04
   0.115400E+03   0.138463E+04   0.323431E+02   0.797145E+05   0.181950E+04
   0.115500E+03   0.138475E+04   0.323402E+02   0.797237E+05   0.181939E+04
   0.115600E+03   0.138486E+04   0.323370E+02   0.797330E+05   0.181929E+04
   0.115700E+03   0.138497E+04   0.323386E+02   0.797421E+05   0.181919E+04
   0.115800E+03   0.138508E+04   0.323358E+02   0.797513E+05   0.181908E+04
   0.115900E+03   0.138519E+04   0.323356E+02   0.797604E+05   0.181898E+04
   0.116000E+03   0.138530E+04   0.323314E+02   0.797695E+05   0.181888E+04
   0.116100E+03   0.138541E+04   0.323306E+02   0.797785E+05   0.181877E+04
   0.116200E+03   0.138552E+04   0.323295E+02   0.797875E+05   0.181868E+04
   0.116300E+03   0.138562E+04   0.323286E+02   0.797965E+05   0.181857E+04
   0.116400E+03   0.138573E+04   0.323262E+02   0.798054E+05   0.181846E+04
   0.116500E+03   0.138584E+04   0.323270E+02   0.798144E+05   0.181836E+04
   0.116600E+03   0.138595E+04   0.323235E+02   0.798232E+05   0.181827E+04
   0.116700E+03   0.138606E+04   0.323204E+02   0.798321E+05   0.181814E+04
   0.116800E+03   0.138616E+04   0.323196E+02   0.798409E+05   0.181806E+04
   0.116900E+03   0.138627E+04   0.323187E+02   0.798497E+05   0.181795E+04
   0.117000E+03   0.138637E+04   0.323160E+02   0.798584E+05   0.181784E+04
   0.117100E+03   0.138648E+04   0.323144E+02   0.798671E+05   0.181773E+04
   0.117200E+03   0.138658E+04   0.323140E+02   0.798758E+05   0.181765E+04
   0.117300E+03   0.138669E+04   0.323116E+02   0.798845E+05   0.181755E+04
   0.117400E+03   0.138679E+04   0.323117E+02   0.798931E+05   0.181746E+04
   0.117500E+03   0.138690E+04   0.323079E+02   0.799017E+05   0.181732E+04
   0.117600E+03   0.138700E+04   0.323088E+02   0.799103E+05   0.181725E+04
   0.117700E+03   0.138710E+04   0.323083E+02   0.799188E+05   0.181714E+04
   0.117800E+03   0.138721E+04   0.323049E+02   0.799273E+05   0.181702E+04
   0.117900E+03   0.138731E+04   0.323048E+02   0.799358E+05   0.181693E+04
   0.118000E+03   0.138741E+04   0.323020E+02   0.799442E+05   0.181685E+04
   0.118100E+03   0.138751E+04   0.322999E+02   0.799526E+05   0.181672E+04
   0.118200E+03   0.138761E+04   0.322994E+02   0.799610E+05   0.181665E+04
   0.118300E+03   0.138771E+04   0.322979E+02   0.799693E+05   0.181654E+04
   0.118400E+03   0.138781E+04   0.322965E+02   0.799776E+05   0.181644E+04
   0.118500E+03   0.138791E+04   0.322943E+02   0.799859E+05   0.181635E+04
   0.118600E+03   0.138801E+04   0.322949E+02   0.799942E+05   0.181624E+04
   0.118700E+03   0.138812E+04   0.322921E+02   0.800024E+05   0.181615E+04
   0.118800E+03   0.138821E+04   0.322912E+02   0.800106E+05   0.181605E+04
   0.118900E+03   0.138831E+04   0.322892E+02   0.800188E+05   0.181597E+04
   0.119000E+03   0.138841E+04   0.322871E+02   0.800269E+05   0.181584E+04
   0.119100E+03   0.138851E+04   0.322862E+02   0.800350E+05   0.181575E+04
   0.119200E+03   0.138861E+04   0.322842E+02   0.800431E+05   0.181564E+04
   0.119300E+03   0.138870E+04   0.322827E+02   0.800511E+05   0.181556E+04
   0.119400E+03   0.138880E+04   0.322826E+02   0.800592E+05   0.181545E+04
   0.119500E+03   0.138889E+04   0.322812E+02   0.800672E+05   0.181535E+04
   0.119600E+03   0.138899E+04   0.322797E+02   0.800751E+05   0.181527E+04
   0.119700E+03   0.138909E+04   0.322776E+02   0.800830E+05   0.181516E+04
   0.119800E+03   0.138918E+04   0.322768E+02   0.800909E+05   0.181506E+04
   0.119900E+03   0.138928E+04   0.322754E+02   0.800988E+05   0.181498E+04
   0.120000E+03   0.138937E+04   0.322740E+02   0.801067E+05   0.181488E+04
   0.120100E+03   0.138947E+04   0.322715E+02   0.801145E+05   0.181479E+04
   0.120200E+03   0.138956E+04   0.322711E+02   0.801223E+05   0.181468E+04
   0.120300E+03   0.138966E+04   0.322676E+02   0.801300E+05   0.181458E+04
   0.120400E+03   0.138975E+04   0.322662E+02   0.801377E+05   0.181450E+04
   0.120500E+03   0.138984E+04   0.322661E+02   0.801454E+05   0.181439E+04
   0.120600E+03   0.138994E+04   0.322656E+02   0.801531E+05   0.181430E+04
   0.120700E+03   0.139003E+04   0.322625E+02   0.801608E+05   0.181423E+04
   0.120800E+03   0.139012E+04   0.322622E+02   0.801684E+05   0.181411E+04
   0.120900E+03   0.139021E+04   0.322594E+02   0.801760E+05   0.181402E+04
   0.121000E+03   0.139030E+04   0.322596E+02   0.801835E+05   0.181393E+04
   0.121100E+03   0.139039E+04   0.322568E+02   0.801911E+05   0.181383E+04
   0.121200E+03   0.139049E+04   0.322564E+02   0.801986E+05   0.181373E+04
   0.121300E+03   0.139057E+04   0.322553E+02   0.802061E+05   0.181365E+04
   0.121400E+03   0.139066E+04   0.322556E+02   0.802135E+05   0.181355E+04
   0.121500E+03   0.139075E+04   0.322502E+02   0.802209E+05   0.181346E+04
   0.121600E+03   0.139084E+04   0.322494E+02   0.802283E+05   0.181338E+04
   0.121700E+03   0.139093E+04   0.322503E+02   0.802357E+05   0.181327E+04
   0.121800E+03   0.139102E+04   0.322492E+02   0.802430E+05   0.181318E+04
   0.121900E+03   0.139111E+04   0.322468E+02   0.802504E+05   0.181307E+04
   0.122000E+03   0.139120E+04   0.322467E+02   0.802577E+05   0.181302E+04
   0.122100E+03   0.139129E+04   0.322453E+02   0.802649E+05   0.181291E+04
   0.122200E+03   0.139137E+04   0.322415E+02   0.802722E+05   0.181282E+04
   0.122300E+03   0.139146E+04   0.322411E+02   0.802794E+05   0.181272E+04
   0.122400E+03   0.139155E+04   0.322401E+02   0.802866E+05   0.181264E+04
   0.122500E+03   0.139163E+04   0.322393E+02   0.802937E+05   0.181253E+04
   0.122600E+03   0.139172E+04   0.322369E+02   0.803009E+05   0.181244E+04
   0.122700E+03   0.139181E+04   0.322371E+02   0.803079E+05   0.181236E+04
   0.122800E+03   0.139189E+04   0.322357E+02   0.803150E+05   0.181226E+04
   0.122900E+03   0.139198E+04   0.322317E+02   0.803221E+05   0.181218E+04
   0.123000E+03   0.139206E+04   0.322319E+02   0.803291E+05   0.181208E+04
   0.123100E+03   0.139215E+04   0.322297E+02   0.803361E+05   0.181201E+04
   0.123200E+03   0.139223E+04   0.322298E+02   0.803431E+05   0.181190E+04
   0.123300E+03   0.139231E+04   0.322277E+02   0.803501E+05   0.181180E+04
   0.123400E+03   0.139240E+04   0.322279E+02   0.803570E+05   0.181173E+04
   0.123500E+03   0.139248E+04   0.322241E+02   0.803639E+05   0.181163E+04
   0.123600E+03   0.139256E+04   0.322230E+02   0.803708E+05   0.181156E+04
   0.123700E+03   0.139265E+04   0.322234E+02   0.803776E+05   0.181147E+04
   0.123800E+03   0.139273E+04   0.322203E+02   0.803844E+05   0.181139E+04
   0.123900E+03   0.139281E+04   0.322206E+02   0.803913E+05   0.181129E+04
   0.124000E+03   0.139289E+04   0.322202E+02   0.803980E+05   0.181118E+04
   0.124100E+03   0.139298E+04   0.322171E+02   0.804048E+05   0.181110E+04
   0.124200E+03   0.139306E+04   0.322164E+02   0.804115E+05   0.181103E+04
   0.124300E+03   0.139314E+04   0.322139E+02   0.804182E+05   0.181093E+04
   0.124400E+03   0.139322E+04   0.322143E+02   0.804249E+05   0.181085E+04
   0.124500E+03   0.139330E+04   0.322117E+02   0.804316E+05   0.181075E+04
   0.124600E+03   0.139338E+04   0.322117E+02   0.804382E+05   0.181066E+04
   0.124700E+03   0.139346E+04   0.322117E+02   0.804448E+05   0.181060E+04
   0.124800E+03   0.139354E+04   0.322079E+02   0.804514E+05   0.181049E+04
   0.124900E+03   0.139362E+04   0.322079E+02   0.804579E+05   0.181042E+04
   0.125000E+03   0.139370E+04   0.322069E+02   0.804644E+05   0.181034E+04
   0.125100E+03   0.139377E+04   0.322038E+02   0.804710E+05   0.181025E+04
   0.125200E+03   0.139385E+04   0.322044E+02   0.804775E+05   0.181016E+04
   0.125300E+03   0.139393E+04   0.322024E+02   0.804839E+05   0.181008E+04
   0.125400E+03   0.139401E+04   0.322016E+02   0.804904E+05   0.180998E+04
   0.125500E+03   0.139408E+04   0.322009E+02   0.804968E+05   0.180991E+04
   0.125600E+03   0.139416E+04   0.322005E+02   0.805032E+05   0.180983E+04
   0.125700E+03   0.139424E+04   0.321988E+02   0.805095E+05   0.180974E+04
   0.125800E+03   0.139432E+04   0.321953E+02   0.805159E+05   0.180964E+04
   0.125900E+03   0.139439E+04   0.321957E+02   0.805222E+05   0.180956E+04
   0.126000E+03   0.139447E+04   0.321936E+02   0.805285E+05   0.180949E+04
   0.126100E+03   0.139455E+04   0.321919E+02   0.805348E+05   0.180940E+04
   0.126200E+03   0.139462E+04   0.321929E+02   0.805410E+05   0.180930E+04
   0.126300E+03   0.139470E+04   0.321912E+02   0.805473E+05   0.180923E+04
   0.126400E+03   0.139477E+04   0.321904E+02   0.805535E+05   0.180915E+04
   0.126500E+03   0.139484E+04   0.321877E+02   0.805596E+05   0.180906E+04
   0.126600E+03   0.139492E+04   0.321870E+02   0.805658E+05   0.180900E+04
   0.126700E+03   0.139500E+04   0.321849E+02   0.805720E+05   0.180890E+04
   0.126800E+03   0.139507E+04   0.321853E+02   0.805781E+05   0.180881E+04
   0.126900E+03   0.139514E+04   0.321845E+02   0.805842E+05   0.180875E+04
   0.127000E+03   0.139522E+04   0.321835E+02   0.805902E+05   0.180863E+04
   0.127100E+03   0.139529E+04   0.321791E+02   0.805963E+05   0.180856E+04
   0.127200E+03   0.139536E+04   0.321807E+02   0.806023E+05   0.180848E+04
   0.127300E+03   0.139544E+04   0.321797E+02   0.806083E+05   0.180839E+04
   0.127400E+03   0.139551E+04   0.321756E+02   0.806143E+05   0.180834E+04
   0.127500E+03   0.139558E+04   0.321759E+02   0.806203E+05   0.180823E+04
   0.127600E+03   0.139565E+04   0.321748E+02   0.806262E+05   0.180817E+04
   0.127700E+03   0.139572E+04   0.321739E+02   0.806321E+05   0.180808E+04
   0.127800E+03   0.139579E+04   0.321728E+02   0.806380E+05   0.180800E+04
   0.127900E+03   0.139586E+04   0.321711E+02   0.806439E+05   0.180792E+04
   0.128000E+03   0.139593E+04   0.321697E+02   0.806498E+05   0.180784E+04
   0.128100E+03   0.139600E+04   0.321683E+02   0.806556E+05   0.180776E+04
   0.128200E+03   0.139607E+04   0.321684E+02   0.806614E+05   0.180767E+04
   0.128300E+03   0.139614E+04   0.321663E+02   0.806672E+05   0.180761E+04
   0.128400E+03   0.139621E+04   0.321663E+02   0.806730E+05   0.180752E+04
   0.128500E+03   0.139628E+04   0.321655E+02   0.806787E+05   0.180744E+04
   0.128600E+03   0.139635E+04   0.321632E+02   0.806845E+05   0.180737E+04
   0.128700E+03   0.139642E+04   0.321628E+02   0.806902E+05   0.180728E+04
   0.128800E+03   0.139649E+04   0.321605E+02   0.806959E+05   0.180720E+04
   0.128900E+03   0.139656E+04   0.321611E+02   0.807015E+05   0.180714E+04
   0.129000E+03   0.139663E+04   0.321580E+02   0.807072E+05   0.180705E+04
   0.129100E+03   0.139670E+04   0.321580E+02   0.807128E+05   0.180697E+04
   0.129200E+03   0.139676E+04   0.321566E+02   0.807184E+05   0.180689E+04
   0.129300E+03   0.139683E+04   0.321563E+02   0.807240E+05   0.180682E+04
   0.129400E+03   0.139690E+04   0.321542E+02   0.807295E+05   0.180672E+04
   0.129500E+03   0.139696E+04   0.321532E+02   0.807351E+05   0.180664E+04
   0.129600E+03   0.139703E+04   0.321526E+02   0.807406E+05   0.180658E+04
   0.129700E+03   0.139710E+04   0.321511E+02   0.807461E+05   0.180651E+04
   0.129800E+03   0.139716E+04   0.321495E+02   0.807516E+05   0.180643E+04
   0.129900E+03   0.139723E+04   0.321491E+02   0.807571E+05   0.180633E+04
   0.130000E+03   0.139729E+04   0.321468E+02   0.807625E+05   0.180627E+04
   0.130100E+03   0.139736E+04   0.321454E+02   0.807679E+05   0.180618E+04
   0.130200E+03   0.139742E+04   0.321450E+02   0.807733E+05   0.180612E+04
   0.130300E+03   0.139749E+04   0.321426E+02   0.807787E+05   0.180604E+04
   0.130400E+03   0.139755E+04   0.321443E+02   0.807841E+05   0.180596E+04
   0.130500E+03   0.139762E+04   0.321423E+02   0.807894E+05   0.180590E+04
   0.130600E+03   0.139768E+04   0.321416E+02   0.807947E+05   0.180581E+04
   0.130700E+03   0.139775E+04   0.321396E+02   0.808000E+05   0.180574E+04
   0.130800E+03   0.139781E+04   0.321409E+02   0.808053E+05   0.180566E+04
   0.130900E+03   0.139787E+04   0.321392E+02   0.808106E+05   0.180558E+04
   0.131000E+03   0.139794E+04   0.321369E+02   0.808158E+05   0.180552E+04
   0.131100E+03   0.139800E+04   0.321365E+02   0.808211E+05   0.180543E+04
   0.131200E+03   0.139806E+04   0.321338E+02   0.808263E+05   0.180539E+04
   0.131300E+03   0.139813E+04   0.321334E+02   0.808314E+05   0.180529E+04
   0.131400E+03   0.139819E+04   0.321344E+02   0.808366E+05   0.180522E+04
   0.131500E+03   0.139825E+04   0.321331E+02   0.808418E+05   0.180515E+04
   0.131600E+03   0.139831E+04   0.321307E+02   0.808469E+05   0.180506E+04
   0.131700E+03   0.139838E+04   0.321297E+02   0.808520E+05   0.180502E+04
   0.131800E+03   0.139844E+04   0.321301E+02   0.808571E+05   0.180493E+04
   0.131900E+03   0.139850E+04   0.321281E+02   0.808622E+05   0.180487E+04
   0.132000E+03   0.139856E+04   0.321287E+02   0.808672E+05   0.180478E+04
   0.132100E+03   0.139862E+04   0.321247E+02   0.808723E+05   0.180472E+04
   0.132200E+03   0.139868E+04   0.321246E+02   0.808773E+05   0.180463E+04
   0.132300E+03   0.139874E+04   0.321229E+02   0.808823E+05   0.180457E+04
   0.132400E+03   0.139880E+04   0.321232E+02   0.808873E+05   0.180450E+04
   0.132500E+03   0.139886E+04   0.321230E+02   0.808923E+05   0.180442E+04
   0.132600E+03   0.139892E+04   0.321199E+02   0.808972E+05   0.180437E+04
   0.132700E+03   0.139898E+04   0.321182E+02   0.809021E+05   0.180427E+04
   0.132800E+03   0.139904E+04   0.321193E+02   0.809071E+05   0.180420E+04
   0.132900E+03   0.139910E+04   0.321186E+02   0.809119E+05   0.180414E+04
   0.133000E+03   0.139916E+04   0.321152E+02   0.809168E+05   0.180408E+04
   0.133100E+03   0.139922E+04   0.321152E+02   0.809217E+05   0.180402E+04
   0.133200E+03   0.139928E+04   0.321139E+02   0.809265E+05   0.180392E+04
   0.133300E+03   0.139933E+04   0.321131E+02   0.809314E+05   0.180385E+04
   0.133400E+03   0.139939E+04   0.321139E+02   0.809361E+05   0.180379E+04
   0.133500E+03   0.139945E+04   0.321132E+02   0.809409E+05   0.180371E+04
   0.133600E+03   0.139951E+04   0.321128E+02   0.809457E+05   0.180363E+04
   0.133700E+03   0.139957E+04   0.321085E+02   0.809505E+05   0.180357E+04
   0.133800E+03   0.139962E+04   0.321075E+02   0.809552E+05   0.180352E+04
   0.133900E+03   0.139968E+04   0.321071E+02   0.809599E+05   0.180345E+04
   0.134000E+03   0.139974E+04   0.321065E+02   0.809646E+05   0.180338E+04
   0.134100E+03   0.139979E+04   0.321051E+02   0.809693E+05   0.180329E+04
   0.134200E+03   0.139985E+04   0.321038E+02   0.809740E+05   0.180324E+04
   0.134300E+03   0.139990E+04   0.321024E+02   0.809786E+05   0.180315E+04
   0.134400E+03   0.139996E+04   0.321022E+02   0.809832E+05   0.180310E+04
   0.134500E+03   0.140001E+04   0.321024E+02   0.809879E+05   0.180303E+04
   0.134600E+03   0.140007E+04   0.321008E+02   0.809925E+05   0.180296E+04
   0.134700E+03   0.140013E+04   0.321015E+02   0.809970E+05   0.180291E+04
   0.134800E+03   0.140018E+04   0.320994E+02   0.810016E+05   0.180283E+04
   0.134900E+03   0.140024E+04   0.320971E+02   0.810061E+05   0.180277E+04
   0.135000E+03   0.140029E+04   0.320988E+02   0.810107E+05   0.180269E+04
   0.135100E+03   0.140035E+04   0.320965E+02   0.810152E+05   0.180264E+04
   0.135200E+03   0.140040E+04   0.320951E+02   0.810197E+05   0.180256E+04
   0.135300E+03   0.140045E+04   0.320924E+02   0.810242E+05   0.180248E+04
   0.135400E+03   0.140051E+04   0.320938E+02   0.810287E+05   0.180241E+04
   0.135500E+03   0.140056E+04   0.320925E+02   0.810331E+05   0.180235E+04
   0.135600E+03   0.140061E+04   0.320901E+02   0.810375E+05   0.180230E+04
   0.135700E+03   0.140067E+04   0.320918E+02   0.810419E+05   0.180222E+04
   0.135800E+03   0.140072E+04   0.320901E+02   0.810463E+05   0.180215E+04
   0.135900E+03   0.140078E+04   0.320878E+02   0.810507E+05   0.180209E+04
   0.136000E+03   0.140083E+04   0.320884E+02   0.810551E+05   0.180203E+04
   0.136100E+03   0.140088E+04   0.320875E+02   0.810595E+05   0.180195E+04
   0.136200E+03   0.140093E+04   0.320854E+02   0.810638E+05   0.180188E+04
   0.136300E+03   0.140098E+04   0.320851E+02   0.810681E+05   0.180183E+04
   0.136400E+03   0.140103E+04   0.320848E+02   0.810724E+05   0.180177E+04
   0.136500E+03   0.140109E+04   0.320841E+02   0.810767E+05   0.180168E+04
   0.136600E+03   0.140114E+04   0.320824E+02   0.810810E+05   0.180163E+04
   0.136700E+03   0.140119E+04   0.320811E+02   0.810852E+05   0.180158E+04
   0.136800E+03   0.140124E+04   0.320815E+02   0.810895E+05   0.180151E+04
   0.136900E+03   0.140129E+04   0.320784E+02   0.810937E+05   0.180144E+04
   0.137000E+03   0.140134E+04   0.320801E+02   0.810979E+05   0.180138E+04
   0.137100E+03   0.140139E+04   0.320788E+02   0.811021E+05   0.180132E+04
   0.137200E+03   0.140144E+04   0.320768E+02   0.811063E+05   0.180125E+04
   0.137300E+03   0.140150E+04   0.320759E+02   0.811105E+05   0.180119E+04
   0.137400E+03   0.140154E+04   0.320749E+02   0.811146E+05   0.180112E+04
   0.137500E+03   0.140160E+04   0.320732E+02   0.811187E+05   0.180104E+04
   0.137600E+03   0.140164E+04   0.320715E+02   0.811229E+05   0.180099E+04
   0.137700E+03   0.140169E+04   0.320722E+02   0.811270E+05   0.180094E+04
   0.137800E+03   0.140174E+04   0.320716E+02   0.811311E+05   0.180088E+04
   0.137900E+03   0.140179E+04   0.320698E+02   0.811351E+05   0.180081E+04
   0.138000E+03   0.140184E+04   0.320682E+02   0.811392E+05   0.180076E+04
   0.138100E+03   0.140189E+04   0.320693E+02   0.811432E+05   0.180067E+04
   0.138200E+03   0.140194E+04   0.320686E+02   0.811473E+05   0.180062E+04
   0.138300E+03   0.140199E+04   0.320680E+02   0.811513E+05   0.180055E+04
   0.138400E+03   0.140204E+04   0.320673E+02   0.811553E+05   0.180048E+04
   0.138500E+03   0.140208E+04   0.320653E+02   0.811593E+05   0.180043E+04
   0.138600E+03   0.140213E+04   0.320636E+02   0.811632E+05   0.180037E+04
   0.138700E+03   0.140218E+04   0.320623E+02   0.811672E+05   0.180031E+04
   0.138800E+03   0.140223E+04   0.320637E+02   0.811712E+05   0.180026E+04
   0.138900E+03   0.140228E+04   0.320627E+02   0.811751E+05   0.180020E+04
   0.139000E+03   0.140232E+04   0.320607E+02   0.811790E+05   0.180013E+04
   0.139100E+03   0.140237E+04   0.320607E+02   0.811829E+05   0.180007E+04
   0.139200E+03   0.140242E+04   0.320604E+02   0.811868E+05   0.180000E+04
   0.139300E+03   0.140246E+04   0.320581E+02   0.811907E+05   0.179995E+04
   0.139400E+03   0.140251E+04   0.320558E+02   0.811945E+05   0.179987E+04
   0.139500E+03   0.140256E+04   0.320560E+02   0.811984E+05   0.179984E+04
   0.139600E+03   0.140260E+04   0.320561E+02   0.812022E+05   0.179977E+04
   0.139700E+03   0.140265E+04   0.320561E+02   0.812060E+05   0.179971E+04
   0.139800E+03   0.140269E+04   0.320562E+02   0.812098E+05   0.179965E+04
   0.139900E+03   0.140274E+04   0.320542E+02   0.812136E+05   0.179959E+04
   0.140000E+03   0.140278E+04   0.320512E+02   0.812174E+05   0.179951E+04
   0.140100E+03   0.140283E+04   0.320522E+02   0.812211E+05   0.179949E+04
   0.140200E+03   0.140288E+04   0.320499E+02   0.812249E+05   0.179943E+04
   0.140300E+03   0.140292E+04   0.320516E+02   0.812286E+05   0.179936E+04
   0.140400E+03   0.140296E+04   0.320496E+02   0.812323E+05   0.179929E+04
   0.140500E+03   0.140301E+04   0.320489E+02   0.812360E+05   0.179924E+04
   0.140600E+03   0.140306E+04   0.320469E+02   0.812397E+05   0.179919E+04
   0.140700E+03   0.140310E+04   0.320483E+02   0.812434E+05   0.179911E+04
   0.140800E+03   0.140314E+04   0.320460E+02   0.812471E+05   0.179907E+04
   0.140900E+03   0.140319E+04   0.320456E+02   0.812507E+05   0.179900E+04
   0.141000E+03   0.140323E+04   0.320444E+02   0.812543E+05   0.179896E+04
   0.141100E+03   0.140327E+04   0.320434E+02   0.812580E+05   0.179890E+04
   0.141200E+03   0.140332E+04   0.320431E+02   0.812616E+05   0.179884E+04
   0.141300E+03   0.140336E+04   0.320431E+02   0.812652E+05   0.179878E+04
   0.141400E+03   0.140340E+04   0.320424E+02   0.812688E+05   0.179872E+04
   0.141500E+03   0.140345E+04   0.320394E+02   0.812723E+05   0.179864E+04
   0.141600E+03   0.140349E+04   0.320411E+02   0.812759E+05   0.179860E+04
   0.141700E+03   0.140353E+04   0.320385E+02   0.812794E+05   0.179855E+04
   0.141800E+03   0.140358E+04   0.320392E+02   0.812830E+05   0.179849E+04
   0.141900E+03   0.140362E+04   0.320361E+02   0.812865E+05   0.179843E+04
   0.142000E+03   0.140366E+04   0.320378E+02   0.812900E+05   0.179839E+04
   0.142100E+03   0.140370E+04   0.320349E+02   0.812935E+05   0.179833E+04
   0.142200E+03   0.140375E+04   0.320350E+02   0.812970E+05   0.179827E+04
   0.142300E+03   0.140379E+04   0.320339E+02   0.813004E+05   0.179820E+04
   0.142400E+03   0.140383E+04   0.320330E+02   0.813039E+05   0.179817E+04
   0.142500E+03   0.140387E+04   0.320316E+02   0.813073E+05   0.179809E+04
   0.142600E+03   0.140391E+04   0.320326E+02   0.813108E+05   0.179805E+04
   0.142700E+03   0.140395E+04   0.320334E+02   0.813142E+05   0.179800E+04
   0.142800E+03   0.140399E+04   0.320291E+02   0.813176E+05   0.179795E+04
   0.142900E+03   0.140404E+04   0.320297E+02   0.813210E+05   0.179788E+04
   0.143000E+03   0.140408E+04   0.320302E+02   0.813244E+05   0.179783E+04
   0.143100E+03   0.140412E+04   0.320278E+02   0.813277E+05   0.179776E+04
   0.143200E+03   0.140416E+04   0.320272E+02   0.813311E+05   0.179773E+04
   0.143300E+03   0.140420E+04   0.320275E+02   0.813344E+05   0.179764E+04
   0.143400E+03   0.140424E+04   0.320258E+02   0.813378E+05   0.179761E+04
   0.143500E+03   0.140428E+04   0.320252E+02   0.813411E+05   0.179756E+04
   0.143600E+03   0.140432E+04   0.320263E+02   0.813444E+05   0.179750E+04
   0.143700E+03   0.140436E+04   0.320247E+02   0.813477E+05   0.179745E+04
   0.143800E+03   0.140440E+04   0.320226E+02   0.813510E+05   0.179739E+04
   0.143900E+03   0.140444E+04   0.320223E+02   0.813542E+05   0.179735E+04
   0.144000E+03   0.140448E+04   0.320223E+02   0.813575E+05   0.179728E+04
   0.144100E+03   0.140452E+04   0.320224E+02   0.813607E+05   0.179725E+04
   0.144200E+03   0.140455E+04   0.320201E+02   0.813640E+05   0.179718E+04
   0.144300E+03   0.140459E+04   0.320187E+02   0.813672E+05   0.179714E+04
   0.144400E+03   0.140463E+04   0.320175E+02   0.813704E+05   0.179708E+04
   0.144500E+03   0.140467E+04   0.320171E+02   0.813736E+05   0.179702E+04
   0.144600E+03   0.140471E+04   0.320162E+02   0.813768E+05   0.179698E+04
   0.144700E+03   0.140475E+04   0.320156E+02   0.813800E+05   0.179692E+04
   0.144800E+03   0.140478E+04   0.320156E+02   0.813831E+05   0.179687E+04
   0.144900E+03   0.140482E+04   0.320159E+02   0.813863E+05   0.179681E+04
   0.145000E+03   0.140486E+04   0.320149E+02   0.813894E+05   0.179677E+04
   0.145100E+03   0.140490E+04   0.320126E+02   0.813926E+05   0.179672E+04
   0.145200E+03   0.140494E+04   0.320127E+02   0.813957E+05   0.179666E+04
   0.145300E+03   0.140497E+04   0.320127E+02   0.813988E+05   0.179660E+04
   0.145400E+03   0.140501E+04   0.320127E+02   0.814019E+05   0.179657E+04
   0.145500E+03   0.140505E+04   0.320107E+02   0.814050E+05   0.179652E+04
   0.145600E+03   0.140508E+04   0.320092E+02   0.814080E+05   0.179644E+04
   0.145700E+03   0.140512E+04   0.320108E+02   0.814111E+05   0.179642E+04
   0.145800E+03   0.140516E+04   0.320095E+02   0.814141E+05   0.179635E+04
   0.145900E+03   0.140520E+04   0.320079E+02   0.814172E+05   0.179630E+04
   0.146000E+03   0.140523E+04   0.320069E+02   0.814202E+05   0.179626E+04
   0.146100E+03   0.140527E+04   0.320053E+02   0.814232E+05   0.179621E+04
   0.146200E+03   0.140530E+04   0.320045E+02   0.814262E+05   0.179615E+04
   0.146300E+03   0.140534E+04   0.320060E+02   0.814292E+05   0.179610E+04
   0.146400E+03   0.140538E+04   0.320054E+02   0.814322E+05   0.179606E+04
   0.146500E+03   0.140541E+04   0.320034E+02   0.814352E+05   0.179602E+04
   0.146600E+03   0.140545E+04   0.320028E+02   0.814382E+05   0.179596E+04
   0.146700E+03   0.140548E+04   0.320008E+02   0.814411E+05   0.179591E+04
   0.146800E+03   0.140552E+04   0.320001E+02   0.814440E+05   0.179585E+04
   0.146900E+03   0.140555E+04   0.320022E+02   0.814470E+05   0.179581E+04
   0.147000E+03   0.140559E+04   0.319995E+02   0.814499E+05   0.179576E+04
   0.147100E+03   0.140562E+04   0.319989E+02   0.814528E+05   0.179571E+04
   0.147200E+03   0.140566E+04   0.319976E+02   0.814557E+05   0.179565E+04
   0.147300E+03   0.140569E+04   0.319983E+02   0.814586E+05   0.179562E+04
   0.147400E+03   0.140573E+04   0.319970E+02   0.814615E+05   0.179558E+04
   0.147500E+03   0.140576E+04   0.319973E+02   0.814643E+05   0.179552E+04
   0.147600E+03   0.140580E+04   0.319964E+02   0.814672E+05   0.179547E+04
   0.147700E+03   0.140583E+04   0.319961E+02   0.814700E+05   0.179542E+04
   0.147800E+03   0.140587E+04   0.319935E+02   0.814728E+05   0.179537E+04
   0.147900E+03   0.140590E+04   0.319952E+02   0.814757E+05   0.179533E+04
   0.148000E+03   0.140594E+04   0.319949E+02   0.814785E+05   0.179529E+04
   0.148100E+03   0.140597E+04   0.319909E+02   0.814813E+05   0.179524E+04
   0.148200E+03   0.140600E+04   0.319926E+02   0.814841E+05   0.179518E+04
   0.148300E+03   0.140604E+04   0.319913E+02   0.814869E+05   0.179512E+04
   0.148400E+03   0.140607E+04   0.319920E+02   0.814897E+05   0.179508E+04
   0.148500E+03   0.140611E+04   0.319914E+02   0.814924E+05   0.179505E+04
   0.148600E+03   0.140614E+04   0.319876E+02   0.814952E+05   0.179499E+04
   0.148700E+03   0.140617E+04   0.319894E+02   0.814979E+05   0.179495E+04
   0.148800E+03   0.140620E+04   0.319884E+02   0.815006E+05   0.179489E+04
   0.148900E+03   0.140624E+04   0.319879E+02   0.815034E+05   0.179487E+04
   0.149000E+03   0.140627E+04   0.319862E+02   0.815061E+05   0.179482E+04
   0.149100E+03   0.140630E+04   0.319876E+02   0.815088E+05   0.179477E+04
   0.149200E+03   0.140633E+04   0.319849E+02   0.815115E+05   0.179471E+04
   0.149300E+03   0.140637E+04   0.319849E+02   0.815141E+05   0.179467E+04
   0.149400E+03   0.140640E+04   0.319846E+02   0.815169E+05   0.179461E+04
   0.149500E+03   0.140643E+04   0.319844E+02   0.815195E+05   0.179458E+04
   0.149600E+03   0.140646E+04   0.319838E+02   0.815222E+05   0.179454E+04
   0.149700E+03   0.140649E+04   0.319814E+02   0.815248E+05   0.179449E+04
   0.149800E+03   0.140653E+04   0.319824E+02   0.815274E+05   0.179443E+04
   0.149900E+03   0.140656E+04   0.319811E+02   0.815300E+05   0.179441E+04
   0.150000E+03   0.140659E+04   0.319812E+02   0.815327E+05   0.179436E+04
   0.150100E+03   0.140662E+04   0.319799E+02   0.815353E+05   0.179431E+04
   0.150200E+03   0.140665E+04   0.319792E+02   0.815379E+05   0.179426E+04
   0.150300E+03   0.140668E+04   0.319786E+02   0.815405E+05   0.179423E+04
   0.150400E+03   0.140671E+04   0.319787E+02   0.815430E+05   0.179416E+04
   0.150500E+03   0.140675E+04   0.319773E+02   0.815456E+05   0.179414E+04
   0.150600E+03   0.140678E+04   0.319784E+02   0.815482E+05   0.179409E+04
   0.150700E+03   0.140680E+04   0.319778E+02   0.815507E+05   0.179404E+04
   0.150800E+03   0.140684E+04   0.319754E+02   0.815532E+05   0.179400E+04
   0.150900E+03   0.140687E+04   0.319765E+02   0.815558E+05   0.179395E+04
   0.151000E+03   0.140690E+04   0.319749E+02   0.815583E+05   0.179390E+04
   0.151100E+03   0.140693E+04   0.319732E+02   0.815608E+05   0.179386E+04
   0.151200E+03   0.140696E+04   0.319722E+02   0.815633E+05   0.179381E+04
   0.151300E+03   0.140699E+04   0.319716E+02   0.815658E+05   0.179378E+04
   0.151400E+03   0.140702E+04   0.319723E+02   0.815683E+05   0.179372E+04
   0.151500E+03   0.140705E+04   0.319720E+02   0.815708E+05   0.179370E+04
   0.151600E+03   0.140708E+04   0.319718E+02   0.815732E+05   0.179364E+04
   0.151700E+03   0.140711E+04   0.319697E+02   0.815757E+05   0.179360E+04
   0.151800E+03   0.140714E+04   0.319682E+02   0.815781E+05   0.179355E+04
   0.151900E+03   0.140717E+04   0.319688E+02   0.815806E+05   0.179351E+04
   0.152000E+03   0.140720E+04   0.319683E+02   0.815830E+05   0.179347E+04
   0.152100E+03   0.140723E+04   0.319675E+02   0.815854E+05   0.179344E+04
   0.152200E+03   0.140725E+04   0.319696E+02   0.815879E+05   0.179339E+04
   0.152300E+03   0.140728E+04   0.319687E+02   0.815902E+05   0.179333E+04
   0.152400E+03   0.140731E+04   0.319667E+02   0.815926E+05   0.179332E+04
   0.152500E+03   0.140734E+04   0.319661E+02   0.815950E+05   0.179326E+04
   0.152600E+03   0.140737E+04   0.319651E+02   0.815974E+05   0.179322E+04
   0.152700E+03   0.140740E+04   0.319648E+02   0.815998E+05   0.179318E+04
   0.152800E+03   0.140743E+04   0.319638E+02   0.816021E+05   0.179313E+04
   0.152900E+03   0.140746E+04   0.319625E+02   0.816045E+05   0.179307E+04
   0.153000E+03   0.140749E+04   0.319626E+02   0.816068E+05   0.179304E+04
   0.153100E+03   0.140751E+04   0.319640E+02   0.816092E+05   0.179301E+04
   0.153200E+03   0.140754E+04   0.319617E+02   0.816115E+05   0.179299E+04
   0.153300E+03   0.140757E+04   0.319617E+02   0.816138E+05   0.179295E+04
   0.153400E+03   0.140760E+04   0.319601E+02   0.816161E+05   0.179289E+04
   0.153500E+03   0.140762E+04   0.319604E+02   0.816184E+05   0.179285E+04
   0.153600E+03   0.140765E+04   0.319598E+02   0.816207E+05   0.179281E+04
   0.153700E+03   0.140768E+04   0.319592E+02   0.816230E+05   0.179277E+04
   0.153800E+03   0.140771E+04   0.319578E+02   0.816253E+05   0.179271E+04
   0.153900E+03   0.140773E+04   0.319573E+02   0.816275E+05   0.179269E+04
   0.154000E+03   0.140776E+04   0.319556E+02   0.816298E+05   0.179264E+04
   0.154100E+03   0.140779E+04   0.319570E+02   0.816320E+05   0.179260E+04
   0.154200E+03   0.140782E+04   0.319554E+02   0.816343E+05   0.179256E+04
   0.154300E+03   0.140784E+04   0.319561E+02   0.816365E+05   0.179252E+04
   0.154400E+03   0.140787E+04   0.319575E+02   0.816387E+05   0.179250E+04
   0.154500E+03   0.140789E+04   0.319545E+02   0.816410E+05   0.179245E+04
   0.154600E+03   0.140792E+04   0.319545E+02   0.816432E+05   0.179240E+04
   0.154700E+03   0.140795E+04   0.319542E+02   0.816454E+05   0.179238E+04
   0.154800E+03   0.140798E+04   0.319526E+02   0.816476E+05   0.179232E+04
   0.154900E+03   0.140800E+04   0.319522E+02   0.816498E+05   0.179229E+04
   0.155000E+03   0.140803E+04   0.319537E+02   0.816519E+05   0.179224E+04
   0.155100E+03   0.140805E+04   0.319517E+02   0.816541E+05   0.179221E+04
   0.155200E+03   0.140808E+04   0.319508E+02   0.816563E+05   0.179216E+04
   0.155300E+03   0.140811E+04   0.319508E+02   0.816584E+05   0.179212E+04
   0.155400E+03   0.140813E+04   0.319488E+02   0.816606E+05   0.179207E+04
   0.155500E+03   0.140816E+04   0.319496E+02   0.816627E+05   0.179206E+04
   0.155600E+03   0.140818E+04   0.319493E+02   0.816648E+05   0.179202E+04
   0.155700E+03   0.140821E+04   0.319479E+02   0.816669E+05   0.179197E+04
   0.155800E+03   0.140823E+04   0.319472E+02   0.816691E+05   0.179194E+04
   0.155900E+03   0.140826E+04   0.319477E+02   0.816711E+05   0.179191E+04
   0.156000E+03   0.140828E+04   0.319474E+02   0.816732E+05   0.179185E+04
   0.156100E+03   0.140831E+04   0.319448E+02   0.816753E+05   0.179181E+04
   0.156200E+03   0.140834E+04   0.319461E+02   0.816774E+05   0.179179E+04
   0.156300E+03   0.140836E+04   0.319462E+02   0.816795E+05   0.179175E+04
   0.156400E+03   0.140839E+04   0.319439E+02   0.816816E+05   0.179170E+04
   0.156500E+03   0.140841E+04   0.319432E+02   0.816836E+05   0.179166E+04
   0.156600E+03   0.140843E+04   0.319423E+02   0.816857E+05   0.179162E+04
   0.156700E+03   0.140846E+04   0.319430E+02   0.816877E+05   0.179160E+04
   0.156800E+03   0.140849E+04   0.319427E+02   0.816898E+05   0.179156E+04
   0.156900E+03   0.140851E+04   0.319420E+02   0.816918E+05   0.179153E+04
   0.157000E+03   0.140853E+04   0.319424E+02   0.816938E+05   0.179149E+04
   0.157100E+03   0.140856E+04   0.319419E+02   0.816958E+05   0.179144E+04
   0.157200E+03   0.140858E+04   0.319412E+02   0.816979E+05   0.179140E+04
   0.157300E+03   0.140861E+04   0.319399E+02   0.816998E+05   0.179138E+04
   0.157400E+03   0.140863E+04   0.319403E+02   0.817019E+05   0.179133E+04
   0.157500E+03   0.140865E+04   0.319383E+02   0.817038E+05   0.179130E+04
   0.157600E+03   0.140868E+04   0.319387E+02   0.817058E+05   0.179127E+04
   0.157700E+03   0.140870E+04   0.319384E+02   0.817078E+05   0.179122E+04
   0.157800E+03   0.140872E+04   0.319358E+02   0.817097E+05   0.179119E+04
   0.157900E+03   0.140875E+04   0.319365E+02   0.817117E+05   0.179115E+04
   0.158000E+03   0.140877E+04   0.319345E+02   0.817136E+05   0.179112E+04
   0.158100E+03   0.140880E+04   0.319372E+02   0.817156E+05   0.179109E+04
   0.158200E+03   0.140882E+04   0.319362E+02   0.817175E+05   0.179103E+04
   0.158300E+03   0.140884E+04   0.319349E+02   0.817195E+05   0.179102E+04
   0.158400E+03   0.140887E+04   0.319339E+02   0.817214E+05   0.179098E+04
   0.158500E+03   0.140889E+04   0.319357E+02   0.817233E+05   0.179096E+04
   0.158600E+03   0.140891E+04   0.319326E+02   0.817252E+05   0.179091E+04
   0.158700E+03   0.140894E+04   0.319341E+02   0.817271E+05   0.179087E+04
   0.158800E+03   0.140896E+04   0.319315E+02   0.817290E+05   0.179083E+04
   0.158900E+03   0.140898E+04   0.319309E+02   0.817309E+05   0.179079E+04
   0.159000E+03   0.140900E+04   0.319302E+02   0.817328E+05   0.179076E+04
   0.159100E+03   0.140902E+04   0.319302E+02   0.817346E+05   0.179073E+04
   0.159200E+03   0.140905E+04   0.319317E+02   0.817365E+05   0.179071E+04
   0.159300E+03   0.140907E+04   0.319287E+02   0.817384E+05   0.179065E+04
   0.159400E+03   0.140909E+04   0.319297E+02   0.817402E+05   0.179062E+04
   0.159500E+03   0.140912E+04   0.319291E+02   0.817421E+05   0.179059E+04
   0.159600E+03   0.140914E+04   0.319294E+02   0.817439E+05   0.179056E+04
   0.159700E+03   0.140916E+04   0.319282E+02   0.817457E+05   0.179051E+04
   0.159800E+03   0.140918E+04   0.319272E+02   0.817476E+05   0.179049E+04
   0.159900E+03   0.140920E+04   0.319279E+02   0.817494E+05   0.179046E+04
   0.160000E+03   0.140922E+04   0.319258E+02   0.817512E+05   0.179041E+04
   0.160100E+03   0.140925E+04   0.319276E+02   0.817530E+05   0.179040E+04
   0.160200E+03   0.140927E+04   0.319254E+02   0.817548E+05   0.179036E+04
   0.160300E+03   0.140929E+04   0.319240E+02   0.817566E+05   0.179033E+04
   0.160400E+03   0.140931E+04   0.319251E+02   0.817584E+05   0.179028E+04
   0.160500E+03   0.140933E+04   0.319255E+02   0.817602E+05   0.179024E+04
   0.160600E+03   0.140935E+04   0.319225E+02   0.817619E+05   0.179023E+04
   0.160700E+03   0.140938E+04   0.319242E+02   0.817637E+05   0.179018E+04
   0.160800E+03   0.140940E+04   0.319220E+02   0.817654E+05   0.179013E+04
   0.160900E+03   0.140942E+04   0.319227E+02   0.817672E+05   0.179013E+04
   0.161000E+03   0.140944E+04   0.319210E+02   0.817690E+05   0.179008E+04
   0.161100E+03   0.140946E+04   0.319210E+02   0.817707E+05   0.179005E+04
   0.161200E+03   0.140948E+04   0.319224E+02   0.817724E+05   0.179001E+04
   0.161300E+03   0.140950E+04   0.319228E+02   0.817741E+05   0.178999E+04
   0.161400E+03   0.140952E+04   0.319199E+02   0.817759E+05   0.178994E+04
   0.161500E+03   0.140954E+04   0.319199E+02   0.817776E+05   0.178991E+04
   0.161600E+03   0.140956E+04   0.319206E+02   0.817793E+05   0.178988E+04
   0.161700E+03   0.140958E+04   0.319216E+02   0.817810E+05   0.178985E+04
   0.161800E+03   0.140961E+04   0.319173E+02   0.817827E+05   0.178982E+04
   0.161900E+03   0.140962E+04   0.319163E+02   0.817844E+05   0.178981E+04
   0.162000E+03   0.140965E+04   0.319170E+02   0.817861E+05   0.178977E+04
   0.162100E+03   0.140967E+04   0.319174E+02   0.817878E+05   0.178974E+04
   0.162200E+03   0.140969E+04   0.319175E+02   0.817894E+05   0.178969E+04
   0.162300E+03   0.140971E+04   0.319162E+02   0.817911E+05   0.178967E+04
   0.162400E+03   0.140973E+04   0.319152E+02   0.817928E+05   0.178963E+04
   0.162500E+03   0.140975E+04   0.319145E+02   0.817944E+05   0.178960E+04
   0.162600E+03   0.140977E+04   0.319146E+02   0.817960E+05   0.178957E+04
   0.162700E+03   0.140979E+04   0.319150E+02   0.817977E+05   0.178954E+04
   0.162800E+03   0.140981E+04   0.319140E+02   0.817993E+05   0.178951E+04
   0.162900E+03   0.140983E+04   0.319142E+02   0.818009E+05   0.178947E+04
   0.163000E+03   0.140985E+04   0.319121E+02   0.818026E+05   0.178944E+04
   0.163100E+03   0.140986E+04   0.319124E+02   0.818042E+05   0.178942E+04
   0.163200E+03   0.140988E+04   0.319109E+02   0.818058E+05   0.178939E+04
   0.163300E+03   0.140990E+04   0.319116E+02   0.818074E+05   0.178934E+04
   0.163400E+03   0.140992E+04   0.319119E+02   0.818090E+05   0.178931E+04
   0.163500E+03   0.140994E+04   0.319131E+02   0.818106E+05   0.178929E+04
   0.163600E+03   0.140996E+04   0.319121E+02   0.818122E+05   0.178926E+04
   0.163700E+03   0.140998E+04   0.319121E+02   0.818138E+05   0.178922E+04
   0.163800E+03   0.141000E+04   0.319115E+02   0.818153E+05   0.178920E+04
   0.163900E+03   0.141002E+04   0.319108E+02   0.818169E+05   0.178916E+04
   0.164000E+03   0.141004E+04   0.319108E+02   0.818185E+05   0.178913E+04
   0.164100E+03   0.141006E+04   0.319102E+02   0.818201E+05   0.178911E+04
   0.164200E+03   0.141007E+04   0.319086E+02   0.818216E+05   0.178907E+04
   0.164300E+03   0.141009E+04   0.319087E+02   0.818232E+05   0.178906E+04
   0.164400E+03   0.141011E+04   0.319087E+02   0.818247E+05   0.178901E+04
   0.164500E+03   0.141013E+04   0.319097E+02   0.818262E+05   0.178898E+04
   0.164600E+03   0.141015E+04   0.319084E+02   0.818278E+05   0.178895E+04
   0.164700E+03   0.141017E+04   0.319075E+02   0.818293E+05   0.178893E+04
   0.164800E+03   0.141018E+04   0.319069E+02   0.818308E+05   0.178889E+04
   0.164900E+03   0.141020E+04   0.319069E+02   0.818323E+05   0.178887E+04
   0.165000E+03   0.141022E+04   0.319049E+02   0.818338E+05   0.178885E+04
   0.165100E+03   0.141024E+04   0.319049E+02   0.818353E+05   0.178882E+04
   0.165200E+03   0.141026E+04   0.319066E+02   0.818368E+05   0.178879E+04
   0.165300E+03   0.141027E+04   0.319044E+02   0.818383E+05   0.178875E+04
   0.165400E+03   0.141029E+04   0.319046E+02   0.818398E+05   0.178871E+04
   0.165500E+03   0.141031E+04   0.319031E+02   0.818413E+05   0.178867E+04
   0.165600E+03   0.141033E+04   0.319031E+02   0.818428E+05   0.178866E+04
   0.165700E+03   0.141035E+04   0.319025E+02   0.818442E+05   0.178865E+04
   0.165800E+03   0.141037E+04   0.319028E+02   0.818457E+05   0.178860E+04
   0.165900E+03   0.141038E+04   0.319023E+02   0.818472E+05   0.178858E+04
   0.166000E+03   0.141040E+04   0.319006E+02   0.818486E+05   0.178853E+04
   0.166100E+03   0.141042E+04   0.319010E+02   0.818501E+05   0.178853E+04
   0.166200E+03   0.141044E+04   0.318996E+02   0.818515E+05   0.178848E+04
   0.166300E+03   0.141045E+04   0.319011E+02   0.818529E+05   0.178846E+04
   0.166400E+03   0.141047E+04   0.319001E+02   0.818544E+05   0.178843E+04
   0.166500E+03   0.141049E+04   0.319008E+02   0.818558E+05   0.178840E+04
   0.166600E+03   0.141050E+04   0.318995E+02   0.818572E+05   0.178838E+04
   0.166700E+03   0.141052E+04   0.318982E+02   0.818586E+05   0.178834E+04
   0.166800E+03   0.141054E+04   0.318963E+02   0.818601E+05   0.178832E+04
   0.166900E+03   0.141056E+04   0.318979E+02   0.818615E+05   0.178830E+04
   0.167000E+03   0.141057E+04   0.318978E+02   0.818629E+05   0.178827E+04
   0.167100E+03   0.141059E+04   0.318981E+02   0.818643E+05   0.178824E+04
   0.167200E+03   0.141061E+04   0.318975E+02   0.818656E+05   0.178820E+04
   0.167300E+03   0.141062E+04   0.318964E+02   0.818671E+05   0.178818E+04
   0.167400E+03   0.141064E+04   0.318951E+02   0.818684E+05   0.178817E+04
   0.167500E+03   0.141066E+04   0.318982E+02   0.818698E+05   0.178813E+04
   0.167600E+03   0.141067E+04   0.318969E+02   0.818712E+05   0.178810E+04
   0.167700E+03   0.141069E+04   0.318950E+02   0.818725E+05   0.178807E+04
   0.167800E+03   0.141071E+04   0.318953E+02   0.818739E+05   0.178806E+04
   0.167900E+03   0.141072E+04   0.318927E+02   0.818752E+05   0.178802E+04
   0.168000E+03   0.141074E+04   0.318947E+02   0.818766E+05   0.178798E+04
   0.168100E+03   0.141075E+04   0.318944E+02   0.818780E+05   0.178798E+04
   0.168200E+03   0.141077E+04   0.318932E+02   0.818793E+05   0.178793E+04
   0.168300E+03   0.141079E+04   0.318918E+02   0.818806E+05   0.178791E+04
   0.168400E+03   0.141080E+04   0.318939E+02   0.818819E+05   0.178789E+04
   0.168500E+03   0.141082E+04   0.318923E+02   0.818833E+05   0.178784E+04
   0.168600E+03   0.141084E+04   0.318926E+02   0.818846E+05   0.178782E+04
   0.168700E+03   0.141085E+04   0.318910E+02   0.818859E+05   0.178781E+04
   0.168800E+03   0.141086E+04   0.318904E+02   0.818872E+05   0.178776E+04
   0.168900E+03   0.141088E+04   0.318921E+02   0.818886E+05   0.178774E+04
   0.169000E+03   0.141090E+04   0.318901E+02   0.818899E+05   0.178772E+04
   0.169100E+03   0.141091E+04   0.318918E+02   0.818912E+05   0.178770E+04
   0.169200E+03   0.141093E+04   0.318908E+02   0.818925E+05   0.178767E+04
   0.169300E+03   0.141095E+04   0.318879E+02   0.818937E+05   0.178764E+04
   0.169400E+03   0.141096E+04   0.318872E+02   0.818950E+05   0.178761E+04
   0.169500E+03   0.141098E+04   0.318886E+02   0.818963E+05   0.178761E+04
   0.169600E+03   0.141099E+04   0.318883E+02   0.818975E+05   0.178756E+04
   0.169700E+03   0.141101E+04   0.318861E+02   0.818988E+05   0.178753E+04
   0.169800E+03   0.141102E+04   0.318890E+02   0.819001E+05   0.178751E+04
   0.169900E+03   0.141104E+04   0.318861E+02   0.819014E+05   0.178750E+04
   0.170000E+03   0.141105E+04   0.318865E+02   0.819026E+05   0.178747E+04
   0.170100E+03   0.141107E+04   0.318875E+02   0.819039E+05   0.178744E+04
   0.170200E+03   0.141108E+04   0.318858E+02   0.819051E+05   0.178741E+04
   0.170300E+03   0.141110E+04   0.318863E+02   0.819064E+05   0.178739E+04
   0.170400E+03   0.141111E+04   0.318860E+02   0.819076E+05   0.178736E+04
   0.170500E+03   0.141113E+04   0.318850E+02   0.819088E+05   0.178735E+04
   0.170600E+03   0.141114E+04   0.318857E+02   0.819101E+05   0.178734E+04
   0.170700E+03   0.141116E+04   0.318837E+02   0.819113E+05   0.178727E+04
   0.170800E+03   0.141117E+04   0.318842E+02   0.819125E+05   0.178725E+04
   0.170900E+03   0.141118E+04   0.318837E+02   0.819137E+05   0.178723E+04
   0.171000E+03   0.141120E+04   0.318842E+02   0.819149E+05   0.178722E+04
   0.171100E+03   0.141122E+04   0.318835E+02   0.819161E+05   0.178720E+04
   0.171200E+03   0.141123E+04   0.318826E+02   0.819173E+05   0.178716E+04
   0.171300E+03   0.141124E+04   0.318826E+02   0.819185E+05   0.178714E+04
   0.171400E+03   0.141126E+04   0.318827E+02   0.819197E+05   0.178712E+04
   0.171500E+03   0.141127E+04   0.318807E+02   0.819209E+05   0.178708E+04
   0.171600E+03   0.141129E+04   0.318814E+02   0.819221E+05   0.178705E+04
   0.171700E+03   0.141130E+04   0.318809E+02   0.819232E+05   0.178705E+04
   0.171800E+03   0.141132E+04   0.318818E+02   0.819245E+05   0.178703E+04
   0.171900E+03   0.141133E+04   0.318811E+02   0.819256E+05   0.178699E+04
   0.172000E+03   0.141134E+04   0.318803E+02   0.819268E+05   0.178697E+04
   0.172100E+03   0.141136E+04   0.318796E+02   0.819279E+05   0.178694E+04
   0.172200E+03   0.141137E+04   0.318797E+02   0.819291E+05   0.178693E+04
   0.172300E+03   0.141139E+04   0.318796E+02   0.819303E+05   0.178690E+04
   0.172400E+03   0.141140E+04   0.318807E+02   0.819314E+05   0.178687E+04
   0.172500E+03   0.141141E+04   0.318781E+02   0.819326E+05   0.178685E+04
   0.172600E+03   0.141143E+04   0.318792E+02   0.819337E+05   0.178684E+04
   0.172700E+03   0.141144E+04   0.318771E+02   0.819348E+05   0.178679E+04
   0.172800E+03   0.141145E+04   0.318779E+02   0.819360E+05   0.178678E+04
   0.172900E+03   0.141147E+04   0.318778E+02   0.819371E+05   0.178676E+04
   0.173000E+03   0.141148E+04   0.318772E+02   0.819382E+05   0.178675E+04
   0.173100E+03   0.141149E+04   0.318756E+02   0.819393E+05   0.178670E+04
   0.173200E+03   0.141151E+04   0.318777E+02   0.819405E+05   0.178668E+04
   0.173300E+03   0.141152E+04   0.318753E+02   0.819416E+05   0.178666E+04
   0.173400E+03   0.141154E+04   0.318761E+02   0.819427E+05   0.178663E+04
   0.173500E+03   0.141155E+04   0.318748E+02   0.819438E+05   0.178661E+04
   0.173600E+03   0.141156E+04   0.318747E+02   0.819449E+05   0.178659E+04
   0.173700E+03   0.141157E+04   0.318741E+02   0.819460E+05   0.178656E+04
   0.173800E+03   0.141159E+04   0.318759E+02   0.819471E+05   0.178653E+04
   0.173900E+03   0.141160E+04   0.318749E+02   0.819481E+05   0.178654E+04
   0.174000E+03   0.141161E+04   0.318739E+02   0.819492E+05   0.178651E+04
   0.174100E+03   0.141163E+04   0.318743E+02   0.819503E+05   0.178648E+04
   0.174200E+03   0.141164E+04   0.318720E+02   0.819514E+05   0.178646E+04
   0.174300E+03   0.141165E+04   0.318724E+02   0.819525E+05   0.178645E+04
   0.174400E+03   0.141166E+04   0.318718E+02   0.819535E+05   0.178641E+04
   0.174500E+03   0.141168E+04   0.318707E+02   0.819546E+05   0.178640E+04
   0.174600E+03   0.141169E+04   0.318731E+02   0.819557E+05   0.178636E+04
   0.174700E+03   0.141171E+04   0.318722E+02   0.819567E+05   0.178635E+04
   0.174800E+03   0.141172E+04   0.318728E+02   0.819578E+05   0.178633E+04
   0.174900E+03   0.141173E+04   0.318688E+02   0.819588E+05   0.178630E+04
   0.175000E+03   0.141174E+04   0.318706E+02   0.819599E+05   0.178629E+04
   0.175100E+03   0.141175E+04   0.318713E+02   0.819609E+05   0.178623E+04
   0.175200E+03   0.141177E+04   0.318687E+02   0.819619E+05   0.178624E+04
   0.175300E+03   0.141178E+04   0.318694E+02   0.819630E+05   0.178623E+04
   0.175400E+03   0.141179E+04   0.318698E+02   0.819640E+05   0.178622E+04
   0.175500E+03   0.141180E+04   0.318681E+02   0.819651E+05   0.178616E+04
   0.175600E+03   0.141182E+04   0.318688E+02   0.819661E+05   0.178614E+04
   0.175700E+03   0.141183E+04   0.318695E+02   0.819671E+05   0.178613E+04
   0.175800E+03   0.141184E+04   0.318679E+02   0.819681E+05   0.178611E+04
   0.175900E+03   0.141185E+04   0.318690E+02   0.819691E+05   0.178609E+04
   0.176000E+03   0.141186E+04   0.318690E+02   0.819701E+05   0.178607E+04
   0.176100E+03   0.141188E+04   0.318664E+02   0.819711E+05   0.178604E+04
   0.176200E+03   0.141189E+04   0.318671E+02   0.819721E+05   0.178602E+04
   0.176300E+03   0.141190E+04   0.318678E+02   0.819731E+05   0.178601E+04
   0.176400E+03   0.141192E+04   0.318665E+02   0.819741E+05   0.178598E+04
   0.176500E+03   0.141193E+04   0.318648E+02   0.819751E+05   0.178596E+04
   0.176600E+03   0.141194E+04   0.318662E+02   0.819761E+05   0.178593E+04
   0.176700E+03   0.141195E+04   0.318646E+02   0.819771E+05   0.178591E+04
   0.176800E+03   0.141196E+04   0.318653E+02   0.819780E+05   0.178591E+04
   0.176900E+03   0.141197E+04   0.318660E+02   0.819790E+05   0.178587E+04
   0.177000E+03   0.141198E+04   0.318664E+02   0.819800E+05   0.178585E+04
   0.177100E+03   0.141200E+04   0.318631E+02   0.819810E+05   0.178584E+04
   0.177200E+03   0.141201E+04   0.318631E+02   0.819819E+05   0.178581E+04
   0.177300E+03   0.141202E+04   0.318638E+02   0.819829E+05   0.178578E+04
   0.177400E+03   0.141203E+04   0.318635E+02   0.819838E+05   0.178577E+04
   0.177500E+03   0.141204E+04   0.318635E+02   0.819848E+05   0.178575E+04
   0.177600E+03   0.141205E+04   0.318642E+02   0.819857E+05   0.178573E+04
   0.177700E+03   0.141207E+04   0.318629E+02   0.819867E+05   0.178570E+04
   0.177800E+03   0.141208E+04   0.318616E+02   0.819876E+05   0.178571E+04
   0.177900E+03   0.141209E+04   0.318620E+02   0.819886E+05   0.178567E+04
   0.178000E+03   0.141210E+04   0.318620E+02   0.819895E+05   0.178564E+04
   0.178100E+03   0.141211E+04   0.318624E+02   0.819904E+05   0.178563E+04
   0.178200E+03   0.141212E+04   0.318631E+02   0.819914E+05   0.178561E+04
   0.178300E+03   0.141213E+04   0.318618E+02   0.819923E+05   0.178560E+04
   0.178400E+03   0.141214E+04   0.318601E+02   0.819932E+05   0.178557E+04
   0.178500E+03   0.141216E+04   0.318604E+02   0.819941E+05   0.178555E+04
   0.178600E+03   0.141217E+04   0.318611E+02   0.819951E+05   0.178553E+04
   0.178700E+03   0.141218E+04   0.318591E+02   0.819960E+05   0.178551E+04
   0.178800E+03   0.141219E+04   0.318598E+02   0.819969E+05   0.178549E+04
   0.178900E+03   0.141220E+04   0.318600E+02   0.819978E+05   0.178547E+04
   0.179000E+03   0.141221E+04   0.318603E+02   0.819987E+05   0.178546E+04
   0.179100E+03   0.141222E+04   0.318601E+02   0.819996E+05   0.178543E+04
   0.179200E+03   0.141223E+04   0.318580E+02   0.820004E+05   0.178541E+04
   0.179300E+03   0.141224E+04   0.318587E+02   0.820014E+05   0.178540E+04
   0.179400E+03   0.141225E+04   0.318578E+02   0.820023E+05   0.178536E+04
   0.179500E+03   0.141227E+04   0.318581E+02   0.820031E+05   0.178535E+04
   0.179600E+03   0.141228E+04   0.318579E+02   0.820040E+05   0.178535E+04
   0.179700E+03   0.141229E+04   0.318579E+02   0.820049E+05   0.178531E+04
   0.179800E+03   0.141230E+04   0.318559E+02   0.820058E+05   0.178530E+04
   0.179900E+03   0.141231E+04   0.318553E+02   0.820067E+05   0.178527E+04
   0.180000E+03   0.141232E+04   0.318560E+02   0.820075E+05   0.178527E+04
   0.180100E+03   0.141233E+04   0.318564E+02   0.820084E+05   0.178523E+04
   0.180200E+03   0.141234E+04   0.318571E+02   0.820093E+05   0.178521E+04
   0.180300E+03   0.141235E+04   0.318571E+02   0.820101E+05   0.178522E+04
   0.180400E+03   0.141236E+04   0.318571E+02   0.820110E+05   0.178516E+04
   0.180500E+03   0.141237E+04   0.318558E+02   0.820118E+05   0.178517E+04
   0.180600E+03   0.141238E+04   0.318558E+02   0.820127E+05   0.178514E+04
   0.180700E+03   0.141239E+04   0.318542E+02   0.820135E+05   0.178513E+04
   0.180800E+03   0.141240E+04   0.318546E+02   0.820144E+05   0.178510E+04
   0.180900E+03   0.141241E+04   0.318553E+02   0.820152E+05   0.178509E+04
   0.181000E+03   0.141242E+04   0.318553E+02   0.820161E+05   0.178509E+04
   0.181100E+03   0.141243E+04   0.318553E+02   0.820169E+05   0.178506E+04
   0.181200E+03   0.141244E+04   0.318560E+02   0.820177E+05   0.178504E+04
   0.181300E+03   0.141245E+04   0.318560E+02   0.820186E+05   0.178504E+04
   0.181400E+03   0.141246E+04   0.318535E+02   0.820194E+05   0.178500E+04
   0.181500E+03   0.141247E+04   0.318532E+02   0.820202E+05   0.178499E+04
   0.181600E+03   0.141248E+04   0.318532E+02   0.820210E+05   0.178496E+04
   0.181700E+03   0.141249E+04   0.318529E+02   0.820219E+05   0.178496E+04
   0.181800E+03   0.141250E+04   0.318529E+02   0.820227E+05   0.178494E+04
   0.181900E+03   0.141251E+04   0.318523E+02   0.820235E+05   0.178491E+04
   0.182000E+03   0.141252E+04   0.318523E+02   0.820243E+05   0.178490E+04
   0.182100E+03   0.141253E+04   0.318520E+02   0.820251E+05   0.178487E+04
   0.182200E+03   0.141254E+04   0.318523E+02   0.820259E+05   0.178485E+04
   0.182300E+03   0.141255E+04   0.318523E+02   0.820267E+05   0.178485E+04
   0.182400E+03   0.141256E+04   0.318523E+02   0.820275E+05   0.178482E+04
   0.182500E+03   0.141257E+04   0.318518E+02   0.820283E+05   0.178480E+04
   0.182600E+03   0.141258E+04   0.318518E+02   0.820291E+05   0.178479E+04
   0.182700E+03   0.141259E+04   0.318508E+02   0.820298E+05   0.178475E+04
   0.182800E+03   0.141260E+04   0.318508E+02   0.820306E+05   0.178476E+04
   0.182900E+03   0.141261E+04   0.318488E+02   0.820314E+05   0.178474E+04
   0.183000E+03   0.141261E+04   0.318482E+02   0.820322E+05   0.178470E+04
   0.183100E+03   0.141262E+04   0.318486E+02   0.820330E+05   0.178470E+04
   0.183200E+03   0.141263E+04   0.318486E+02   0.820338E+05   0.178466E+04
   0.183300E+03   0.141264E+04   0.318476E+02   0.820345E+05   0.178466E+04
   0.183400E+03   0.141265E+04   0.318471E+02   0.820353E+05   0.178465E+04
   0.183500E+03   0.141266E+04   0.318474E+02   0.820361E+05   0.178462E+04
   0.183600E+03   0.141267E+04   0.318467E+02   0.820368E+05   0.178461E+04
   0.183700E+03   0.141268E+04   0.318484E+02   0.820376E+05   0.178460E+04
   0.183800E+03   0.141269E+04   0.318476E+02   0.820383E+05   0.178457E+04
   0.183900E+03   0.141270E+04   0.318476E+02   0.820391E+05   0.178455E+04
   0.184000E+03   0.141271E+04   0.318476E+02   0.820398E+05   0.178456E+04
   0.184100E+03   0.141272E+04   0.318476E+02   0.820406E+05   0.178453E+04
   0.184200E+03   0.141273E+04   0.318459E+02   0.820413E+05   0.178453E+04
   0.184300E+03   0.141273E+04   0.318454E+02   0.820421E+05   0.178448E+04
   0.184400E+03   0.141274E+04   0.318456E+02   0.820428E+05   0.178447E+04
   0.184500E+03   0.141275E+04   0.318456E+02   0.820436E+05   0.178446E+04
   0.184600E+03   0.141276E+04   0.318451E+02   0.820443E+05   0.178444E+04
   0.184700E+03   0.141277E+04   0.318441E+02   0.820450E+05   0.178442E+04
   0.184800E+03   0.141278E+04   0.318451E+02   0.820457E+05   0.178440E+04
   0.184900E+03   0.141279E+04   0.318451E+02   0.820465E+05   0.178439E+04
   0.185000E+03   0.141280E+04   0.318466E+02   0.820472E+05   0.178436E+04
   0.185100E+03   0.141280E+04   0.318459E+02   0.820479E+05   0.178436E+04
   0.185200E+03   0.141281E+04   0.318459E+02   0.820486E+05   0.178436E+04
   0.185300E+03   0.141282E+04   0.318460E+02   0.820494E+05   0.178434E+04
   0.185400E+03   0.141283E+04   0.318436E+02   0.820501E+05   0.178433E+04
   0.185500E+03   0.141284E+04   0.318426E+02   0.820508E+05   0.178430E+04
   0.185600E+03   0.141285E+04   0.318443E+02   0.820515E+05   0.178426E+04
   0.185700E+03   0.141285E+04   0.318441E+02   0.820522E+05   0.178427E+04
   0.185800E+03   0.141286E+04   0.318441E+02   0.820529E+05   0.178424E+04
   0.185900E+03   0.141287E+04   0.318424E+02   0.820536E+05   0.178423E+04
   0.186000E+03   0.141288E+04   0.318424E+02   0.820543E+05   0.178422E+04
   0.186100E+03   0.141289E+04   0.318419E+02   0.820550E+05   0.178421E+04
   0.186200E+03   0.141290E+04   0.318426E+02   0.820557E+05   0.178419E+04
   0.186300E+03   0.141291E+04   0.318422E+02   0.820564E+05   0.178418E+04
   0.186400E+03   0.141291E+04   0.318416E+02   0.820571E+05   0.178415E+04
   0.186500E+03   0.141292E+04   0.318409E+02   0.820578E+05   0.178414E+04
   0.186600E+03   0.141293E+04   0.318420E+02   0.820584E+05   0.178412E+04
   0.186700E+03   0.141294E+04   0.318407E+02   0.820591E+05   0.178411E+04
   0.186800E+03   0.141295E+04   0.318427E+02   0.820598E+05   0.178409E+04
   0.186900E+03   0.141295E+04   0.318414E+02   0.820605E+05   0.178408E+04
   0.187000E+03   0.141296E+04   0.318408E+02   0.820611E+05   0.178406E+04
   0.187100E+03   0.141297E+04   0.318408E+02   0.820618E+05   0.178404E+04
   0.187200E+03   0.141298E+04   0.318394E+02   0.820625E+05   0.178404E+04
   0.187300E+03   0.141299E+04   0.318382E+02   0.820631E+05   0.178402E+04
   0.187400E+03   0.141300E+04   0.318399E+02   0.820638E+05   0.178400E+04
   0.187500E+03   0.141301E+04   0.318419E+02   0.820645E+05   0.178398E+04
   0.187600E+03   0.141301E+04   0.318397E+02   0.820651E+05   0.178398E+04
   0.187700E+03   0.141302E+04   0.318400E+02   0.820658E+05   0.178397E+04
   0.187800E+03   0.141303E+04   0.318396E+02   0.820664E+05   0.178394E+04
   0.187900E+03   0.141304E+04   0.318391E+02   0.820671E+05   0.178391E+04
   0.188000E+03   0.141304E+04   0.318384E+02   0.820677E+05   0.178391E+04
   0.188100E+03   0.141305E+04   0.318386E+02   0.820684E+05   0.178389E+04
   0.188200E+03   0.141306E+04   0.318371E+02   0.820690E+05   0.178389E+04
   0.188300E+03   0.141307E+04   0.318402E+02   0.820696E+05   0.178385E+04
   0.188400E+03   0.141308E+04   0.318402E+02   0.820703E+05   0.178385E+04
   0.188500E+03   0.141308E+04   0.318382E+02   0.820709E+05   0.178384E+04
   0.188600E+03   0.141309E+04   0.318371E+02   0.820716E+05   0.178382E+04
   0.188700E+03   0.141310E+04   0.318365E+02   0.820722E+05   0.178381E+04
   0.188800E+03   0.141311E+04   0.318366E+02   0.820728E+05   0.178379E+04
   0.188900E+03   0.141311E+04   0.318389E+02   0.820735E+05   0.178376E+04
   0.189000E+03   0.141312E+04   0.318377E+02   0.820741E+05   0.178376E+04
   0.189100E+03   0.141313E+04   0.318360E+02   0.820747E+05   0.178376E+04
   0.189200E+03   0.141314E+04   0.318373E+02   0.820753E+05   0.178375E+04
   0.189300E+03   0.141314E+04   0.318354E+02   0.820759E+05   0.178373E+04
   0.189400E+03   0.141315E+04   0.318354E+02   0.820766E+05   0.178368E+04
   0.189500E+03   0.141316E+04   0.318367E+02   0.820772E+05   0.178368E+04
   0.189600E+03   0.141316E+04   0.318365E+02   0.820778E+05   0.178368E+04
   0.189700E+03   0.141317E+04   0.318358E+02   0.820784E+05   0.178365E+04
   0.189800E+03   0.141318E+04   0.318348E+02   0.820790E+05   0.178364E+04
   0.189900E+03   0.141319E+04   0.318339E+02   0.820796E+05   0.178364E+04
   0.190000E+03   0.141319E+04   0.318372E+02   0.820802E+05   0.178362E+04
   0.190100E+03   0.141320E+04   0.318350E+02   0.820808E+05   0.178360E+04
   0.190200E+03   0.141321E+04   0.318350E+02   0.820814E+05   0.178359E+04
   0.190300E+03   0.141321E+04   0.318346E+02   0.820820E+05   0.178356E+04
   0.190400E+03   0.141322E+04   0.318337E+02   0.820826E+05   0.178357E+04
   0.190500E+03   0.141323E+04   0.318350E+02   0.820832E+05   0.178354E+04
   0.190600E+03   0.141324E+04   0.318337E+02   0.820838E+05   0.178355E+04
   0.190700E+03   0.141324E+04   0.318347E+02   0.820844E+05   0.178352E+04
   0.190800E+03   0.141325E+04   0.318338E+02   0.820850E+05   0.178351E+04
   0.190900E+03   0.141326E+04   0.318314E+02   0.820856E+05   0.178349E+04
   0.191000E+03   0.141326E+04   0.318342E+02   0.820861E+05   0.178348E+04
   0.191100E+03   0.141327E+04   0.318342E+02   0.820867E+05   0.178346E+04
   0.191200E+03   0.141328E+04   0.318326E+02   0.820873E+05   0.178345E+04
   0.191300E+03   0.141329E+04   0.318312E+02   0.820879E+05   0.178344E+04
   0.191400E+03   0.141329E+04   0.318333E+02   0.820884E+05   0.178343E+04
   0.191500E+03   0.141330E+04   0.318327E+02   0.820890E+05   0.178342E+04
   0.191600E+03   0.141331E+04   0.318323E+02   0.820896E+05   0.178340E+04
   0.191700E+03   0.141331E+04   0.318307E+02   0.820901E+05   0.178338E+04
   0.191800E+03   0.141332E+04   0.318327E+02   0.820907E+05   0.178339E+04
   0.191900E+03   0.141333E+04   0.318320E+02   0.820913E+05   0.178338E+04
   0.192000E+03   0.141334E+04   0.318325E+02   0.820918E+05   0.178332E+04
   0.192100E+03   0.141334E+04   0.318297E+02   0.820924E+05   0.178334E+04
   0.192200E+03   0.141335E+04   0.318315E+02   0.820929E+05   0.178331E+04
   0.192300E+03   0.141335E+04   0.318325E+02   0.820935E+05   0.178331E+04
   0.192400E+03   0.141336E+04   0.318310E+02   0.820941E+05   0.178329E+04
   0.192500E+03   0.141337E+04   0.318295E+02   0.820946E+05   0.178328E+04
   0.192600E+03   0.141337E+04   0.318310E+02   0.820952E+05   0.178327E+04
   0.192700E+03   0.141338E+04   0.318313E+02   0.820957E+05   0.178326E+04
   0.192800E+03   0.141339E+04   0.318289E+02   0.820962E+05   0.178325E+04
   0.192900E+03   0.141339E+04   0.318297E+02   0.820968E+05   0.178323E+04
   0.193000E+03   0.141340E+04   0.318313E+02   0.820973E+05   0.178322E+04
   0.193100E+03   0.141341E+04   0.318283E+02   0.820979E+05   0.178320E+04
   0.193200E+03   0.141341E+04   0.318300E+02   0.820984E+05   0.178319E+04
   0.193300E+03   0.141342E+04   0.318298E+02   0.820989E+05   0.178318E+04
   0.193400E+03   0.141343E+04   0.318298E+02   0.820995E+05   0.178315E+04
   0.193500E+03   0.141343E+04   0.318279E+02   0.821000E+05   0.178314E+04
   0.193600E+03   0.141344E+04   0.318277E+02   0.821005E+05   0.178315E+04
   0.193700E+03   0.141345E+04   0.318283E+02   0.821010E+05   0.178314E+04
   0.193800E+03   0.141345E+04   0.318288E+02   0.821016E+05   0.178311E+04
   0.193900E+03   0.141346E+04   0.318273E+02   0.821021E+05   0.178309E+04
   0.194000E+03   0.141346E+04   0.318276E+02   0.821026E+05   0.178310E+04
   0.194100E+03   0.141347E+04   0.318283E+02   0.821031E+05   0.178309E+04
   0.194200E+03   0.141348E+04   0.318273E+02   0.821036E+05   0.178307E+04
   0.194300E+03   0.141348E+04   0.318297E+02   0.821042E+05   0.178306E+04
   0.194400E+03   0.141349E+04   0.318273E+02   0.821047E+05   0.178304E+04
   0.194500E+03   0.141350E+04   0.318261E+02   0.821052E+05   0.178302E+04
   0.194600E+03   0.141350E+04   0.318267E+02   0.821057E+05   0.178302E+04
   0.194700E+03   0.141351E+04   0.318261E+02   0.821062E+05   0.178300E+04
   0.194800E+03   0.141351E+04   0.318271E+02   0.821067E+05   0.178298E+04
   0.194900E+03   0.141352E+04   0.318262E+02   0.821072E+05   0.178299E+04
   0.195000E+03   0.141353E+04   0.318258E+02   0.821077E+05   0.178295E+04
   0.195100E+03   0.141353E+04   0.318266E+02   0.821082E+05   0.178296E+04
   0.195200E+03   0.141354E+04   0.318249E+02   0.821087E+05   0.178293E+04
   0.195300E+03   0.141354E+04   0.318256E+02   0.821092E+05   0.178293E+04
   0.195400E+03   0.141355E+04   0.318256E+02   0.821097E+05   0.178291E+04
   0.195500E+03   0.141356E+04   0.318244E+02   0.821102E+05   0.178291E+04
   0.195600E+03   0.141356E+04   0.318256E+02   0.821107E+05   0.178288E+04
   0.195700E+03   0.141357E+04   0.318251E+02   0.821112E+05   0.178289E+04
   0.195800E+03   0.141357E+04   0.318223E+02   0.821117E+05   0.178288E+04
   0.195900E+03   0.141358E+04   0.318251E+02   0.821122E+05   0.178287E+04
   0.196000E+03   0.141359E+04   0.318244E+02   0.821126E+05   0.178284E+04
   0.196100E+03   0.141359E+04   0.318258E+02   0.821131E+05   0.178284E+04
   0.196200E+03   0.141360E+04   0.318241E+02   0.821136E+05   0.178283E+04
   0.196300E+03   0.141360E+04   0.318248E+02   0.821141E+05   0.178281E+04
   0.196400E+03   0.141361E+04   0.318248E+02   0.821146E+05   0.178281E+04
   0.196500E+03   0.141361E+04   0.318232E+02   0.821150E+05   0.178279E+04
   0.196600E+03   0.141362E+04   0.318232E+02   0.821155E+05   0.178277E+04
   0.196700E+03   0.141362E+04   0.318239E+02   0.821160E+05   0.178276E+04
   0.196800E+03   0.141363E+04   0.318239E+02   0.821164E+05   0.178275E+04
   0.196900E+03   0.141364E+04   0.318222E+02   0.821169E+05   0.178275E+04
   0.197000E+03   0.141364E+04   0.318241E+02   0.821174E+05   0.178274E+04
   0.197100E+03   0.141365E+04   0.318222E+02   0.821178E+05   0.178271E+04
   0.197200E+03   0.141365E+04   0.318228E+02   0.821183E+05   0.178271E+04
   0.197300E+03   0.141366E+04   0.318234E+02   0.821188E+05   0.178269E+04
   0.197400E+03   0.141366E+04   0.318207E+02   0.821192E+05   0.178269E+04
   0.197500E+03   0.141367E+04   0.318234E+02   0.821197E+05   0.178267E+04
   0.197600E+03   0.141367E+04   0.318214E+02   0.821201E+05   0.178266E+04
   0.197700E+03   0.141368E+04   0.318228E+02   0.821206E+05   0.178266E+04
   0.197800E+03   0.141369E+04   0.318222E+02   0.821211E+05   0.178264E+04
   0.197900E+03   0.141369E+04   0.318215E+02   0.821215E+05   0.178264E+04
   0.198000E+03   0.141370E+04   0.318222E+02   0.821220E+05   0.178262E+04
   0.198100E+03   0.141370E+04   0.318199E+02   0.821224E+05   0.178261E+04
   0.198200E+03   0.141371E+04   0.318212E+02   0.821228E+05   0.178261E+04
   0.198300E+03   0.141371E+04   0.318199E+02   0.821233E+05   0.178258E+04
   0.198400E+03   0.141372E+04   0.318212E+02   0.821237E+05   0.178258E+04
   0.198500E+03   0.141372E+04   0.318207E+02   0.821242E+05   0.178255E+04
   0.198600E+03   0.141373E+04   0.318212E+02   0.821246E+05   0.178256E+04
   0.198700E+03   0.141373E+04   0.318210E+02   0.821250E+05   0.178256E+04
   0.198800E+03   0.141374E+04   0.318204E+02   0.821255E+05   0.178254E+04
   0.198900E+03   0.141375E+04   0.318190E+02   0.821259E+05   0.178253E+04
   0.199000E+03   0.141375E+04   0.318211E+02   0.821263E+05   0.178251E+04
   0.199100E+03   0.141376E+04   0.318190E+02   0.821268E+05   0.178251E+04
   0.199200E+03   0.141376E+04   0.318215E+02   0.821272E+05   0.178250E+04
   0.199300E+03   0.141377E+04   0.318197E+02   0.821276E+05   0.178248E+04
   0.199400E+03   0.141377E+04   0.318195E+02   0.821281E+05   0.178245E+04
   0.199500E+03   0.141378E+04   0.318192E+02   0.821285E+05   0.178246E+04
   0.199600E+03   0.141378E+04   0.318202E+02   0.821289E+05   0.178245E+04
   0.199700E+03   0.141378E+04   0.318182E+02   0.821293E+05   0.178243E+04
   0.199800E+03   0.141379E+04   0.318202E+02   0.821298E+05   0.178245E+04
   0.199900E+03   0.141380E+04   0.318193E+02   0.821302E+05   0.178241E+04
   0.200000E+03   0.141380E+04   0.318185E+02   0.821306E+05   0.178240E+04
   0.200100E+03   0.141381E+04   0.318200E+02   0.821310E+05   0.178240E+04
   0.200200E+03   0.141381E+04   0.318179E+02   0.821314E+05   0.178239E+04
   0.200300E+03   0.141382E+04   0.318180E+02   0.821319E+05   0.178238E+04
   0.200400E+03   0.141382E+04   0.318170E+02   0.821322E+05   0.178237E+04
   0.200500E+03   0.141383E+04   0.318180E+02   0.821327E+05   0.178237E+04
   0.200600E+03   0.141383E+04   0.318174E+02   0.821331E+05   0.178236E+04
   0.200700E+03   0.141384E+04   0.318174E+02   0.821335E+05   0.178233E+04
   0.200800E+03   0.141384E+04   0.318174E+02   0.821339E+05   0.178234E+04
   0.200900E+03   0.141385E+04   0.318174E+02   0.821343E+05   0.178230E+04
   0.201000E+03   0.141385E+04   0.318191E+02   0.821347E+05   0.178231E+04
   0.201100E+03   0.141386E+04   0.318172E+02   0.821351E+05   0.178227E+04
   0.201200E+03   0.141386E+04   0.318172E+02   0.821355E+05   0.178228E+04
   0.201300E+03   0.141387E+04   0.318172E+02   0.821359E+05   0.178229E+04
   0.201400E+03   0.141387E+04   0.318172E+02   0.821363E+05   0.178228E+04
   0.201500E+03   0.141388E+04   0.318165E+02   0.821367E+05   0.178227E+04
   0.201600E+03   0.141388E+04   0.318170E+02   0.821371E+05   0.178224E+04
   0.201700E+03   0.141388E+04   0.318164E+02   0.821375E+05   0.178224E+04
   0.201800E+03   0.141389E+04   0.318170E+02   0.821379E+05   0.178223E+04
   0.201900E+03   0.141389E+04   0.318166E+02   0.821382E+05   0.178221E+04
   0.202000E+03   0.141390E+04   0.318165E+02   0.821386E+05   0.178220E+04
   0.202100E+03   0.141390E+04   0.318157E+02   0.821390E+05   0.178220E+04
   0.202200E+03   0.141391E+04   0.318165E+02   0.821394E+05   0.178219E+04
   0.202300E+03   0.141391E+04   0.318164E+02   0.821398E+05   0.178218E+04
   0.202400E+03   0.141392E+04   0.318158E+02   0.821402E+05   0.178218E+04
   0.202500E+03   0.141392E+04   0.318159E+02   0.821406E+05   0.178216E+04
   0.202600E+03   0.141393E+04   0.318148E+02   0.821409E+05   0.178215E+04
   0.202700E+03   0.141393E+04   0.318159E+02   0.821413E+05   0.178212E+04
   0.202800E+03   0.141393E+04   0.318145E+02   0.821417E+05   0.178214E+04
   0.202900E+03   0.141394E+04   0.318159E+02   0.821421E+05   0.178212E+04
   0.203000E+03   0.141394E+04   0.318146E+02   0.821424E+05   0.178211E+04
   0.203100E+03   0.141395E+04   0.318159E+02   0.821428E+05   0.178211E+04
   0.203200E+03   0.141395E+04   0.318153E+02   0.821432E+05   0.178210E+04
   0.203300E+03   0.141396E+04   0.318153E+02   0.821436E+05   0.178210E+04
   0.203400E+03   0.141396E+04   0.318143E+02   0.821439E+05   0.178206E+04
   0.203500E+03   0.141397E+04   0.318154E+02   0.821443E+05   0.178206E+04
   0.203600E+03   0.141397E+04   0.318123E+02   0.821447E+05   0.178205E+04
   0.203700E+03   0.141397E+04   0.318147E+02   0.821450E+05   0.178205E+04
   0.203800E+03   0.141398E+04   0.318140E+02   0.821454E+05   0.178204E+04
   0.203900E+03   0.141398E+04   0.318141E+02   0.821458E+05   0.178202E+04
   0.204000E+03   0.141399E+04   0.318140E+02   0.821461E+05   0.178202E+04
   0.204100E+03   0.141399E+04   0.318134E+02   0.821464E+05   0.178199E+04
   0.204200E+03   0.141400E+04   0.318128E+02   0.821468E+05   0.178200E+04
   0.204300E+03   0.141400E+04   0.318134E+02   0.821472E+05   0.178198E+04
   0.204400E+03   0.141401E+04   0.318128E+02   0.821475E+05   0.178199E+04
   0.204500E+03   0.141401E+04   0.318125E+02   0.821479E+05   0.178197E+04
   0.204600E+03   0.141402E+04   0.318121E+02   0.821482E+05   0.178195E+04
   0.204700E+03   0.141402E+04   0.318136E+02   0.821486E+05   0.178195E+04
   0.204800E+03   0.141402E+04   0.318112E+02   0.821490E+05   0.178195E+04
   0.204900E+03   0.141403E+04   0.318146E+02   0.821493E+05   0.178194E+04
   0.205000E+03   0.141403E+04   0.318106E+02   0.821496E+05   0.178193E+04
   0.205100E+03   0.141404E+04   0.318132E+02   0.821500E+05   0.178191E+04
   0.205200E+03   0.141404E+04   0.318123E+02   0.821503E+05   0.178191E+04
   0.205300E+03   0.141404E+04   0.318117E+02   0.821507E+05   0.178189E+04
   0.205400E+03   0.141405E+04   0.318140E+02   0.821510E+05   0.178189E+04
   0.205500E+03   0.141405E+04   0.318113E+02   0.821514E+05   0.178189E+04
   0.205600E+03   0.141405E+04   0.318125E+02   0.821517E+05   0.178187E+04
   0.205700E+03   0.141406E+04   0.318113E+02   0.821520E+05   0.178187E+04
   0.205800E+03   0.141407E+04   0.318125E+02   0.821524E+05   0.178185E+04
   0.205900E+03   0.141407E+04   0.318111E+02   0.821527E+05   0.178187E+04
   0.206000E+03   0.141407E+04   0.318117E+02   0.821531E+05   0.178185E+04
   0.206100E+03   0.141408E+04   0.318111E+02   0.821534E+05   0.178182E+04
   0.206200E+03   0.141408E+04   0.318095E+02   0.821537E+05   0.178182E+04
   0.206300E+03   0.141409E+04   0.318111E+02   0.821541E+05   0.178183E+04
   0.206400E+03   0.141409E+04   0.318115E+02   0.821544E+05   0.178180E+04
   0.206500E+03   0.141409E+04   0.318109E+02   0.821547E+05   0.178180E+04
   0.206600E+03   0.141410E+04   0.318111E+02   0.821550E+05   0.178179E+04
   0.206700E+03   0.141410E+04   0.318098E+02   0.821554E+05   0.178178E+04
   0.206800E+03   0.141411E+04   0.318096E+02   0.821557E+05   0.178178E+04
   0.206900E+03   0.141411E+04   0.318110E+02   0.821560E+05   0.178177E+04
   0.207000E+03   0.141411E+04   0.318090E+02   0.821563E+05   0.178175E+04
   0.207100E+03   0.141412E+04   0.318100E+02   0.821567E+05   0.178176E+04
   0.207200E+03   0.141412E+04   0.318087E+02   0.821570E+05   0.178174E+04
   0.207300E+03   0.141412E+04   0.318093E+02   0.821573E+05   0.178172E+04
   0.207400E+03   0.141413E+04   0.318107E+02   0.821576E+05   0.178172E+04
   0.207500E+03   0.141413E+04   0.318084E+02   0.821579E+05   0.178172E+04
   0.207600E+03   0.141414E+04   0.318107E+02   0.821582E+05   0.178171E+04
   0.207700E+03   0.141414E+04   0.318094E+02   0.821586E+05   0.178170E+04
   0.207800E+03   0.141414E+04   0.318095E+02   0.821589E+05   0.178169E+04
   0.207900E+03   0.141415E+04   0.318087E+02   0.821592E+05   0.178167E+04
   0.208000E+03   0.141415E+04   0.318088E+02   0.821595E+05   0.178167E+04
   0.208100E+03   0.141415E+04   0.318085E+02   0.821598E+05   0.178167E+04
   0.208200E+03   0.141416E+04   0.318089E+02   0.821601E+05   0.178164E+04
   0.208300E+03   0.141416E+04   0.318088E+02   0.821604E+05   0.178165E+04
   0.208400E+03   0.141417E+04   0.318072E+02   0.821607E+05   0.178163E+04
   0.208500E+03   0.141417E+04   0.318100E+02   0.821610E+05   0.178163E+04
   0.208600E+03   0.141417E+04   0.318085E+02   0.821614E+05   0.178162E+04
   0.208700E+03   0.141418E+04   0.318083E+02   0.821616E+05   0.178161E+04
   0.208800E+03   0.141418E+04   0.318083E+02   0.821620E+05   0.178162E+04
   0.208900E+03   0.141418E+04   0.318072E+02   0.821623E+05   0.178161E+04
   0.209000E+03   0.141419E+04   0.318083E+02   0.821626E+05   0.178159E+04
   0.209100E+03   0.141419E+04   0.318090E+02   0.821629E+05   0.178160E+04
   0.209200E+03   0.141420E+04   0.318078E+02   0.821631E+05   0.178156E+04
   0.209300E+03   0.141420E+04   0.318083E+02   0.821635E+05   0.178158E+04
   0.209400E+03   0.141420E+04   0.318060E+02   0.821637E+05   0.178156E+04
   0.209500E+03   0.141421E+04   0.318078E+02   0.821640E+05   0.178154E+04
   0.209600E+03   0.141421E+04   0.318090E+02   0.821644E+05   0.178155E+04
   0.209700E+03   0.141421E+04   0.318071E+02   0.821646E+05   0.178154E+04
   0.209800E+03   0.141422E+04   0.318085E+02   0.821649E+05   0.178153E+04
   0.209900E+03   0.141422E+04   0.318048E+02   0.821652E+05   0.178153E+04
   0.210000E+03   0.141422E+04   0.318071E+02   0.821655E+05   0.178151E+04
   0.210100E+03   0.141423E+04   0.318085E+02   0.821658E+05   0.178151E+04
   0.210200E+03   0.141423E+04   0.318051E+02   0.821661E+05   0.178151E+04
   0.210300E+03   0.141423E+04   0.318078E+02   0.821664E+05   0.178148E+04
   0.210400E+03   0.141424E+04   0.318055E+02   0.821666E+05   0.178147E+04
   0.210500E+03   0.141424E+04   0.318066E+02   0.821669E+05   0.178147E+04
   0.210600E+03   0.141424E+04   0.318066E+02   0.821672E+05   0.178147E+04
   0.210700E+03   0.141425E+04   0.318055E+02   0.821675E+05   0.178147E+04
   0.210800E+03   0.141425E+04   0.318066E+02   0.821678E+05   0.178146E+04
   0.210900E+03   0.141425E+04   0.318046E+02   0.821681E+05   0.178145E+04
   0.211000E+03   0.141426E+04   0.318061E+02   0.821683E+05   0.178142E+04
   0.211100E+03   0.141426E+04   0.318057E+02   0.821686E+05   0.178143E+04
   0.211200E+03   0.141426E+04   0.318046E+02   0.821689E+05   0.178143E+04
   0.211300E+03   0.141427E+04   0.318068E+02   0.821692E+05   0.178141E+04
   0.211400E+03   0.141427E+04   0.318057E+02   0.821694E+05   0.178140E+04
   0.211500E+03   0.141427E+04   0.318057E+02   0.821697E+05   0.178141E+04
   0.211600E+03   0.141428E+04   0.318068E+02   0.821700E+05   0.178140E+04
   0.211700E+03   0.141428E+04   0.318038E+02   0.821703E+05   0.178139E+04
   0.211800E+03   0.141428E+04   0.318047E+02   0.821705E+05   0.178139E+04
   0.211900E+03   0.141429E+04   0.318061E+02   0.821708E+05   0.178138E+04
   0.212000E+03   0.141429E+04   0.318038E+02   0.821711E+05   0.178137E+04
   0.212100E+03   0.141429E+04   0.318042E+02   0.821713E+05   0.178138E+04
   0.212200E+03   0.141430E+04   0.318059E+02   0.821716E+05   0.178137E+04
   0.212300E+03   0.141430E+04   0.318038E+02   0.821719E+05   0.178135E+04
   0.212400E+03   0.141430E+04   0.318042E+02   0.821721E+05   0.178135E+04
   0.212500E+03   0.141430E+04   0.318056E+02   0.821724E+05   0.178133E+04
   0.212600E+03   0.141431E+04   0.318032E+02   0.821727E+05   0.178131E+04
   0.212700E+03   0.141431E+04   0.318042E+02   0.821729E+05   0.178133E+04
   0.212800E+03   0.141431E+04   0.318056E+02   0.821732E+05   0.178131E+04
   0.212900E+03   0.141432E+04   0.318020E+02   0.821734E+05   0.178131E+04
   0.213000E+03   0.141432E+04   0.318049E+02   0.821737E+05   0.178129E+04
   0.213100E+03   0.141433E+04   0.318036E+02   0.821739E+05   0.178127E+04
   0.213200E+03   0.141433E+04   0.318037E+02   0.821742E+05   0.178129E+04
   0.213300E+03   0.141433E+04   0.318041E+02   0.821745E+05   0.178128E+04
   0.213400E+03   0.141433E+04   0.318036E+02   0.821747E+05   0.178127E+04
   0.213500E+03   0.141434E+04   0.318047E+02   0.821750E+05   0.178126E+04
   0.213600E+03   0.141434E+04   0.318034E+02   0.821752E+05   0.178126E+04
   0.213700E+03   0.141434E+04   0.318021E+02   0.821755E+05   0.178124E+04
   0.213800E+03   0.141435E+04   0.318047E+02   0.821757E+05   0.178126E+04
   0.213900E+03   0.141435E+04   0.318035E+02   0.821760E+05   0.178125E+04
   0.214000E+03   0.141435E+04   0.318021E+02   0.821763E+05   0.178125E+04
   0.214100E+03   0.141436E+04   0.318032E+02   0.821765E+05   0.178122E+04
   0.214200E+03   0.141436E+04   0.318027E+02   0.821768E+05   0.178122E+04
   0.214300E+03   0.141436E+04   0.318025E+02   0.821770E+05   0.178122E+04
   0.214400E+03   0.141436E+04   0.318032E+02   0.821772E+05   0.178122E+04
   0.214500E+03   0.141436E+04   0.318032E+02   0.821775E+05   0.178118E+04
   0.214600E+03   0.141437E+04   0.318025E+02   0.821777E+05   0.178118E+04
   0.214700E+03   0.141437E+04   0.318025E+02   0.821780E+05   0.178118E+04
   0.214800E+03   0.141437E+04   0.318032E+02   0.821782E+05   0.178118E+04
   0.214900E+03   0.141438E+04   0.318010E+02   0.821785E+05   0.178117E+04
   0.215000E+03   0.141438E+04   0.318020E+02   0.821787E+05   0.178114E+04
   0.215100E+03   0.141438E+04   0.318025E+02   0.821789E+05   0.178116E+04
   0.215200E+03   0.141439E+04   0.318030E+02   0.821792E+05   0.178114E+04
   0.215300E+03   0.141439E+04   0.318010E+02   0.821794E+05   0.178113E+04
   0.215400E+03   0.141439E+04   0.318027E+02   0.821796E+05   0.178115E+04
   0.215500E+03   0.141440E+04   0.318026E+02   0.821799E+05   0.178111E+04
   0.215600E+03   0.141440E+04   0.318013E+02   0.821801E+05   0.178111E+04
   0.215700E+03   0.141440E+04   0.318017E+02   0.821803E+05   0.178112E+04
   0.215800E+03   0.141440E+04   0.318004E+02   0.821806E+05   0.178110E+04
   0.215900E+03   0.141441E+04   0.318030E+02   0.821808E+05   0.178112E+04
   0.216000E+03   0.141441E+04   0.318017E+02   0.821811E+05   0.178111E+04
   0.216100E+03   0.141441E+04   0.317997E+02   0.821813E+05   0.178107E+04
   0.216200E+03   0.141442E+04   0.318008E+02   0.821815E+05   0.178108E+04
   0.216300E+03   0.141442E+04   0.318015E+02   0.821818E+05   0.178108E+04
   0.216400E+03   0.141442E+04   0.318017E+02   0.821820E+05   0.178109E+04
   0.216500E+03   0.141442E+04   0.318008E+02   0.821822E+05   0.178106E+04
   0.216600E+03   0.141443E+04   0.318015E+02   0.821824E+05   0.178107E+04
   0.216700E+03   0.141443E+04   0.318015E+02   0.821827E+05   0.178107E+04
   0.216800E+03   0.141444E+04   0.318008E+02   0.821829E+05   0.178104E+04
   0.216900E+03   0.141444E+04   0.318015E+02   0.821831E+05   0.178103E+04
   0.217000E+03   0.141444E+04   0.317998E+02   0.821833E+05   0.178102E+04
   0.217100E+03   0.141444E+04   0.317986E+02   0.821835E+05   0.178103E+04
   0.217200E+03   0.141445E+04   0.318009E+02   0.821838E+05   0.178102E+04
   0.217300E+03   0.141445E+04   0.318015E+02   0.821840E+05   0.178101E+04
   0.217400E+03   0.141445E+04   0.317978E+02   0.821842E+05   0.178100E+04
   0.217500E+03   0.141445E+04   0.318000E+02   0.821844E+05   0.178101E+04
   0.217600E+03   0.141445E+04   0.318009E+02   0.821847E+05   0.178101E+04
   0.217700E+03   0.141445E+04   0.318009E+02   0.821849E+05   0.178100E+04
   0.217800E+03   0.141446E+04   0.317989E+02   0.821851E+05   0.178100E+04
   0.217900E+03   0.141446E+04   0.318000E+02   0.821853E+05   0.178097E+04
   0.218000E+03   0.141446E+04   0.318000E+02   0.821855E+05   0.178099E+04
   0.218100E+03   0.141447E+04   0.318000E+02   0.821857E+05   0.178096E+04
   0.218200E+03   0.141447E+04   0.317991E+02   0.821860E+05   0.178096E+04
   0.218300E+03   0.141447E+04   0.318000E+02   0.821862E+05   0.178096E+04
   0.218400E+03   0.141447E+04   0.318007E+02   0.821864E+05   0.178095E+04
   0.218500E+03   0.141448E+04   0.317974E+02   0.821866E+05   0.178096E+04
   0.218600E+03   0.141448E+04   0.317991E+02   0.821868E+05   0.178094E+04
   0.218700E+03   0.141448E+04   0.317995E+02   0.821870E+05   0.178093E+04
   0.218800E+03   0.141449E+04   0.317991E+02   0.821872E+05   0.178092E+04
   0.218900E+03   0.141449E+04   0.317981E+02   0.821874E+05   0.178091E+04
   0.219000E+03   0.141449E+04   0.317991E+02   0.821876E+05   0.178091E+04
   0.219100E+03   0.141449E+04   0.317995E+02   0.821879E+05   0.178092E+04
   0.219200E+03   0.141450E+04   0.317985E+02   0.821881E+05   0.178089E+04
   0.219300E+03   0.141450E+04   0.317981E+02   0.821883E+05   0.178091E+04
   0.219400E+03   0.141450E+04   0.317988E+02   0.821884E+05   0.178089E+04
   0.219500E+03   0.141450E+04   0.317978E+02   0.821887E+05   0.178089E+04
   0.219600E+03   0.141450E+04   0.317978E+02   0.821889E+05   0.178089E+04
   0.219700E+03   0.141451E+04   0.317983E+02   0.821891E+05   0.178088E+04
   0.219800E+03   0.141451E+04   0.317988E+02   0.821893E+05   0.178088E+04
   0.219900E+03   0.141451E+04   0.317972E+02   0.821895E+05   0.178087E+04
   0.220000E+03   0.141451E+04   0.317986E+02   0.821897E+05   0.178085E+04
   0.220100E+03   0.141452E+04   0.318000E+02   0.821899E+05   0.178085E+04
   0.220200E+03   0.141452E+04   0.317987E+02   0.821901E+05   0.178087E+04
   0.220300E+03   0.141452E+04   0.317972E+02   0.821903E+05   0.178083E+04
   0.220400E+03   0.141453E+04   0.317983E+02   0.821905E+05   0.178084E+04
   0.220500E+03   0.141453E+04   0.317993E+02   0.821907E+05   0.178083E+04
   0.220600E+03   0.141453E+04   0.317966E+02   0.821909E+05   0.178083E+04
   0.220700E+03   0.141453E+04   0.317974E+02   0.821911E+05   0.178081E+04
   0.220800E+03   0.141454E+04   0.317983E+02   0.821913E+05   0.178081E+04
   0.220900E+03   0.141454E+04   0.317983E+02   0.821914E+05   0.178080E+04
   0.221000E+03   0.141454E+04   0.317966E+02   0.821917E+05   0.178080E+04
   0.221100E+03   0.141454E+04   0.317974E+02   0.821918E+05   0.178080E+04
   0.221200E+03   0.141454E+04   0.317981E+02   0.821920E+05   0.178081E+04
   0.221300E+03   0.141454E+04   0.317978E+02   0.821922E+05   0.178079E+04
   0.221400E+03   0.141455E+04   0.317957E+02   0.821924E+05   0.178077E+04
   0.221500E+03   0.141455E+04   0.317964E+02   0.821926E+05   0.178078E+04
   0.221600E+03   0.141455E+04   0.317981E+02   0.821928E+05   0.178077E+04
   0.221700E+03   0.141455E+04   0.317982E+02   0.821930E+05   0.178077E+04
   0.221800E+03   0.141456E+04   0.317968E+02   0.821932E+05   0.178076E+04
   0.221900E+03   0.141456E+04   0.317957E+02   0.821934E+05   0.178076E+04
   0.222000E+03   0.141456E+04   0.317971E+02   0.821936E+05   0.178076E+04
   0.222100E+03   0.141456E+04   0.317992E+02   0.821937E+05   0.178074E+04
   0.222200E+03   0.141457E+04   0.317969E+02   0.821939E+05   0.178073E+04
   0.222300E+03   0.141457E+04   0.317952E+02   0.821941E+05   0.178073E+04
   0.222400E+03   0.141457E+04   0.317959E+02   0.821943E+05   0.178072E+04
   0.222500E+03   0.141457E+04   0.317982E+02   0.821945E+05   0.178071E+04
   0.222600E+03   0.141458E+04   0.317972E+02   0.821946E+05   0.178071E+04
   0.222700E+03   0.141458E+04   0.317969E+02   0.821948E+05   0.178072E+04
   0.222800E+03   0.141458E+04   0.317959E+02   0.821950E+05   0.178071E+04
   0.222900E+03   0.141458E+04   0.317970E+02   0.821952E+05   0.178070E+04
   0.223000E+03   0.141458E+04   0.317956E+02   0.821954E+05   0.178070E+04
   0.223100E+03   0.141458E+04   0.317959E+02   0.821955E+05   0.178069E+04
   0.223200E+03   0.141459E+04   0.317959E+02   0.821957E+05   0.178070E+04
   0.223300E+03   0.141459E+04   0.317970E+02   0.821959E+05   0.178068E+04
   0.223400E+03   0.141459E+04   0.317950E+02   0.821961E+05   0.178069E+04
   0.223500E+03   0.141459E+04   0.317956E+02   0.821963E+05   0.178067E+04
   0.223600E+03   0.141459E+04   0.317961E+02   0.821964E+05   0.178067E+04
   0.223700E+03   0.141460E+04   0.317961E+02   0.821966E+05   0.178067E+04
   0.223800E+03   0.141460E+04   0.317950E+02   0.821968E+05   0.178065E+04
   0.223900E+03   0.141460E+04   0.317950E+02   0.821970E+05   0.178067E+04
   0.224000E+03   0.141460E+04   0.317964E+02   0.821971E+05   0.178066E+04
   0.224100E+03   0.141461E+04   0.317968E+02   0.821973E+05   0.178064E+04
   0.224200E+03   0.141461E+04   0.317935E+02   0.821975E+05   0.178063E+04
   0.224300E+03   0.141461E+04   0.317947E+02   0.821977E+05   0.178064E+04
   0.224400E+03   0.141461E+04   0.317957E+02   0.821978E+05   0.178062E+04
   0.224500E+03   0.141461E+04   0.317964E+02   0.821980E+05   0.178061E+04
   0.224600E+03   0.141462E+04   0.317935E+02   0.821982E+05   0.178061E+04
   0.224700E+03   0.141462E+04   0.317942E+02   0.821983E+05   0.178062E+04
   0.224800E+03   0.141462E+04   0.317942E+02   0.821985E+05   0.178061E+04
   0.224900E+03   0.141462E+04   0.317957E+02   0.821986E+05   0.178061E+04
   0.225000E+03   0.141463E+04   0.317968E+02   0.821988E+05   0.178061E+04
   0.225100E+03   0.141463E+04   0.317942E+02   0.821990E+05   0.178059E+04
   0.225200E+03   0.141463E+04   0.317942E+02   0.821991E+05   0.178059E+04
   0.225300E+03   0.141463E+04   0.317942E+02   0.821993E+05   0.178058E+04
   0.225400E+03   0.141463E+04   0.317946E+02   0.821995E+05   0.178057E+04
   0.225500E+03   0.141463E+04   0.317946E+02   0.821996E+05   0.178058E+04
   0.225600E+03   0.141464E+04   0.317942E+02   0.821998E+05   0.178057E+04
   0.225700E+03   0.141464E+04   0.317942E+02   0.822000E+05   0.178056E+04
   0.225800E+03   0.141464E+04   0.317942E+02   0.822001E+05   0.178056E+04
   0.225900E+03   0.141464E+04   0.317953E+02   0.822003E+05   0.178055E+04
   0.226000E+03   0.141464E+04   0.317940E+02   0.822005E+05   0.178055E+04
   0.226100E+03   0.141465E+04   0.317923E+02   0.822006E+05   0.178056E+04
   0.226200E+03   0.141465E+04   0.317942E+02   0.822008E+05   0.178054E+04
   0.226300E+03   0.141465E+04   0.317953E+02   0.822009E+05   0.178054E+04
   0.226400E+03   0.141465E+04   0.317940E+02   0.822011E+05   0.178052E+04
   0.226500E+03   0.141465E+04   0.317940E+02   0.822013E+05   0.178053E+04
   0.226600E+03   0.141465E+04   0.317940E+02   0.822014E+05   0.178053E+04
   0.226700E+03   0.141466E+04   0.317927E+02   0.822016E+05   0.178053E+04
   0.226800E+03   0.141466E+04   0.317953E+02   0.822017E+05   0.178052E+04
   0.226900E+03   0.141466E+04   0.317940E+02   0.822019E+05   0.178050E+04
   0.227000E+03   0.141466E+04   0.317940E+02   0.822020E+05   0.178052E+04
   0.227100E+03   0.141466E+04   0.317940E+02   0.822022E+05   0.178051E+04
   0.227200E+03   0.141467E+04   0.317930E+02   0.822024E+05   0.178051E+04
   0.227300E+03   0.141467E+04   0.317918E+02   0.822025E+05   0.178048E+04
   0.227400E+03   0.141467E+04   0.317925E+02   0.822026E+05   0.178050E+04
   0.227500E+03   0.141467E+04   0.317940E+02   0.822028E+05   0.178048E+04
   0.227600E+03   0.141467E+04   0.317947E+02   0.822030E+05   0.178048E+04
   0.227700E+03   0.141468E+04   0.317934E+02   0.822031E+05   0.178047E+04
   0.227800E+03   0.141468E+04   0.317911E+02   0.822033E+05   0.178048E+04
   0.227900E+03   0.141468E+04   0.317925E+02   0.822034E+05   0.178046E+04
   0.228000E+03   0.141468E+04   0.317925E+02   0.822036E+05   0.178046E+04
   0.228100E+03   0.141468E+04   0.317942E+02   0.822037E+05   0.178045E+04
   0.228200E+03   0.141469E+04   0.317951E+02   0.822039E+05   0.178046E+04
   0.228300E+03   0.141469E+04   0.317914E+02   0.822040E+05   0.178045E+04
   0.228400E+03   0.141469E+04   0.317918E+02   0.822042E+05   0.178046E+04
   0.228500E+03   0.141469E+04   0.317932E+02   0.822043E+05   0.178043E+04
   0.228600E+03   0.141469E+04   0.317932E+02   0.822045E+05   0.178043E+04
   0.228700E+03   0.141469E+04   0.317936E+02   0.822046E+05   0.178045E+04
   0.228800E+03   0.141470E+04   0.317908E+02   0.822047E+05   0.178044E+04
   0.228900E+03   0.141470E+04   0.317921E+02   0.822049E+05   0.178042E+04
   0.229000E+03   0.141470E+04   0.317926E+02   0.822050E+05   0.178042E+04
   0.229100E+03   0.141470E+04   0.317926E+02   0.822052E+05   0.178042E+04
   0.229200E+03   0.141470E+04   0.317936E+02   0.822053E+05   0.178039E+04
   0.229300E+03   0.141470E+04   0.317915E+02   0.822055E+05   0.178042E+04
   0.229400E+03   0.141471E+04   0.317906E+02   0.822056E+05   0.178040E+04
   0.229500E+03   0.141471E+04   0.317923E+02   0.822058E+05   0.178041E+04
   0.229600E+03   0.141471E+04   0.317920E+02   0.822059E+05   0.178040E+04
   0.229700E+03   0.141471E+04   0.317929E+02   0.822060E+05   0.178037E+04
   0.229800E+03   0.141471E+04   0.317916E+02   0.822062E+05   0.178039E+04
   0.229900E+03   0.141471E+04   0.317923E+02   0.822063E+05   0.178039E+04
   0.230000E+03   0.141472E+04   0.317913E+02   0.822064E+05   0.178039E+04
   0.230100E+03   0.141472E+04   0.317913E+02   0.822066E+05   0.178038E+04
   0.230200E+03   0.141472E+04   0.317914E+02   0.822067E+05   0.178037E+04
   0.230300E+03   0.141472E+04   0.317904E+02   0.822069E+05   0.178037E+04
   0.230400E+03   0.141472E+04   0.317916E+02   0.822070E+05   0.178035E+04
   0.230500E+03   0.141472E+04   0.317923E+02   0.822072E+05   0.178036E+04
   0.230600E+03   0.141473E+04   0.317913E+02   0.822073E+05   0.178035E+04
   0.230700E+03   0.141473E+04   0.317913E+02   0.822074E+05   0.178036E+04
   0.230800E+03   0.141473E+04   0.317921E+02   0.822076E+05   0.178034E+04
   0.230900E+03   0.141473E+04   0.317901E+02   0.822077E+05   0.178036E+04
   0.231000E+03   0.141473E+04   0.317911E+02   0.822078E+05   0.178034E+04
   0.231100E+03   0.141474E+04   0.317925E+02   0.822079E+05   0.178033E+04
   0.231200E+03   0.141474E+04   0.317913E+02   0.822081E+05   0.178033E+04
   0.231300E+03   0.141474E+04   0.317925E+02   0.822082E+05   0.178033E+04
   0.231400E+03   0.141474E+04   0.317904E+02   0.822083E+05   0.178031E+04
   0.231500E+03   0.141474E+04   0.317901E+02   0.822085E+05   0.178033E+04
   0.231600E+03   0.141474E+04   0.317901E+02   0.822086E+05   0.178031E+04
   0.231700E+03   0.141474E+04   0.317908E+02   0.822087E+05   0.178032E+04
   0.231800E+03   0.141475E+04   0.317919E+02   0.822089E+05   0.178030E+04
   0.231900E+03   0.141475E+04   0.317919E+02   0.822090E+05   0.178031E+04
   0.232000E+03   0.141475E+04   0.317904E+02   0.822091E+05   0.178031E+04
   0.232100E+03   0.141475E+04   0.317901E+02   0.822092E+05   0.178029E+04
   0.232200E+03   0.141475E+04   0.317901E+02   0.822094E+05   0.178029E+04
   0.232300E+03   0.141475E+04   0.317916E+02   0.822095E+05   0.178029E+04
   0.232400E+03   0.141475E+04   0.317919E+02   0.822096E+05   0.178029E+04
   0.232500E+03   0.141476E+04   0.317889E+02   0.822098E+05   0.178027E+04
   0.232600E+03   0.141476E+04   0.317899E+02   0.822099E+05   0.178028E+04
   0.232700E+03   0.141476E+04   0.317899E+02   0.822100E+05   0.178028E+04
   0.232800E+03   0.141476E+04   0.317896E+02   0.822101E+05   0.178026E+04
   0.232900E+03   0.141476E+04   0.317916E+02   0.822103E+05   0.178026E+04
   0.233000E+03   0.141477E+04   0.317919E+02   0.822104E+05   0.178026E+04
   0.233100E+03   0.141477E+04   0.317882E+02   0.822105E+05   0.178028E+04
   0.233200E+03   0.141477E+04   0.317882E+02   0.822106E+05   0.178024E+04
   0.233300E+03   0.141477E+04   0.317889E+02   0.822108E+05   0.178025E+04
   0.233400E+03   0.141477E+04   0.317906E+02   0.822109E+05   0.178023E+04
   0.233500E+03   0.141477E+04   0.317910E+02   0.822110E+05   0.178024E+04
   0.233600E+03   0.141477E+04   0.317914E+02   0.822111E+05   0.178025E+04
   0.233700E+03   0.141478E+04   0.317899E+02   0.822113E+05   0.178023E+04
   0.233800E+03   0.141478E+04   0.317882E+02   0.822114E+05   0.178023E+04
   0.233900E+03   0.141478E+04   0.317889E+02   0.822115E+05   0.178022E+04
   0.234000E+03   0.141478E+04   0.317896E+02   0.822116E+05   0.178023E+04
   0.234100E+03   0.141478E+04   0.317907E+02   0.822117E+05   0.178024E+04
   0.234200E+03   0.141478E+04   0.317914E+02   0.822119E+05   0.178020E+04
   0.234300E+03   0.141478E+04   0.317894E+02   0.822120E+05   0.178021E+04
   0.234400E+03   0.141479E+04   0.317894E+02   0.822121E+05   0.178022E+04
   0.234500E+03   0.141479E+04   0.317884E+02   0.822122E+05   0.178021E+04
   0.234600E+03   0.141479E+04   0.317889E+02   0.822123E+05   0.178021E+04
   0.234700E+03   0.141479E+04   0.317889E+02   0.822124E+05   0.178021E+04
   0.234800E+03   0.141479E+04   0.317907E+02   0.822126E+05   0.178018E+04
   0.234900E+03   0.141479E+04   0.317884E+02   0.822127E+05   0.178019E+04
   0.235000E+03   0.141479E+04   0.317891E+02   0.822128E+05   0.178020E+04
   0.235100E+03   0.141480E+04   0.317901E+02   0.822129E+05   0.178018E+04
   0.235200E+03   0.141480E+04   0.317884E+02   0.822130E+05   0.178019E+04
   0.235300E+03   0.141480E+04   0.317884E+02   0.822131E+05   0.178019E+04
   0.235400E+03   0.141480E+04   0.317895E+02   0.822132E+05   0.178017E+04
   0.235500E+03   0.141480E+04   0.317895E+02   0.822134E+05   0.178017E+04
   0.235600E+03   0.141480E+04   0.317894E+02   0.822135E+05   0.178016E+04
   0.235700E+03   0.141480E+04   0.317891E+02   0.822136E+05   0.178017E+04
   0.235800E+03   0.141480E+04   0.317891E+02   0.822137E+05   0.178015E+04
   0.235900E+03   0.141480E+04   0.317875E+02   0.822138E+05   0.178015E+04
   0.236000E+03   0.141481E+04   0.317888E+02   0.822139E+05   0.178016E+04
   0.236100E+03   0.141481E+04   0.317895E+02   0.822140E+05   0.178015E+04
   0.236200E+03   0.141481E+04   0.317882E+02   0.822141E+05   0.178016E+04
   0.236300E+03   0.141481E+04   0.317882E+02   0.822142E+05   0.178016E+04
   0.236400E+03   0.141481E+04   0.317886E+02   0.822144E+05   0.178014E+04
   0.236500E+03   0.141481E+04   0.317891E+02   0.822145E+05   0.178012E+04
   0.236600E+03   0.141481E+04   0.317891E+02   0.822146E+05   0.178012E+04
   0.236700E+03   0.141482E+04   0.317878E+02   0.822147E+05   0.178012E+04
   0.236800E+03   0.141482E+04   0.317893E+02   0.822148E+05   0.178013E+04
   0.236900E+03   0.141482E+04   0.317882E+02   0.822149E+05   0.178013E+04
   0.237000E+03   0.141482E+04   0.317882E+02   0.822150E+05   0.178011E+04
   0.237100E+03   0.141482E+04   0.317882E+02   0.822151E+05   0.178012E+04
   0.237200E+03   0.141482E+04   0.317886E+02   0.822152E+05   0.178012E+04
   0.237300E+03   0.141482E+04   0.317890E+02   0.822153E+05   0.178013E+04
   0.237400E+03   0.141483E+04   0.317897E+02   0.822154E+05   0.178011E+04
   0.237500E+03   0.141483E+04   0.317893E+02   0.822155E+05   0.178011E+04
   0.237600E+03   0.141483E+04   0.317873E+02   0.822156E+05   0.178011E+04
   0.237700E+03   0.141483E+04   0.317873E+02   0.822157E+05   0.178011E+04
   0.237800E+03   0.141483E+04   0.317873E+02   0.822159E+05   0.178011E+04
   0.237900E+03   0.141483E+04   0.317882E+02   0.822160E+05   0.178009E+04
   0.238000E+03   0.141483E+04   0.317890E+02   0.822161E+05   0.178009E+04
   0.238100E+03   0.141484E+04   0.317897E+02   0.822162E+05   0.178009E+04
   0.238200E+03   0.141484E+04   0.317884E+02   0.822163E+05   0.178008E+04
   0.238300E+03   0.141484E+04   0.317867E+02   0.822164E+05   0.178007E+04
   0.238400E+03   0.141484E+04   0.317867E+02   0.822165E+05   0.178008E+04
   0.238500E+03   0.141484E+04   0.317867E+02   0.822166E+05   0.178006E+04
   0.238600E+03   0.141484E+04   0.317873E+02   0.822167E+05   0.178006E+04
   0.238700E+03   0.141484E+04   0.317884E+02   0.822168E+05   0.178006E+04
   0.238800E+03   0.141484E+04   0.317883E+02   0.822169E+05   0.178006E+04
   0.238900E+03   0.141485E+04   0.317898E+02   0.822170E+05   0.178006E+04
   0.239000E+03   0.141485E+04   0.317884E+02   0.822171E+05   0.178006E+04
   0.239100E+03   0.141485E+04   0.317867E+02   0.822172E+05   0.178006E+04
   0.239200E+03   0.141485E+04   0.317867E+02   0.822173E+05   0.178004E+04
   0.239300E+03   0.141485E+04   0.317874E+02   0.822174E+05   0.178003E+04
   0.239400E+03   0.141485E+04   0.317878E+02   0.822175E+05   0.178004E+04
   0.239500E+03   0.141485E+04   0.317878E+02   0.822176E+05   0.178006E+04
   0.239600E+03   0.141485E+04   0.317884E+02   0.822177E+05   0.178005E+04
   0.239700E+03   0.141485E+04   0.317871E+02   0.822178E+05   0.178006E+04
   0.239800E+03   0.141486E+04   0.317868E+02   0.822179E+05   0.178005E+04
   0.239900E+03   0.141486E+04   0.317867E+02   0.822180E+05   0.178005E+04
   0.240000E+03   0.141486E+04   0.317874E+02   0.822181E+05   0.178002E+04
   0.240100E+03   0.141486E+04   0.317874E+02   0.822181E+05   0.178002E+04
   0.240200E+03   0.141486E+04   0.317878E+02   0.822183E+05   0.178003E+04
   0.240300E+03   0.141486E+04   0.317878E+02   0.822184E+05   0.178002E+04
   0.240400E+03   0.141486E+04   0.317858E+02   0.822185E+05   0.178002E+04
   0.240500E+03   0.141486E+04   0.317865E+02   0.822185E+05   0.178001E+04
   0.240600E+03   0.141486E+04   0.317865E+02   0.822186E+05   0.178001E+04
   0.240700E+03   0.141486E+04   0.317870E+02   0.822187E+05   0.178001E+04
   0.240800E+03   0.141487E+04   0.317858E+02   0.822188E+05   0.178000E+04
   0.240900E+03   0.141487E+04   0.317869E+02   0.822189E+05   0.178000E+04
   0.241000E+03   0.141487E+04   0.317878E+02   0.822190E+05   0.178000E+04
   0.241100E+03   0.141487E+04   0.317878E+02   0.822191E+05   0.178000E+04
   0.241200E+03   0.141487E+04   0.317858E+02   0.822192E+05   0.177998E+04
   0.241300E+03   0.141487E+04   0.317865E+02   0.822193E+05   0.178000E+04
   0.241400E+03   0.141487E+04   0.317872E+02   0.822194E+05   0.177999E+04
   0.241500E+03   0.141487E+04   0.317872E+02   0.822195E+05   0.177999E+04
   0.241600E+03   0.141487E+04   0.317870E+02   0.822196E+05   0.177998E+04
   0.241700E+03   0.141488E+04   0.317857E+02   0.822197E+05   0.177997E+04
   0.241800E+03   0.141488E+04   0.317857E+02   0.822197E+05   0.177997E+04
   0.241900E+03   0.141488E+04   0.317869E+02   0.822198E+05   0.177996E+04
   0.242000E+03   0.141488E+04   0.317848E+02   0.822199E+05   0.177996E+04
   0.242100E+03   0.141488E+04   0.317863E+02   0.822200E+05   0.177996E+04
   0.242200E+03   0.141488E+04   0.317872E+02   0.822201E+05   0.177996E+04
   0.242300E+03   0.141488E+04   0.317872E+02   0.822202E+05   0.177996E+04
   0.242400E+03   0.141488E+04   0.317872E+02   0.822203E+05   0.177996E+04
   0.242500E+03   0.141488E+04   0.317873E+02   0.822204E+05   0.177996E+04
   0.242600E+03   0.141489E+04   0.317857E+02   0.822204E+05   0.177995E+04
   0.242700E+03   0.141489E+04   0.317857E+02   0.822205E+05   0.177994E+04
   0.242800E+03   0.141489E+04   0.317843E+02   0.822206E+05   0.177994E+04
   0.242900E+03   0.141489E+04   0.317843E+02   0.822207E+05   0.177993E+04
   0.243000E+03   0.141489E+04   0.317857E+02   0.822208E+05   0.177994E+04
   0.243100E+03   0.141489E+04   0.317857E+02   0.822209E+05   0.177994E+04
   0.243200E+03   0.141489E+04   0.317863E+02   0.822210E+05   0.177993E+04
   0.243300E+03   0.141489E+04   0.317876E+02   0.822211E+05   0.177993E+04
   0.243400E+03   0.141489E+04   0.317876E+02   0.822211E+05   0.177993E+04
   0.243500E+03   0.141489E+04   0.317873E+02   0.822212E+05   0.177992E+04
   0.243600E+03   0.141490E+04   0.317864E+02   0.822213E+05   0.177991E+04
   0.243700E+03   0.141490E+04   0.317843E+02   0.822214E+05   0.177993E+04
   0.243800E+03   0.141490E+04   0.317843E+02   0.822215E+05   0.177992E+04
   0.243900E+03   0.141490E+04   0.317851E+02   0.822216E+05   0.177991E+04
   0.244000E+03   0.141490E+04   0.317858E+02   0.822216E+05   0.177992E+04
   0.244100E+03   0.141490E+04   0.317857E+02   0.822217E+05   0.177992E+04
   0.244200E+03   0.141490E+04   0.317861E+02   0.822218E+05   0.177991E+04
   0.244300E+03   0.141490E+04   0.317868E+02   0.822219E+05   0.177992E+04
   0.244400E+03   0.141490E+04   0.317874E+02   0.822220E+05   0.177992E+04
   0.244500E+03   0.141490E+04   0.317853E+02   0.822221E+05   0.177991E+04
   0.244600E+03   0.141491E+04   0.317843E+02   0.822221E+05   0.177990E+04
   0.244700E+03   0.141491E+04   0.317843E+02   0.822222E+05   0.177990E+04
   0.244800E+03   0.141491E+04   0.317851E+02   0.822223E+05   0.177990E+04
   0.244900E+03   0.141491E+04   0.317851E+02   0.822224E+05   0.177989E+04
   0.245000E+03   0.141491E+04   0.317851E+02   0.822225E+05   0.177989E+04
   0.245100E+03   0.141491E+04   0.317862E+02   0.822225E+05   0.177987E+04
   0.245200E+03   0.141491E+04   0.317869E+02   0.822226E+05   0.177987E+04
   0.245300E+03   0.141491E+04   0.317868E+02   0.822227E+05   0.177989E+04
   0.245400E+03   0.141491E+04   0.317848E+02   0.822228E+05   0.177989E+04
   0.245500E+03   0.141491E+04   0.317848E+02   0.822229E+05   0.177988E+04
   0.245600E+03   0.141492E+04   0.317828E+02   0.822229E+05   0.177988E+04
   0.245700E+03   0.141492E+04   0.317836E+02   0.822230E+05   0.177988E+04
   0.245800E+03   0.141492E+04   0.317841E+02   0.822231E+05   0.177988E+04
   0.245900E+03   0.141492E+04   0.317858E+02   0.822232E+05   0.177987E+04
   0.246000E+03   0.141492E+04   0.317862E+02   0.822232E+05   0.177986E+04
   0.246100E+03   0.141492E+04   0.317862E+02   0.822233E+05   0.177985E+04
   0.246200E+03   0.141492E+04   0.317862E+02   0.822234E+05   0.177986E+04
   0.246300E+03   0.141492E+04   0.317848E+02   0.822235E+05   0.177987E+04
   0.246400E+03   0.141492E+04   0.317848E+02   0.822236E+05   0.177986E+04
   0.246500E+03   0.141492E+04   0.317848E+02   0.822236E+05   0.177986E+04
   0.246600E+03   0.141492E+04   0.317848E+02   0.822237E+05   0.177986E+04
   0.246700E+03   0.141493E+04   0.317838E+02   0.822238E+05   0.177985E+04
   0.246800E+03   0.141493E+04   0.317843E+02   0.822239E+05   0.177985E+04
   0.246900E+03   0.141493E+04   0.317847E+02   0.822239E+05   0.177984E+04
   0.247000E+03   0.141493E+04   0.317847E+02   0.822240E+05   0.177984E+04
   0.247100E+03   0.141493E+04   0.317847E+02   0.822241E+05   0.177985E+04
   0.247200E+03   0.141493E+04   0.317862E+02   0.822241E+05   0.177983E+04
   0.247300E+03   0.141493E+04   0.317842E+02   0.822242E+05   0.177982E+04
   0.247400E+03   0.141493E+04   0.317842E+02   0.822243E+05   0.177984E+04
   0.247500E+03   0.141493E+04   0.317842E+02   0.822244E+05   0.177983E+04
   0.247600E+03   0.141493E+04   0.317848E+02   0.822245E+05   0.177982E+04
   0.247700E+03   0.141494E+04   0.317863E+02   0.822245E+05   0.177984E+04
   0.247800E+03   0.141494E+04   0.317846E+02   0.822246E+05   0.177983E+04
   0.247900E+03   0.141494E+04   0.317847E+02   0.822247E+05   0.177983E+04
   0.248000E+03   0.141494E+04   0.317847E+02   0.822247E+05   0.177981E+04
   0.248100E+03   0.141494E+04   0.317847E+02   0.822248E+05   0.177982E+04
   0.248200E+03   0.141494E+04   0.317847E+02   0.822249E+05   0.177980E+04
   0.248300E+03   0.141494E+04   0.317826E+02   0.822249E+05   0.177981E+04
   0.248400E+03   0.141494E+04   0.317826E+02   0.822250E+05   0.177982E+04
   0.248500E+03   0.141494E+04   0.317826E+02   0.822251E+05   0.177981E+04
   0.248600E+03   0.141494E+04   0.317834E+02   0.822252E+05   0.177980E+04
   0.248700E+03   0.141494E+04   0.317849E+02   0.822252E+05   0.177980E+04
   0.248800E+03   0.141494E+04   0.317856E+02   0.822253E+05   0.177982E+04
   0.248900E+03   0.141495E+04   0.317850E+02   0.822254E+05   0.177980E+04
   0.249000E+03   0.141495E+04   0.317850E+02   0.822254E+05   0.177980E+04
   0.249100E+03   0.141495E+04   0.317850E+02   0.822255E+05   0.177978E+04
   0.249200E+03   0.141495E+04   0.317847E+02   0.822256E+05   0.177978E+04
   0.249300E+03   0.141495E+04   0.317826E+02   0.822256E+05   0.177978E+04
   0.249400E+03   0.141495E+04   0.317826E+02   0.822257E+05   0.177980E+04
   0.249500E+03   0.141495E+04   0.317834E+02   0.822258E+05   0.177978E+04
   0.249600E+03   0.141495E+04   0.317834E+02   0.822259E+05   0.177977E+04
   0.249700E+03   0.141495E+04   0.317834E+02   0.822259E+05   0.177979E+04
   0.249800E+03   0.141495E+04   0.317834E+02   0.822260E+05   0.177978E+04
   0.249900E+03   0.141495E+04   0.317845E+02   0.822261E+05   0.177977E+04
   0.250000E+03   0.141495E+04   0.317845E+02   0.822261E+05   0.177977E+04
   0.250100E+03   0.141495E+04   0.317845E+02   0.822262E+05   0.177977E+04
   0.250200E+03   0.141496E+04   0.317844E+02   0.822262E+05   0.177977E+04
   0.250300E+03   0.141496E+04   0.317850E+02   0.822263E+05   0.177979E+04
   0.250400E+03   0.141496E+04   0.317834E+02   0.822264E+05   0.177975E+04
   0.250500E+03   0.141496E+04   0.317834E+02   0.822264E+05   0.177975E+04
   0.250600E+03   0.141496E+04   0.317834E+02   0.822265E+05   0.177977E+04
   0.250700E+03   0.141496E+04   0.317834E+02   0.822266E+05   0.177977E+04
   0.250800E+03   0.141496E+04   0.317834E+02   0.822266E+05   0.177975E+04
   0.250900E+03   0.141496E+04   0.317834E+02   0.822267E+05   0.177976E+04
   0.251000E+03   0.141496E+04   0.317845E+02   0.822268E+05   0.177976E+04
   0.251100E+03   0.141496E+04   0.317845E+02   0.822268E+05   0.177976E+04
   0.251200E+03   0.141496E+04   0.317845E+02   0.822269E+05   0.177975E+04
   0.251300E+03   0.141496E+04   0.317845E+02   0.822270E+05   0.177974E+04
   0.251400E+03   0.141497E+04   0.317835E+02   0.822270E+05   0.177977E+04
   0.251500E+03   0.141497E+04   0.317815E+02   0.822271E+05   0.177974E+04
   0.251600E+03   0.141497E+04   0.317822E+02   0.822272E+05   0.177973E+04
   0.251700E+03   0.141497E+04   0.317822E+02   0.822272E+05   0.177973E+04
   0.251800E+03   0.141497E+04   0.317828E+02   0.822273E+05   0.177975E+04
   0.251900E+03   0.141497E+04   0.317828E+02   0.822273E+05   0.177975E+04
   0.252000E+03   0.141497E+04   0.317834E+02   0.822274E+05   0.177972E+04
   0.252100E+03   0.141497E+04   0.317838E+02   0.822275E+05   0.177973E+04
   0.252200E+03   0.141497E+04   0.317845E+02   0.822275E+05   0.177974E+04
   0.252300E+03   0.141497E+04   0.317845E+02   0.822276E+05   0.177972E+04
   0.252400E+03   0.141497E+04   0.317845E+02   0.822277E+05   0.177970E+04
   0.252500E+03   0.141497E+04   0.317852E+02   0.822277E+05   0.177973E+04
   0.252600E+03   0.141497E+04   0.317832E+02   0.822278E+05   0.177972E+04
   0.252700E+03   0.141497E+04   0.317832E+02   0.822278E+05   0.177972E+04
   0.252800E+03   0.141498E+04   0.317815E+02   0.822279E+05   0.177972E+04
   0.252900E+03   0.141498E+04   0.317815E+02   0.822279E+05   0.177970E+04
   0.253000E+03   0.141498E+04   0.317815E+02   0.822280E+05   0.177971E+04
   0.253100E+03   0.141498E+04   0.317822E+02   0.822281E+05   0.177972E+04
   0.253200E+03   0.141498E+04   0.317819E+02   0.822281E+05   0.177972E+04
   0.253300E+03   0.141498E+04   0.317823E+02   0.822282E+05   0.177970E+04
   0.253400E+03   0.141498E+04   0.317823E+02   0.822282E+05   0.177972E+04
   0.253500E+03   0.141498E+04   0.317847E+02   0.822283E+05   0.177971E+04
   0.253600E+03   0.141498E+04   0.317847E+02   0.822284E+05   0.177968E+04
   0.253700E+03   0.141498E+04   0.317847E+02   0.822284E+05   0.177971E+04
   0.253800E+03   0.141498E+04   0.317826E+02   0.822285E+05   0.177969E+04
   0.253900E+03   0.141498E+04   0.317832E+02   0.822286E+05   0.177970E+04
   0.254000E+03   0.141498E+04   0.317832E+02   0.822286E+05   0.177969E+04
   0.254100E+03   0.141498E+04   0.317832E+02   0.822286E+05   0.177970E+04
   0.254200E+03   0.141499E+04   0.317815E+02   0.822287E+05   0.177969E+04
   0.254300E+03   0.141499E+04   0.317815E+02   0.822288E+05   0.177969E+04
   0.254400E+03   0.141499E+04   0.317815E+02   0.822288E+05   0.177969E+04
   0.254500E+03   0.141499E+04   0.317819E+02   0.822289E+05   0.177968E+04
   0.254600E+03   0.141499E+04   0.317826E+02   0.822289E+05   0.177970E+04
   0.254700E+03   0.141499E+04   0.317830E+02   0.822290E+05   0.177967E+04
   0.254800E+03   0.141499E+04   0.317837E+02   0.822291E+05   0.177968E+04
   0.254900E+03   0.141499E+04   0.317837E+02   0.822291E+05   0.177968E+04
   0.255000E+03   0.141499E+04   0.317837E+02   0.822292E+05   0.177967E+04
   0.255100E+03   0.141499E+04   0.317817E+02   0.822292E+05   0.177967E+04
   0.255200E+03   0.141499E+04   0.317817E+02   0.822293E+05   0.177967E+04
   0.255300E+03   0.141499E+04   0.317817E+02   0.822293E+05   0.177968E+04
   0.255400E+03   0.141499E+04   0.317827E+02   0.822294E+05   0.177965E+04
   0.255500E+03   0.141499E+04   0.317826E+02   0.822294E+05   0.177968E+04
   0.255600E+03   0.141499E+04   0.317826E+02   0.822295E+05   0.177965E+04
   0.255700E+03   0.141499E+04   0.317809E+02   0.822295E+05   0.177967E+04
   0.255800E+03   0.141500E+04   0.317826E+02   0.822296E+05   0.177965E+04
   0.255900E+03   0.141500E+04   0.317826E+02   0.822297E+05   0.177966E+04
   0.256000E+03   0.141500E+04   0.317826E+02   0.822297E+05   0.177966E+04
   0.256100E+03   0.141500E+04   0.317833E+02   0.822298E+05   0.177966E+04
   0.256200E+03   0.141500E+04   0.317830E+02   0.822298E+05   0.177964E+04
   0.256300E+03   0.141500E+04   0.317830E+02   0.822299E+05   0.177965E+04
   0.256400E+03   0.141500E+04   0.317817E+02   0.822299E+05   0.177964E+04
   0.256500E+03   0.141500E+04   0.317817E+02   0.822300E+05   0.177965E+04
   0.256600E+03   0.141500E+04   0.317817E+02   0.822300E+05   0.177965E+04
   0.256700E+03   0.141500E+04   0.317817E+02   0.822301E+05   0.177962E+04
   0.256800E+03   0.141500E+04   0.317817E+02   0.822301E+05   0.177965E+04
   0.256900E+03   0.141500E+04   0.317817E+02   0.822302E+05   0.177963E+04
   0.257000E+03   0.141500E+04   0.317824E+02   0.822302E+05   0.177965E+04
   0.257100E+03   0.141500E+04   0.317828E+02   0.822303E+05   0.177963E+04
   0.257200E+03   0.141500E+04   0.317811E+02   0.822303E+05   0.177962E+04
   0.257300E+03   0.141500E+04   0.317811E+02   0.822304E+05   0.177963E+04
   0.257400E+03   0.141501E+04   0.317820E+02   0.822304E+05   0.177963E+04
   0.257500E+03   0.141501E+04   0.317820E+02   0.822305E+05   0.177963E+04
   0.257600E+03   0.141501E+04   0.317828E+02   0.822305E+05   0.177963E+04
   0.257700E+03   0.141501E+04   0.317828E+02   0.822306E+05   0.177961E+04
   0.257800E+03   0.141501E+04   0.317807E+02   0.822306E+05   0.177963E+04
   0.257900E+03   0.141501E+04   0.317805E+02   0.822307E+05   0.177961E+04
   0.258000E+03   0.141501E+04   0.317810E+02   0.822307E+05   0.177963E+04
   0.258100E+03   0.141501E+04   0.317810E+02   0.822308E+05   0.177961E+04
   0.258200E+03   0.141501E+04   0.317817E+02   0.822308E+05   0.177963E+04
   0.258300E+03   0.141501E+04   0.317824E+02   0.822309E+05   0.177962E+04
   0.258400E+03   0.141501E+04   0.317824E+02   0.822309E+05   0.177961E+04
   0.258500E+03   0.141501E+04   0.317828E+02   0.822310E+05   0.177961E+04
   0.258600E+03   0.141501E+04   0.317828E+02   0.822310E+05   0.177961E+04
   0.258700E+03   0.141501E+04   0.317828E+02   0.822311E+05   0.177960E+04
   0.258800E+03   0.141501E+04   0.317828E+02   0.822311E+05   0.177960E+04
   0.258900E+03   0.141502E+04   0.317811E+02   0.822312E+05   0.177960E+04
   0.259000E+03   0.141502E+04   0.317811E+02   0.822312E+05   0.177960E+04
   0.259100E+03   0.141502E+04   0.317818E+02   0.822313E+05   0.177962E+04
   0.259200E+03   0.141502E+04   0.317818E+02   0.822313E+05   0.177960E+04
   0.259300E+03   0.141502E+04   0.317798E+02   0.822314E+05   0.177960E+04
   0.259400E+03   0.141502E+04   0.317798E+02   0.822314E+05   0.177960E+04
   0.259500E+03   0.141502E+04   0.317807E+02   0.822315E+05   0.177960E+04
   0.259600E+03   0.141502E+04   0.317815E+02   0.822315E+05   0.177959E+04
   0.259700E+03   0.141502E+04   0.317812E+02   0.822316E+05   0.177960E+04
   0.259800E+03   0.141502E+04   0.317812E+02   0.822316E+05   0.177960E+04
   0.259900E+03   0.141502E+04   0.317812E+02   0.822316E+05   0.177959E+04
   0.260000E+03   0.141502E+04   0.317816E+02   0.822317E+05   0.177960E+04
   0.260100E+03   0.141502E+04   0.317816E+02   0.822317E+05   0.177958E+04
   0.260200E+03   0.141502E+04   0.317822E+02   0.822318E+05   0.177959E+04
   0.260300E+03   0.141502E+04   0.317828E+02   0.822318E+05   0.177959E+04
   0.260400E+03   0.141502E+04   0.317828E+02   0.822319E+05   0.177958E+04
   0.260500E+03   0.141502E+04   0.317828E+02   0.822319E+05   0.177959E+04
   0.260600E+03   0.141502E+04   0.317828E+02   0.822320E+05   0.177958E+04
   0.260700E+03   0.141503E+04   0.317818E+02   0.822320E+05   0.177958E+04
   0.260800E+03   0.141503E+04   0.317798E+02   0.822321E+05   0.177958E+04
   0.260900E+03   0.141503E+04   0.317798E+02   0.822321E+05   0.177957E+04
   0.261000E+03   0.141503E+04   0.317805E+02   0.822322E+05   0.177958E+04
   0.261100E+03   0.141503E+04   0.317805E+02   0.822322E+05   0.177957E+04
   0.261200E+03   0.141503E+04   0.317805E+02   0.822322E+05   0.177956E+04
   0.261300E+03   0.141503E+04   0.317805E+02   0.822323E+05   0.177956E+04
   0.261400E+03   0.141503E+04   0.317805E+02   0.822323E+05   0.177956E+04
   0.261500E+03   0.141503E+04   0.317805E+02   0.822324E+05   0.177957E+04
   0.261600E+03   0.141503E+04   0.317806E+02   0.822324E+05   0.177956E+04
   0.261700E+03   0.141503E+04   0.317806E+02   0.822325E+05   0.177958E+04
   0.261800E+03   0.141503E+04   0.317816E+02   0.822325E+05   0.177955E+04
   0.261900E+03   0.141503E+04   0.317816E+02   0.822325E+05   0.177957E+04
   0.262000E+03   0.141503E+04   0.317816E+02   0.822326E+05   0.177955E+04
   0.262100E+03   0.141503E+04   0.317816E+02   0.822326E+05   0.177956E+04
   0.262200E+03   0.141503E+04   0.317816E+02   0.822327E+05   0.177955E+04
   0.262300E+03   0.141503E+04   0.317822E+02   0.822327E+05   0.177955E+04
   0.262400E+03   0.141504E+04   0.317817E+02   0.822328E+05   0.177954E+04
   0.262500E+03   0.141504E+04   0.317800E+02   0.822328E+05   0.177955E+04
   0.262600E+03   0.141504E+04   0.317800E+02   0.822328E+05   0.177954E+04
   0.262700E+03   0.141504E+04   0.317800E+02   0.822329E+05   0.177956E+04
   0.262800E+03   0.141504E+04   0.317805E+02   0.822329E+05   0.177954E+04
   0.262900E+03   0.141504E+04   0.317805E+02   0.822330E+05   0.177955E+04
   0.263000E+03   0.141504E+04   0.317805E+02   0.822330E+05   0.177953E+04
   0.263100E+03   0.141504E+04   0.317805E+02   0.822331E+05   0.177955E+04
   0.263200E+03   0.141504E+04   0.317809E+02   0.822331E+05   0.177953E+04
   0.263300E+03   0.141504E+04   0.317809E+02   0.822331E+05   0.177953E+04
   0.263400E+03   0.141504E+04   0.317809E+02   0.822332E+05   0.177954E+04
   0.263500E+03   0.141504E+04   0.317809E+02   0.822332E+05   0.177953E+04
   0.263600E+03   0.141504E+04   0.317806E+02   0.822333E+05   0.177955E+04
   0.263700E+03   0.141504E+04   0.317806E+02   0.822333E+05   0.177953E+04
   0.263800E+03   0.141504E+04   0.317806E+02   0.822333E+05   0.177954E+04
   0.263900E+03   0.141504E+04   0.317813E+02   0.822334E+05   0.177952E+04
   0.264000E+03   0.141504E+04   0.317813E+02   0.822334E+05   0.177954E+04
   0.264100E+03   0.141504E+04   0.317793E+02   0.822335E+05   0.177952E+04
   0.264200E+03   0.141504E+04   0.317793E+02   0.822335E+05   0.177952E+04
   0.264300E+03   0.141504E+04   0.317800E+02   0.822336E+05   0.177953E+04
   0.264400E+03   0.141504E+04   0.317810E+02   0.822336E+05   0.177953E+04
   0.264500E+03   0.141505E+04   0.317817E+02   0.822336E+05   0.177950E+04
   0.264600E+03   0.141505E+04   0.317800E+02   0.822337E+05   0.177953E+04
   0.264700E+03   0.141505E+04   0.317800E+02   0.822337E+05   0.177951E+04
   0.264800E+03   0.141505E+04   0.317800E+02   0.822337E+05   0.177951E+04
   0.264900E+03   0.141505E+04   0.317800E+02   0.822338E+05   0.177952E+04
   0.265000E+03   0.141505E+04   0.317804E+02   0.822338E+05   0.177951E+04
   0.265100E+03   0.141505E+04   0.317804E+02   0.822338E+05   0.177951E+04
   0.265200E+03   0.141505E+04   0.317804E+02   0.822339E+05   0.177952E+04
   0.265300E+03   0.141505E+04   0.317804E+02   0.822339E+05   0.177951E+04
   0.265400E+03   0.141505E+04   0.317804E+02   0.822340E+05   0.177951E+04
   0.265500E+03   0.141505E+04   0.317804E+02   0.822340E+05   0.177950E+04
   0.265600E+03   0.141505E+04   0.317816E+02   0.822340E+05   0.177950E+04
   0.265700E+03   0.141505E+04   0.317816E+02   0.822341E+05   0.177951E+04
   0.265800E+03   0.141505E+04   0.317814E+02   0.822341E+05   0.177951E+04
   0.265900E+03   0.141505E+04   0.317814E+02   0.822341E+05   0.177949E+04
   0.266000E+03   0.141505E+04   0.317793E+02   0.822342E+05   0.177952E+04
   0.266100E+03   0.141505E+04   0.317793E+02   0.822342E+05   0.177949E+04
   0.266200E+03   0.141505E+04   0.317801E+02   0.822343E+05   0.177951E+04
   0.266300E+03   0.141505E+04   0.317801E+02   0.822343E+05   0.177950E+04
   0.266400E+03   0.141505E+04   0.317800E+02   0.822343E+05   0.177950E+04
   0.266500E+03   0.141505E+04   0.317800E+02   0.822344E+05   0.177951E+04
   0.266600E+03   0.141505E+04   0.317800E+02   0.822344E+05   0.177948E+04
   0.266700E+03   0.141505E+04   0.317800E+02   0.822345E+05   0.177951E+04
   0.266800E+03   0.141506E+04   0.317783E+02   0.822345E+05   0.177949E+04
   0.266900E+03   0.141506E+04   0.317787E+02   0.822345E+05   0.177948E+04
   0.267000E+03   0.141506E+04   0.317794E+02   0.822346E+05   0.177948E+04
   0.267100E+03   0.141506E+04   0.317794E+02   0.822346E+05   0.177950E+04
   0.267200E+03   0.141506E+04   0.317804E+02   0.822346E+05   0.177949E+04
   0.267300E+03   0.141506E+04   0.317811E+02   0.822347E+05   0.177949E+04
   0.267400E+03   0.141506E+04   0.317811E+02   0.822347E+05   0.177949E+04
   0.267500E+03   0.141506E+04   0.317811E+02   0.822347E+05   0.177948E+04
   0.267600E+03   0.141506E+04   0.317811E+02   0.822348E+05   0.177948E+04
   0.267700E+03   0.141506E+04   0.317811E+02   0.822348E+05   0.177950E+04
   0.267800E+03   0.141506E+04   0.317811E+02   0.822348E+05   0.177947E+04
   0.267900E+03   0.141506E+04   0.317791E+02   0.822349E+05   0.177949E+04
   0.268000E+03   0.141506E+04   0.317791E+02   0.822349E+05   0.177948E+04
   0.268100E+03   0.141506E+04   0.317791E+02   0.822349E+05   0.177947E+04
   0.268200E+03   0.141506E+04   0.317791E+02   0.822349E+05   0.177948E+04
   0.268300E+03   0.141506E+04   0.317795E+02   0.822350E+05   0.177948E+04
   0.268400E+03   0.141506E+04   0.317795E+02   0.822350E+05   0.177947E+04
   0.268500E+03   0.141506E+04   0.317795E+02   0.822351E+05   0.177947E+04
   0.268600E+03   0.141506E+04   0.317795E+02   0.822351E+05   0.177948E+04
   0.268700E+03   0.141506E+04   0.317801E+02   0.822351E+05   0.177948E+04
   0.268800E+03   0.141506E+04   0.317801E+02   0.822352E+05   0.177947E+04
   0.268900E+03   0.141506E+04   0.317805E+02   0.822352E+05   0.177948E+04
   0.269000E+03   0.141506E+04   0.317805E+02   0.822353E+05   0.177946E+04
   0.269100E+03   0.141507E+04   0.317812E+02   0.822353E+05   0.177947E+04
   0.269200E+03   0.141507E+04   0.317795E+02   0.822353E+05   0.177948E+04
   0.269300E+03   0.141507E+04   0.317794E+02   0.822353E+05   0.177946E+04
   0.269400E+03   0.141507E+04   0.317794E+02   0.822354E+05   0.177946E+04
   0.269500E+03   0.141507E+04   0.317794E+02   0.822354E+05   0.177945E+04
   0.269600E+03   0.141507E+04   0.317794E+02   0.822354E+05   0.177946E+04
   0.269700E+03   0.141507E+04   0.317801E+02   0.822355E+05   0.177946E+04
   0.269800E+03   0.141507E+04   0.317801E+02   0.822355E+05   0.177946E+04
   0.269900E+03   0.141507E+04   0.317801E+02   0.822355E+05   0.177945E+04
   0.270000E+03   0.141507E+04   0.317801E+02   0.822356E+05   0.177947E+04
   0.270100E+03   0.141507E+04   0.317781E+02   0.822356E+05   0.177946E+04
   0.270200E+03   0.141507E+04   0.317781E+02   0.822356E+05   0.177944E+04
   0.270300E+03   0.141507E+04   0.317781E+02   0.822357E+05   0.177945E+04
   0.270400E+03   0.141507E+04   0.317791E+02   0.822357E+05   0.177945E+04
   0.270500E+03   0.141507E+04   0.317791E+02   0.822357E+05   0.177945E+04
   0.270600E+03   0.141507E+04   0.317798E+02   0.822358E+05   0.177944E+04
   0.270700E+03   0.141507E+04   0.317798E+02   0.822358E+05   0.177945E+04
   0.270800E+03   0.141507E+04   0.317798E+02   0.822358E+05   0.177946E+04
   0.270900E+03   0.141507E+04   0.317795E+02   0.822359E+05   0.177944E+04
   0.271000E+03   0.141507E+04   0.317802E+02   0.822359E+05   0.177945E+04
   0.271100E+03   0.141507E+04   0.317806E+02   0.822359E+05   0.177946E+04
   0.271200E+03   0.141507E+04   0.317806E+02   0.822360E+05   0.177944E+04
   0.271300E+03   0.141507E+04   0.317806E+02   0.822360E+05   0.177945E+04
   0.271400E+03   0.141507E+04   0.317806E+02   0.822360E+05   0.177943E+04
   0.271500E+03   0.141507E+04   0.317806E+02   0.822360E+05   0.177943E+04
   0.271600E+03   0.141507E+04   0.317806E+02   0.822361E+05   0.177945E+04
   0.271700E+03   0.141507E+04   0.317806E+02   0.822361E+05   0.177944E+04
   0.271800E+03   0.141508E+04   0.317789E+02   0.822361E+05   0.177943E+04
   0.271900E+03   0.141508E+04   0.317789E+02   0.822361E+05   0.177943E+04
   0.272000E+03   0.141508E+04   0.317789E+02   0.822362E+05   0.177944E+04
   0.272100E+03   0.141508E+04   0.317789E+02   0.822362E+05   0.177944E+04
   0.272200E+03   0.141508E+04   0.317789E+02   0.822362E+05   0.177943E+04
   0.272300E+03   0.141508E+04   0.317795E+02   0.822363E+05   0.177943E+04
   0.272400E+03   0.141508E+04   0.317774E+02   0.822363E+05   0.177943E+04
   0.272500E+03   0.141508E+04   0.317774E+02   0.822363E+05   0.177943E+04
   0.272600E+03   0.141508E+04   0.317774E+02   0.822364E+05   0.177942E+04
   0.272700E+03   0.141508E+04   0.317774E+02   0.822364E+05   0.177943E+04
   0.272800E+03   0.141508E+04   0.317781E+02   0.822364E+05   0.177944E+04
   0.272900E+03   0.141508E+04   0.317781E+02   0.822365E+05   0.177942E+04
   0.273000E+03   0.141508E+04   0.317781E+02   0.822365E+05   0.177942E+04
   0.273100E+03   0.141508E+04   0.317796E+02   0.822365E+05   0.177944E+04
   0.273200E+03   0.141508E+04   0.317796E+02   0.822365E+05   0.177941E+04
   0.273300E+03   0.141508E+04   0.317796E+02   0.822365E+05   0.177941E+04
   0.273400E+03   0.141508E+04   0.317796E+02   0.822366E+05   0.177944E+04
   0.273500E+03   0.141508E+04   0.317799E+02   0.822366E+05   0.177942E+04
   0.273600E+03   0.141508E+04   0.317799E+02   0.822367E+05   0.177942E+04
   0.273700E+03   0.141508E+04   0.317799E+02   0.822367E+05   0.177942E+04
   0.273800E+03   0.141508E+04   0.317797E+02   0.822367E+05   0.177941E+04
   0.273900E+03   0.141508E+04   0.317797E+02   0.822367E+05   0.177941E+04
   0.274000E+03   0.141508E+04   0.317806E+02   0.822368E+05   0.177942E+04
   0.274100E+03   0.141508E+04   0.317806E+02   0.822368E+05   0.177940E+04
   0.274200E+03   0.141508E+04   0.317806E+02   0.822368E+05   0.177941E+04
   0.274300E+03   0.141508E+04   0.317806E+02   0.822368E+05   0.177941E+04
   0.274400E+03   0.141508E+04   0.317806E+02   0.822369E+05   0.177940E+04
   0.274500E+03   0.141508E+04   0.317806E+02   0.822369E+05   0.177941E+04
   0.274600E+03   0.141508E+04   0.317806E+02   0.822369E+05   0.177942E+04
   0.274700E+03   0.141508E+04   0.317789E+02   0.822369E+05   0.177938E+04
   0.274800E+03   0.141508E+04   0.317789E+02   0.822370E+05   0.177941E+04
   0.274900E+03   0.141509E+04   0.317769E+02   0.822370E+05   0.177942E+04
   0.275000E+03   0.141509E+04   0.317769E+02   0.822370E+05   0.177938E+04
   0.275100E+03   0.141509E+04   0.317769E+02   0.822371E+05   0.177939E+04
   0.275200E+03   0.141509E+04   0.317769E+02   0.822371E+05   0.177940E+04
   0.275300E+03   0.141509E+04   0.317769E+02   0.822371E+05   0.177942E+04
   0.275400E+03   0.141509E+04   0.317776E+02   0.822371E+05   0.177939E+04
   0.275500E+03   0.141509E+04   0.317776E+02   0.822372E+05   0.177940E+04
   0.275600E+03   0.141509E+04   0.317776E+02   0.822372E+05   0.177940E+04
   0.275700E+03   0.141509E+04   0.317776E+02   0.822372E+05   0.177940E+04
   0.275800E+03   0.141509E+04   0.317784E+02   0.822372E+05   0.177938E+04
   0.275900E+03   0.141509E+04   0.317784E+02   0.822373E+05   0.177940E+04
   0.276000E+03   0.141509E+04   0.317788E+02   0.822373E+05   0.177939E+04
   0.276100E+03   0.141509E+04   0.317787E+02   0.822373E+05   0.177940E+04
   0.276200E+03   0.141509E+04   0.317794E+02   0.822374E+05   0.177940E+04
   0.276300E+03   0.141509E+04   0.317794E+02   0.822374E+05   0.177938E+04
   0.276400E+03   0.141509E+04   0.317799E+02   0.822374E+05   0.177939E+04
   0.276500E+03   0.141509E+04   0.317799E+02   0.822374E+05   0.177941E+04
   0.276600E+03   0.141509E+04   0.317799E+02   0.822374E+05   0.177939E+04
   0.276700E+03   0.141509E+04   0.317799E+02   0.822375E+05   0.177937E+04
   0.276800E+03   0.141509E+04   0.317799E+02   0.822375E+05   0.177940E+04
   0.276900E+03   0.141509E+04   0.317799E+02   0.822375E+05   0.177940E+04
   0.277000E+03   0.141509E+04   0.317799E+02   0.822376E+05   0.177937E+04
   0.277100E+03   0.141509E+04   0.317797E+02   0.822376E+05   0.177938E+04
   0.277200E+03   0.141509E+04   0.317797E+02   0.822376E+05   0.177939E+04
   0.277300E+03   0.141509E+04   0.317797E+02   0.822376E+05   0.177940E+04
   0.277400E+03   0.141509E+04   0.317797E+02   0.822376E+05   0.177936E+04
   0.277500E+03   0.141509E+04   0.317797E+02   0.822377E+05   0.177939E+04
   0.277600E+03   0.141509E+04   0.317776E+02   0.822377E+05   0.177939E+04
   0.277700E+03   0.141509E+04   0.317776E+02   0.822377E+05   0.177937E+04
   0.277800E+03   0.141509E+04   0.317776E+02   0.822377E+05   0.177937E+04
   0.277900E+03   0.141510E+04   0.317783E+02   0.822378E+05   0.177938E+04
   0.278000E+03   0.141510E+04   0.317767E+02   0.822378E+05   0.177938E+04
   0.278100E+03   0.141510E+04   0.317776E+02   0.822378E+05   0.177938E+04
   0.278200E+03   0.141510E+04   0.317776E+02   0.822378E+05   0.177937E+04
   0.278300E+03   0.141510E+04   0.317776E+02   0.822379E+05   0.177937E+04
   0.278400E+03   0.141510E+04   0.317776E+02   0.822379E+05   0.177937E+04
   0.278500E+03   0.141510E+04   0.317776E+02   0.822379E+05   0.177937E+04
   0.278600E+03   0.141510E+04   0.317776E+02   0.822379E+05   0.177938E+04
   0.278700E+03   0.141510E+04   0.317776E+02   0.822380E+05   0.177938E+04
   0.278800E+03   0.141510E+04   0.317784E+02   0.822380E+05   0.177936E+04
   0.278900E+03   0.141510E+04   0.317788E+02   0.822380E+05   0.177937E+04
   0.279000E+03   0.141510E+04   0.317788E+02   0.822380E+05   0.177938E+04
   0.279100E+03   0.141510E+04   0.317788E+02   0.822380E+05   0.177937E+04
   0.279200E+03   0.141510E+04   0.317788E+02   0.822381E+05   0.177936E+04
   0.279300E+03   0.141510E+04   0.317788E+02   0.822381E+05   0.177936E+04
   0.279400E+03   0.141510E+04   0.317788E+02   0.822381E+05   0.177938E+04
   0.279500E+03   0.141510E+04   0.317788E+02   0.822381E+05   0.177935E+04
   0.279600E+03   0.141510E+04   0.317788E+02   0.822382E+05   0.177935E+04
   0.279700E+03   0.141510E+04   0.317788E+02   0.822382E+05   0.177936E+04
   0.279800E+03   0.141510E+04   0.317788E+02   0.822382E+05   0.177938E+04
   0.279900E+03   0.141510E+04   0.317788E+02   0.822382E+05   0.177936E+04
   0.280000E+03   0.141510E+04   0.317788E+02   0.822382E+05   0.177935E+04
   0.280100E+03   0.141510E+04   0.317794E+02   0.822383E+05   0.177936E+04
   0.280200E+03   0.141510E+04   0.317794E+02   0.822383E+05   0.177937E+04
   0.280300E+03   0.141510E+04   0.317794E+02   0.822383E+05   0.177935E+04
   0.280400E+03   0.141510E+04   0.317794E+02   0.822383E+05   0.177937E+04
   0.280500E+03   0.141510E+04   0.317794E+02   0.822384E+05   0.177935E+04
   0.280600E+03   0.141510E+04   0.317801E+02   0.822384E+05   0.177936E+04
   0.280700E+03   0.141510E+04   0.317781E+02   0.822384E+05   0.177935E+04
   0.280800E+03   0.141510E+04   0.317778E+02   0.822384E+05   0.177936E+04
   0.280900E+03   0.141510E+04   0.317778E+02   0.822384E+05   0.177935E+04
   0.281000E+03   0.141510E+04   0.317778E+02   0.822384E+05   0.177934E+04
   0.281100E+03   0.141510E+04   0.317778E+02   0.822385E+05   0.177935E+04
   0.281200E+03   0.141510E+04   0.317778E+02   0.822385E+05   0.177936E+04
   0.281300E+03   0.141511E+04   0.317783E+02   0.822385E+05   0.177936E+04
   0.281400E+03   0.141511E+04   0.317783E+02   0.822385E+05   0.177935E+04
   0.281500E+03   0.141511E+04   0.317783E+02   0.822386E+05   0.177934E+04
   0.281600E+03   0.141511E+04   0.317783E+02   0.822386E+05   0.177934E+04
   0.281700E+03   0.141511E+04   0.317767E+02   0.822386E+05   0.177935E+04
   0.281800E+03   0.141511E+04   0.317767E+02   0.822386E+05   0.177936E+04
   0.281900E+03   0.141511E+04   0.317767E+02   0.822387E+05   0.177933E+04
   0.282000E+03   0.141511E+04   0.317767E+02   0.822387E+05   0.177934E+04
   0.282100E+03   0.141511E+04   0.317770E+02   0.822387E+05   0.177934E+04
   0.282200E+03   0.141511E+04   0.317778E+02   0.822387E+05   0.177936E+04
   0.282300E+03   0.141511E+04   0.317778E+02   0.822387E+05   0.177933E+04
   0.282400E+03   0.141511E+04   0.317778E+02   0.822388E+05   0.177934E+04
   0.282500E+03   0.141511E+04   0.317778E+02   0.822388E+05   0.177934E+04
   0.282600E+03   0.141511E+04   0.317778E+02   0.822388E+05   0.177935E+04
   0.282700E+03   0.141511E+04   0.317778E+02   0.822388E+05   0.177933E+04
   0.282800E+03   0.141511E+04   0.317778E+02   0.822388E+05   0.177934E+04
   0.282900E+03   0.141511E+04   0.317778E+02   0.822389E+05   0.177932E+04
   0.283000E+03   0.141511E+04   0.317778E+02   0.822389E+05   0.177934E+04
   0.283100E+03   0.141511E+04   0.317788E+02   0.822389E+05   0.177933E+04
   0.283200E+03   0.141511E+04   0.317788E+02   0.822389E+05   0.177933E+04
   0.283300E+03   0.141511E+04   0.317788E+02   0.822389E+05   0.177934E+04
   0.283400E+03   0.141511E+04   0.317788E+02   0.822390E+05   0.177933E+04
   0.283500E+03   0.141511E+04   0.317788E+02   0.822390E+05   0.177933E+04
   0.283600E+03   0.141511E+04   0.317795E+02   0.822390E+05   0.177932E+04
   0.283700E+03   0.141511E+04   0.317795E+02   0.822390E+05   0.177933E+04
   0.283800E+03   0.141511E+04   0.317795E+02   0.822390E+05   0.177935E+04
   0.283900E+03   0.141511E+04   0.317795E+02   0.822391E+05   0.177933E+04
   0.284000E+03   0.141511E+04   0.317795E+02   0.822391E+05   0.177931E+04
   0.284100E+03   0.141511E+04   0.317774E+02   0.822391E+05   0.177932E+04
   0.284200E+03   0.141511E+04   0.317774E+02   0.822391E+05   0.177933E+04
   0.284300E+03   0.141511E+04   0.317774E+02   0.822391E+05   0.177933E+04
   0.284400E+03   0.141511E+04   0.317774E+02   0.822391E+05   0.177933E+04
   0.284500E+03   0.141511E+04   0.317774E+02   0.822392E+05   0.177931E+04
   0.284600E+03   0.141511E+04   0.317774E+02   0.822392E+05   0.177933E+04
   0.284700E+03   0.141511E+04   0.317781E+02   0.822392E+05   0.177933E+04
   0.284800E+03   0.141511E+04   0.317781E+02   0.822392E+05   0.177933E+04
   0.284900E+03   0.141511E+04   0.317781E+02   0.822392E+05   0.177931E+04
   0.285000E+03   0.141511E+04   0.317781E+02   0.822393E+05   0.177931E+04
   0.285100E+03   0.141511E+04   0.317781E+02   0.822393E+05   0.177932E+04
   0.285200E+03   0.141511E+04   0.317778E+02   0.822393E+05   0.177933E+04
   0.285300E+03   0.141511E+04   0.317778E+02   0.822393E+05   0.177933E+04
   0.285400E+03   0.141511E+04   0.317778E+02   0.822394E+05   0.177933E+04
   0.285500E+03   0.141511E+04   0.317778E+02   0.822394E+05   0.177931E+04
   0.285600E+03   0.141511E+04   0.317778E+02   0.822394E+05   0.177931E+04
   0.285700E+03   0.141512E+04   0.317782E+02   0.822394E+05   0.177931E+04
   0.285800E+03   0.141512E+04   0.317782E+02   0.822394E+05   0.177931E+04
   0.285900E+03   0.141512E+04   0.317765E+02   0.822394E+05   0.177932E+04
   0.286000E+03   0.141512E+04   0.317765E+02   0.822394E+05   0.177933E+04
   0.286100E+03   0.141512E+04   0.317772E+02   0.822395E+05   0.177931E+04
   0.286200E+03   0.141512E+04   0.317772E+02   0.822395E+05   0.177932E+04
   0.286300E+03   0.141512E+04   0.317772E+02   0.822395E+05   0.177930E+04
   0.286400E+03   0.141512E+04   0.317772E+02   0.822395E+05   0.177931E+04
   0.286500E+03   0.141512E+04   0.317772E+02   0.822395E+05   0.177931E+04
   0.286600E+03   0.141512E+04   0.317772E+02   0.822396E+05   0.177930E+04
   0.286700E+03   0.141512E+04   0.317772E+02   0.822396E+05   0.177932E+04
   0.286800E+03   0.141512E+04   0.317772E+02   0.822396E+05   0.177931E+04
   0.286900E+03   0.141512E+04   0.317780E+02   0.822396E+05   0.177931E+04
   0.287000E+03   0.141512E+04   0.317780E+02   0.822396E+05   0.177931E+04
   0.287100E+03   0.141512E+04   0.317780E+02   0.822396E+05   0.177932E+04
   0.287200E+03   0.141512E+04   0.317780E+02   0.822396E+05   0.177930E+04
   0.287300E+03   0.141512E+04   0.317785E+02   0.822397E+05   0.177930E+04
   0.287400E+03   0.141512E+04   0.317785E+02   0.822397E+05   0.177930E+04
   0.287500E+03   0.141512E+04   0.317785E+02   0.822397E+05   0.177932E+04
   0.287600E+03   0.141512E+04   0.317785E+02   0.822397E+05   0.177932E+04
   0.287700E+03   0.141512E+04   0.317785E+02   0.822397E+05   0.177932E+04
   0.287800E+03   0.141512E+04   0.317785E+02   0.822398E+05   0.177928E+04
   0.287900E+03   0.141512E+04   0.317785E+02   0.822398E+05   0.177929E+04
   0.288000E+03   0.141512E+04   0.317765E+02   0.822398E+05   0.177930E+04
   0.288100E+03   0.141512E+04   0.317765E+02   0.822398E+05   0.177931E+04
   0.288200E+03   0.141512E+04   0.317765E+02   0.822398E+05   0.177931E+04
   0.288300E+03   0.141512E+04   0.317765E+02   0.822398E+05   0.177930E+04
   0.288400E+03   0.141512E+04   0.317765E+02   0.822399E+05   0.177929E+04
   0.288500E+03   0.141512E+04   0.317765E+02   0.822399E+05   0.177929E+04
   0.288600E+03   0.141512E+04   0.317765E+02   0.822399E+05   0.177930E+04
   0.288700E+03   0.141512E+04   0.317765E+02   0.822399E+05   0.177930E+04
   0.288800E+03   0.141512E+04   0.317765E+02   0.822399E+05   0.177928E+04
   0.288900E+03   0.141512E+04   0.317765E+02   0.822399E+05   0.177930E+04
   0.289000E+03   0.141512E+04   0.317765E+02   0.822399E+05   0.177931E+04
   0.289100E+03   0.141512E+04   0.317765E+02   0.822400E+05   0.177929E+04
   0.289200E+03   0.141512E+04   0.317774E+02   0.822400E+05   0.177929E+04
   0.289300E+03   0.141512E+04   0.317774E+02   0.822400E+05   0.177928E+04
   0.289400E+03   0.141512E+04   0.317774E+02   0.822400E+05   0.177929E+04
   0.289500E+03   0.141512E+04   0.317774E+02   0.822400E+05   0.177930E+04
   0.289600E+03   0.141512E+04   0.317774E+02   0.822400E+05   0.177930E+04
   0.289700E+03   0.141512E+04   0.317774E+02   0.822401E+05   0.177929E+04
   0.289800E+03   0.141512E+04   0.317778E+02   0.822401E+05   0.177929E+04
   0.289900E+03   0.141512E+04   0.317778E+02   0.822401E+05   0.177928E+04
   0.290000E+03   0.141512E+04   0.317778E+02   0.822401E+05   0.177929E+04
   0.290100E+03   0.141512E+04   0.317778E+02   0.822401E+05   0.177929E+04
   0.290200E+03   0.141512E+04   0.317778E+02   0.822401E+05   0.177930E+04
   0.290300E+03   0.141512E+04   0.317782E+02   0.822401E+05   0.177930E+04
   0.290400E+03   0.141512E+04   0.317782E+02   0.822402E+05   0.177927E+04
   0.290500E+03   0.141512E+04   0.317782E+02   0.822402E+05   0.177927E+04
   0.290600E+03   0.141512E+04   0.317790E+02   0.822402E+05   0.177928E+04
   0.290700E+03   0.141513E+04   0.317797E+02   0.822402E+05   0.177928E+04
   0.290800E+03   0.141513E+04   0.317797E+02   0.822402E+05   0.177929E+04
   0.290900E+03   0.141513E+04   0.317797E+02   0.822402E+05   0.177930E+04
   0.291000E+03   0.141513E+04   0.317780E+02   0.822403E+05   0.177927E+04
   0.291100E+03   0.141513E+04   0.317780E+02   0.822403E+05   0.177927E+04
   0.291200E+03   0.141513E+04   0.317780E+02   0.822403E+05   0.177927E+04
   0.291300E+03   0.141513E+04   0.317780E+02   0.822403E+05   0.177928E+04
   0.291400E+03   0.141513E+04   0.317780E+02   0.822403E+05   0.177929E+04
   0.291500E+03   0.141513E+04   0.317780E+02   0.822403E+05   0.177930E+04
   0.291600E+03   0.141513E+04   0.317780E+02   0.822404E+05   0.177928E+04
   0.291700E+03   0.141513E+04   0.317780E+02   0.822404E+05   0.177927E+04
   0.291800E+03   0.141513E+04   0.317780E+02   0.822404E+05   0.177927E+04
   0.291900E+03   0.141513E+04   0.317780E+02   0.822404E+05   0.177928E+04
   0.292000E+03   0.141513E+04   0.317780E+02   0.822404E+05   0.177929E+04
   0.292100E+03   0.141513E+04   0.317780E+02   0.822404E+05   0.177927E+04
   0.292200E+03   0.141513E+04   0.317780E+02   0.822404E+05   0.177927E+04
   0.292300E+03   0.141513E+04   0.317780E+02   0.822404E+05   0.177928E+04
   0.292400E+03   0.141513E+04   0.317780E+02   0.822405E+05   0.177927E+04
   0.292500E+03   0.141513E+04   0.317759E+02   0.822405E+05   0.177927E+04
   0.292600E+03   0.141513E+04   0.317759E+02   0.822405E+05   0.177928E+04
   0.292700E+03   0.141513E+04   0.317759E+02   0.822405E+05   0.177926E+04
   0.292800E+03   0.141513E+04   0.317759E+02   0.822405E+05   0.177926E+04
   0.292900E+03   0.141513E+04   0.317759E+02   0.822405E+05   0.177927E+04
   0.293000E+03   0.141513E+04   0.317759E+02   0.822405E+05   0.177928E+04
   0.293100E+03   0.141513E+04   0.317759E+02   0.822405E+05   0.177928E+04
   0.293200E+03   0.141513E+04   0.317759E+02   0.822406E+05   0.177926E+04
   0.293300E+03   0.141513E+04   0.317759E+02   0.822406E+05   0.177926E+04
   0.293400E+03   0.141513E+04   0.317759E+02   0.822406E+05   0.177926E+04
   0.293500E+03   0.141513E+04   0.317759E+02   0.822406E+05   0.177927E+04
   0.293600E+03   0.141513E+04   0.317759E+02   0.822406E+05   0.177927E+04
   0.293700E+03   0.141513E+04   0.317759E+02   0.822406E+05   0.177927E+04
   0.293800E+03   0.141513E+04   0.317759E+02   0.822406E+05   0.177927E+04
   0.293900E+03   0.141513E+04   0.317759E+02   0.822407E+05   0.177927E+04
   0.294000E+03   0.141513E+04   0.317759E+02   0.822407E+05   0.177925E+04
   0.294100E+03   0.141513E+04   0.317759E+02   0.822407E+05   0.177926E+04
   0.294200E+03   0.141513E+04   0.317759E+02   0.822407E+05   0.177926E+04
   0.294300E+03   0.141513E+04   0.317759E+02   0.822407E+05   0.177927E+04
   0.294400E+03   0.141513E+04   0.317759E+02   0.822407E+05   0.177927E+04
   0.294500E+03   0.141513E+04   0.317759E+02   0.822407E+05   0.177928E+04
   0.294600E+03   0.141513E+04   0.317763E+02   0.822408E+05   0.177927E+04
   0.294700E+03   0.141513E+04   0.317763E+02   0.822408E+05   0.177925E+04
   0.294800E+03   0.141513E+04   0.317763E+02   0.822408E+05   0.177926E+04
   0.294900E+03   0.141513E+04   0.317763E+02   0.822408E+05   0.177926E+04
   0.295000E+03   0.141513E+04   0.317763E+02   0.822408E+05   0.177926E+04
   0.295100E+03   0.141513E+04   0.317776E+02   0.822408E+05   0.177926E+04
   0.295200E+03   0.141513E+04   0.317776E+02   0.822408E+05   0.177928E+04
   0.295300E+03   0.141513E+04   0.317776E+02   0.822409E+05   0.177927E+04
   0.295400E+03   0.141513E+04   0.317776E+02   0.822409E+05   0.177927E+04
   0.295500E+03   0.141513E+04   0.317776E+02   0.822409E+05   0.177925E+04
   0.295600E+03   0.141513E+04   0.317776E+02   0.822409E+05   0.177925E+04
   0.295700E+03   0.141513E+04   0.317776E+02   0.822409E+05   0.177926E+04
   0.295800E+03   0.141513E+04   0.317776E+02   0.822409E+05   0.177927E+04
   0.295900E+03   0.141513E+04   0.317776E+02   0.822409E+05   0.177925E+04
   0.296000E+03   0.141513E+04   0.317783E+02   0.822409E+05   0.177925E+04
   0.296100E+03   0.141513E+04   0.317783E+02   0.822410E+05   0.177926E+04
   0.296200E+03   0.141513E+04   0.317783E+02   0.822410E+05   0.177926E+04
   0.296300E+03   0.141513E+04   0.317783E+02   0.822410E+05   0.177925E+04
   0.296400E+03   0.141513E+04   0.317783E+02   0.822410E+05   0.177926E+04
   0.296500E+03   0.141513E+04   0.317783E+02   0.822410E+05   0.177927E+04
   0.296600E+03   0.141513E+04   0.317783E+02   0.822410E+05   0.177925E+04
   0.296700E+03   0.141513E+04   0.317780E+02   0.822410E+05   0.177925E+04
   0.296800E+03   0.141513E+04   0.317780E+02   0.822410E+05   0.177925E+04
   0.296900E+03   0.141513E+04   0.317780E+02   0.822410E+05   0.177925E+04
   0.297000E+03   0.141513E+04   0.317780E+02   0.822411E+05   0.177926E+04
   0.297100E+03   0.141513E+04   0.317790E+02   0.822411E+05   0.177924E+04
   0.297200E+03   0.141514E+04   0.317773E+02   0.822411E+05   0.177926E+04
   0.297300E+03   0.141514E+04   0.317780E+02   0.822411E+05   0.177924E+04
   0.297400E+03   0.141514E+04   0.317780E+02   0.822411E+05   0.177925E+04
   0.297500E+03   0.141514E+04   0.317780E+02   0.822411E+05   0.177925E+04
   0.297600E+03   0.141514E+04   0.317780E+02   0.822411E+05   0.177925E+04
   0.297700E+03   0.141514E+04   0.317780E+02   0.822411E+05   0.177926E+04
   0.297800E+03   0.141514E+04   0.317780E+02   0.822411E+05   0.177926E+04
   0.297900E+03   0.141514E+04   0.317760E+02   0.822412E+05   0.177927E+04
   0.298000E+03   0.141514E+04   0.317760E+02   0.822412E+05   0.177923E+04
   0.298100E+03   0.141514E+04   0.317760E+02   0.822412E+05   0.177923E+04
   0.298200E+03   0.141514E+04   0.317760E+02   0.822412E+05   0.177923E+04
   0.298300E+03   0.141514E+04   0.317760E+02   0.822412E+05   0.177924E+04
   0.298400E+03   0.141514E+04   0.317760E+02   0.822412E+05   0.177925E+04
   0.298500E+03   0.141514E+04   0.317760E+02   0.822412E+05   0.177925E+04
   0.298600E+03   0.141514E+04   0.317760E+02   0.822413E+05   0.177927E+04
   0.298700E+03   0.141514E+04   0.317760E+02   0.822413E+05   0.177927E+04
   0.298800E+03   0.141514E+04   0.317760E+02   0.822413E+05   0.177924E+04
   0.298900E+03   0.141514E+04   0.317760E+02   0.822413E+05   0.177923E+04
   0.299000E+03   0.141514E+04   0.317760E+02   0.822413E+05   0.177924E+04
   0.299100E+03   0.141514E+04   0.317760E+02   0.822413E+05   0.177924E+04
   0.299200E+03   0.141514E+04   0.317760E+02   0.822413E+05   0.177924E+04
   0.299300E+03   0.141514E+04   0.317759E+02   0.822413E+05   0.177924E+04
   0.299400E+03   0.141514E+04   0.317759E+02   0.822413E+05   0.177925E+04
   0.299500E+03   0.141514E+04   0.317759E+02   0.822413E+05   0.177923E+04
   0.299600E+03   0.141514E+04   0.317759E+02   0.822414E+05   0.177924E+04
   0.299700E+03   0.141514E+04   0.317759E+02   0.822414E+05   0.177925E+04
   0.299800E+03   0.141514E+04   0.317759E+02   0.822414E+05   0.177924E+04
   0.299900E+03   0.141514E+04   0.317759E+02   0.822414E+05   0.177924E+04
   0.300000E+03   0.141514E+04   0.317759E+02   0.822414E+05   0.177924E+04
   0.300100E+03   0.141514E+04   0.317759E+02   0.822414E+05   0.177924E+04
   0.300200E+03   0.141514E+04   0.317766E+02   0.822414E+05   0.177924E+04
   0.300300E+03   0.141514E+04   0.317766E+02   0.822414E+05   0.177923E+04
   0.300400E+03   0.141514E+04   0.317766E+02   0.822414E+05   0.177924E+04
   0.300500E+03   0.141514E+04   0.317770E+02   0.822414E+05   0.177924E+04
   0.300600E+03   0.141514E+04   0.317770E+02   0.822414E+05   0.177924E+04
   0.300700E+03   0.141514E+04   0.317770E+02   0.822415E+05   0.177924E+04
   0.300800E+03   0.141514E+04   0.317770E+02   0.822415E+05   0.177922E+04
   0.300900E+03   0.141514E+04   0.317770E+02   0.822415E+05   0.177923E+04
   0.301000E+03   0.141514E+04   0.317770E+02   0.822415E+05   0.177924E+04
   0.301100E+03   0.141514E+04   0.317770E+02   0.822415E+05   0.177923E+04
   0.301200E+03   0.141514E+04   0.317770E+02   0.822415E+05   0.177923E+04
   0.301300E+03   0.141514E+04   0.317770E+02   0.822415E+05   0.177923E+04
   0.301400E+03   0.141514E+04   0.317770E+02   0.822415E+05   0.177923E+04
   0.301500E+03   0.141514E+04   0.317770E+02   0.822416E+05   0.177924E+04
   0.301600E+03   0.141514E+04   0.317770E+02   0.822416E+05   0.177924E+04
   0.301700E+03   0.141514E+04   0.317770E+02   0.822416E+05   0.177924E+04
   0.301800E+03   0.141514E+04   0.317770E+02   0.822416E+05   0.177924E+04
   0.301900E+03   0.141514E+04   0.317770E+02   0.822416E+05   0.177922E+04
   0.302000E+03   0.141514E+04   0.317770E+02   0.822416E+05   0.177922E+04
   0.302100E+03   0.141514E+04   0.317770E+02   0.822416E+05   0.177922E+04
   0.302200E+03   0.141514E+04   0.317770E+02   0.822416E+05   0.177922E+04
   0.302300E+03   0.141514E+04   0.317770E+02   0.822416E+05   0.177923E+04
   0.302400E+03   0.141514E+04   0.317770E+02   0.822416E+05   0.177923E+04
   0.302500E+03   0.141514E+04   0.317770E+02   0.822416E+05   0.177923E+04
   0.302600E+03   0.141514E+04   0.317770E+02   0.822417E+05   0.177925E+04
   0.302700E+03   0.141514E+04   0.317778E+02   0.822417E+05   0.177925E+04
   0.302800E+03   0.141514E+04   0.317778E+02   0.822417E+05   0.177922E+04
   0.302900E+03   0.141514E+04   0.317778E+02   0.822417E+05   0.177922E+04
   0.303000E+03   0.141514E+04   0.317778E+02   0.822417E+05   0.177922E+04
   0.303100E+03   0.141514E+04   0.317778E+02   0.822417E+05   0.177922E+04
   0.303200E+03   0.141514E+04   0.317778E+02   0.822417E+05   0.177922E+04
   0.303300E+03   0.141514E+04   0.317778E+02   0.822417E+05   0.177923E+04
   0.303400E+03   0.141514E+04   0.317778E+02   0.822417E+05   0.177923E+04
   0.303500E+03   0.141514E+04   0.317778E+02   0.822417E+05   0.177923E+04
   0.303600E+03   0.141514E+04   0.317778E+02   0.822417E+05   0.177923E+04
   0.303700E+03   0.141514E+04   0.317778E+02   0.822418E+05   0.177922E+04
   0.303800E+03   0.141514E+04   0.317778E+02   0.822418E+05   0.177923E+04
   0.303900E+03   0.141514E+04   0.317778E+02   0.822418E+05   0.177921E+04
   0.304000E+03   0.141514E+04   0.317778E+02   0.822418E+05   0.177922E+04
   0.304100E+03   0.141514E+04   0.317778E+02   0.822418E+05   0.177923E+04
   0.304200E+03   0.141514E+04   0.317778E+02   0.822418E+05   0.177923E+04
   0.304300E+03   0.141514E+04   0.317778E+02   0.822418E+05   0.177923E+04
   0.304400E+03   0.141514E+04   0.317778E+02   0.822418E+05   0.177923E+04
   0.304500E+03   0.141514E+04   0.317778E+02   0.822418E+05   0.177923E+04
   0.304600E+03   0.141514E+04   0.317778E+02   0.822418E+05   0.177921E+04
   0.304700E+03   0.141514E+04   0.317757E+02   0.822419E+05   0.177922E+04
   0.304800E+03   0.141514E+04   0.317757E+02   0.822419E+05   0.177922E+04
   0.304900E+03   0.141514E+04   0.317757E+02   0.822419E+05   0.177922E+04
   0.305000E+03   0.141514E+04   0.317757E+02   0.822419E+05   0.177921E+04
   0.305100E+03   0.141514E+04   0.317755E+02   0.822419E+05   0.177921E+04
   0.305200E+03   0.141514E+04   0.317755E+02   0.822419E+05   0.177922E+04
   0.305300E+03   0.141514E+04   0.317755E+02   0.822419E+05   0.177922E+04
   0.305400E+03   0.141514E+04   0.317738E+02   0.822419E+05   0.177923E+04
   0.305500E+03   0.141514E+04   0.317738E+02   0.822419E+05   0.177921E+04
   0.305600E+03   0.141514E+04   0.317738E+02   0.822419E+05   0.177921E+04
   0.305700E+03   0.141514E+04   0.317738E+02   0.822419E+05   0.177922E+04
   0.305800E+03   0.141514E+04   0.317738E+02   0.822420E+05   0.177923E+04
   0.305900E+03   0.141514E+04   0.317738E+02   0.822420E+05   0.177923E+04
   0.306000E+03   0.141514E+04   0.317738E+02   0.822420E+05   0.177923E+04
   0.306100E+03   0.141514E+04   0.317738E+02   0.822420E+05   0.177921E+04
   0.306200E+03   0.141515E+04   0.317743E+02   0.822420E+05   0.177921E+04
   0.306300E+03   0.141515E+04   0.317743E+02   0.822420E+05   0.177921E+04
   0.306400E+03   0.141515E+04   0.317743E+02   0.822420E+05   0.177921E+04
   0.306500E+03   0.141515E+04   0.317743E+02   0.822420E+05   0.177919E+04
   0.306600E+03   0.141515E+04   0.317750E+02   0.822420E+05   0.177919E+04
   0.306700E+03   0.141515E+04   0.317750E+02   0.822420E+05   0.177922E+04
   0.306800E+03   0.141515E+04   0.317757E+02   0.822420E+05   0.177922E+04
   0.306900E+03   0.141515E+04   0.317757E+02   0.822420E+05   0.177922E+04
   0.307000E+03   0.141515E+04   0.317757E+02   0.822421E+05   0.177923E+04
   0.307100E+03   0.141515E+04   0.317757E+02   0.822421E+05   0.177923E+04
   0.307200E+03   0.141515E+04   0.317757E+02   0.822421E+05   0.177923E+04
   0.307300E+03   0.141515E+04   0.317757E+02   0.822421E+05   0.177921E+04
   0.307400E+03   0.141515E+04   0.317757E+02   0.822421E+05   0.177921E+04
   0.307500E+03   0.141515E+04   0.317757E+02   0.822421E+05   0.177919E+04
   0.307600E+03   0.141515E+04   0.317757E+02   0.822421E+05   0.177920E+04
   0.307700E+03   0.141515E+04   0.317757E+02   0.822421E+05   0.177920E+04
   0.307800E+03   0.141515E+04   0.317757E+02   0.822421E+05   0.177920E+04
   0.307900E+03   0.141515E+04   0.317761E+02   0.822421E+05   0.177921E+04
   0.308000E+03   0.141515E+04   0.317761E+02   0.822421E+05   0.177921E+04
   0.308100E+03   0.141515E+04   0.317761E+02   0.822421E+05   0.177921E+04
   0.308200E+03   0.141515E+04   0.317761E+02   0.822421E+05   0.177922E+04
   0.308300E+03   0.141515E+04   0.317761E+02   0.822421E+05   0.177922E+04
   0.308400E+03   0.141515E+04   0.317761E+02   0.822422E+05   0.177922E+04
   0.308500E+03   0.141515E+04   0.317771E+02   0.822422E+05   0.177921E+04
   0.308600E+03   0.141515E+04   0.317771E+02   0.822422E+05   0.177919E+04
   0.308700E+03   0.141515E+04   0.317771E+02   0.822422E+05   0.177919E+04
   0.308800E+03   0.141515E+04   0.317771E+02   0.822422E+05   0.177920E+04
   0.308900E+03   0.141515E+04   0.317771E+02   0.822422E+05   0.177920E+04
   0.309000E+03   0.141515E+04   0.317771E+02   0.822422E+05   0.177921E+04
   0.309100E+03   0.141515E+04   0.317771E+02   0.822422E+05   0.177921E+04
   0.309200E+03   0.141515E+04   0.317771E+02   0.822422E+05   0.177921E+04
   0.309300E+03   0.141515E+04   0.317771E+02   0.822422E+05   0.177921E+04
   0.309400E+03   0.141515E+04   0.317771E+02   0.822422E+05   0.177921E+04
   0.309500E+03   0.141515E+04   0.317771E+02   0.822422E+05   0.177922E+04
   0.309600E+03   0.141515E+04   0.317771E+02   0.822423E+05   0.177920E+04
   0.309700E+03   0.141515E+04   0.317771E+02   0.822423E+05   0.177921E+04
   0.309800E+03   0.141515E+04   0.317771E+02   0.822423E+05   0.177920E+04
   0.309900E+03   0.141515E+04   0.317771E+02   0.822423E+05   0.177919E+04
   0.310000E+03   0.141515E+04   0.317771E+02   0.822423E+05   0.177919E+04
   0.310100E+03   0.141515E+04   0.317771E+02   0.822423E+05   0.177919E+04
   0.310200E+03   0.141515E+04   0.317771E+02   0.822423E+05   0.177920E+04
   0.310300E+03   0.141515E+04   0.317771E+02   0.822423E+05   0.177920E+04
   0.310400E+03   0.141515E+04   0.317771E+02   0.822423E+05   0.177921E+04
   0.310500E+03   0.141515E+04   0.317771E+02   0.822423E+05   0.177921E+04
   0.310600E+03   0.141515E+04   0.317770E+02   0.822423E+05   0.177921E+04
   0.310700E+03   0.141515E+04   0.317770E+02   0.822424E+05   0.177920E+04
   0.310800E+03   0.141515E+04   0.317770E+02   0.822424E+05   0.177920E+04
   0.310900E+03   0.141515E+04   0.317770E+02   0.822424E+05   0.177920E+04
   0.311000E+03   0.141515E+04   0.317770E+02   0.822424E+05   0.177920E+04
   0.311100E+03   0.141515E+04   0.317770E+02   0.822424E+05   0.177920E+04
   0.311200E+03   0.141515E+04   0.317770E+02   0.822424E+05   0.177920E+04
   0.311300E+03   0.141515E+04   0.317770E+02   0.822424E+05   0.177919E+04
   0.311400E+03   0.141515E+04   0.317770E+02   0.822424E+05   0.177919E+04
   0.311500E+03   0.141515E+04   0.317770E+02   0.822424E+05   0.177920E+04
   0.311600E+03   0.141515E+04   0.317770E+02   0.822424E+05   0.177920E+04
   0.311700E+03   0.141515E+04   0.317778E+02   0.822424E+05   0.177920E+04
   0.311800E+03   0.141515E+04   0.317778E+02   0.822424E+05   0.177920E+04
   0.311900E+03   0.141515E+04   0.317778E+02   0.822424E+05   0.177918E+04
   0.312000E+03   0.141515E+04   0.317778E+02   0.822424E+05   0.177919E+04
   0.312100E+03   0.141515E+04   0.317778E+02   0.822424E+05   0.177919E+04
   0.312200E+03   0.141515E+04   0.317778E+02   0.822424E+05   0.177919E+04
   0.312300E+03   0.141515E+04   0.317778E+02   0.822424E+05   0.177919E+04
   0.312400E+03   0.141515E+04   0.317778E+02   0.822424E+05   0.177919E+04
   0.312500E+03   0.141515E+04   0.317778E+02   0.822424E+05   0.177920E+04
   0.312600E+03   0.141515E+04   0.317778E+02   0.822424E+05   0.177920E+04
   0.312700E+03   0.141515E+04   0.317778E+02   0.822425E+05   0.177921E+04
   0.312800E+03   0.141515E+04   0.317778E+02   0.822425E+05   0.177920E+04
   0.312900E+03   0.141515E+04   0.317778E+02   0.822425E+05   0.177920E+04
   0.313000E+03   0.141515E+04   0.317778E+02   0.822425E+05   0.177920E+04
   0.313100E+03   0.141515E+04   0.317778E+02   0.822425E+05   0.177920E+04
   0.313200E+03   0.141515E+04   0.317778E+02   0.822425E+05   0.177918E+04
   0.313300E+03   0.141515E+04   0.317778E+02   0.822425E+05   0.177918E+04
   0.313400E+03   0.141515E+04   0.317778E+02   0.822425E+05   0.177918E+04
   0.313500E+03   0.141515E+04   0.317778E+02   0.822425E+05   0.177918E+04
   0.313600E+03   0.141515E+04   0.317757E+02   0.822425E+05   0.177919E+04
   0.313700E+03   0.141515E+04   0.317757E+02   0.822425E+05   0.177919E+04
   0.313800E+03   0.141515E+04   0.317757E+02   0.822425E+05   0.177919E+04
   0.313900E+03   0.141515E+04   0.317757E+02   0.822426E+05   0.177920E+04
   0.314000E+03   0.141515E+04   0.317757E+02   0.822426E+05   0.177921E+04
   0.314100E+03   0.141515E+04   0.317757E+02   0.822426E+05   0.177921E+04
   0.314200E+03   0.141515E+04   0.317757E+02   0.822426E+05   0.177921E+04
   0.314300E+03   0.141515E+04   0.317757E+02   0.822426E+05   0.177921E+04
   0.314400E+03   0.141515E+04   0.317757E+02   0.822426E+05   0.177917E+04
   0.314500E+03   0.141515E+04   0.317757E+02   0.822426E+05   0.177917E+04
   0.314600E+03   0.141515E+04   0.317757E+02   0.822426E+05   0.177917E+04
   0.314700E+03   0.141515E+04   0.317757E+02   0.822426E+05   0.177917E+04
   0.314800E+03   0.141515E+04   0.317765E+02   0.822426E+05   0.177918E+04
   0.314900E+03   0.141515E+04   0.317765E+02   0.822426E+05   0.177919E+04
   0.315000E+03   0.141515E+04   0.317765E+02   0.822426E+05   0.177919E+04
   0.315100E+03   0.141515E+04   0.317765E+02   0.822426E+05   0.177919E+04
   0.315200E+03   0.141515E+04   0.317765E+02   0.822426E+05   0.177920E+04
   0.315300E+03   0.141515E+04   0.317765E+02   0.822426E+05   0.177920E+04
   0.315400E+03   0.141515E+04   0.317765E+02   0.822426E+05   0.177920E+04
   0.315500E+03   0.141515E+04   0.317765E+02   0.822426E+05   0.177920E+04
   0.315600E+03   0.141515E+04   0.317765E+02   0.822426E+05   0.177920E+04
   0.315700E+03   0.141515E+04   0.317765E+02   0.822427E+05   0.177920E+04
   0.315800E+03   0.141515E+04   0.317765E+02   0.822427E+05   0.177918E+04
   0.315900E+03   0.141515E+04   0.317765E+02   0.822427E+05   0.177918E+04
   0.316000E+03   0.141515E+04   0.317765E+02   0.822427E+05   0.177917E+04
   0.316100E+03   0.141515E+04   0.317765E+02   0.822427E+05   0.177917E+04
   0.316200E+03   0.141515E+04   0.317765E+02   0.822427E+05   0.177918E+04
   0.316300E+03   0.141515E+04   0.317765E+02   0.822427E+05   0.177918E+04
   0.316400E+03   0.141515E+04   0.317765E+02   0.822427E+05   0.177918E+04
   0.316500E+03   0.141515E+04   0.317765E+02   0.822427E+05   0.177918E+04
   0.316600E+03   0.141515E+04   0.317765E+02   0.822427E+05   0.177919E+04
   0.316700E+03   0.141515E+04   0.317765E+02   0.822427E+05   0.177919E+04
   0.316800E+03   0.141515E+04   0.317765E+02   0.822427E+05   0.177919E+04
   0.316900E+03   0.141515E+04   0.317765E+02   0.822427E+05   0.177919E+04
   0.317000E+03   0.141515E+04   0.317748E+02   0.822427E+05   0.177919E+04
   0.317100E+03   0.141515E+04   0.317748E+02   0.822427E+05   0.177919E+04
   0.317200E+03   0.141516E+04   0.317745E+02   0.822428E+05   0.177917E+04
   0.317300E+03   0.141516E+04   0.317745E+02   0.822428E+05   0.177919E+04
   0.317400E+03   0.141516E+04   0.317745E+02   0.822428E+05   0.177919E+04
   0.317500E+03   0.141516E+04   0.317745E+02   0.822428E+05   0.177919E+04
   0.317600E+03   0.141516E+04   0.317745E+02   0.822428E+05   0.177919E+04
   0.317700E+03   0.141516E+04   0.317745E+02   0.822428E+05   0.177919E+04
   0.317800E+03   0.141516E+04   0.317745E+02   0.822428E+05   0.177917E+04
   0.317900E+03   0.141516E+04   0.317745E+02   0.822428E+05   0.177917E+04
   0.318000E+03   0.141516E+04   0.317745E+02   0.822428E+05   0.177918E+04
   0.318100E+03   0.141516E+04   0.317749E+02   0.822428E+05   0.177918E+04
   0.318200E+03   0.141516E+04   0.317749E+02   0.822428E+05   0.177918E+04
   0.318300E+03   0.141516E+04   0.317749E+02   0.822428E+05   0.177918E+04
   0.318400E+03   0.141516E+04   0.317749E+02   0.822428E+05   0.177918E+04
   0.318500E+03   0.141516E+04   0.317749E+02   0.822428E+05   0.177918E+04
   0.318600E+03   0.141516E+04   0.317749E+02   0.822428E+05   0.177920E+04
   0.318700E+03   0.141516E+04   0.317749E+02   0.822429E+05   0.177918E+04
   0.318800E+03   0.141516E+04   0.317749E+02   0.822429E+05   0.177918E+04
   0.318900E+03   0.141516E+04   0.317749E+02   0.822429E+05   0.177918E+04
   0.319000E+03   0.141516E+04   0.317749E+02   0.822429E+05   0.177918E+04
   0.319100E+03   0.141516E+04   0.317749E+02   0.822429E+05   0.177918E+04
   0.319200E+03   0.141516E+04   0.317749E+02   0.822429E+05   0.177918E+04
   0.319300E+03   0.141516E+04   0.317749E+02   0.822429E+05   0.177918E+04
   0.319400E+03   0.141516E+04   0.317749E+02   0.822429E+05   0.177918E+04
   0.319500E+03   0.141516E+04   0.317749E+02   0.822429E+05   0.177919E+04
   0.319600E+03   0.141516E+04   0.317749E+02   0.822429E+05   0.177919E+04
   0.319700E+03   0.141516E+04   0.317749E+02   0.822429E+05   0.177917E+04
   0.319800E+03   0.141516E+04   0.317749E+02   0.822429E+05   0.177917E+04
   0.319900E+03   0.141516E+04   0.317749E+02   0.822429E+05   0.177918E+04
   0.320000E+03   0.141516E+04   0.317749E+02   0.822429E+05   0.177919E+04
   0.320100E+03   0.141516E+04   0.317749E+02   0.822429E+05   0.177919E+04
   0.320200E+03   0.141516E+04   0.317749E+02   0.822429E+05   0.177919E+04
   0.320300E+03   0.141516E+04   0.317749E+02   0.822429E+05   0.177916E+04
   0.320400E+03   0.141516E+04   0.317749E+02   0.822429E+05   0.177916E+04
   0.320500E+03   0.141516E+04   0.317749E+02   0.822429E+05   0.177916E+04
   0.320600E+03   0.141516E+04   0.317749E+02   0.822429E+05   0.177917E+04
   0.320700E+03   0.141516E+04   0.317749E+02   0.822429E+05   0.177917E+04
   0.320800E+03   0.141516E+04   0.317749E+02   0.822429E+05   0.177917E+04
   0.320900E+03   0.141516E+04   0.317749E+02   0.822429E+05   0.177917E+04
   0.321000E+03   0.141516E+04   0.317749E+02   0.822429E+05   0.177917E+04
   0.321100E+03   0.141516E+04   0.317749E+02   0.822430E+05   0.177918E+04
   0.321200E+03   0.141516E+04   0.317749E+02   0.822430E+05   0.177918E+04
   0.321300E+03   0.141516E+04   0.317749E+02   0.822430E+05   0.177918E+04
   0.321400E+03   0.141516E+04   0.317749E+02   0.822430E+05   0.177919E+04
   0.321500E+03   0.141516E+04   0.317749E+02   0.822430E+05   0.177919E+04
   0.321600E+03   0.141516E+04   0.317749E+02   0.822430E+05   0.177920E+04
   0.321700E+03   0.141516E+04   0.317756E+02   0.822430E+05   0.177918E+04
   0.321800E+03   0.141516E+04   0.317756E+02   0.822430E+05   0.177918E+04
   0.321900E+03   0.141516E+04   0.317756E+02   0.822430E+05   0.177916E+04
   0.322000E+03   0.141516E+04   0.317756E+02   0.822430E+05   0.177916E+04
   0.322100E+03   0.141516E+04   0.317756E+02   0.822430E+05   0.177916E+04
   0.322200E+03   0.141516E+04   0.317756E+02   0.822430E+05   0.177916E+04
   0.322300E+03   0.141516E+04   0.317756E+02   0.822430E+05   0.177916E+04
   0.322400E+03   0.141516E+04   0.317756E+02   0.822430E+05   0.177916E+04
   0.322500E+03   0.141516E+04   0.317756E+02   0.822430E+05   0.177916E+04
   0.322600E+03   0.141516E+04   0.317756E+02   0.822430E+05   0.177916E+04
   0.322700E+03   0.141516E+04   0.317756E+02   0.822430E+05   0.177916E+04
   0.322800E+03   0.141516E+04   0.317756E+02   0.822430E+05   0.177917E+04
   0.322900E+03   0.141516E+04   0.317756E+02   0.822431E+05   0.177918E+04
   0.323000E+03   0.141516E+04   0.317756E+02   0.822431E+05   0.177918E+04
   0.323100E+03   0.141516E+04   0.317756E+02   0.822431E+05   0.177919E+04
   0.323200E+03   0.141516E+04   0.317756E+02   0.822431E+05   0.177919E+04
   0.323300E+03   0.141516E+04   0.317756E+02   0.822431E+05   0.177919E+04
   0.323400E+03   0.141516E+04   0.317756E+02   0.822431E+05   0.177919E+04
   0.323500E+03   0.141516E+04   0.317756E+02   0.822431E+05   0.177919E+04
   0.323600E+03   0.141516E+04   0.317756E+02   0.822431E+05   0.177919E+04
   0.323700E+03   0.141516E+04   0.317756E+02   0.822431E+05   0.177917E+04
   0.323800E+03   0.141516E+04   0.317756E+02   0.822431E+05   0.177917E+04
   0.323900E+03   0.141516E+04   0.317756E+02   0.822431E+05   0.177915E+04
   0.324000E+03   0.141516E+04   0.317756E+02   0.822431E+05   0.177915E+04
   0.324100E+03   0.141516E+04   0.317756E+02   0.822431E+05   0.177915E+04
   0.324200E+03   0.141516E+04   0.317756E+02   0.822431E+05   0.177915E+04
   0.324300E+03   0.141516E+04   0.317756E+02   0.822431E+05   0.177916E+04
   0.324400E+03   0.141516E+04   0.317756E+02   0.822431E+05   0.177916E+04
   0.324500E+03   0.141516E+04   0.317756E+02   0.822431E+05   0.177917E+04
   0.324600E+03   0.141516E+04   0.317756E+02   0.822431E+05   0.177918E+04
   0.324700E+03   0.141516E+04   0.317756E+02   0.822431E+05   0.177918E+04
   0.324800E+03   0.141516E+04   0.317756E+02   0.822431E+05   0.177918E+04
   0.324900E+03   0.141516E+04   0.317763E+02   0.822431E+05   0.177918E+04
   0.325000E+03   0.141516E+04   0.317763E+02   0.822431E+05   0.177918E+04
   0.325100E+03   0.141516E+04   0.317763E+02   0.822431E+05   0.177918E+04
   0.325200E+03   0.141516E+04   0.317763E+02   0.822431E+05   0.177918E+04
   0.325300E+03   0.141516E+04   0.317763E+02   0.822431E+05   0.177918E+04
   0.325400E+03   0.141516E+04   0.317763E+02   0.822431E+05   0.177918E+04
   0.325500E+03   0.141516E+04   0.317763E+02   0.822431E+05   0.177918E+04
   0.325600E+03   0.141516E+04   0.317763E+02   0.822432E+05   0.177916E+04
   0.325700E+03   0.141516E+04   0.317763E+02   0.822432E+05   0.177916E+04
   0.325800E+03   0.141516E+04   0.317763E+02   0.822432E+05   0.177916E+04
   0.325900E+03   0.141516E+04   0.317763E+02   0.822432E+05   0.177916E+04
   0.326000E+03   0.141516E+04   0.317768E+02   0.822432E+05   0.177916E+04
   0.326100E+03   0.141516E+04   0.317768E+02   0.822432E+05   0.177916E+04
   0.326200E+03   0.141516E+04   0.317768E+02   0.822432E+05   0.177917E+04
   0.326300E+03   0.141516E+04   0.317768E+02   0.822432E+05   0.177916E+04
   0.326400E+03   0.141516E+04   0.317776E+02   0.822432E+05   0.177916E+04
   0.326500E+03   0.141516E+04   0.317776E+02   0.822432E+05   0.177916E+04
   0.326600E+03   0.141516E+04   0.317776E+02   0.822432E+05   0.177916E+04
   0.326700E+03   0.141516E+04   0.317776E+02   0.822432E+05   0.177916E+04
   0.326800E+03   0.141516E+04   0.317755E+02   0.822432E+05   0.177916E+04
   0.326900E+03   0.141516E+04   0.317755E+02   0.822432E+05   0.177916E+04
   0.327000E+03   0.141516E+04   0.317755E+02   0.822432E+05   0.177916E+04
   0.327100E+03   0.141516E+04   0.317755E+02   0.822432E+05   0.177916E+04
   0.327200E+03   0.141516E+04   0.317755E+02   0.822432E+05   0.177917E+04
   0.327300E+03   0.141516E+04   0.317755E+02   0.822432E+05   0.177917E+04
   0.327400E+03   0.141516E+04   0.317755E+02   0.822432E+05   0.177917E+04
   0.327500E+03   0.141516E+04   0.317755E+02   0.822432E+05   0.177918E+04
   0.327600E+03   0.141516E+04   0.317755E+02   0.822433E+05   0.177916E+04
   0.327700E+03   0.141516E+04   0.317755E+02   0.822433E+05   0.177916E+04
   0.327800E+03   0.141516E+04   0.317755E+02   0.822433E+05   0.177916E+04
   0.327900E+03   0.141516E+04   0.317755E+02   0.822433E+05   0.177916E+04
   0.328000E+03   0.141516E+04   0.317755E+02   0.822433E+05   0.177916E+04
   0.328100E+03   0.141516E+04   0.317755E+02   0.822433E+05   0.177917E+04
   0.328200E+03   0.141516E+04   0.317755E+02   0.822433E+05   0.177917E+04
   0.328300E+03   0.141516E+04   0.317755E+02   0.822433E+05   0.177917E+04
   0.328400E+03   0.141516E+04   0.317755E+02   0.822433E+05   0.177917E+04
   0.328500E+03   0.141516E+04   0.317755E+02   0.822433E+05   0.177917E+04
   0.328600E+03   0.141516E+04   0.317755E+02   0.822433E+05   0.177917E+04
   0.328700E+03   0.141516E+04   0.317755E+02   0.822433E+05   0.177917E+04
   0.328800E+03   0.141516E+04   0.317755E+02   0.822433E+05   0.177917E+04
   0.328900E+03   0.141516E+04   0.317755E+02   0.822433E+05   0.177916E+04
   0.329000E+03   0.141516E+04   0.317765E+02   0.822433E+05   0.177916E+04
   0.329100E+03   0.141516E+04   0.317765E+02   0.822433E+05   0.177916E+04
   0.329200E+03   0.141516E+04   0.317765E+02   0.822433E+05   0.177916E+04
   0.329300E+03   0.141516E+04   0.317765E+02   0.822433E+05   0.177916E+04
   0.329400E+03   0.141516E+04   0.317765E+02   0.822433E+05   0.177916E+04
   0.329500E+03   0.141516E+04   0.317765E+02   0.822433E+05   0.177916E+04
   0.329600E+03   0.141516E+04   0.317765E+02   0.822433E+05   0.177916E+04
   0.329700E+03   0.141516E+04   0.317765E+02   0.822433E+05   0.177916E+04
   0.329800E+03   0.141516E+04   0.317765E+02   0.822433E+05   0.177914E+04
   0.329900E+03   0.141516E+04   0.317765E+02   0.822433E+05   0.177914E+04
   0.330000E+03   0.141516E+04   0.317765E+02   0.822433E+05   0.177915E+04
   0.330100E+03   0.141516E+04   0.317765E+02   0.822433E+05   0.177915E+04
   0.330200E+03   0.141516E+04   0.317765E+02   0.822433E+05   0.177915E+04
   0.330300E+03   0.141516E+04   0.317765E+02   0.822433E+05   0.177915E+04
   0.330400E+03   0.141516E+04   0.317765E+02   0.822433E+05   0.177915E+04
   0.330500E+03   0.141516E+04   0.317765E+02   0.822434E+05   0.177916E+04
   0.330600E+03   0.141516E+04   0.317765E+02   0.822434E+05   0.177916E+04
   0.330700E+03   0.141516E+04   0.317765E+02   0.822434E+05   0.177916E+04
   0.330800E+03   0.141516E+04   0.317765E+02   0.822434E+05   0.177916E+04
   0.330900E+03   0.141516E+04   0.317765E+02   0.822434E+05   0.177916E+04
   0.331000E+03   0.141516E+04   0.317765E+02   0.822434E+05   0.177916E+04
   0.331100E+03   0.141516E+04   0.317765E+02   0.822434E+05   0.177916E+04
   0.331200E+03   0.141516E+04   0.317765E+02   0.822434E+05   0.177917E+04
   0.331300E+03   0.141516E+04   0.317765E+02   0.822434E+05   0.177917E+04
   0.331400E+03   0.141516E+04   0.317765E+02   0.822434E+05   0.177917E+04
   0.331500E+03   0.141516E+04   0.317765E+02   0.822434E+05   0.177917E+04
   0.331600E+03   0.141516E+04   0.317765E+02   0.822434E+05   0.177917E+04
   0.331700E+03   0.141516E+04   0.317765E+02   0.822434E+05   0.177916E+04
   0.331800E+03   0.141516E+04   0.317765E+02   0.822434E+05   0.177916E+04
   0.331900E+03   0.141516E+04   0.317765E+02   0.822434E+05   0.177916E+04
   0.332000E+03   0.141516E+04   0.317765E+02   0.822434E+05   0.177916E+04
   0.332100E+03   0.141516E+04   0.317765E+02   0.822434E+05   0.177917E+04
   0.332200E+03   0.141516E+04   0.317765E+02   0.822434E+05   0.177915E+04
   0.332300E+03   0.141516E+04   0.317765E+02   0.822434E+05   0.177915E+04
   0.332400E+03   0.141516E+04   0.317765E+02   0.822434E+05   0.177915E+04
   0.332500E+03   0.141516E+04   0.317765E+02   0.822434E+05   0.177915E+04
   0.332600E+03   0.141516E+04   0.317765E+02   0.822434E+05   0.177915E+04
   0.332700E+03   0.141516E+04   0.317765E+02   0.822434E+05   0.177915E+04
   0.332800E+03   0.141516E+04   0.317765E+02   0.822434E+05   0.177915E+04
   0.332900E+03   0.141516E+04   0.317765E+02   0.822434E+05   0.177915E+04
   0.333000E+03   0.141516E+04   0.317765E+02   0.822434E+05   0.177915E+04
   0.333100E+03   0.141516E+04   0.317765E+02   0.822434E+05   0.177915E+04
   0.333200E+03   0.141516E+04   0.317765E+02   0.822434E+05   0.177915E+04
   0.333300E+03   0.141516E+04   0.317765E+02   0.822434E+05   0.177915E+04
   0.333400E+03   0.141516E+04   0.317765E+02   0.822434E+05   0.177915E+04
   0.333500E+03   0.141516E+04   0.317765E+02   0.822434E+05   0.177915E+04
   0.333600E+03   0.141516E+04   0.317765E+02   0.822434E+05   0.177915E+04
   0.333700E+03   0.141516E+04   0.317765E+02   0.822434E+05   0.177915E+04
   0.333800E+03   0.141516E+04   0.317765E+02   0.822434E+05   0.177915E+04
   0.333900E+03   0.141516E+04   0.317765E+02   0.822434E+05   0.177915E+04
   0.334000E+03   0.141516E+04   0.317765E+02   0.822434E+05   0.177915E+04
   0.334100E+03   0.141516E+04   0.317765E+02   0.822434E+05   0.177915E+04
   0.334200E+03   0.141516E+04   0.317765E+02   0.822435E+05   0.177916E+04
   0.334300E+03   0.141517E+04   0.317769E+02   0.822435E+05   0.177916E+04
   0.334400E+03   0.141517E+04   0.317769E+02   0.822435E+05   0.177917E+04
   0.334500E+03   0.141517E+04   0.317769E+02   0.822435E+05   0.177918E+04
   0.334600E+03   0.141517E+04   0.317769E+02   0.822435E+05   0.177918E+04
   0.334700E+03   0.141517E+04   0.317769E+02   0.822435E+05   0.177918E+04
   0.334800E+03   0.141517E+04   0.317769E+02   0.822435E+05   0.177915E+04
   0.334900E+03   0.141517E+04   0.317769E+02   0.822435E+05   0.177915E+04
   0.335000E+03   0.141517E+04   0.317769E+02   0.822435E+05   0.177914E+04
   0.335100E+03   0.141517E+04   0.317769E+02   0.822435E+05   0.177914E+04
   0.335200E+03   0.141517E+04   0.317769E+02   0.822435E+05   0.177914E+04
   0.335300E+03   0.141517E+04   0.317769E+02   0.822435E+05   0.177914E+04
   0.335400E+03   0.141517E+04   0.317769E+02   0.822435E+05   0.177914E+04
   0.335500E+03   0.141517E+04   0.317769E+02   0.822435E+05   0.177914E+04
   0.335600E+03   0.141517E+04   0.317769E+02   0.822435E+05   0.177915E+04
   0.335700E+03   0.141517E+04   0.317769E+02   0.822435E+05   0.177915E+04
   0.335800E+03   0.141517E+04   0.317769E+02   0.822435E+05   0.177915E+04
   0.335900E+03   0.141517E+04   0.317769E+02   0.822435E+05   0.177915E+04
   0.336000E+03   0.141517E+04   0.317769E+02   0.822436E+05   0.177915E+04
   0.336100E+03   0.141517E+04   0.317769E+02   0.822436E+05   0.177915E+04
   0.336200E+03   0.141517E+04   0.317769E+02   0.822436E+05   0.177915E+04
   0.336300E+03   0.141517E+04   0.317769E+02   0.822436E+05   0.177915E+04
   0.336400E+03   0.141517E+04   0.317769E+02   0.822436E+05   0.177915E+04
   0.336500E+03   0.141517E+04   0.317769E+02   0.822436E+05   0.177915E+04
   0.336600E+03   0.141517E+04   0.317769E+02   0.822436E+05   0.177915E+04
   0.336700E+03   0.141517E+04   0.317769E+02   0.822436E+05   0.177915E+04
   0.336800E+03   0.141517E+04   0.317769E+02   0.822436E+05   0.177916E+04
   0.336900E+03   0.141517E+04   0.317769E+02   0.822436E+05   0.177916E+04
   0.337000E+03   0.141517E+04   0.317769E+02   0.822436E+05   0.177916E+04
   0.337100E+03   0.141517E+04   0.317769E+02   0.822436E+05   0.177916E+04
   0.337200E+03   0.141517E+04   0.317769E+02   0.822436E+05   0.177916E+04
   0.337300E+03   0.141517E+04   0.317769E+02   0.822436E+05   0.177917E+04
   0.337400E+03   0.141517E+04   0.317769E+02   0.822436E+05   0.177917E+04
   0.337500E+03   0.141517E+04   0.317769E+02   0.822436E+05   0.177917E+04
   0.337600E+03   0.141517E+04   0.317769E+02   0.822436E+05   0.177917E+04
   0.337700E+03   0.141517E+04   0.317752E+02   0.822436E+05   0.177914E+04
   0.337800E+03   0.141517E+04   0.317752E+02   0.822436E+05   0.177914E+04
   0.337900E+03   0.141517E+04   0.317752E+02   0.822436E+05   0.177914E+04
   0.338000E+03   0.141517E+04   0.317752E+02   0.822436E+05   0.177914E+04
   0.338100E+03   0.141517E+04   0.317752E+02   0.822436E+05   0.177914E+04
   0.338200E+03   0.141517E+04   0.317752E+02   0.822436E+05   0.177914E+04
   0.338300E+03   0.141517E+04   0.317752E+02   0.822436E+05   0.177914E+04
   0.338400E+03   0.141517E+04   0.317752E+02   0.822436E+05   0.177914E+04
   0.338500E+03   0.141517E+04   0.317752E+02   0.822436E+05   0.177914E+04
   0.338600E+03   0.141517E+04   0.317752E+02   0.822436E+05   0.177913E+04
   0.338700E+03   0.141517E+04   0.317752E+02   0.822436E+05   0.177913E+04
   0.338800E+03   0.141517E+04   0.317752E+02   0.822436E+05   0.177913E+04
   0.338900E+03   0.141517E+04   0.317752E+02   0.822436E+05   0.177913E+04
   0.339000E+03   0.141517E+04   0.317752E+02   0.822436E+05   0.177913E+04
   0.339100E+03   0.141517E+04   0.317752E+02   0.822436E+05   0.177913E+04
   0.339200E+03   0.141517E+04   0.317752E+02   0.822436E+05   0.177913E+04
   0.339300E+03   0.141517E+04   0.317752E+02   0.822436E+05   0.177913E+04
   0.339400E+03   0.141517E+04   0.317752E+02   0.822436E+05   0.177913E+04
   0.339500E+03   0.141517E+04   0.317752E+02   0.822436E+05   0.177914E+04
   0.339600E+03   0.141517E+04   0.317749E+02   0.822436E+05   0.177914E+04
   0.339700E+03   0.141517E+04   0.317749E+02   0.822436E+05   0.177914E+04
   0.339800E+03   0.141517E+04   0.317749E+02   0.822436E+05   0.177914E+04
   0.339900E+03   0.141517E+04   0.317749E+02   0.822437E+05   0.177915E+04
   0.340000E+03   0.141517E+04   0.317749E+02   0.822437E+05   0.177915E+04
   0.340100E+03   0.141517E+04   0.317749E+02   0.822437E+05   0.177915E+04
   0.340200E+03   0.141517E+04   0.317749E+02   0.822437E+05   0.177915E+04
   0.340300E+03   0.141517E+04   0.317749E+02   0.822437E+05   0.177915E+04
   0.340400E+03   0.141517E+04   0.317749E+02   0.822437E+05   0.177915E+04
   0.340500E+03   0.141517E+04   0.317749E+02   0.822437E+05   0.177915E+04
   0.340600E+03   0.141517E+04   0.317749E+02   0.822437E+05   0.177915E+04
   0.340700E+03   0.141517E+04   0.317749E+02   0.822437E+05   0.177915E+04
   0.340800E+03   0.141517E+04   0.317749E+02   0.822437E+05   0.177917E+04
   0.340900E+03   0.141517E+04   0.317749E+02   0.822437E+05   0.177914E+04
   0.341000E+03   0.141517E+04   0.317749E+02   0.822437E+05   0.177914E+04
   0.341100E+03   0.141517E+04   0.317749E+02   0.822437E+05   0.177914E+04
   0.341200E+03   0.141517E+04   0.317749E+02   0.822437E+05   0.177914E+04
   0.341300E+03   0.141517E+04   0.317749E+02   0.822437E+05   0.177914E+04
   0.341400E+03   0.141517E+04   0.317749E+02   0.822437E+05   0.177914E+04
   0.341500E+03   0.141517E+04   0.317749E+02   0.822437E+05   0.177914E+04
   0.341600E+03   0.141517E+04   0.317749E+02   0.822437E+05   0.177914E+04
   0.341700E+03   0.141517E+04   0.317749E+02   0.822437E+05   0.177914E+04
   0.341800E+03   0.141517E+04   0.317749E+02   0.822437E+05   0.177914E+04
   0.341900E+03   0.141517E+04   0.317749E+02   0.822437E+05   0.177914E+04
   0.342000E+03   0.141517E+04   0.317749E+02   0.822437E+05   0.177914E+04
   0.342100E+03   0.141517E+04   0.317749E+02   0.822437E+05   0.177914E+04
   0.342200E+03   0.141517E+04   0.317749E+02   0.822437E+05   0.177914E+04
   0.342300E+03   0.141517E+04   0.317749E+02   0.822437E+05   0.177915E+04
   0.342400E+03   0.141517E+04   0.317749E+02   0.822437E+05   0.177915E+04
   0.342500E+03   0.141517E+04   0.317749E+02   0.822437E+05   0.177916E+04
   0.342600E+03   0.141517E+04   0.317749E+02   0.822437E+05   0.177916E+04
   0.342700E+03   0.141517E+04   0.317749E+02   0.822437E+05   0.177916E+04
   0.342800E+03   0.141517E+04   0.317749E+02   0.822437E+05   0.177914E+04
   0.342900E+03   0.141517E+04   0.317749E+02   0.822437E+05   0.177914E+04
   0.343000E+03   0.141517E+04   0.317749E+02   0.822437E+05   0.177914E+04
   0.343100E+03   0.141517E+04   0.317749E+02   0.822437E+05   0.177914E+04
   0.343200E+03   0.141517E+04   0.317749E+02   0.822437E+05   0.177914E+04
   0.343300E+03   0.141517E+04   0.317749E+02   0.822437E+05   0.177914E+04
   0.343400E+03   0.141517E+04   0.317749E+02   0.822437E+05   0.177914E+04
   0.343500E+03   0.141517E+04   0.317749E+02   0.822437E+05   0.177914E+04
   0.343600E+03   0.141517E+04   0.317749E+02   0.822437E+05   0.177914E+04
   0.343700E+03   0.141517E+04   0.317749E+02   0.822437E+05   0.177914E+04
   0.343800E+03   0.141517E+04   0.317749E+02   0.822437E+05   0.177914E+04
   0.343900E+03   0.141517E+04   0.317749E+02   0.822437E+05   0.177914E+04
   0.344000E+03   0.141517E+04   0.317749E+02   0.822437E+05   0.177914E+04
   0.344100E+03   0.141517E+04   0.317749E+02   0.822437E+05   0.177914E+04
   0.344200E+03   0.141517E+04   0.317749E+02   0.822437E+05   0.177914E+04
   0.344300E+03   0.141517E+04   0.317749E+02   0.822437E+05   0.177914E+04
   0.344400E+03   0.141517E+04   0.317749E+02   0.822437E+05   0.177914E+04
   0.344500E+03   0.141517E+04   0.317749E+02   0.822437E+05   0.177912E+04
   0.344600E+03   0.141517E+04   0.317749E+02   0.822437E+05   0.177912E+04
   0.344700E+03   0.141517E+04   0.317749E+02   0.822437E+05   0.177912E+04
   0.344800E+03   0.141517E+04   0.317749E+02   0.822438E+05   0.177913E+04
   0.344900E+03   0.141517E+04   0.317749E+02   0.822438E+05   0.177913E+04
   0.345000E+03   0.141517E+04   0.317749E+02   0.822438E+05   0.177913E+04
   0.345100E+03   0.141517E+04   0.317749E+02   0.822438E+05   0.177913E+04
   0.345200E+03   0.141517E+04   0.317749E+02   0.822438E+05   0.177913E+04
   0.345300E+03   0.141517E+04   0.317749E+02   0.822438E+05   0.177913E+04
   0.345400E+03   0.141517E+04   0.317749E+02   0.822438E+05   0.177913E+04
   0.345500E+03   0.141517E+04   0.317749E+02   0.822438E+05   0.177913E+04
   0.345600E+03   0.141517E+04   0.317749E+02   0.822438E+05   0.177913E+04
   0.345700E+03   0.141517E+04   0.317749E+02   0.822438E+05   0.177913E+04
   0.345800E+03   0.141517E+04   0.317749E+02   0.822438E+05   0.177914E+04
   0.345900E+03   0.141517E+04   0.317749E+02   0.822438E+05   0.177914E+04
   0.346000E+03   0.141517E+04   0.317749E+02   0.822438E+05   0.177914E+04
   0.346100E+03   0.141517E+04   0.317749E+02   0.822438E+05   0.177914E+04
   0.346200E+03   0.141517E+04   0.317749E+02   0.822438E+05   0.177914E+04
   0.346300E+03   0.141517E+04   0.317749E+02   0.822438E+05   0.177914E+04
   0.346400E+03   0.141517E+04   0.317756E+02   0.822438E+05   0.177914E+04
   0.346500E+03   0.141517E+04   0.317756E+02   0.822438E+05   0.177914E+04
   0.346600E+03   0.141517E+04   0.317756E+02   0.822438E+05   0.177914E+04
   0.346700E+03   0.141517E+04   0.317756E+02   0.822438E+05   0.177915E+04
   0.346800E+03   0.141517E+04   0.317756E+02   0.822438E+05   0.177915E+04
   0.346900E+03   0.141517E+04   0.317756E+02   0.822438E+05   0.177915E+04
   0.347000E+03   0.141517E+04   0.317756E+02   0.822438E+05   0.177915E+04
   0.347100E+03   0.141517E+04   0.317756E+02   0.822438E+05   0.177915E+04
   0.347200E+03   0.141517E+04   0.317756E+02   0.822438E+05   0.177915E+04
   0.347300E+03   0.141517E+04   0.317756E+02   0.822438E+05   0.177915E+04
   0.347400E+03   0.141517E+04   0.317756E+02   0.822438E+05   0.177916E+04
   0.347500E+03   0.141517E+04   0.317756E+02   0.822438E+05   0.177916E+04
   0.347600E+03   0.141517E+04   0.317756E+02   0.822438E+05   0.177916E+04
   0.347700E+03   0.141517E+04   0.317756E+02   0.822438E+05   0.177916E+04
   0.347800E+03   0.141517E+04   0.317756E+02   0.822438E+05   0.177914E+04
   0.347900E+03   0.141517E+04   0.317756E+02   0.822438E+05   0.177914E+04
   0.348000E+03   0.141517E+04   0.317756E+02   0.822438E+05   0.177914E+04
   0.348100E+03   0.141517E+04   0.317756E+02   0.822438E+05   0.177914E+04
   0.348200E+03   0.141517E+04   0.317756E+02   0.822438E+05   0.177914E+04
   0.348300E+03   0.141517E+04   0.317756E+02   0.822438E+05   0.177914E+04
   0.348400E+03   0.141517E+04   0.317756E+02   0.822438E+05   0.177914E+04
   0.348500E+03   0.141517E+04   0.317756E+02   0.822438E+05   0.177914E+04
   0.348600E+03   0.141517E+04   0.317756E+02   0.822438E+05   0.177914E+04
   0.348700E+03   0.141517E+04   0.317756E+02   0.822438E+05   0.177912E+04
   0.348800E+03   0.141517E+04   0.317756E+02   0.822438E+05   0.177912E+04
   0.348900E+03   0.141517E+04   0.317756E+02   0.822438E+05   0.177912E+04
   0.349000E+03   0.141517E+04   0.317756E+02   0.822438E+05   0.177912E+04
   0.349100E+03   0.141517E+04   0.317756E+02   0.822438E+05   0.177912E+04
   0.349200E+03   0.141517E+04   0.317756E+02   0.822438E+05   0.177912E+04
   0.349300E+03   0.141517E+04   0.317756E+02   0.822438E+05   0.177912E+04
   0.349400E+03   0.141517E+04   0.317756E+02   0.822438E+05   0.177912E+04
   0.349500E+03   0.141517E+04   0.317756E+02   0.822438E+05   0.177912E+04
   0.349600E+03   0.141517E+04   0.317756E+02   0.822439E+05   0.177913E+04
   0.349700E+03   0.141517E+04   0.317756E+02   0.822439E+05   0.177913E+04
   0.349800E+03   0.141517E+04   0.317756E+02   0.822439E+05   0.177913E+04
   0.349900E+03   0.141517E+04   0.317756E+02   0.822439E+05   0.177913E+04
   0.350000E+03   0.141517E+04   0.317756E+02   0.822439E+05   0.177913E+04
   0.350100E+03   0.141517E+04   0.317756E+02   0.822439E+05   0.177913E+04
   0.350200E+03   0.141517E+04   0.317756E+02   0.822439E+05   0.177913E+04
   0.350300E+03   0.141517E+04   0.317756E+02   0.822439E+05   0.177914E+04
   0.350400E+03   0.141517E+04   0.317756E+02   0.822439E+05   0.177914E+04
   0.350500E+03   0.141517E+04   0.317756E+02   0.822439E+05   0.177914E+04
   0.350600E+03   0.141517E+04   0.317756E+02   0.822439E+05   0.177914E+04
   0.350700E+03   0.141517E+04   0.317756E+02   0.822439E+05   0.177914E+04
   0.350800E+03   0.141517E+04   0.317756E+02   0.822439E+05   0.177914E+04
   0.350900E+03   0.141517E+04   0.317756E+02   0.822439E+05   0.177914E+04
   0.351000E+03   0.141517E+04   0.317756E+02   0.822439E+05   0.177914E+04
   0.351100E+03   0.141517E+04   0.317756E+02   0.822439E+05   0.177914E+04
   0.351200E+03   0.141517E+04   0.317756E+02   0.822439E+05   0.177914E+04
   0.351300E+03   0.141517E+04   0.317763E+02   0.822439E+05   0.177914E+04
   0.351400E+03   0.141517E+04   0.317763E+02   0.822439E+05   0.177914E+04
   0.351500E+03   0.141517E+04   0.317763E+02   0.822439E+05   0.177914E+04
   0.351600E+03   0.141517E+04   0.317763E+02   0.822439E+05   0.177914E+04
   0.351700E+03   0.141517E+04   0.317763E+02   0.822439E+05   0.177914E+04
   0.351800E+03   0.141517E+04   0.317763E+02   0.822439E+05   0.177914E+04
   0.351900E+03   0.141517E+04   0.317763E+02   0.822439E+05   0.177914E+04
   0.352000E+03   0.141517E+04   0.317763E+02   0.822439E+05   0.177914E+04
   0.352100E+03   0.141517E+04   0.317763E+02   0.822439E+05   0.177914E+04
   0.352200E+03   0.141517E+04   0.317763E+02   0.822439E+05   0.177914E+04
   0.352300E+03   0.141517E+04   0.317763E+02   0.822439E+05   0.177914E+04
   0.352400E+03   0.141517E+04   0.317763E+02   0.822439E+05   0.177914E+04
   0.352500E+03   0.141517E+04   0.317763E+02   0.822439E+05   0.177914E+04
   0.352600E+03   0.141517E+04   0.317743E+02   0.822439E+05   0.177914E+04
   0.352700E+03   0.141517E+04   0.317743E+02   0.822439E+05   0.177914E+04
   0.352800E+03   0.141517E+04   0.317743E+02   0.822439E+05   0.177914E+04
   0.352900E+03   0.141517E+04   0.317743E+02   0.822439E+05   0.177914E+04
   0.353000E+03   0.141517E+04   0.317743E+02   0.822439E+05   0.177914E+04
   0.353100E+03   0.141517E+04   0.317743E+02   0.822439E+05   0.177914E+04
   0.353200E+03   0.141517E+04   0.317743E+02   0.822439E+05   0.177914E+04
   0.353300E+03   0.141517E+04   0.317743E+02   0.822439E+05   0.177914E+04
   0.353400E+03   0.141517E+04   0.317743E+02   0.822439E+05   0.177914E+04
   0.353500E+03   0.141517E+04   0.317743E+02   0.822439E+05   0.177914E+04
   0.353600E+03   0.141517E+04   0.317743E+02   0.822439E+05   0.177912E+04
   0.353700E+03   0.141517E+04   0.317743E+02   0.822439E+05   0.177912E+04
   0.353800E+03   0.141517E+04   0.317743E+02   0.822439E+05   0.177912E+04
   0.353900E+03   0.141517E+04   0.317743E+02   0.822439E+05   0.177912E+04
   0.354000E+03   0.141517E+04   0.317743E+02   0.822439E+05   0.177912E+04
   0.354100E+03   0.141517E+04   0.317743E+02   0.822439E+05   0.177912E+04
   0.354200E+03   0.141517E+04   0.317743E+02   0.822439E+05   0.177912E+04
   0.354300E+03   0.141517E+04   0.317743E+02   0.822439E+05   0.177912E+04
   0.354400E+03   0.141517E+04   0.317743E+02   0.822439E+05   0.177912E+04
   0.354500E+03   0.141517E+04   0.317743E+02   0.822439E+05   0.177912E+04
   0.354600E+03   0.141517E+04   0.317743E+02   0.822439E+05   0.177912E+04
   0.354700E+03   0.141517E+04   0.317743E+02   0.822439E+05   0.177912E+04
   0.354800E+03   0.141517E+04   0.317743E+02   0.822439E+05   0.177912E+04
   0.354900E+03   0.141517E+04   0.317743E+02   0.822439E+05   0.177912E+04
   0.355000E+03   0.141517E+04   0.317743E+02   0.822439E+05   0.177912E+04
   0.355100E+03   0.141517E+04   0.317743E+02   0.822439E+05   0.177912E+04
   0.355200E+03   0.141517E+04   0.317743E+02   0.822439E+05   0.177912E+04
   0.355300E+03   0.141517E+04   0.317743E+02   0.822439E+05   0.177912E+04
   0.355400E+03   0.141517E+04   0.317743E+02   0.822439E+05   0.177912E+04
   0.355500E+03   0.141517E+04   0.317743E+02   0.822439E+05   0.177912E+04
   0.355600E+03   0.141517E+04   0.317743E+02   0.822439E+05   0.177912E+04
   0.355700E+03   0.141517E+04   0.317743E+02   0.822439E+05   0.177912E+04
   0.355800E+03   0.141517E+04   0.317743E+02   0.822439E+05   0.177913E+04
   0.355900E+03   0.141517E+04   0.317743E+02   0.822439E+05   0.177913E+04
   0.356000E+03   0.141517E+04   0.317743E+02   0.822439E+05   0.177913E+04
   0.356100E+03   0.141517E+04   0.317743E+02   0.822440E+05   0.177914E+04
   0.356200E+03   0.141517E+04   0.317743E+02   0.822440E+05   0.177914E+04
   0.356300E+03   0.141517E+04   0.317743E+02   0.822440E+05   0.177914E+04
   0.356400E+03   0.141517E+04   0.317743E+02   0.822440E+05   0.177914E+04
   0.356500E+03   0.141517E+04   0.317743E+02   0.822440E+05   0.177914E+04
   0.356600E+03   0.141517E+04   0.317743E+02   0.822440E+05   0.177914E+04
   0.356700E+03   0.141517E+04   0.317743E+02   0.822440E+05   0.177914E+04
   0.356800E+03   0.141517E+04   0.317743E+02   0.822440E+05   0.177914E+04
   0.356900E+03   0.141517E+04   0.317743E+02   0.822440E+05   0.177914E+04
   0.357000E+03   0.141517E+04   0.317743E+02   0.822440E+05   0.177914E+04
   0.357100E+03   0.141517E+04   0.317743E+02   0.822440E+05   0.177914E+04
   0.357200E+03   0.141517E+04   0.317743E+02   0.822440E+05   0.177914E+04
   0.357300E+03   0.141517E+04   0.317743E+02   0.822440E+05   0.177914E+04
   0.357400E+03   0.141517E+04   0.317743E+02   0.822440E+05   0.177914E+04
   0.357500E+03   0.141517E+04   0.317743E+02   0.822440E+05   0.177914E+04
   0.357600E+03   0.141517E+04   0.317743E+02   0.822440E+05   0.177914E+04
   0.357700E+03   0.141517E+04   0.317743E+02   0.822440E+05   0.177914E+04
   0.357800E+03   0.141517E+04   0.317750E+02   0.822440E+05   0.177914E+04
   0.357900E+03   0.141517E+04   0.317750E+02   0.822440E+05   0.177914E+04
   0.358000E+03   0.141517E+04   0.317750E+02   0.822440E+05   0.177914E+04
   0.358100E+03   0.141517E+04   0.317750E+02   0.822440E+05   0.177914E+04
   0.358200E+03   0.141517E+04   0.317750E+02   0.822440E+05   0.177914E+04
   0.358300E+03   0.141517E+04   0.317750E+02   0.822440E+05   0.177914E+04
   0.358400E+03   0.141517E+04   0.317750E+02   0.822440E+05   0.177914E+04
   0.358500E+03   0.141517E+04   0.317750E+02   0.822440E+05   0.177914E+04
   0.358600E+03   0.141517E+04   0.317750E+02   0.822440E+05   0.177914E+04
   0.358700E+03   0.141517E+04   0.317750E+02   0.822440E+05   0.177914E+04
   0.358800E+03   0.141517E+04   0.317750E+02   0.822440E+05   0.177914E+04
   0.358900E+03   0.141517E+04   0.317750E+02   0.822440E+05   0.177914E+04
   0.359000E+03   0.141517E+04   0.317750E+02   0.822440E+05   0.177914E+04
   0.359100E+03   0.141517E+04   0.317750E+02   0.822440E+05   0.177915E+04
   0.359200E+03   0.141517E+04   0.317750E+02   0.822440E+05   0.177915E+04
   0.359300E+03   0.141517E+04   0.317750E+02   0.822440E+05   0.177915E+04
   0.359400E+03   0.141517E+04   0.317750E+02   0.822440E+05   0.177915E+04
   0.359500E+03   0.141517E+04   0.317750E+02   0.822440E+05   0.177913E+04
   0.359600E+03   0.141517E+04   0.317750E+02   0.822440E+05   0.177913E+04
   0.359700E+03   0.141517E+04   0.317750E+02   0.822440E+05   0.177913E+04
   0.359800E+03   0.141517E+04   0.317750E+02   0.822440E+05   0.177913E+04
   0.359900E+03   0.141517E+04   0.317750E+02   0.822440E+05   0.177913E+04
   0.360000E+03   0.141517E+04   0.317750E+02   0.822440E+05   0.177913E+04
   0.360100E+03   0.141517E+04   0.317750E+02   0.822440E+05   0.177913E+04
   0.360200E+03   0.141517E+04   0.317750E+02   0.822440E+05   0.177913E+04
   0.360300E+03   0.141517E+04   0.317750E+02   0.822440E+05   0.177913E+04
   0.360400E+03   0.141517E+04   0.317750E+02   0.822440E+05   0.177913E+04
   0.360500E+03   0.141517E+04   0.317750E+02   0.822440E+05   0.177913E+04
   0.360600E+03   0.141517E+04   0.317750E+02   0.822440E+05   0.177913E+04
   0.360700E+03   0.141517E+04   0.317750E+02   0.822440E+05   0.177913E+04
   0.360800E+03   0.141517E+04   0.317750E+02   0.822440E+05   0.177913E+04
   0.360900E+03   0.141517E+04   0.317750E+02   0.822440E+05   0.177913E+04
   0.361000E+03   0.141517E+04   0.317750E+02   0.822440E+05   0.177913E+04
   0.361100E+03   0.141517E+04   0.317750E+02   0.822440E+05   0.177913E+04
   0.361200E+03   0.141517E+04   0.317750E+02   0.822440E+05   0.177913E+04
   0.361300E+03   0.141517E+04   0.317750E+02   0.822440E+05   0.177913E+04
   0.361400E+03   0.141517E+04   0.317750E+02   0.822440E+05   0.177913E+04
   0.361500E+03   0.141517E+04   0.317750E+02   0.822440E+05   0.177913E+04
   0.361600E+03   0.141517E+04   0.317750E+02   0.822440E+05   0.177913E+04
   0.361700E+03   0.141517E+04   0.317750E+02   0.822440E+05   0.177913E+04
   0.361800E+03   0.141517E+04   0.317750E+02   0.822440E+05   0.177913E+04
   0.361900E+03   0.141517E+04   0.317750E+02   0.822440E+05   0.177912E+04
   0.362000E+03   0.141517E+04   0.317750E+02   0.822440E+05   0.177912E+04
   0.362100E+03   0.141517E+04   0.317750E+02   0.822440E+05   0.177912E+04
   0.362200E+03   0.141517E+04   0.317750E+02   0.822440E+05   0.177912E+04
   0.362300E+03   0.141517E+04   0.317750E+02   0.822440E+05   0.177912E+04
   0.362400E+03   0.141517E+04   0.317750E+02   0.822440E+05   0.177912E+04
   0.362500E+03   0.141517E+04   0.317750E+02   0.822440E+05   0.177912E+04
   0.362600E+03   0.141517E+04   0.317750E+02   0.822440E+05   0.177912E+04
   0.362700E+03   0.141517E+04   0.317750E+02   0.822440E+05   0.177912E+04
   0.362800E+03   0.141517E+04   0.317750E+02   0.822440E+05   0.177912E+04
   0.362900E+03   0.141517E+04   0.317750E+02   0.822440E+05   0.177912E+04
   0.363000E+03   0.141517E+04   0.317750E+02   0.822440E+05   0.177912E+04
   0.363100E+03   0.141517E+04   0.317750E+02   0.822440E+05   0.177912E+04
   0.363200E+03   0.141517E+04   0.317750E+02   0.822440E+05   0.177912E+04
   0.363300E+03   0.141517E+04   0.317750E+02   0.822440E+05   0.177912E+04
   0.363400E+03   0.141517E+04   0.317750E+02   0.822440E+05   0.177912E+04
   0.363500E+03   0.141517E+04   0.317750E+02   0.822440E+05   0.177912E+04
   0.363600E+03   0.141517E+04   0.317750E+02   0.822440E+05   0.177912E+04
   0.363700E+03   0.141517E+04   0.317750E+02   0.822440E+05   0.177912E+04
   0.363800E+03   0.141517E+04   0.317750E+02   0.822440E+05   0.177912E+04
   0.363900E+03   0.141517E+04   0.317750E+02   0.822440E+05   0.177912E+04
   0.364000E+03   0.141517E+04   0.317750E+02   0.822440E+05   0.177912E+04
   0.364100E+03   0.141517E+04   0.317750E+02   0.822440E+05   0.177912E+04
   0.364200E+03   0.141517E+04   0.317750E+02   0.822440E+05   0.177912E+04
   0.364300E+03   0.141517E+04   0.317750E+02   0.822440E+05   0.177912E+04
   0.364400E+03   0.141517E+04   0.317750E+02   0.822440E+05   0.177912E+04
   0.364500E+03   0.141517E+04   0.317750E+02   0.822440E+05   0.177912E+04
   0.364600E+03   0.141517E+04   0.317750E+02   0.822440E+05   0.177912E+04
   0.364700E+03   0.141517E+04   0.317750E+02   0.822440E+05   0.177912E+04
   0.364800E+03   0.141517E+04   0.317750E+02   0.822440E+05   0.177912E+04
   0.364900E+03   0.141517E+04   0.317750E+02   0.822440E+05   0.177912E+04
   0.365000E+03   0.141517E+04   0.317750E+02   0.822440E+05   0.177912E+04
   0.365100E+03   0.141517E+04   0.317750E+02   0.822440E+05   0.177912E+04
   0.365200E+03   0.141517E+04   0.317750E+02   0.822440E+05   0.177912E+04
   0.365300E+03   0.141517E+04   0.317750E+02   0.822440E+05   0.177912E+04
   0.365400E+03   0.141517E+04   0.317750E+02   0.822441E+05   0.177913E+04
   0.365500E+03   0.141517E+04   0.317750E+02   0.822441E+05   0.177913E+04
   0.365600E+03   0.141517E+04   0.317750E+02   0.822441E+05   0.177913E+04
   0.365700E+03   0.141517E+04   0.317750E+02   0.822441E+05   0.177913E+04
   0.365800E+03   0.141517E+04   0.317750E+02   0.822441E+05   0.177913E+04
   0.365900E+03   0.141517E+04   0.317750E+02   0.822441E+05   0.177913E+04
   0.366000E+03   0.141517E+04   0.317750E+02   0.822441E+05   0.177913E+04
   0.366100E+03   0.141517E+04   0.317750E+02   0.822441E+05   0.177913E+04
   0.366200E+03   0.141517E+04   0.317750E+02   0.822441E+05   0.177913E+04
   0.366300E+03   0.141517E+04   0.317750E+02   0.822441E+05   0.177913E+04
   0.366400E+03   0.141517E+04   0.317750E+02   0.822441E+05   0.177913E+04
   0.366500E+03   0.141517E+04   0.317750E+02   0.822441E+05   0.177913E+04
   0.366600E+03   0.141517E+04   0.317750E+02   0.822441E+05   0.177913E+04
   0.366700E+03   0.141517E+04   0.317750E+02   0.822441E+05   0.177913E+04
   0.366800E+03   0.141517E+04   0.317750E+02   0.822441E+05   0.177913E+04
   0.366900E+03   0.141517E+04   0.317750E+02   0.822441E+05   0.177913E+04
   0.367000E+03   0.141517E+04   0.317750E+02   0.822441E+05   0.177913E+04
   0.367100E+03   0.141517E+04   0.317750E+02   0.822441E+05   0.177911E+04
   0.367200E+03   0.141517E+04   0.317750E+02   0.822441E+05   0.177911E+04
   0.367300E+03   0.141517E+04   0.317750E+02   0.822441E+05   0.177911E+04
   0.367400E+03   0.141517E+04   0.317750E+02   0.822441E+05   0.177911E+04
   0.367500E+03   0.141517E+04   0.317750E+02   0.822441E+05   0.177911E+04
   0.367600E+03   0.141517E+04   0.317750E+02   0.822441E+05   0.177911E+04
   0.367700E+03   0.141517E+04   0.317750E+02   0.822441E+05   0.177911E+04
   0.367800E+03   0.141517E+04   0.317750E+02   0.822441E+05   0.177911E+04
   0.367900E+03   0.141517E+04   0.317750E+02   0.822441E+05   0.177911E+04
   0.368000E+03   0.141517E+04   0.317750E+02   0.822441E+05   0.177911E+04
   0.368100E+03   0.141517E+04   0.317750E+02   0.822441E+05   0.177911E+04
   0.368200E+03   0.141517E+04   0.317750E+02   0.822441E+05   0.177911E+04
   0.368300E+03   0.141517E+04   0.317750E+02   0.822441E+05   0.177911E+04
   0.368400E+03   0.141517E+04   0.317750E+02   0.822441E+05   0.177911E+04
   0.368500E+03   0.141517E+04   0.317750E+02   0.822441E+05   0.177911E+04
   0.368600E+03   0.141517E+04   0.317750E+02   0.822441E+05   0.177911E+04
   0.368700E+03   0.141517E+04   0.317750E+02   0.822441E+05   0.177911E+04
   0.368800E+03   0.141517E+04   0.317750E+02   0.822441E+05   0.177911E+04
   0.368900E+03   0.141517E+04   0.317750E+02   0.822441E+05   0.177911E+04
   0.369000E+03   0.141517E+04   0.317750E+02   0.822441E+05   0.177911E+04
   0.369100E+03   0.141517E+04   0.317750E+02   0.822441E+05   0.177911E+04
   0.369200E+03   0.141517E+04   0.317750E+02   0.822441E+05   0.177912E+04
   0.369300E+03   0.141517E+04   0.317750E+02   0.822441E+05   0.177912E+04
   0.369400E+03   0.141517E+04   0.317750E+02   0.822441E+05   0.177912E+04
   0.369500E+03   0.141517E+04   0.317750E+02   0.822441E+05   0.177912E+04
   0.369600E+03   0.141517E+04   0.317750E+02   0.822441E+05   0.177912E+04
   0.369700E+03   0.141517E+04   0.317750E+02   0.822441E+05   0.177912E+04
   0.369800E+03   0.141517E+04   0.317750E+02   0.822441E+05   0.177912E+04
   0.369900E+03   0.141517E+04   0.317750E+02   0.822441E+05   0.177912E+04
   0.370000E+03   0.141517E+04   0.317750E+02   0.822441E+05   0.177913E+04
   0.370100E+03   0.141517E+04   0.317750E+02   0.822441E+05   0.177913E+04
   0.370200E+03   0.141517E+04   0.317750E+02   0.822441E+05   0.177913E+04
   0.370300E+03   0.141517E+04   0.317750E+02   0.822441E+05   0.177913E+04
   0.370400E+03   0.141517E+04   0.317750E+02   0.822441E+05   0.177913E+04
   0.370500E+03   0.141517E+04   0.317750E+02   0.822441E+05   0.177913E+04
   0.370600E+03   0.141517E+04   0.317750E+02   0.822441E+05   0.177913E+04
   0.370700E+03   0.141517E+04   0.317750E+02   0.822441E+05   0.177913E+04
   0.370800E+03   0.141517E+04   0.317750E+02   0.822441E+05   0.177913E+04
   0.370900E+03   0.141517E+04   0.317750E+02   0.822441E+05   0.177913E+04
   0.371000E+03   0.141517E+04   0.317750E+02   0.822441E+05   0.177913E+04
   0.371100E+03   0.141517E+04   0.317750E+02   0.822441E+05   0.177913E+04
   0.371200E+03   0.141517E+04   0.317750E+02   0.822441E+05   0.177913E+04
   0.371300E+03   0.141517E+04   0.317750E+02   0.822441E+05   0.177913E+04
   0.371400E+03   0.141517E+04   0.317750E+02   0.822441E+05   0.177913E+04
   0.371500E+03   0.141517E+04   0.317750E+02   0.822441E+05   0.177913E+04
   0.371600E+03   0.141517E+04   0.317750E+02   0.822441E+05   0.177913E+04
   0.371700E+03   0.141517E+04   0.317750E+02   0.822441E+05   0.177913E+04
   0.371800E+03   0.141517E+04   0.317750E+02   0.822441E+05   0.177914E+04
   0.371900E+03   0.141517E+04   0.317750E+02   0.822441E+05   0.177914E+04
   0.372000E+03   0.141517E+04   0.317750E+02   0.822441E+05   0.177914E+04
   0.372100E+03   0.141517E+04   0.317750E+02   0.822441E+05   0.177914E+04
   0.372200E+03   0.141517E+04   0.317750E+02   0.822441E+05   0.177914E+04
   0.372300E+03   0.141517E+04   0.317750E+02   0.822441E+05   0.177914E+04
   0.372400E+03   0.141517E+04   0.317750E+02   0.822441E+05   0.177914E+04
   0.372500E+03   0.141517E+04   0.317750E+02   0.822441E+05   0.177914E+04
   0.372600E+03   0.141517E+04   0.317750E+02   0.822441E+05   0.177914E+04
   0.372700E+03   0.141517E+04   0.317750E+02   0.822441E+05   0.177914E+04
   0.372800E+03   0.141517E+04   0.317750E+02   0.822441E+05   0.177914E+04
   0.372900E+03   0.141517E+04   0.317750E+02   0.822441E+05   0.177914E+04
   0.373000E+03   0.141517E+04   0.317750E+02   0.822441E+05   0.177914E+04
   0.373100E+03   0.141517E+04   0.317750E+02   0.822441E+05   0.177912E+04
   0.373200E+03   0.141517E+04   0.317750E+02   0.822441E+05   0.177912E+04
   0.373300E+03   0.141517E+04   0.317750E+02   0.822441E+05   0.177912E+04
   0.373400E+03   0.141517E+04   0.317750E+02   0.822441E+05   0.177912E+04
   0.373500E+03   0.141517E+04   0.317750E+02   0.822441E+05   0.177913E+04
   0.373600E+03   0.141517E+04   0.317750E+02   0.822441E+05   0.177913E+04
   0.373700E+03   0.141517E+04   0.317750E+02   0.822441E+05   0.177913E+04
   0.373800E+03   0.141517E+04   0.317750E+02   0.822441E+05   0.177913E+04
   0.373900E+03   0.141517E+04   0.317750E+02   0.822441E+05   0.177913E+04
   0.374000E+03   0.141517E+04   0.317750E+02   0.822441E+05   0.177913E+04
   0.374100E+03   0.141517E+04   0.317750E+02   0.822441E+05   0.177913E+04
   0.374200E+03   0.141517E+04   0.317750E+02   0.822441E+05   0.177913E+04
   0.374300E+03   0.141517E+04   0.317750E+02   0.822441E+05   0.177913E+04
   0.374400E+03   0.141517E+04   0.317750E+02   0.822441E+05   0.177913E+04
   0.374500E+03   0.141517E+04   0.317750E+02   0.822441E+05   0.177913E+04
   0.374600E+03   0.141517E+04   0.317750E+02   0.822441E+05   0.177913E+04
   0.374700E+03   0.141517E+04   0.317750E+02   0.822441E+05   0.177913E+04
   0.374800E+03   0.141517E+04   0.317750E+02   0.822441E+05   0.177913E+04
   0.374900E+03   0.141517E+04   0.317750E+02   0.822441E+05   0.177913E+04
   0.375000E+03   0.141517E+04   0.317750E+02   0.822441E+05   0.177913E+04
   0.375100E+03   0.141517E+04   0.317750E+02   0.822441E+05   0.177913E+04
   0.375200E+03   0.141517E+04   0.317750E+02   0.822441E+05   0.177913E+04
   0.375300E+03   0.141517E+04   0.317750E+02   0.822441E+05   0.177913E+04
   0.375400E+03   0.141517E+04   0.317750E+02   0.822441E+05   0.177913E+04
   0.375500E+03   0.141517E+04   0.317750E+02   0.822441E+05   0.177913E+04
   0.375600E+03   0.141517E+04   0.317750E+02   0.822441E+05   0.177913E+04
   0.375700E+03   0.141517E+04   0.317750E+02   0.822441E+05   0.177913E+04
   0.375800E+03   0.141517E+04   0.317750E+02   0.822441E+05   0.177913E+04
   0.375900E+03   0.141517E+04   0.317750E+02   0.822441E+05   0.177913E+04
   0.376000E+03   0.141517E+04   0.317750E+02   0.822441E+05   0.177913E+04
   0.376100E+03   0.141517E+04   0.317750E+02   0.822441E+05   0.177913E+04
   0.376200E+03   0.141517E+04   0.317750E+02   0.822441E+05   0.177913E+04
   0.376300E+03   0.141517E+04   0.317750E+02   0.822441E+05   0.177913E+04
   0.376400E+03   0.141517E+04   0.317750E+02   0.822441E+05   0.177913E+04
   0.376500E+03   0.141517E+04   0.317750E+02   0.822441E+05   0.177913E+04
   0.376600E+03   0.141517E+04   0.317750E+02   0.822441E+05   0.177913E+04
   0.376700E+03   0.141517E+04   0.317750E+02   0.822441E+05   0.177913E+04
   0.376800E+03   0.141517E+04   0.317750E+02   0.822441E+05   0.177913E+04
   0.376900E+03   0.141517E+04   0.317750E+02   0.822441E+05   0.177913E+04
   0.377000E+03   0.141517E+04   0.317750E+02   0.822441E+05   0.177913E+04
   0.377100E+03   0.141517E+04   0.317750E+02   0.822441E+05   0.177913E+04
   0.377200E+03   0.141517E+04   0.317750E+02   0.822441E+05   0.177913E+04
   0.377300E+03   0.141517E+04   0.317750E+02   0.822441E+05   0.177913E+04
   0.377400E+03   0.141517E+04   0.317750E+02   0.822441E+05   0.177913E+04
   0.377500E+03   0.141517E+04   0.317750E+02   0.822442E+05   0.177911E+04
   0.377600E+03   0.141517E+04   0.317750E+02   0.822442E+05   0.177911E+04
   0.377700E+03   0.141517E+04   0.317750E+02   0.822442E+05   0.177911E+04
   0.377800E+03   0.141517E+04   0.317754E+02   0.822442E+05   0.177911E+04
   0.377900E+03   0.141517E+04   0.317754E+02   0.822442E+05   0.177911E+04
   0.378000E+03   0.141517E+04   0.317754E+02   0.822442E+05   0.177911E+04
   0.378100E+03   0.141517E+04   0.317754E+02   0.822442E+05   0.177911E+04
   0.378200E+03   0.141517E+04   0.317754E+02   0.822442E+05   0.177911E+04
   0.378300E+03   0.141517E+04   0.317754E+02   0.822442E+05   0.177911E+04
   0.378400E+03   0.141517E+04   0.317754E+02   0.822442E+05   0.177911E+04
   0.378500E+03   0.141517E+04   0.317754E+02   0.822442E+05   0.177911E+04
   0.378600E+03   0.141517E+04   0.317754E+02   0.822442E+05   0.177911E+04
   0.378700E+03   0.141517E+04   0.317754E+02   0.822442E+05   0.177911E+04
   0.378800E+03   0.141517E+04   0.317754E+02   0.822442E+05   0.177911E+04
   0.378900E+03   0.141517E+04   0.317754E+02   0.822442E+05   0.177911E+04
   0.379000E+03   0.141517E+04   0.317754E+02   0.822442E+05   0.177911E+04
   0.379100E+03   0.141517E+04   0.317754E+02   0.822442E+05   0.177911E+04
   0.379200E+03   0.141517E+04   0.317754E+02   0.822442E+05   0.177911E+04
   0.379300E+03   0.141517E+04   0.317754E+02   0.822442E+05   0.177911E+04
   0.379400E+03   0.141517E+04   0.317754E+02   0.822442E+05   0.177911E+04
   0.379500E+03   0.141517E+04   0.317754E+02   0.822442E+05   0.177911E+04
   0.379600E+03   0.141517E+04   0.317754E+02   0.822442E+05   0.177911E+04
   0.379700E+03   0.141517E+04   0.317754E+02   0.822442E+05   0.177911E+04
   0.379800E+03   0.141517E+04   0.317754E+02   0.822442E+05   0.177911E+04
   0.379900E+03   0.141517E+04   0.317754E+02   0.822442E+05   0.177911E+04
   0.380000E+03   0.141517E+04   0.317754E+02   0.822442E+05   0.177911E+04
   0.380100E+03   0.141517E+04   0.317754E+02   0.822442E+05   0.177911E+04
   0.380200E+03   0.141517E+04   0.317754E+02   0.822442E+05   0.177911E+04
   0.380300E+03   0.141517E+04   0.317754E+02   0.822442E+05   0.177911E+04
   0.380400E+03   0.141517E+04   0.317754E+02   0.822442E+05   0.177911E+04
   0.380500E+03   0.141517E+04   0.317754E+02   0.822442E+05   0.177911E+04
   0.380600E+03   0.141517E+04   0.317754E+02   0.822442E+05   0.177911E+04
   0.380700E+03   0.141517E+04   0.317754E+02   0.822442E+05   0.177911E+04
   0.380800E+03   0.141517E+04   0.317754E+02   0.822442E+05   0.177911E+04
   0.380900E+03   0.141517E+04   0.317754E+02   0.822442E+05   0.177911E+04
   0.381000E+03   0.141517E+04   0.317754E+02   0.822442E+05   0.177911E+04
   0.381100E+03   0.141517E+04   0.317754E+02   0.822442E+05   0.177911E+04
   0.381200E+03   0.141517E+04   0.317754E+02   0.822442E+05   0.177911E+04
   0.381300E+03   0.141517E+04   0.317754E+02   0.822442E+05   0.177911E+04
   0.381400E+03   0.141517E+04   0.317754E+02   0.822442E+05   0.177911E+04
   0.381500E+03   0.141517E+04   0.317754E+02   0.822442E+05   0.177911E+04
   0.381600E+03   0.141517E+04   0.317754E+02   0.822442E+05   0.177911E+04
   0.381700E+03   0.141517E+04   0.317754E+02   0.822442E+05   0.177911E+04
   0.381800E+03   0.141517E+04   0.317754E+02   0.822442E+05   0.177911E+04
   0.381900E+03   0.141517E+04   0.317754E+02   0.822442E+05   0.177911E+04
   0.382000E+03   0.141517E+04   0.317754E+02   0.822442E+05   0.177911E+04
   0.382100E+03   0.141517E+04   0.317754E+02   0.822442E+05   0.177911E+04
   0.382200E+03   0.141517E+04   0.317754E+02   0.822442E+05   0.177912E+04
   0.382300E+03   0.141517E+04   0.317754E+02   0.822442E+05   0.177912E+04
   0.382400E+03   0.141517E+04   0.317754E+02   0.822442E+05   0.177912E+04
   0.382500E+03   0.141517E+04   0.317754E+02   0.822442E+05   0.177912E+04
   0.382600E+03   0.141517E+04   0.317754E+02   0.822442E+05   0.177912E+04
   0.382700E+03   0.141517E+04   0.317754E+02   0.822442E+05   0.177912E+04
   0.382800E+03   0.141517E+04   0.317754E+02   0.822442E+05   0.177912E+04
   0.382900E+03   0.141517E+04   0.317754E+02   0.822442E+05   0.177912E+04
   0.383000E+03   0.141517E+04   0.317754E+02   0.822442E+05   0.177912E+04
   0.383100E+03   0.141517E+04   0.317754E+02   0.822442E+05   0.177912E+04
   0.383200E+03   0.141517E+04   0.317754E+02   0.822442E+05   0.177912E+04
   0.383300E+03   0.141517E+04   0.317754E+02   0.822442E+05   0.177912E+04
   0.383400E+03   0.141517E+04   0.317754E+02   0.822442E+05   0.177912E+04
   0.383500E+03   0.141517E+04   0.317754E+02   0.822442E+05   0.177912E+04
   0.383600E+03   0.141517E+04   0.317754E+02   0.822442E+05   0.177912E+04
   0.383700E+03   0.141517E+04   0.317754E+02   0.822442E+05   0.177912E+04
   0.383800E+03   0.141517E+04   0.317754E+02   0.822442E+05   0.177912E+04
   0.383900E+03   0.141517E+04   0.317754E+02   0.822442E+05   0.177912E+04
   0.384000E+03   0.141517E+04   0.317754E+02   0.822442E+05   0.177912E+04
   0.384100E+03   0.141517E+04   0.317754E+02   0.822442E+05   0.177912E+04
   0.384200E+03   0.141517E+04   0.317754E+02   0.822442E+05   0.177912E+04
   0.384300E+03   0.141517E+04   0.317754E+02   0.822442E+05   0.177912E+04
   0.384400E+03   0.141517E+04   0.317754E+02   0.822442E+05   0.177912E+04
   0.384500E+03   0.141517E+04   0.317754E+02   0.822442E+05   0.177912E+04
   0.384600E+03   0.141517E+04   0.317754E+02   0.822442E+05   0.177912E+04
   0.384700E+03   0.141517E+04   0.317754E+02   0.822442E+05   0.177912E+04
   0.384800E+03   0.141517E+04   0.317754E+02   0.822442E+05   0.177912E+04
   0.384900E+03   0.141517E+04   0.317754E+02   0.822442E+05   0.177912E+04
   0.385000E+03   0.141517E+04   0.317754E+02   0.822442E+05   0.177912E+04
   0.385100E+03   0.141517E+04   0.317754E+02   0.822442E+05   0.177912E+04
   0.385200E+03   0.141517E+04   0.317754E+02   0.822442E+05   0.177912E+04
   0.385300E+03   0.141517E+04   0.317754E+02   0.822442E+05   0.177912E+04
   0.385400E+03   0.141517E+04   0.317754E+02   0.822442E+05   0.177912E+04
   0.385500E+03   0.141517E+04   0.317754E+02   0.822442E+05   0.177912E+04
   0.385600E+03   0.141517E+04   0.317754E+02   0.822442E+05   0.177912E+04
   0.385700E+03   0.141517E+04   0.317754E+02   0.822442E+05   0.177912E+04
   0.385800E+03   0.141517E+04   0.317754E+02   0.822442E+05   0.177912E+04
   0.385900E+03   0.141517E+04   0.317754E+02   0.822442E+05   0.177912E+04
   0.386000E+03   0.141517E+04   0.317754E+02   0.822442E+05   0.177912E+04
   0.386100E+03   0.141517E+04   0.317754E+02   0.822442E+05   0.177912E+04
   0.386200E+03   0.141517E+04   0.317754E+02   0.822442E+05   0.177912E+04
   0.386300E+03   0.141517E+04   0.317754E+02   0.822442E+05   0.177912E+04
   0.386400E+03   0.141517E+04   0.317754E+02   0.822442E+05   0.177912E+04
   0.386500E+03   0.141517E+04   0.317754E+02   0.822442E+05   0.177912E+04
   0.386600E+03   0.141517E+04   0.317754E+02   0.822442E+05   0.177912E+04
   0.386700E+03   0.141517E+04   0.317754E+02   0.822442E+05   0.177912E+04
   0.386800E+03   0.141517E+04   0.317754E+02   0.822442E+05   0.177912E+04
   0.386900E+03   0.141517E+04   0.317754E+02   0.822442E+05   0.177912E+04
   0.387000E+03   0.141517E+04   0.317754E+02   0.822442E+05   0.177912E+04
   0.387100E+03   0.141517E+04   0.317754E+02   0.822442E+05   0.177913E+04
   0.387200E+03   0.141517E+04   0.317754E+02   0.822442E+05   0.177913E+04
   0.387300E+03   0.141517E+04   0.317754E+02   0.822442E+05   0.177913E+04
   0.387400E+03   0.141517E+04   0.317754E+02   0.822442E+05   0.177913E+04
   0.387500E+03   0.141517E+04   0.317754E+02   0.822442E+05   0.177913E+04
   0.387600E+03   0.141517E+04   0.317754E+02   0.822442E+05   0.177913E+04
   0.387700E+03   0.141517E+04   0.317754E+02   0.822442E+05   0.177913E+04
   0.387800E+03   0.141517E+04   0.317754E+02   0.822442E+05   0.177913E+04
   0.387900E+03   0.141517E+04   0.317754E+02   0.822442E+05   0.177913E+04
   0.388000E+03   0.141517E+04   0.317754E+02   0.822442E+05   0.177913E+04
   0.388100E+03   0.141517E+04   0.317754E+02   0.822442E+05   0.177913E+04
   0.388200E+03   0.141517E+04   0.317754E+02   0.822442E+05   0.177913E+04
   0.388300E+03   0.141517E+04   0.317754E+02   0.822442E+05   0.177913E+04
   0.388400E+03   0.141517E+04   0.317754E+02   0.822442E+05   0.177913E+04
   0.388500E+03   0.141517E+04   0.317754E+02   0.822442E+05   0.177913E+04
   0.388600E+03   0.141517E+04   0.317754E+02   0.822442E+05   0.177913E+04
   0.388700E+03   0.141517E+04   0.317754E+02   0.822442E+05   0.177913E+04
   0.388800E+03   0.141517E+04   0.317754E+02   0.822442E+05   0.177913E+04
   0.388900E+03   0.141517E+04   0.317754E+02   0.822442E+05   0.177913E+04
   0.389000E+03   0.141517E+04   0.317754E+02   0.822442E+05   0.177913E+04
   0.389100E+03   0.141517E+04   0.317754E+02   0.822442E+05   0.177913E+04
   0.389200E+03   0.141517E+04   0.317754E+02   0.822442E+05   0.177913E+04
   0.389300E+03   0.141517E+04   0.317754E+02   0.822442E+05   0.177913E+04
   0.389400E+03   0.141517E+04   0.317754E+02   0.822442E+05   0.177913E+04
   0.389500E+03   0.141517E+04   0.317754E+02   0.822442E+05   0.177913E+04
   0.389600E+03   0.141517E+04   0.317754E+02   0.822442E+05   0.177913E+04
   0.389700E+03   0.141517E+04   0.317754E+02   0.822442E+05   0.177913E+04
   0.389800E+03   0.141517E+04   0.317754E+02   0.822442E+05   0.177913E+04
   0.389900E+03   0.141517E+04   0.317754E+02   0.822442E+05   0.177913E+04
   0.390000E+03   0.141517E+04   0.317754E+02   0.822442E+05   0.177913E+04
   0.390100E+03   0.141517E+04   0.317754E+02   0.822442E+05   0.177913E+04
   0.390200E+03   0.141517E+04   0.317754E+02   0.822442E+05   0.177913E+04
   0.390300E+03   0.141517E+04   0.317754E+02   0.822442E+05   0.177913E+04
   0.390400E+03   0.141517E+04   0.317754E+02   0.822442E+05   0.177913E+04
   0.390500E+03   0.141517E+04   0.317754E+02   0.822442E+05   0.177913E+04
   0.390600E+03   0.141517E+04   0.317754E+02   0.822442E+05   0.177913E+04
   0.390700E+03   0.141517E+04   0.317754E+02   0.822442E+05   0.177913E+04
   0.390800E+03   0.141517E+04   0.317754E+02   0.822442E+05   0.177913E+04
   0.390900E+03   0.141517E+04   0.317754E+02   0.822442E+05   0.177913E+04
   0.391000E+03   0.141517E+04   0.317754E+02   0.822442E+05   0.177913E+04
   0.391100E+03   0.141517E+04   0.317754E+02   0.822442E+05   0.177913E+04
   0.391200E+03   0.141517E+04   0.317754E+02   0.822442E+05   0.177913E+04
   0.391300E+03   0.141517E+04   0.317754E+02   0.822442E+05   0.177913E+04
   0.391400E+03   0.141517E+04   0.317754E+02   0.822442E+05   0.177913E+04
   0.391500E+03   0.141517E+04   0.317754E+02   0.822442E+05   0.177913E+04
   0.391600E+03   0.141517E+04   0.317754E+02   0.822442E+05   0.177913E+04
   0.391700E+03   0.141517E+04   0.317754E+02   0.822442E+05   0.177913E+04
   0.391800E+03   0.141517E+04   0.317754E+02   0.822442E+05   0.177913E+04
   0.391900E+03   0.141517E+04   0.317754E+02   0.822442E+05   0.177913E+04
   0.392000E+03   0.141517E+04   0.317754E+02   0.822442E+05   0.177913E+04
   0.392100E+03   0.141517E+04   0.317754E+02   0.822442E+05   0.177913E+04
   0.392200E+03   0.141517E+04   0.317754E+02   0.822442E+05   0.177913E+04
   0.392300E+03   0.141517E+04   0.317754E+02   0.822442E+05   0.177913E+04
   0.392400E+03   0.141517E+04   0.317754E+02   0.822442E+05   0.177913E+04
   0.392500E+03   0.141517E+04   0.317754E+02   0.822442E+05   0.177911E+04
   0.392600E+03   0.141517E+04   0.317754E+02   0.822442E+05   0.177911E+04
   0.392700E+03   0.141517E+04   0.317754E+02   0.822442E+05   0.177911E+04
   0.392800E+03   0.141517E+04   0.317754E+02   0.822442E+05   0.177911E+04
   0.392900E+03   0.141517E+04   0.317754E+02   0.822442E+05   0.177911E+04
   0.393000E+03   0.141517E+04   0.317754E+02   0.822442E+05   0.177911E+04
   0.393100E+03   0.141517E+04   0.317754E+02   0.822442E+05   0.177911E+04
   0.393200E+03   0.141517E+04   0.317754E+02   0.822442E+05   0.177911E+04
   0.393300E+03   0.141517E+04   0.317754E+02   0.822442E+05   0.177911E+04
   0.393400E+03   0.141517E+04   0.317754E+02   0.822442E+05   0.177911E+04
   0.393500E+03   0.141517E+04   0.317754E+02   0.822442E+05   0.177911E+04
   0.393600E+03   0.141517E+04   0.317754E+02   0.822442E+05   0.177911E+04
   0.393700E+03   0.141517E+04   0.317754E+02   0.822442E+05   0.177911E+04
   0.393800E+03   0.141517E+04   0.317754E+02   0.822442E+05   0.177911E+04
   0.393900E+03   0.141517E+04   0.317754E+02   0.822442E+05   0.177911E+04
   0.394000E+03   0.141517E+04   0.317754E+02   0.822442E+05   0.177911E+04
   0.394100E+03   0.141517E+04   0.317754E+02   0.822442E+05   0.177911E+04
   0.394200E+03   0.141517E+04   0.317754E+02   0.822442E+05   0.177911E+04
   0.394300E+03   0.141517E+04   0.317754E+02   0.822442E+05   0.177911E+04
   0.394400E+03   0.141517E+04   0.317754E+02   0.822442E+05   0.177909E+04
   0.394500E+03   0.141517E+04   0.317754E+02   0.822442E+05   0.177909E+04
   0.394600E+03   0.141517E+04   0.317754E+02   0.822442E+05   0.177909E+04
   0.394700E+03   0.141517E+04   0.317754E+02   0.822442E+05   0.177909E+04
   0.394800E+03   0.141517E+04   0.317754E+02   0.822442E+05   0.177909E+04
   0.394900E+03   0.141517E+04   0.317754E+02   0.822442E+05   0.177909E+04
   0.395000E+03   0.141517E+04   0.317754E+02   0.822442E+05   0.177909E+04
   0.395100E+03   0.141517E+04   0.317754E+02   0.822442E+05   0.177909E+04
   0.395200E+03   0.141517E+04   0.317754E+02   0.822442E+05   0.177909E+04
   0.395300E+03   0.141517E+04   0.317754E+02   0.822442E+05   0.177909E+04
   0.395400E+03   0.141517E+04   0.317754E+02   0.822442E+05   0.177909E+04
   0.395500E+03   0.141517E+04   0.317754E+02   0.822442E+05   0.177909E+04
   0.395600E+03   0.141517E+04   0.317754E+02   0.822442E+05   0.177909E+04
   0.395700E+03   0.141517E+04   0.317754E+02   0.822442E+05   0.177909E+04
   0.395800E+03   0.141517E+04   0.317754E+02   0.822442E+05   0.177909E+04
   0.395900E+03   0.141517E+04   0.317754E+02   0.822442E+05   0.177909E+04
   0.396000E+03   0.141517E+04   0.317754E+02   0.822442E+05   0.177909E+04
   0.396100E+03   0.141517E+04   0.317754E+02   0.822442E+05   0.177909E+04
   0.396200E+03   0.141517E+04   0.317754E+02   0.822442E+05   0.177909E+04
   0.396300E+03   0.141517E+04   0.317754E+02   0.822442E+05   0.177909E+04
   0.396400E+03   0.141517E+04   0.317754E+02   0.822442E+05   0.177909E+04
   0.396500E+03   0.141517E+04   0.317754E+02   0.822442E+05   0.177910E+04
   0.396600E+03   0.141517E+04   0.317754E+02   0.822442E+05   0.177910E+04
   0.396700E+03   0.141517E+04   0.317754E+02   0.822442E+05   0.177910E+04
   0.396800E+03   0.141517E+04   0.317754E+02   0.822442E+05   0.177910E+04
   0.396900E+03   0.141517E+04   0.317754E+02   0.822442E+05   0.177910E+04
   0.397000E+03   0.141517E+04   0.317754E+02   0.822442E+05   0.177910E+04
   0.397100E+03   0.141517E+04   0.317754E+02   0.822442E+05   0.177910E+04
   0.397200E+03   0.141517E+04   0.317754E+02   0.822442E+05   0.177910E+04
   0.397300E+03   0.141517E+04   0.317754E+02   0.822442E+05   0.177910E+04
   0.397400E+03   0.141517E+04   0.317754E+02   0.822442E+05   0.177910E+04
   0.397500E+03   0.141517E+04   0.317754E+02   0.822442E+05   0.177910E+04
   0.397600E+03   0.141517E+04   0.317754E+02   0.822442E+05   0.177910E+04
   0.397700E+03   0.141517E+04   0.317754E+02   0.822442E+05   0.177910E+04
   0.397800E+03   0.141517E+04   0.317754E+02   0.822442E+05   0.177911E+04
   0.397900E+03   0.141517E+04   0.317754E+02   0.822442E+05   0.177911E+04
   0.398000E+03   0.141517E+04   0.317754E+02   0.822442E+05   0.177911E+04
   0.398100E+03   0.141517E+04   0.317754E+02   0.822442E+05   0.177911E+04
   0.398200E+03   0.141517E+04   0.317754E+02   0.822442E+05   0.177911E+04
   0.398300E+03   0.141517E+04   0.317754E+02   0.822442E+05   0.177911E+04
   0.398400E+03   0.141517E+04   0.317754E+02   0.822442E+05   0.177911E+04
   0.398500E+03   0.141517E+04   0.317754E+02   0.822442E+05   0.177911E+04
   0.398600E+03   0.141517E+04   0.317754E+02   0.822442E+05   0.177911E+04
   0.398700E+03   0.141517E+04   0.317754E+02   0.822442E+05   0.177911E+04
   0.398800E+03   0.141517E+04   0.317754E+02   0.822442E+05   0.177911E+04
   0.398900E+03   0.141517E+04   0.317754E+02   0.822442E+05   0.177911E+04
   0.399000E+03   0.141517E+04   0.317754E+02   0.822442E+05   0.177911E+04
   0.399100E+03   0.141517E+04   0.317754E+02   0.822442E+05   0.177911E+04
   0.399200E+03   0.141517E+04   0.317754E+02   0.822442E+05   0.177911E+04
   0.399300E+03   0.141517E+04   0.317754E+02   0.822442E+05   0.177911E+04
   0.399400E+03   0.141517E+04   0.317754E+02   0.822442E+05   0.177911E+04
   0.399500E+03   0.141517E+04   0.317754E+02   0.822442E+05   0.177911E+04
   0.399600E+03   0.141517E+04   0.317754E+02   0.822442E+05   0.177911E+04
   0.399700E+03   0.141517E+04   0.317754E+02   0.822442E+05   0.177911E+04
   0.399800E+03   0.141517E+04   0.317754E+02   0.822442E+05   0.177911E+04
   0.399900E+03   0.141517E+04   0.317754E+02   0.822442E+05   0.177911E+04
   0.400000E+03   0.141517E+04   0.317754E+02   0.822442E+05   0.177911E+04
   0.400100E+03   0.141517E+04   0.317754E+02   0.822442E+05   0.177911E+04
   0.400200E+03   0.141517E+04   0.317754E+02   0.822442E+05   0.177911E+04
   0.400300E+03   0.141517E+04   0.317754E+02   0.822442E+05   0.177911E+04
   0.400400E+03   0.141517E+04   0.317754E+02   0.822442E+05   0.177911E+04
   0.400500E+03   0.141517E+04   0.317754E+02   0.822442E+05   0.177911E+04
   0.400600E+03   0.141517E+04   0.317754E+02   0.822442E+05   0.177911E+04
   0.400700E+03   0.141517E+04   0.317754E+02   0.822442E+05   0.177911E+04
   0.400800E+03   0.141517E+04   0.317754E+02   0.822442E+05   0.177911E+04
   0.400900E+03   0.141517E+04   0.317754E+02   0.822442E+05   0.177911E+04
   0.401000E+03   0.141517E+04   0.317754E+02   0.822442E+05   0.177911E+04
   0.401100E+03   0.141517E+04   0.317754E+02   0.822442E+05   0.177911E+04
   0.401200E+03   0.141517E+04   0.317754E+02   0.822442E+05   0.177911E+04
   0.401300E+03   0.141517E+04   0.317754E+02   0.822442E+05   0.177911E+04
   0.401400E+03   0.141517E+04   0.317754E+02   0.822442E+05   0.177911E+04
   0.401500E+03   0.141517E+04   0.317754E+02   0.822442E+05   0.177911E+04
   0.401600E+03   0.141517E+04   0.317754E+02   0.822442E+05   0.177911E+04
   0.401700E+03   0.141517E+04   0.317754E+02   0.822442E+05   0.177911E+04
   0.401800E+03   0.141517E+04   0.317754E+02   0.822442E+05   0.177911E+04
   0.401900E+03   0.141517E+04   0.317754E+02   0.822442E+05   0.177911E+04
   0.402000E+03   0.141517E+04   0.317754E+02   0.822442E+05   0.177911E+04
   0.402100E+03   0.141517E+04   0.317754E+02   0.822442E+05   0.177911E+04
   0.402200E+03   0.141517E+04   0.317754E+02   0.822442E+05   0.177911E+04
   0.402300E+03   0.141517E+04   0.317754E+02   0.822442E+05   0.177910E+04
   0.402400E+03   0.141517E+04   0.317754E+02   0.822442E+05   0.177910E+04
   0.402500E+03   0.141517E+04   0.317754E+02   0.822442E+05   0.177910E+04
   0.402600E+03   0.141517E+04   0.317754E+02   0.822442E+05   0.177910E+04
   0.402700E+03   0.141517E+04   0.317754E+02   0.822442E+05   0.177910E+04
   0.402800E+03   0.141517E+04   0.317754E+02   0.822443E+05   0.177911E+04
   0.402900E+03   0.141517E+04   0.317754E+02   0.822443E+05   0.177911E+04
   0.403000E+03   0.141517E+04   0.317754E+02   0.822443E+05   0.177911E+04
   0.403100E+03   0.141517E+04   0.317754E+02   0.822443E+05   0.177911E+04
   0.403200E+03   0.141517E+04   0.317754E+02   0.822443E+05   0.177911E+04
   0.403300E+03   0.141517E+04   0.317754E+02   0.822443E+05   0.177911E+04
   0.403400E+03   0.141517E+04   0.317754E+02   0.822443E+05   0.177912E+04
   0.403500E+03   0.141517E+04   0.317754E+02   0.822443E+05   0.177912E+04
   0.403600E+03   0.141517E+04   0.317754E+02   0.822443E+05   0.177912E+04
   0.403700E+03   0.141517E+04   0.317754E+02   0.822443E+05   0.177912E+04
   0.403800E+03   0.141517E+04   0.317754E+02   0.822443E+05   0.177912E+04
   0.403900E+03   0.141517E+04   0.317754E+02   0.822443E+05   0.177912E+04
   0.404000E+03   0.141517E+04   0.317754E+02   0.822443E+05   0.177912E+04
   0.404100E+03   0.141517E+04   0.317754E+02   0.822443E+05   0.177912E+04
   0.404200E+03   0.141517E+04   0.317754E+02   0.822443E+05   0.177912E+04
   0.404300E+03   0.141517E+04   0.317754E+02   0.822443E+05   0.177912E+04
   0.404400E+03   0.141517E+04   0.317754E+02   0.822443E+05   0.177912E+04
   0.404500E+03   0.141517E+04   0.317754E+02   0.822443E+05   0.177912E+04
   0.404600E+03   0.141517E+04   0.317754E+02   0.822443E+05   0.177912E+04
   0.404700E+03   0.141517E+04   0.317754E+02   0.822443E+05   0.177912E+04
   0.404800E+03   0.141517E+04   0.317754E+02   0.822443E+05   0.177912E+04
   0.404900E+03   0.141517E+04   0.317754E+02   0.822443E+05   0.177912E+04
   0.405000E+03   0.141517E+04   0.317754E+02   0.822443E+05   0.177912E+04
   0.405100E+03   0.141517E+04   0.317754E+02   0.822443E+05   0.177912E+04
   0.405200E+03   0.141517E+04   0.317754E+02   0.822443E+05   0.177912E+04
   0.405300E+03   0.141517E+04   0.317754E+02   0.822443E+05   0.177912E+04
   0.405400E+03   0.141517E+04   0.317754E+02   0.822443E+05   0.177912E+04
   0.405500E+03   0.141517E+04   0.317754E+02   0.822443E+05   0.177912E+04
   0.405600E+03   0.141517E+04   0.317754E+02   0.822443E+05   0.177912E+04
   0.405700E+03   0.141517E+04   0.317754E+02   0.822443E+05   0.177912E+04
   0.405800E+03   0.141517E+04   0.317754E+02   0.822443E+05   0.177912E+04
   0.405900E+03   0.141517E+04   0.317754E+02   0.822443E+05   0.177912E+04
   0.406000E+03   0.141517E+04   0.317754E+02   0.822443E+05   0.177912E+04
   0.406100E+03   0.141517E+04   0.317754E+02   0.822443E+05   0.177912E+04
   0.406200E+03   0.141517E+04   0.317754E+02   0.822443E+05   0.177912E+04
   0.406300E+03   0.141517E+04   0.317754E+02   0.822443E+05   0.177912E+04
   0.406400E+03   0.141517E+04   0.317754E+02   0.822443E+05   0.177912E+04
   0.406500E+03   0.141517E+04   0.317754E+02   0.822443E+05   0.177912E+04
   0.406600E+03   0.141517E+04   0.317754E+02   0.822443E+05   0.177912E+04
   0.406700E+03   0.141517E+04   0.317754E+02   0.822443E+05   0.177912E+04
   0.406800E+03   0.141517E+04   0.317754E+02   0.822443E+05   0.177912E+04
   0.406900E+03   0.141517E+04   0.317754E+02   0.822443E+05   0.177912E+04
   0.407000E+03   0.141517E+04   0.317754E+02   0.822443E+05   0.177912E+04
   0.407100E+03   0.141517E+04   0.317754E+02   0.822443E+05   0.177912E+04
   0.407200E+03   0.141517E+04   0.317754E+02   0.822443E+05   0.177912E+04
   0.407300E+03   0.141517E+04   0.317754E+02   0.822443E+05   0.177912E+04
   0.407400E+03   0.141517E+04   0.317754E+02   0.822443E+05   0.177912E+04
   0.407500E+03   0.141517E+04   0.317754E+02   0.822443E+05   0.177912E+04
   0.407600E+03   0.141517E+04   0.317754E+02   0.822443E+05   0.177912E+04
   0.407700E+03   0.141517E+04   0.317754E+02   0.822443E+05   0.177912E+04
   0.407800E+03   0.141517E+04   0.317754E+02   0.822443E+05   0.177912E+04
   0.407900E+03   0.141517E+04   0.317754E+02   0.822443E+05   0.177912E+04
   0.408000E+03   0.141517E+04   0.317754E+02   0.822443E+05   0.177912E+04
   0.408100E+03   0.141517E+04   0.317754E+02   0.822443E+05   0.177912E+04
   0.408200E+03   0.141517E+04   0.317754E+02   0.822443E+05   0.177912E+04
   0.408300E+03   0.141517E+04   0.317754E+02   0.822443E+05   0.177912E+04
   0.408400E+03   0.141517E+04   0.317754E+02   0.822443E+05   0.177912E+04
   0.408500E+03   0.141517E+04   0.317754E+02   0.822443E+05   0.177912E+04
   0.408600E+03   0.141517E+04   0.317754E+02   0.822443E+05   0.177912E+04
   0.408700E+03   0.141517E+04   0.317754E+02   0.822443E+05   0.177912E+04
   0.408800E+03   0.141517E+04   0.317754E+02   0.822443E+05   0.177912E+04
   0.408900E+03   0.141517E+04   0.317754E+02   0.822443E+05   0.177912E+04
   0.409000E+03   0.141517E+04   0.317754E+02   0.822443E+05   0.177912E+04
   0.409100E+03   0.141517E+04   0.317754E+02   0.822443E+05   0.177912E+04
   0.409200E+03   0.141517E+04   0.317754E+02   0.822443E+05   0.177912E+04
   0.409300E+03   0.141517E+04   0.317754E+02   0.822443E+05   0.177912E+04
   0.409400E+03   0.141517E+04   0.317754E+02   0.822443E+05   0.177912E+04
   0.409500E+03   0.141517E+04   0.317754E+02   0.822443E+05   0.177912E+04
   0.409600E+03   0.141517E+04   0.317754E+02   0.822443E+05   0.177912E+04
   0.409700E+03   0.141517E+04   0.317754E+02   0.822443E+05   0.177912E+04
   0.409800E+03   0.141517E+04   0.317754E+02   0.822443E+05   0.177912E+04
   0.409900E+03   0.141517E+04   0.317754E+02   0.822443E+05   0.177912E+04
   0.410000E+03   0.141517E+04   0.317754E+02   0.822443E+05   0.177912E+04
   0.410100E+03   0.141517E+04   0.317754E+02   0.822443E+05   0.177912E+04
   0.410200E+03   0.141517E+04   0.317754E+02   0.822443E+05   0.177912E+04
   0.410300E+03   0.141517E+04   0.317754E+02   0.822443E+05   0.177912E+04
   0.410400E+03   0.141517E+04   0.317754E+02   0.822443E+05   0.177912E+04
   0.410500E+03   0.141517E+04   0.317754E+02   0.822443E+05   0.177912E+04
   0.410600E+03   0.141517E+04   0.317754E+02   0.822443E+05   0.177912E+04
   0.410700E+03   0.141517E+04   0.317754E+02   0.822443E+05   0.177912E+04
   0.410800E+03   0.141517E+04   0.317754E+02   0.822443E+05   0.177912E+04
   0.410900E+03   0.141517E+04   0.317754E+02   0.822443E+05   0.177912E+04
   0.411000E+03   0.141517E+04   0.317754E+02   0.822443E+05   0.177912E+04
   0.411100E+03   0.141517E+04   0.317754E+02   0.822443E+05   0.177912E+04
   0.411200E+03   0.141517E+04   0.317754E+02   0.822443E+05   0.177912E+04
   0.411300E+03   0.141517E+04   0.317754E+02   0.822443E+05   0.177912E+04
   0.411400E+03   0.141517E+04   0.317754E+02   0.822443E+05   0.177912E+04
   0.411500E+03   0.141517E+04   0.317754E+02   0.822443E+05   0.177912E+04
   0.411600E+03   0.141517E+04   0.317754E+02   0.822443E+05   0.177912E+04
   0.411700E+03   0.141517E+04   0.317754E+02   0.822443E+05   0.177912E+04
   0.411800E+03   0.141517E+04   0.317754E+02   0.822443E+05   0.177912E+04
   0.411900E+03   0.141517E+04   0.317754E+02   0.822443E+05   0.177912E+04
   0.412000E+03   0.141517E+04   0.317754E+02   0.822443E+05   0.177912E+04
   0.412100E+03   0.141517E+04   0.317754E+02   0.822443E+05   0.177912E+04
   0.412200E+03   0.141517E+04   0.317754E+02   0.822443E+05   0.177912E+04
   0.412300E+03   0.141517E+04   0.317754E+02   0.822443E+05   0.177912E+04
   0.412400E+03   0.141517E+04   0.317754E+02   0.822443E+05   0.177912E+04
   0.412500E+03   0.141517E+04   0.317754E+02   0.822443E+05   0.177912E+04
   0.412600E+03   0.141517E+04   0.317754E+02   0.822443E+05   0.177912E+04
   0.412700E+03   0.141517E+04   0.317754E+02   0.822443E+05   0.177912E+04
   0.412800E+03   0.141517E+04   0.317754E+02   0.822443E+05   0.177912E+04
   0.412900E+03   0.141517E+04   0.317754E+02   0.822443E+05   0.177912E+04
   0.413000E+03   0.141517E+04   0.317754E+02   0.822443E+05   0.177912E+04
   0.413100E+03   0.141517E+04   0.317754E+02   0.822443E+05   0.177912E+04
   0.413200E+03   0.141517E+04   0.317754E+02   0.822443E+05   0.177912E+04
   0.413300E+03   0.141517E+04   0.317754E+02   0.822443E+05   0.177912E+04
   0.413400E+03   0.141517E+04   0.317754E+02   0.822443E+05   0.177912E+04
   0.413500E+03   0.141517E+04   0.317754E+02   0.822443E+05   0.177912E+04
   0.413600E+03   0.141517E+04   0.317754E+02   0.822443E+05   0.177912E+04
   0.413700E+03   0.141517E+04   0.317754E+02   0.822443E+05   0.177912E+04
   0.413800E+03   0.141517E+04   0.317754E+02   0.822443E+05   0.177912E+04
   0.413900E+03   0.141517E+04   0.317754E+02   0.822443E+05   0.177912E+04
   0.414000E+03   0.141517E+04   0.317754E+02   0.822443E+05   0.177912E+04
   0.414100E+03   0.141517E+04   0.317754E+02   0.822443E+05   0.177912E+04
   0.414200E+03   0.141517E+04   0.317754E+02   0.822443E+05   0.177912E+04
   0.414300E+03   0.141517E+04   0.317754E+02   0.822443E+05   0.177912E+04
   0.414400E+03   0.141517E+04   0.317754E+02   0.822443E+05   0.177912E+04
   0.414500E+03   0.141517E+04   0.317754E+02   0.822443E+05   0.177912E+04
   0.414600E+03   0.141517E+04   0.317754E+02   0.822443E+05   0.177912E+04
   0.414700E+03   0.141517E+04   0.317754E+02   0.822443E+05   0.177912E+04
   0.414800E+03   0.141517E+04   0.317754E+02   0.822443E+05   0.177912E+04
   0.414900E+03   0.141517E+04   0.317754E+02   0.822443E+05   0.177912E+04
   0.415000E+03   0.141517E+04   0.317754E+02   0.822443E+05   0.177912E+04
   0.415100E+03   0.141517E+04   0.317754E+02   0.822443E+05   0.177912E+04
   0.415200E+03   0.141517E+04   0.317754E+02   0.822443E+05   0.177912E+04
   0.415300E+03   0.141517E+04   0.317754E+02   0.822443E+05   0.177912E+04
   0.415400E+03   0.141517E+04   0.317754E+02   0.822443E+05   0.177912E+04
   0.415500E+03   0.141517E+04   0.317754E+02   0.822443E+05   0.177912E+04
   0.415600E+03   0.141517E+04   0.317754E+02   0.822443E+05   0.177912E+04
   0.415700E+03   0.141517E+04   0.317754E+02   0.822443E+05   0.177912E+04
   0.415800E+03   0.141517E+04   0.317754E+02   0.822443E+05   0.177912E+04
   0.415900E+03   0.141517E+04   0.317754E+02   0.822443E+05   0.177912E+04
   0.416000E+03   0.141517E+04   0.317754E+02   0.822443E+05   0.177912E+04
   0.416100E+03   0.141517E+04   0.317754E+02   0.822443E+05   0.177912E+04
   0.416200E+03   0.141517E+04   0.317754E+02   0.822443E+05   0.177912E+04
   0.416300E+03   0.141517E+04   0.317754E+02   0.822443E+05   0.177912E+04
   0.416400E+03   0.141517E+04   0.317754E+02   0.822443E+05   0.177912E+04
   0.416500E+03   0.141517E+04   0.317754E+02   0.822443E+05   0.177912E+04
   0.416600E+03   0.141517E+04   0.317754E+02   0.822443E+05   0.177912E+04
   0.416700E+03   0.141517E+04   0.317754E+02   0.822443E+05   0.177912E+04
   0.416800E+03   0.141517E+04   0.317754E+02   0.822443E+05   0.177912E+04
   0.416900E+03   0.141517E+04   0.317754E+02   0.822443E+05   0.177912E+04
   0.417000E+03   0.141517E+04   0.317754E+02   0.822443E+05   0.177912E+04
   0.417100E+03   0.141517E+04   0.317754E+02   0.822443E+05   0.177912E+04
   0.417200E+03   0.141517E+04   0.317754E+02   0.822443E+05   0.177912E+04
   0.417300E+03   0.141517E+04   0.317754E+02   0.822443E+05   0.177912E+04
   0.417400E+03   0.141517E+04   0.317754E+02   0.822443E+05   0.177912E+04
   0.417500E+03   0.141517E+04   0.317754E+02   0.822443E+05   0.177912E+04
   0.417600E+03   0.141517E+04   0.317754E+02   0.822443E+05   0.177912E+04
   0.417700E+03   0.141517E+04   0.317754E+02   0.822443E+05   0.177912E+04
   0.417800E+03   0.141517E+04   0.317754E+02   0.822443E+05   0.177912E+04
   0.417900E+03   0.141517E+04   0.317754E+02   0.822443E+05   0.177912E+04
   0.418000E+03   0.141517E+04   0.317754E+02   0.822443E+05   0.177912E+04
   0.418100E+03   0.141517E+04   0.317754E+02   0.822443E+05   0.177912E+04
   0.418200E+03   0.141517E+04   0.317754E+02   0.822443E+05   0.177912E+04
   0.418300E+03   0.141517E+04   0.317754E+02   0.822443E+05   0.177912E+04
   0.418400E+03   0.141517E+04   0.317754E+02   0.822443E+05   0.177912E+04
   0.418500E+03   0.141517E+04   0.317754E+02   0.822443E+05   0.177912E+04
   0.418600E+03   0.141517E+04   0.317754E+02   0.822443E+05   0.177912E+04
   0.418700E+03   0.141517E+04   0.317754E+02   0.822443E+05   0.177912E+04
   0.418800E+03   0.141517E+04   0.317754E+02   0.822443E+05   0.177912E+04
   0.418900E+03   0.141517E+04   0.317754E+02   0.822443E+05   0.177912E+04
   0.419000E+03   0.141517E+04   0.317754E+02   0.822443E+05   0.177912E+04
   0.419100E+03   0.141517E+04   0.317754E+02   0.822443E+05   0.177912E+04
   0.419200E+03   0.141517E+04   0.317754E+02   0.822443E+05   0.177912E+04
   0.419300E+03   0.141517E+04   0.317754E+02   0.822443E+05   0.177912E+04
   0.419400E+03   0.141517E+04   0.317754E+02   0.822443E+05   0.177912E+04
   0.419500E+03   0.141517E+04   0.317754E+02   0.822443E+05   0.177912E+04
   0.419600E+03   0.141517E+04   0.317754E+02   0.822443E+05   0.177912E+04
   0.419700E+03   0.141517E+04   0.317754E+02   0.822443E+05   0.177912E+04
   0.419800E+03   0.141517E+04   0.317754E+02   0.822443E+05   0.177912E+04
   0.419900E+03   0.141517E+04   0.317754E+02   0.822443E+05   0.177912E+04
   0.420000E+03   0.141517E+04   0.317754E+02   0.822443E+05   0.177912E+04
   0.420100E+03   0.141517E+04   0.317754E+02   0.822443E+05   0.177912E+04
   0.420200E+03   0.141517E+04   0.317754E+02   0.822443E+05   0.177912E+04
   0.420300E+03   0.141517E+04   0.317754E+02   0.822443E+05   0.177912E+04
   0.420400E+03   0.141517E+04   0.317754E+02   0.822443E+05   0.177912E+04
   0.420500E+03   0.141517E+04   0.317754E+02   0.822443E+05   0.177912E+04
   0.420600E+03   0.141517E+04   0.317754E+02   0.822443E+05   0.177912E+04
   0.420700E+03   0.141517E+04   0.317754E+02   0.822443E+05   0.177912E+04
   0.420800E+03   0.141517E+04   0.317754E+02   0.822443E+05   0.177912E+04
   0.420900E+03   0.141517E+04   0.317754E+02   0.822443E+05   0.177912E+04
   0.421000E+03   0.141517E+04   0.317754E+02   0.822443E+05   0.177912E+04
   0.421100E+03   0.141517E+04   0.317754E+02   0.822443E+05   0.177912E+04
   0.421200E+03   0.141517E+04   0.317754E+02   0.822443E+05   0.177912E+04
   0.421300E+03   0.141517E+04   0.317754E+02   0.822443E+05   0.177912E+04
   0.421400E+03   0.141517E+04   0.317754E+02   0.822443E+05   0.177912E+04
   0.421500E+03   0.141517E+04   0.317754E+02   0.822443E+05   0.177912E+04
   0.421600E+03   0.141517E+04   0.317754E+02   0.822443E+05   0.177912E+04
   0.421700E+03   0.141517E+04   0.317754E+02   0.822443E+05   0.177912E+04
   0.421800E+03   0.141517E+04   0.317754E+02   0.822443E+05   0.177912E+04
   0.421900E+03   0.141517E+04   0.317754E+02   0.822443E+05   0.177912E+04
   0.422000E+03   0.141517E+04   0.317754E+02   0.822443E+05   0.177912E+04
   0.422100E+03   0.141517E+04   0.317754E+02   0.822443E+05   0.177912E+04
   0.422200E+03   0.141517E+04   0.317754E+02   0.822443E+05   0.177912E+04
   0.422300E+03   0.141517E+04   0.317754E+02   0.822443E+05   0.177912E+04
   0.422400E+03   0.141517E+04   0.317754E+02   0.822443E+05   0.177912E+04
   0.422500E+03   0.141517E+04   0.317754E+02   0.822443E+05   0.177912E+04
   0.422600E+03   0.141517E+04   0.317754E+02   0.822443E+05   0.177912E+04
   0.422700E+03   0.141517E+04   0.317754E+02   0.822443E+05   0.177912E+04
   0.422800E+03   0.141517E+04   0.317754E+02   0.822443E+05   0.177913E+04
   0.422900E+03   0.141517E+04   0.317754E+02   0.822443E+05   0.177913E+04
   0.423000E+03   0.141517E+04   0.317754E+02   0.822443E+05   0.177913E+04
   0.423100E+03   0.141517E+04   0.317754E+02   0.822443E+05   0.177913E+04
   0.423200E+03   0.141517E+04   0.317754E+02   0.822443E+05   0.177913E+04
   0.423300E+03   0.141517E+04   0.317754E+02   0.822443E+05   0.177913E+04
   0.423400E+03   0.141517E+04   0.317754E+02   0.822443E+05   0.177913E+04
   0.423500E+03   0.141517E+04   0.317754E+02   0.822443E+05   0.177913E+04
   0.423600E+03   0.141517E+04   0.317754E+02   0.822443E+05   0.177913E+04
   0.423700E+03   0.141517E+04   0.317754E+02   0.822443E+05   0.177913E+04
   0.423800E+03   0.141517E+04   0.317754E+02   0.822443E+05   0.177913E+04
   0.423900E+03   0.141517E+04   0.317754E+02   0.822443E+05   0.177913E+04
   0.424000E+03   0.141517E+04   0.317754E+02   0.822443E+05   0.177913E+04
   0.424100E+03   0.141517E+04   0.317754E+02   0.822443E+05   0.177913E+04
   0.424200E+03   0.141517E+04   0.317754E+02   0.822443E+05   0.177913E+04
   0.424300E+03   0.141517E+04   0.317754E+02   0.822443E+05   0.177913E+04
   0.424400E+03   0.141517E+04   0.317754E+02   0.822443E+05   0.177913E+04
   0.424500E+03   0.141517E+04   0.317754E+02   0.822443E+05   0.177913E+04
   0.424600E+03   0.141517E+04   0.317754E+02   0.822443E+05   0.177913E+04
   0.424700E+03   0.141517E+04   0.317754E+02   0.822443E+05   0.177913E+04
   0.424800E+03   0.141517E+04   0.317754E+02   0.822443E+05   0.177913E+04
   0.424900E+03   0.141517E+04   0.317754E+02   0.822443E+05   0.177913E+04
   0.425000E+03   0.141517E+04   0.317754E+02   0.822443E+05   0.177913E+04
   0.425100E+03   0.141517E+04   0.317754E+02   0.822443E+05   0.177913E+04
   0.425200E+03   0.141517E+04   0.317754E+02   0.822443E+05   0.177913E+04
   0.425300E+03   0.141517E+04   0.317754E+02   0.822443E+05   0.177913E+04
   0.425400E+03   0.141517E+04   0.317754E+02   0.822443E+05   0.177913E+04
   0.425500E+03   0.141517E+04   0.317754E+02   0.822443E+05   0.177913E+04
   0.425600E+03   0.141517E+04   0.317754E+02   0.822443E+05   0.177913E+04
   0.425700E+03   0.141517E+04   0.317754E+02   0.822443E+05   0.177913E+04
   0.425800E+03   0.141517E+04   0.317754E+02   0.822443E+05   0.177913E+04
   0.425900E+03   0.141517E+04   0.317754E+02   0.822443E+05   0.177913E+04
   0.426000E+03   0.141517E+04   0.317754E+02   0.822443E+05   0.177913E+04
   0.426100E+03   0.141517E+04   0.317754E+02   0.822443E+05   0.177913E+04
   0.426200E+03   0.141517E+04   0.317754E+02   0.822443E+05   0.177913E+04
   0.426300E+03   0.141517E+04   0.317754E+02   0.822443E+05   0.177913E+04
   0.426400E+03   0.141517E+04   0.317754E+02   0.822443E+05   0.177913E+04
   0.426500E+03   0.141517E+04   0.317754E+02   0.822443E+05   0.177913E+04
   0.426600E+03   0.141517E+04   0.317754E+02   0.822443E+05   0.177913E+04
   0.426700E+03   0.141517E+04   0.317754E+02   0.822443E+05   0.177913E+04
   0.426800E+03   0.141517E+04   0.317754E+02   0.822443E+05   0.177913E+04
   0.426900E+03   0.141517E+04   0.317754E+02   0.822443E+05   0.177913E+04
   0.427000E+03   0.141517E+04   0.317754E+02   0.822443E+05   0.177913E+04
   0.427100E+03   0.141517E+04   0.317754E+02   0.822443E+05   0.177913E+04
   0.427200E+03   0.141517E+04   0.317754E+02   0.822443E+05   0.177913E+04
   0.427300E+03   0.141517E+04   0.317754E+02   0.822443E+05   0.177913E+04
   0.427400E+03   0.141517E+04   0.317754E+02   0.822443E+05   0.177913E+04
   0.427500E+03   0.141517E+04   0.317754E+02   0.822443E+05   0.177913E+04
   0.427600E+03   0.141517E+04   0.317754E+02   0.822443E+05   0.177913E+04
   0.427700E+03   0.141517E+04   0.317754E+02   0.822443E+05   0.177913E+04
   0.427800E+03   0.141517E+04   0.317754E+02   0.822443E+05   0.177913E+04
   0.427900E+03   0.141517E+04   0.317754E+02   0.822443E+05   0.177913E+04
   0.428000E+03   0.141517E+04   0.317754E+02   0.822443E+05   0.177913E+04
   0.428100E+03   0.141517E+04   0.317754E+02   0.822443E+05   0.177913E+04
   0.428200E+03   0.141517E+04   0.317754E+02   0.822443E+05   0.177913E+04
   0.428300E+03   0.141517E+04   0.317754E+02   0.822443E+05   0.177913E+04
   0.428400E+03   0.141517E+04   0.317754E+02   0.822443E+05   0.177913E+04
   0.428500E+03   0.141517E+04   0.317754E+02   0.822443E+05   0.177913E+04
   0.428600E+03   0.141517E+04   0.317754E+02   0.822443E+05   0.177913E+04
   0.428700E+03   0.141517E+04   0.317754E+02   0.822443E+05   0.177913E+04
   0.428800E+03   0.141517E+04   0.317754E+02   0.822443E+05   0.177913E+04
   0.428900E+03   0.141517E+04   0.317754E+02   0.822443E+05   0.177913E+04
   0.429000E+03   0.141517E+04   0.317754E+02   0.822443E+05   0.177913E+04
   0.429100E+03   0.141517E+04   0.317754E+02   0.822443E+05   0.177913E+04
   0.429200E+03   0.141517E+04   0.317754E+02   0.822443E+05   0.177913E+04
   0.429300E+03   0.141517E+04   0.317754E+02   0.822443E+05   0.177913E+04
   0.429400E+03   0.141517E+04   0.317754E+02   0.822443E+05   0.177913E+04
   0.429500E+03   0.141517E+04   0.317754E+02   0.822443E+05   0.177913E+04
   0.429600E+03   0.141517E+04   0.317754E+02   0.822443E+05   0.177913E+04
   0.429700E+03   0.141517E+04   0.317754E+02   0.822443E+05   0.177913E+04
   0.429800E+03   0.141517E+04   0.317754E+02   0.822443E+05   0.177913E+04
   0.429900E+03   0.141517E+04   0.317754E+02   0.822443E+05   0.177913E+04
   0.430000E+03   0.141517E+04   0.317754E+02   0.822443E+05   0.177913E+04
   0.430100E+03   0.141517E+04   0.317754E+02   0.822443E+05   0.177913E+04
   0.430200E+03   0.141517E+04   0.317754E+02   0.822443E+05   0.177913E+04
   0.430300E+03   0.141517E+04   0.317754E+02   0.822443E+05   0.177913E+04
   0.430400E+03   0.141517E+04   0.317754E+02   0.822443E+05   0.177913E+04
   0.430500E+03   0.141517E+04   0.317754E+02   0.822443E+05   0.177913E+04
   0.430600E+03   0.141517E+04   0.317754E+02   0.822443E+05   0.177913E+04
   0.430700E+03   0.141517E+04   0.317754E+02   0.822443E+05   0.177913E+04
   0.430800E+03   0.141517E+04   0.317754E+02   0.822443E+05   0.177913E+04
   0.430900E+03   0.141517E+04   0.317754E+02   0.822443E+05   0.177913E+04
   0.431000E+03   0.141517E+04   0.317754E+02   0.822443E+05   0.177913E+04
   0.431100E+03   0.141517E+04   0.317754E+02   0.822443E+05   0.177913E+04
   0.431200E+03   0.141517E+04   0.317754E+02   0.822443E+05   0.177913E+04
   0.431300E+03   0.141517E+04   0.317754E+02   0.822443E+05   0.177913E+04
   0.431400E+03   0.141517E+04   0.317754E+02   0.822443E+05   0.177913E+04
   0.431500E+03   0.141517E+04   0.317754E+02   0.822443E+05   0.177913E+04
   0.431600E+03   0.141517E+04   0.317754E+02   0.822443E+05   0.177913E+04
   0.431700E+03   0.141517E+04   0.317754E+02   0.822443E+05   0.177913E+04
   0.431800E+03   0.141517E+04   0.317754E+02   0.822443E+05   0.177913E+04
   0.431900E+03   0.141517E+04   0.317754E+02   0.822443E+05   0.177913E+04
   0.432000E+03   0.141517E+04   0.317754E+02   0.822443E+05   0.177913E+04
   0.432100E+03   0.141517E+04   0.317754E+02   0.822443E+05   0.177913E+04
   0.432200E+03   0.141517E+04   0.317754E+02   0.822443E+05   0.177913E+04
   0.432300E+03   0.141517E+04   0.317754E+02   0.822443E+05   0.177913E+04
   0.432400E+03   0.141517E+04   0.317754E+02   0.822443E+05   0.177913E+04
   0.432500E+03   0.141517E+04   0.317754E+02   0.822443E+05   0.177913E+04
   0.432600E+03   0.141517E+04   0.317754E+02   0.822443E+05   0.177913E+04
   0.432700E+03   0.141517E+04   0.317754E+02   0.822443E+05   0.177913E+04
   0.432800E+03   0.141517E+04   0.317754E+02   0.822443E+05   0.177913E+04
   0.432900E+03   0.141517E+04   0.317754E+02   0.822443E+05   0.177913E+04
   0.433000E+03   0.141517E+04   0.317754E+02   0.822443E+05   0.177913E+04
   0.433100E+03   0.141517E+04   0.317754E+02   0.822443E+05   0.177913E+04
   0.433200E+03   0.141517E+04   0.317754E+02   0.822443E+05   0.177913E+04
   0.433300E+03   0.141517E+04   0.317754E+02   0.822443E+05   0.177913E+04
   0.433400E+03   0.141517E+04   0.317754E+02   0.822443E+05   0.177913E+04
   0.433500E+03   0.141517E+04   0.317754E+02   0.822443E+05   0.177913E+04
   0.433600E+03   0.141517E+04   0.317754E+02   0.822443E+05   0.177913E+04
   0.433700E+03   0.141517E+04   0.317754E+02   0.822443E+05   0.177913E+04
   0.433800E+03   0.141517E+04   0.317754E+02   0.822443E+05   0.177913E+04
   0.433900E+03   0.141517E+04   0.317754E+02   0.822443E+05   0.177913E+04
   0.434000E+03   0.141517E+04   0.317754E+02   0.822443E+05   0.177913E+04
   0.434100E+03   0.141517E+04   0.317754E+02   0.822443E+05   0.177913E+04
   0.434200E+03   0.141517E+04   0.317754E+02   0.822443E+05   0.177913E+04
   0.434300E+03   0.141517E+04   0.317754E+02   0.822443E+05   0.177913E+04
   0.434400E+03   0.141517E+04   0.317754E+02   0.822443E+05   0.177913E+04
   0.434500E+03   0.141517E+04   0.317754E+02   0.822443E+05   0.177913E+04
   0.434600E+03   0.141517E+04   0.317754E+02   0.822443E+05   0.177913E+04
   0.434700E+03   0.141517E+04   0.317754E+02   0.822443E+05   0.177913E+04
   0.434800E+03   0.141517E+04   0.317754E+02   0.822443E+05   0.177913E+04
   0.434900E+03   0.141517E+04   0.317754E+02   0.822443E+05   0.177913E+04
   0.435000E+03   0.141517E+04   0.317754E+02   0.822443E+05   0.177913E+04
   0.435100E+03   0.141517E+04   0.317754E+02   0.822443E+05   0.177913E+04
   0.435200E+03   0.141517E+04   0.317754E+02   0.822443E+05   0.177913E+04
   0.435300E+03   0.141517E+04   0.317754E+02   0.822443E+05   0.177913E+04
   0.435400E+03   0.141517E+04   0.317754E+02   0.822443E+05   0.177913E+04
   0.435500E+03   0.141517E+04   0.317754E+02   0.822443E+05   0.177913E+04
   0.435600E+03   0.141517E+04   0.317754E+02   0.822443E+05   0.177913E+04
   0.435700E+03   0.141517E+04   0.317754E+02   0.822443E+05   0.177913E+04
   0.435800E+03   0.141517E+04   0.317754E+02   0.822443E+05   0.177913E+04
   0.435900E+03   0.141517E+04   0.317754E+02   0.822443E+05   0.177913E+04
   0.436000E+03   0.141517E+04   0.317754E+02   0.822443E+05   0.177913E+04
   0.436100E+03   0.141517E+04   0.317754E+02   0.822443E+05   0.177913E+04
   0.436200E+03   0.141517E+04   0.317754E+02   0.822443E+05   0.177913E+04
   0.436300E+03   0.141517E+04   0.317754E+02   0.822443E+05   0.177913E+04
   0.436400E+03   0.141517E+04   0.317754E+02   0.822443E+05   0.177913E+04
   0.436500E+03   0.141517E+04   0.317754E+02   0.822443E+05   0.177913E+04
   0.436600E+03   0.141517E+04   0.317754E+02   0.822443E+05   0.177913E+04
   0.436700E+03   0.141517E+04   0.317754E+02   0.822443E+05   0.177913E+04
   0.436800E+03   0.141517E+04   0.317754E+02   0.822443E+05   0.177913E+04
   0.436900E+03   0.141517E+04   0.317754E+02   0.822443E+05   0.177913E+04
   0.437000E+03   0.141517E+04   0.317754E+02   0.822443E+05   0.177913E+04
   0.437100E+03   0.141517E+04   0.317754E+02   0.822443E+05   0.177913E+04
   0.437200E+03   0.141517E+04   0.317754E+02   0.822443E+05   0.177913E+04
   0.437300E+03   0.141517E+04   0.317754E+02   0.822443E+05   0.177913E+04
   0.437400E+03   0.141517E+04   0.317754E+02   0.822443E+05   0.177913E+04
   0.437500E+03   0.141517E+04   0.317754E+02   0.822443E+05   0.177913E+04
   0.437600E+03   0.141517E+04   0.317754E+02   0.822443E+05   0.177913E+04
   0.437700E+03   0.141517E+04   0.317754E+02   0.822443E+05   0.177913E+04
   0.437800E+03   0.141517E+04   0.317754E+02   0.822443E+05   0.177913E+04
   0.437900E+03   0.141517E+04   0.317754E+02   0.822443E+05   0.177913E+04
   0.438000E+03   0.141517E+04   0.317754E+02   0.822443E+05   0.177913E+04
   0.438100E+03   0.141517E+04   0.317754E+02   0.822443E+05   0.177913E+04
   0.438200E+03   0.141517E+04   0.317754E+02   0.822443E+05   0.177913E+04
   0.438300E+03   0.141517E+04   0.317754E+02   0.822443E+05   0.177913E+04
   0.438400E+03   0.141517E+04   0.317754E+02   0.822443E+05   0.177913E+04
   0.438500E+03   0.141517E+04   0.317754E+02   0.822443E+05   0.177913E+04
   0.438600E+03   0.141517E+04   0.317754E+02   0.822443E+05   0.177913E+04
   0.438700E+03   0.141517E+04   0.317754E+02   0.822443E+05   0.177913E+04
   0.438800E+03   0.141517E+04   0.317754E+02   0.822443E+05   0.177913E+04
   0.438900E+03   0.141517E+04   0.317754E+02   0.822443E+05   0.177913E+04
   0.439000E+03   0.141517E+04   0.317754E+02   0.822443E+05   0.177913E+04
   0.439100E+03   0.141517E+04   0.317754E+02   0.822443E+05   0.177913E+04
   0.439200E+03   0.141517E+04   0.317754E+02   0.822443E+05   0.177913E+04
   0.439300E+03   0.141517E+04   0.317754E+02   0.822443E+05   0.177913E+04
   0.439400E+03   0.141517E+04   0.317754E+02   0.822443E+05   0.177913E+04
   0.439500E+03   0.141517E+04   0.317754E+02   0.822443E+05   0.177913E+04
   0.439600E+03   0.141517E+04   0.317754E+02   0.822443E+05   0.177913E+04
   0.439700E+03   0.141517E+04   0.317754E+02   0.822443E+05   0.177913E+04
   0.439800E+03   0.141517E+04   0.317754E+02   0.822443E+05   0.177913E+04
   0.439900E+03   0.141517E+04   0.317754E+02   0.822443E+05   0.177913E+04
   0.440000E+03   0.141517E+04   0.317754E+02   0.822443E+05   0.177913E+04
   0.440100E+03   0.141517E+04   0.317754E+02   0.822443E+05   0.177913E+04
   0.440200E+03   0.141517E+04   0.317754E+02   0.822443E+05   0.177913E+04
   0.440300E+03   0.141517E+04   0.317754E+02   0.822443E+05   0.177913E+04
   0.440400E+03   0.141517E+04   0.317754E+02   0.822443E+05   0.177913E+04
   0.440500E+03   0.141517E+04   0.317754E+02   0.822443E+05   0.177913E+04
   0.440600E+03   0.141517E+04   0.317754E+02   0.822443E+05   0.177913E+04
   0.440700E+03   0.141517E+04   0.317754E+02   0.822443E+05   0.177913E+04
   0.440800E+03   0.141517E+04   0.317754E+02   0.822443E+05   0.177913E+04
   0.440900E+03   0.141517E+04   0.317754E+02   0.822443E+05   0.177913E+04
   0.441000E+03   0.141517E+04   0.317754E+02   0.822443E+05   0.177913E+04
   0.441100E+03   0.141517E+04   0.317754E+02   0.822443E+05   0.177913E+04
   0.441200E+03   0.141517E+04   0.317754E+02   0.822443E+05   0.177913E+04
   0.441300E+03   0.141517E+04   0.317754E+02   0.822443E+05   0.177913E+04
   0.441400E+03   0.141517E+04   0.317754E+02   0.822443E+05   0.177913E+04
   0.441500E+03   0.141517E+04   0.317754E+02   0.822443E+05   0.177913E+04
   0.441600E+03   0.141517E+04   0.317754E+02   0.822443E+05   0.177913E+04
   0.441700E+03   0.141517E+04   0.317754E+02   0.822443E+05   0.177913E+04
   0.441800E+03   0.141517E+04   0.317754E+02   0.822443E+05   0.177913E+04
   0.441900E+03   0.141517E+04   0.317754E+02   0.822443E+05   0.177913E+04
   0.442000E+03   0.141517E+04   0.317754E+02   0.822443E+05   0.177913E+04
   0.442100E+03   0.141517E+04   0.317754E+02   0.822443E+05   0.177913E+04
   0.442200E+03   0.141517E+04   0.317754E+02   0.822443E+05   0.177913E+04
   0.442300E+03   0.141517E+04   0.317754E+02   0.822443E+05   0.177913E+04
   0.442400E+03   0.141517E+04   0.317754E+02   0.822443E+05   0.177913E+04
   0.442500E+03   0.141517E+04   0.317754E+02   0.822443E+05   0.177913E+04
   0.442600E+03   0.141517E+04   0.317754E+02   0.822443E+05   0.177913E+04
   0.442700E+03   0.141517E+04   0.317754E+02   0.822443E+05   0.177913E+04
   0.442800E+03   0.141517E+04   0.317754E+02   0.822443E+05   0.177913E+04
   0.442900E+03   0.141517E+04   0.317754E+02   0.822443E+05   0.177913E+04
   0.443000E+03   0.141517E+04   0.317754E+02   0.822443E+05   0.177913E+04
   0.443100E+03   0.141517E+04   0.317754E+02   0.822443E+05   0.177913E+04
   0.443200E+03   0.141517E+04   0.317754E+02   0.822443E+05   0.177913E+04
   0.443300E+03   0.141517E+04   0.317754E+02   0.822443E+05   0.177913E+04
   0.443400E+03   0.141517E+04   0.317754E+02   0.822443E+05   0.177913E+04
   0.443500E+03   0.141517E+04   0.317754E+02   0.822443E+05   0.177913E+04
   0.443600E+03   0.141517E+04   0.317754E+02   0.822443E+05   0.177913E+04
   0.443700E+03   0.141517E+04   0.317754E+02   0.822443E+05   0.177913E+04
   0.443800E+03   0.141517E+04   0.317754E+02   0.822443E+05   0.177913E+04
   0.443900E+03   0.141517E+04   0.317754E+02   0.822443E+05   0.177913E+04
   0.444000E+03   0.141517E+04   0.317754E+02   0.822443E+05   0.177913E+04
   0.444100E+03   0.141517E+04   0.317754E+02   0.822443E+05   0.177913E+04
   0.444200E+03   0.141517E+04   0.317754E+02   0.822443E+05   0.177913E+04
   0.444300E+03   0.141517E+04   0.317754E+02   0.822443E+05   0.177911E+04
   0.444400E+03   0.141517E+04   0.317754E+02   0.822443E+05   0.177911E+04
   0.444500E+03   0.141517E+04   0.317754E+02   0.822443E+05   0.177911E+04
   0.444600E+03   0.141517E+04   0.317754E+02   0.822443E+05   0.177911E+04
   0.444700E+03   0.141517E+04   0.317754E+02   0.822443E+05   0.177911E+04
   0.444800E+03   0.141517E+04   0.317754E+02   0.822443E+05   0.177911E+04
   0.444900E+03   0.141517E+04   0.317754E+02   0.822443E+05   0.177911E+04
   0.445000E+03   0.141517E+04   0.317754E+02   0.822443E+05   0.177911E+04
   0.445100E+03   0.141517E+04   0.317754E+02   0.822443E+05   0.177911E+04
   0.445200E+03   0.141517E+04   0.317754E+02   0.822443E+05   0.177911E+04
   0.445300E+03   0.141517E+04   0.317754E+02   0.822443E+05   0.177911E+04
   0.445400E+03   0.141517E+04   0.317754E+02   0.822443E+05   0.177911E+04
   0.445500E+03   0.141517E+04   0.317754E+02   0.822443E+05   0.177911E+04
   0.445600E+03   0.141517E+04   0.317754E+02   0.822443E+05   0.177911E+04
   0.445700E+03   0.141517E+04   0.317754E+02   0.822443E+05   0.177911E+04
   0.445800E+03   0.141517E+04   0.317754E+02   0.822443E+05   0.177911E+04
   0.445900E+03   0.141517E+04   0.317754E+02   0.822443E+05   0.177911E+04
   0.446000E+03   0.141517E+04   0.317754E+02   0.822443E+05   0.177911E+04
   0.446100E+03   0.141517E+04   0.317754E+02   0.822443E+05   0.177911E+04
   0.446200E+03   0.141517E+04   0.317754E+02   0.822443E+05   0.177911E+04
   0.446300E+03   0.141517E+04   0.317754E+02   0.822443E+05   0.177911E+04
   0.446400E+03   0.141517E+04   0.317754E+02   0.822443E+05   0.177911E+04
   0.446500E+03   0.141517E+04   0.317754E+02   0.822443E+05   0.177911E+04
   0.446600E+03   0.141517E+04   0.317754E+02   0.822443E+05   0.177911E+04
   0.446700E+03   0.141517E+04   0.317754E+02   0.822443E+05   0.177911E+04
   0.446800E+03   0.141517E+04   0.317754E+02   0.822443E+05   0.177911E+04
   0.446900E+03   0.141517E+04   0.317754E+02   0.822443E+05   0.177911E+04
   0.447000E+03   0.141517E+04   0.317754E+02   0.822443E+05   0.177911E+04
   0.447100E+03   0.141517E+04   0.317754E+02   0.822443E+05   0.177911E+04
   0.447200E+03   0.141517E+04   0.317754E+02   0.822443E+05   0.177911E+04
   0.447300E+03   0.141517E+04   0.317754E+02   0.822443E+05   0.177911E+04
   0.447400E+03   0.141517E+04   0.317754E+02   0.822443E+05   0.177911E+04
   0.447500E+03   0.141517E+04   0.317754E+02   0.822443E+05   0.177911E+04
   0.447600E+03   0.141517E+04   0.317754E+02   0.822443E+05   0.177911E+04
   0.447700E+03   0.141517E+04   0.317754E+02   0.822443E+05   0.177911E+04
   0.447800E+03   0.141517E+04   0.317754E+02   0.822443E+05   0.177911E+04
   0.447900E+03   0.141517E+04   0.317754E+02   0.822443E+05   0.177911E+04
   0.448000E+03   0.141517E+04   0.317754E+02   0.822443E+05   0.177911E+04
   0.448100E+03   0.141517E+04   0.317754E+02   0.822443E+05   0.177911E+04
   0.448200E+03   0.141517E+04   0.317754E+02   0.822443E+05   0.177911E+04
   0.448300E+03   0.141517E+04   0.317754E+02   0.822443E+05   0.177911E+04
   0.448400E+03   0.141517E+04   0.317754E+02   0.822443E+05   0.177911E+04
   0.448500E+03   0.141517E+04   0.317754E+02   0.822443E+05   0.177911E+04
   0.448600E+03   0.141517E+04   0.317754E+02   0.822443E+05   0.177911E+04
   0.448700E+03   0.141517E+04   0.317754E+02   0.822443E+05   0.177911E+04
   0.448800E+03   0.141517E+04   0.317754E+02   0.822443E+05   0.177911E+04
   0.448900E+03   0.141517E+04   0.317754E+02   0.822443E+05   0.177911E+04
   0.449000E+03   0.141517E+04   0.317754E+02   0.822443E+05   0.177911E+04
   0.449100E+03   0.141517E+04   0.317754E+02   0.822443E+05   0.177911E+04
   0.449200E+03   0.141517E+04   0.317754E+02   0.822443E+05   0.177911E+04
   0.449300E+03   0.141517E+04   0.317754E+02   0.822443E+05   0.177911E+04
   0.449400E+03   0.141517E+04   0.317754E+02   0.822443E+05   0.177911E+04
   0.449500E+03   0.141517E+04   0.317754E+02   0.822443E+05   0.177911E+04
   0.449600E+03   0.141517E+04   0.317754E+02   0.822443E+05   0.177911E+04
   0.449700E+03   0.141517E+04   0.317754E+02   0.822443E+05   0.177911E+04
   0.449800E+03   0.141517E+04   0.317754E+02   0.822443E+05   0.177911E+04
   0.449900E+03   0.141517E+04   0.317754E+02   0.822443E+05   0.177911E+04
   0.450000E+03   0.141517E+04   0.317754E+02   0.822443E+05   0.177911E+04
   0.450100E+03   0.141517E+04   0.317754E+02   0.822443E+05   0.177911E+04
   0.450200E+03   0.141517E+04   0.317754E+02   0.822443E+05   0.177911E+04
   0.450300E+03   0.141517E+04   0.317754E+02   0.822443E+05   0.177911E+04
   0.450400E+03   0.141517E+04   0.317754E+02   0.822443E+05   0.177911E+04
   0.450500E+03   0.141517E+04   0.317754E+02   0.822443E+05   0.177911E+04
   0.450600E+03   0.141517E+04   0.317754E+02   0.822443E+05   0.177911E+04
   0.450700E+03   0.141517E+04   0.317754E+02   0.822443E+05   0.177911E+04
   0.450800E+03   0.141517E+04   0.317754E+02   0.822443E+05   0.177911E+04
   0.450900E+03   0.141517E+04   0.317754E+02   0.822443E+05   0.177911E+04
   0.451000E+03   0.141517E+04   0.317754E+02   0.822443E+05   0.177911E+04
   0.451100E+03   0.141517E+04   0.317754E+02   0.822443E+05   0.177911E+04
   0.451200E+03   0.141517E+04   0.317754E+02   0.822443E+05   0.177911E+04
   0.451300E+03   0.141517E+04   0.317754E+02   0.822443E+05   0.177911E+04
   0.451400E+03   0.141517E+04   0.317754E+02   0.822443E+05   0.177911E+04
   0.451500E+03   0.141517E+04   0.317754E+02   0.822443E+05   0.177911E+04
   0.451600E+03   0.141517E+04   0.317754E+02   0.822443E+05   0.177911E+04
   0.451700E+03   0.141517E+04   0.317754E+02   0.822443E+05   0.177911E+04
   0.451800E+03   0.141517E+04   0.317754E+02   0.822443E+05   0.177911E+04
   0.451900E+03   0.141517E+04   0.317754E+02   0.822443E+05   0.177911E+04
   0.452000E+03   0.141517E+04   0.317754E+02   0.822443E+05   0.177911E+04
   0.452100E+03   0.141517E+04   0.317754E+02   0.822443E+05   0.177911E+04
   0.452200E+03   0.141517E+04   0.317754E+02   0.822443E+05   0.177911E+04
   0.452300E+03   0.141517E+04   0.317754E+02   0.822443E+05   0.177911E+04
   0.452400E+03   0.141517E+04   0.317754E+02   0.822443E+05   0.177911E+04
   0.452500E+03   0.141517E+04   0.317754E+02   0.822443E+05   0.177911E+04
   0.452600E+03   0.141517E+04   0.317754E+02   0.822443E+05   0.177911E+04
   0.452700E+03   0.141517E+04   0.317754E+02   0.822443E+05   0.177911E+04
   0.452800E+03   0.141517E+04   0.317754E+02   0.822443E+05   0.177911E+04
   0.452900E+03   0.141517E+04   0.317754E+02   0.822443E+05   0.177911E+04
   0.453000E+03   0.141517E+04   0.317754E+02   0.822443E+05   0.177911E+04
   0.453100E+03   0.141517E+04   0.317754E+02   0.822443E+05   0.177911E+04
   0.453200E+03   0.141517E+04   0.317754E+02   0.822443E+05   0.177911E+04
   0.453300E+03   0.141517E+04   0.317754E+02   0.822443E+05   0.177911E+04
   0.453400E+03   0.141517E+04   0.317754E+02   0.822443E+05   0.177911E+04
   0.453500E+03   0.141517E+04   0.317754E+02   0.822443E+05   0.177911E+04
   0.453600E+03   0.141517E+04   0.317754E+02   0.822443E+05   0.177911E+04
   0.453700E+03   0.141517E+04   0.317754E+02   0.822443E+05   0.177911E+04
   0.453800E+03   0.141517E+04   0.317754E+02   0.822443E+05   0.177911E+04
   0.453900E+03   0.141517E+04   0.317754E+02   0.822443E+05   0.177911E+04
   0.454000E+03   0.141517E+04   0.317754E+02   0.822443E+05   0.177911E+04
   0.454100E+03   0.141517E+04   0.317754E+02   0.822443E+05   0.177911E+04
   0.454200E+03   0.141517E+04   0.317754E+02   0.822443E+05   0.177911E+04
   0.454300E+03   0.141517E+04   0.317754E+02   0.822443E+05   0.177911E+04
   0.454400E+03   0.141517E+04   0.317754E+02   0.822443E+05   0.177911E+04
   0.454500E+03   0.141517E+04   0.317754E+02   0.822443E+05   0.177911E+04
   0.454600E+03   0.141517E+04   0.317754E+02   0.822443E+05   0.177911E+04
   0.454700E+03   0.141517E+04   0.317754E+02   0.822443E+05   0.177911E+04
   0.454800E+03   0.141517E+04   0.317754E+02   0.822443E+05   0.177911E+04
   0.454900E+03   0.141517E+04   0.317754E+02   0.822443E+05   0.177911E+04
   0.455000E+03   0.141517E+04   0.317754E+02   0.822443E+05   0.177911E+04
   0.455100E+03   0.141517E+04   0.317754E+02   0.822443E+05   0.177911E+04
   0.455200E+03   0.141517E+04   0.317754E+02   0.822443E+05   0.177911E+04
   0.455300E+03   0.141517E+04   0.317754E+02   0.822443E+05   0.177911E+04
   0.455400E+03   0.141517E+04   0.317754E+02   0.822443E+05   0.177911E+04
   0.455500E+03   0.141517E+04   0.317754E+02   0.822443E+05   0.177911E+04
   0.455600E+03   0.141517E+04   0.317754E+02   0.822443E+05   0.177911E+04
   0.455700E+03   0.141517E+04   0.317754E+02   0.822443E+05   0.177911E+04
   0.455800E+03   0.141517E+04   0.317754E+02   0.822443E+05   0.177911E+04
   0.455900E+03   0.141517E+04   0.317754E+02   0.822443E+05   0.177911E+04
   0.456000E+03   0.141517E+04   0.317754E+02   0.822443E+05   0.177911E+04
   0.456100E+03   0.141517E+04   0.317754E+02   0.822443E+05   0.177911E+04
   0.456200E+03   0.141517E+04   0.317754E+02   0.822443E+05   0.177911E+04
   0.456300E+03   0.141517E+04   0.317754E+02   0.822443E+05   0.177911E+04
   0.456400E+03   0.141517E+04   0.317754E+02   0.822443E+05   0.177911E+04
   0.456500E+03   0.141517E+04   0.317754E+02   0.822443E+05   0.177911E+04
   0.456600E+03   0.141517E+04   0.317754E+02   0.822443E+05   0.177911E+04
   0.456700E+03   0.141517E+04   0.317754E+02   0.822443E+05   0.177911E+04
   0.456800E+03   0.141517E+04   0.317754E+02   0.822443E+05   0.177911E+04
   0.456900E+03   0.141517E+04   0.317754E+02   0.822443E+05   0.177911E+04
   0.457000E+03   0.141517E+04   0.317754E+02   0.822443E+05   0.177911E+04
   0.457100E+03   0.141517E+04   0.317754E+02   0.822443E+05   0.177911E+04
   0.457200E+03   0.141517E+04   0.317754E+02   0.822443E+05   0.177911E+04
   0.457300E+03   0.141517E+04   0.317754E+02   0.822443E+05   0.177911E+04
   0.457400E+03   0.141517E+04   0.317754E+02   0.822443E+05   0.177911E+04
   0.457500E+03   0.141517E+04   0.317754E+02   0.822443E+05   0.177911E+04
   0.457600E+03   0.141517E+04   0.317754E+02   0.822443E+05   0.177911E+04
   0.457700E+03   0.141517E+04   0.317754E+02   0.822443E+05   0.177911E+04
   0.457800E+03   0.141517E+04   0.317754E+02   0.822443E+05   0.177911E+04
   0.457900E+03   0.141517E+04   0.317754E+02   0.822443E+05   0.177911E+04
   0.458000E+03   0.141517E+04   0.317754E+02   0.822443E+05   0.177911E+04
   0.458100E+03   0.141517E+04   0.317754E+02   0.822443E+05   0.177911E+04
   0.458200E+03   0.141517E+04   0.317754E+02   0.822443E+05   0.177911E+04
   0.458300E+03   0.141517E+04   0.317754E+02   0.822443E+05   0.177911E+04
   0.458400E+03   0.141517E+04   0.317754E+02   0.822443E+05   0.177911E+04
   0.458500E+03   0.141517E+04   0.317754E+02   0.822443E+05   0.177911E+04
   0.458600E+03   0.141517E+04   0.317754E+02   0.822443E+05   0.177911E+04
   0.458700E+03   0.141517E+04   0.317754E+02   0.822443E+05   0.177911E+04
   0.458800E+03   0.141517E+04   0.317754E+02   0.822443E+05   0.177911E+04
   0.458900E+03   0.141517E+04   0.317754E+02   0.822443E+05   0.177911E+04
   0.459000E+03   0.141517E+04   0.317754E+02   0.822443E+05   0.177911E+04
   0.459100E+03   0.141517E+04   0.317754E+02   0.822443E+05   0.177911E+04
   0.459200E+03   0.141517E+04   0.317754E+02   0.822443E+05   0.177911E+04
   0.459300E+03   0.141517E+04   0.317754E+02   0.822443E+05   0.177911E+04
   0.459400E+03   0.141517E+04   0.317754E+02   0.822443E+05   0.177911E+04
   0.459500E+03   0.141517E+04   0.317754E+02   0.822443E+05   0.177911E+04
   0.459600E+03   0.141517E+04   0.317754E+02   0.822443E+05   0.177911E+04
   0.459700E+03   0.141517E+04   0.317754E+02   0.822443E+05   0.177911E+04
   0.459800E+03   0.141517E+04   0.317754E+02   0.822443E+05   0.177911E+04
   0.459900E+03   0.141517E+04   0.317754E+02   0.822443E+05   0.177911E+04
   0.460000E+03   0.141517E+04   0.317754E+02   0.822443E+05   0.177911E+04
   0.460100E+03   0.141517E+04   0.317754E+02   0.822443E+05   0.177911E+04
   0.460200E+03   0.141517E+04   0.317754E+02   0.822443E+05   0.177911E+04
   0.460300E+03   0.141517E+04   0.317754E+02   0.822443E+05   0.177911E+04
   0.460400E+03   0.141517E+04   0.317754E+02   0.822443E+05   0.177911E+04
   0.460500E+03   0.141517E+04   0.317754E+02   0.822443E+05   0.177911E+04
   0.460600E+03   0.141517E+04   0.317754E+02   0.822443E+05   0.177911E+04
   0.460700E+03   0.141517E+04   0.317754E+02   0.822443E+05   0.177911E+04
   0.460800E+03   0.141517E+04   0.317754E+02   0.822443E+05   0.177911E+04
   0.460900E+03   0.141517E+04   0.317754E+02   0.822443E+05   0.177911E+04
   0.461000E+03   0.141517E+04   0.317754E+02   0.822443E+05   0.177911E+04
   0.461100E+03   0.141517E+04   0.317754E+02   0.822443E+05   0.177911E+04
   0.461200E+03   0.141517E+04   0.317754E+02   0.822443E+05   0.177911E+04
   0.461300E+03   0.141517E+04   0.317754E+02   0.822443E+05   0.177911E+04
   0.461400E+03   0.141517E+04   0.317754E+02   0.822443E+05   0.177911E+04
   0.461500E+03   0.141517E+04   0.317754E+02   0.822443E+05   0.177911E+04
   0.461600E+03   0.141517E+04   0.317754E+02   0.822443E+05   0.177911E+04
   0.461700E+03   0.141517E+04   0.317754E+02   0.822443E+05   0.177911E+04
   0.461800E+03   0.141517E+04   0.317754E+02   0.822443E+05   0.177911E+04
   0.461900E+03   0.141517E+04   0.317754E+02   0.822443E+05   0.177911E+04
   0.462000E+03   0.141517E+04   0.317754E+02   0.822443E+05   0.177911E+04
   0.462100E+03   0.141517E+04   0.317754E+02   0.822443E+05   0.177911E+04
   0.462200E+03   0.141517E+04   0.317754E+02   0.822443E+05   0.177911E+04
   0.462300E+03   0.141517E+04   0.317754E+02   0.822443E+05   0.177911E+04
   0.462400E+03   0.141517E+04   0.317754E+02   0.822443E+05   0.177911E+04
   0.462500E+03   0.141517E+04   0.317754E+02   0.822443E+05   0.177911E+04
   0.462600E+03   0.141517E+04   0.317754E+02   0.822443E+05   0.177911E+04
   0.462700E+03   0.141517E+04   0.317754E+02   0.822443E+05   0.177911E+04
   0.462800E+03   0.141517E+04   0.317754E+02   0.822443E+05   0.177911E+04
   0.462900E+03   0.141517E+04   0.317754E+02   0.822443E+05   0.177911E+04
   0.463000E+03   0.141517E+04   0.317754E+02   0.822443E+05   0.177911E+04
   0.463100E+03   0.141517E+04   0.317754E+02   0.822443E+05   0.177911E+04
   0.463200E+03   0.141517E+04   0.317754E+02   0.822443E+05   0.177911E+04
   0.463300E+03   0.141517E+04   0.317754E+02   0.822443E+05   0.177911E+04
   0.463400E+03   0.141517E+04   0.317754E+02   0.822443E+05   0.177911E+04
   0.463500E+03   0.141517E+04   0.317754E+02   0.822443E+05   0.177911E+04
   0.463600E+03   0.141517E+04   0.317754E+02   0.822443E+05   0.177911E+04
   0.463700E+03   0.141517E+04   0.317754E+02   0.822443E+05   0.177911E+04
   0.463800E+03   0.141517E+04   0.317754E+02   0.822443E+05   0.177911E+04
   0.463900E+03   0.141517E+04   0.317754E+02   0.822443E+05   0.177911E+04
   0.464000E+03   0.141517E+04   0.317754E+02   0.822443E+05   0.177911E+04
   0.464100E+03   0.141517E+04   0.317754E+02   0.822443E+05   0.177911E+04
   0.464200E+03   0.141517E+04   0.317754E+02   0.822443E+05   0.177911E+04
   0.464300E+03   0.141517E+04   0.317754E+02   0.822443E+05   0.177911E+04
   0.464400E+03   0.141517E+04   0.317754E+02   0.822443E+05   0.177911E+04
   0.464500E+03   0.141517E+04   0.317754E+02   0.822443E+05   0.177911E+04
   0.464600E+03   0.141517E+04   0.317754E+02   0.822443E+05   0.177911E+04
   0.464700E+03   0.141517E+04   0.317754E+02   0.822443E+05   0.177911E+04
   0.464800E+03   0.141517E+04   0.317754E+02   0.822443E+05   0.177911E+04
   0.464900E+03   0.141517E+04   0.317754E+02   0.822443E+05   0.177911E+04
   0.465000E+03   0.141517E+04   0.317754E+02   0.822443E+05   0.177911E+04
   0.465100E+03   0.141517E+04   0.317754E+02   0.822443E+05   0.177911E+04
   0.465200E+03   0.141517E+04   0.317754E+02   0.822443E+05   0.177911E+04
   0.465300E+03   0.141517E+04   0.317754E+02   0.822443E+05   0.177911E+04
   0.465400E+03   0.141517E+04   0.317754E+02   0.822443E+05   0.177911E+04
   0.465500E+03   0.141517E+04   0.317754E+02   0.822443E+05   0.177911E+04
   0.465600E+03   0.141517E+04   0.317754E+02   0.822443E+05   0.177911E+04
   0.465700E+03   0.141517E+04   0.317754E+02   0.822443E+05   0.177911E+04
   0.465800E+03   0.141517E+04   0.317754E+02   0.822443E+05   0.177911E+04
   0.465900E+03   0.141517E+04   0.317754E+02   0.822443E+05   0.177911E+04
   0.466000E+03   0.141517E+04   0.317754E+02   0.822443E+05   0.177911E+04
   0.466100E+03   0.141517E+04   0.317754E+02   0.822443E+05   0.177911E+04
   0.466200E+03   0.141517E+04   0.317754E+02   0.822443E+05   0.177911E+04
   0.466300E+03   0.141517E+04   0.317754E+02   0.822443E+05   0.177911E+04
   0.466400E+03   0.141517E+04   0.317754E+02   0.822443E+05   0.177911E+04
   0.466500E+03   0.141517E+04   0.317754E+02   0.822443E+05   0.177911E+04
   0.466600E+03   0.141517E+04   0.317754E+02   0.822443E+05   0.177911E+04
   0.466700E+03   0.141517E+04   0.317754E+02   0.822443E+05   0.177911E+04
   0.466800E+03   0.141517E+04   0.317754E+02   0.822443E+05   0.177911E+04
   0.466900E+03   0.141517E+04   0.317754E+02   0.822443E+05   0.177911E+04
   0.467000E+03   0.141517E+04   0.317754E+02   0.822443E+05   0.177911E+04
   0.467100E+03   0.141517E+04   0.317754E+02   0.822443E+05   0.177911E+04
   0.467200E+03   0.141517E+04   0.317754E+02   0.822443E+05   0.177911E+04
   0.467300E+03   0.141517E+04   0.317754E+02   0.822443E+05   0.177911E+04
   0.467400E+03   0.141517E+04   0.317754E+02   0.822443E+05   0.177911E+04
   0.467500E+03   0.141517E+04   0.317754E+02   0.822443E+05   0.177911E+04
   0.467600E+03   0.141517E+04   0.317754E+02   0.822443E+05   0.177911E+04
   0.467700E+03   0.141517E+04   0.317754E+02   0.822443E+05   0.177911E+04
   0.467800E+03   0.141517E+04   0.317754E+02   0.822443E+05   0.177911E+04
   0.467900E+03   0.141517E+04   0.317754E+02   0.822443E+05   0.177911E+04
   0.468000E+03   0.141517E+04   0.317754E+02   0.822443E+05   0.177911E+04
   0.468100E+03   0.141517E+04   0.317754E+02   0.822443E+05   0.177911E+04
   0.468200E+03   0.141517E+04   0.317754E+02   0.822443E+05   0.177911E+04
   0.468300E+03   0.141517E+04   0.317754E+02   0.822443E+05   0.177911E+04
   0.468400E+03   0.141517E+04   0.317754E+02   0.822443E+05   0.177911E+04
   0.468500E+03   0.141517E+04   0.317754E+02   0.822443E+05   0.177911E+04
   0.468600E+03   0.141517E+04   0.317754E+02   0.822443E+05   0.177911E+04
   0.468700E+03   0.141517E+04   0.317754E+02   0.822443E+05   0.177911E+04
   0.468800E+03   0.141517E+04   0.317754E+02   0.822443E+05   0.177911E+04
   0.468900E+03   0.141517E+04   0.317754E+02   0.822443E+05   0.177911E+04
   0.469000E+03   0.141517E+04   0.317754E+02   0.822443E+05   0.177911E+04
   0.469100E+03   0.141517E+04   0.317754E+02   0.822443E+05   0.177911E+04
   0.469200E+03   0.141517E+04   0.317754E+02   0.822443E+05   0.177911E+04
   0.469300E+03   0.141517E+04   0.317754E+02   0.822443E+05   0.177911E+04
   0.469400E+03   0.141517E+04   0.317754E+02   0.822443E+05   0.177911E+04
   0.469500E+03   0.141517E+04   0.317754E+02   0.822443E+05   0.177911E+04
   0.469600E+03   0.141517E+04   0.317754E+02   0.822443E+05   0.177911E+04
   0.469700E+03   0.141517E+04   0.317754E+02   0.822443E+05   0.177911E+04
   0.469800E+03   0.141517E+04   0.317754E+02   0.822443E+05   0.177911E+04
   0.469900E+03   0.141517E+04   0.317754E+02   0.822443E+05   0.177911E+04
   0.470000E+03   0.141517E+04   0.317754E+02   0.822443E+05   0.177911E+04
   0.470100E+03   0.141517E+04   0.317754E+02   0.822443E+05   0.177911E+04
   0.470200E+03   0.141517E+04   0.317754E+02   0.822443E+05   0.177911E+04
   0.470300E+03   0.141517E+04   0.317754E+02   0.822443E+05   0.177911E+04
   0.470400E+03   0.141517E+04   0.317754E+02   0.822443E+05   0.177911E+04
   0.470500E+03   0.141517E+04   0.317754E+02   0.822443E+05   0.177911E+04
   0.470600E+03   0.141517E+04   0.317754E+02   0.822443E+05   0.177911E+04
   0.470700E+03   0.141517E+04   0.317754E+02   0.822443E+05   0.177911E+04
   0.470800E+03   0.141517E+04   0.317754E+02   0.822443E+05   0.177911E+04
   0.470900E+03   0.141517E+04   0.317754E+02   0.822443E+05   0.177911E+04
   0.471000E+03   0.141517E+04   0.317754E+02   0.822443E+05   0.177911E+04
   0.471100E+03   0.141517E+04   0.317754E+02   0.822443E+05   0.177911E+04
   0.471200E+03   0.141517E+04   0.317754E+02   0.822443E+05   0.177911E+04
   0.471300E+03   0.141517E+04   0.317754E+02   0.822443E+05   0.177911E+04
   0.471400E+03   0.141517E+04   0.317754E+02   0.822443E+05   0.177911E+04
   0.471500E+03   0.141517E+04   0.317754E+02   0.822443E+05   0.177911E+04
   0.471600E+03   0.141517E+04   0.317754E+02   0.822443E+05   0.177911E+04
   0.471700E+03   0.141517E+04   0.317754E+02   0.822443E+05   0.177911E+04
   0.471800E+03   0.141517E+04   0.317754E+02   0.822443E+05   0.177911E+04
   0.471900E+03   0.141517E+04   0.317754E+02   0.822443E+05   0.177911E+04
   0.472000E+03   0.141517E+04   0.317754E+02   0.822443E+05   0.177911E+04
   0.472100E+03   0.141517E+04   0.317754E+02   0.822443E+05   0.177911E+04
   0.472200E+03   0.141517E+04   0.317754E+02   0.822443E+05   0.177911E+04
   0.472300E+03   0.141517E+04   0.317754E+02   0.822443E+05   0.177911E+04
   0.472400E+03   0.141517E+04   0.317754E+02   0.822443E+05   0.177911E+04
   0.472500E+03   0.141517E+04   0.317754E+02   0.822443E+05   0.177911E+04
   0.472600E+03   0.141517E+04   0.317754E+02   0.822443E+05   0.177911E+04
   0.472700E+03   0.141517E+04   0.317754E+02   0.822443E+05   0.177911E+04
   0.472800E+03   0.141517E+04   0.317754E+02   0.822443E+05   0.177911E+04
   0.472900E+03   0.141517E+04   0.317754E+02   0.822443E+05   0.177911E+04
   0.473000E+03   0.141517E+04   0.317754E+02   0.822443E+05   0.177911E+04
   0.473100E+03   0.141517E+04   0.317754E+02   0.822443E+05   0.177911E+04
   0.473200E+03   0.141517E+04   0.317754E+02   0.822443E+05   0.177911E+04
   0.473300E+03   0.141517E+04   0.317754E+02   0.822443E+05   0.177911E+04
   0.473400E+03   0.141517E+04   0.317754E+02   0.822443E+05   0.177911E+04
   0.473500E+03   0.141517E+04   0.317754E+02   0.822443E+05   0.177911E+04
   0.473600E+03   0.141517E+04   0.317754E+02   0.822443E+05   0.177911E+04
   0.473700E+03   0.141517E+04   0.317754E+02   0.822443E+05   0.177911E+04
   0.473800E+03   0.141517E+04   0.317754E+02   0.822443E+05   0.177911E+04
   0.473900E+03   0.141517E+04   0.317754E+02   0.822443E+05   0.177911E+04
   0.474000E+03   0.141517E+04   0.317754E+02   0.822443E+05   0.177911E+04
   0.474100E+03   0.141517E+04   0.317754E+02   0.822443E+05   0.177911E+04
   0.474200E+03   0.141517E+04   0.317754E+02   0.822443E+05   0.177911E+04
   0.474300E+03   0.141517E+04   0.317754E+02   0.822443E+05   0.177911E+04
   0.474400E+03   0.141517E+04   0.317754E+02   0.822443E+05   0.177911E+04
   0.474500E+03   0.141517E+04   0.317754E+02   0.822443E+05   0.177911E+04
   0.474600E+03   0.141517E+04   0.317754E+02   0.822443E+05   0.177911E+04
   0.474700E+03   0.141517E+04   0.317754E+02   0.822443E+05   0.177911E+04
   0.474800E+03   0.141517E+04   0.317754E+02   0.822443E+05   0.177911E+04
   0.474900E+03   0.141517E+04   0.317754E+02   0.822443E+05   0.177911E+04
   0.475000E+03   0.141517E+04   0.317754E+02   0.822443E+05   0.177911E+04
   0.475100E+03   0.141517E+04   0.317754E+02   0.822443E+05   0.177911E+04
   0.475200E+03   0.141517E+04   0.317754E+02   0.822443E+05   0.177911E+04
   0.475300E+03   0.141517E+04   0.317754E+02   0.822443E+05   0.177911E+04
   0.475400E+03   0.141517E+04   0.317754E+02   0.822443E+05   0.177911E+04
   0.475500E+03   0.141517E+04   0.317754E+02   0.822443E+05   0.177911E+04
   0.475600E+03   0.141517E+04   0.317754E+02   0.822443E+05   0.177911E+04
   0.475700E+03   0.141517E+04   0.317754E+02   0.822443E+05   0.177911E+04
   0.475800E+03   0.141517E+04   0.317754E+02   0.822443E+05   0.177911E+04
   0.475900E+03   0.141517E+04   0.317754E+02   0.822443E+05   0.177911E+04
   0.476000E+03   0.141517E+04   0.317754E+02   0.822443E+05   0.177911E+04
   0.476100E+03   0.141517E+04   0.317754E+02   0.822443E+05   0.177911E+04
   0.476200E+03   0.141517E+04   0.317754E+02   0.822443E+05   0.177911E+04
   0.476300E+03   0.141517E+04   0.317754E+02   0.822443E+05   0.177911E+04
   0.476400E+03   0.141517E+04   0.317754E+02   0.822443E+05   0.177911E+04
   0.476500E+03   0.141517E+04   0.317754E+02   0.822443E+05   0.177911E+04
   0.476600E+03   0.141517E+04   0.317754E+02   0.822443E+05   0.177911E+04
   0.476700E+03   0.141517E+04   0.317754E+02   0.822443E+05   0.177911E+04
   0.476800E+03   0.141517E+04   0.317754E+02   0.822443E+05   0.177911E+04
   0.476900E+03   0.141517E+04   0.317754E+02   0.822443E+05   0.177911E+04
   0.477000E+03   0.141517E+04   0.317754E+02   0.822443E+05   0.177911E+04
   0.477100E+03   0.141517E+04   0.317754E+02   0.822443E+05   0.177911E+04
   0.477200E+03   0.141517E+04   0.317754E+02   0.822443E+05   0.177911E+04
   0.477300E+03   0.141517E+04   0.317754E+02   0.822443E+05   0.177911E+04
   0.477400E+03   0.141517E+04   0.317754E+02   0.822443E+05   0.177911E+04
   0.477500E+03   0.141517E+04   0.317754E+02   0.822443E+05   0.177911E+04
   0.477600E+03   0.141517E+04   0.317754E+02   0.822443E+05   0.177911E+04
   0.477700E+03   0.141517E+04   0.317754E+02   0.822443E+05   0.177911E+04
   0.477800E+03   0.141517E+04   0.317754E+02   0.822443E+05   0.177911E+04
   0.477900E+03   0.141517E+04   0.317754E+02   0.822443E+05   0.177911E+04
   0.478000E+03   0.141517E+04   0.317754E+02   0.822443E+05   0.177911E+04
   0.478100E+03   0.141517E+04   0.317754E+02   0.822443E+05   0.177911E+04
   0.478200E+03   0.141517E+04   0.317754E+02   0.822443E+05   0.177911E+04
   0.478300E+03   0.141517E+04   0.317754E+02   0.822443E+05   0.177911E+04
   0.478400E+03   0.141517E+04   0.317754E+02   0.822443E+05   0.177911E+04
   0.478500E+03   0.141517E+04   0.317754E+02   0.822443E+05   0.177911E+04
   0.478600E+03   0.141517E+04   0.317754E+02   0.822443E+05   0.177911E+04
   0.478700E+03   0.141517E+04   0.317754E+02   0.822443E+05   0.177911E+04
   0.478800E+03   0.141517E+04   0.317754E+02   0.822443E+05   0.177911E+04
   0.478900E+03   0.141517E+04   0.317754E+02   0.822443E+05   0.177911E+04
   0.479000E+03   0.141517E+04   0.317754E+02   0.822443E+05   0.177911E+04
   0.479100E+03   0.141517E+04   0.317754E+02   0.822443E+05   0.177911E+04
   0.479200E+03   0.141517E+04   0.317754E+02   0.822443E+05   0.177911E+04
   0.479300E+03   0.141517E+04   0.317754E+02   0.822443E+05   0.177911E+04
   0.479400E+03   0.141517E+04   0.317754E+02   0.822443E+05   0.177911E+04
   0.479500E+03   0.141517E+04   0.317754E+02   0.822443E+05   0.177911E+04
   0.479600E+03   0.141517E+04   0.317754E+02   0.822443E+05   0.177911E+04
   0.479700E+03   0.141517E+04   0.317754E+02   0.822443E+05   0.177911E+04
   0.479800E+03   0.141517E+04   0.317754E+02   0.822443E+05   0.177911E+04
   0.479900E+03   0.141517E+04   0.317754E+02   0.822443E+05   0.177911E+04
   0.480000E+03   0.141517E+04   0.317754E+02   0.822443E+05   0.177911E+04
   0.480100E+03   0.141517E+04   0.317754E+02   0.822443E+05   0.177911E+04
   0.480200E+03   0.141517E+04   0.317754E+02   0.822443E+05   0.177911E+04
   0.480300E+03   0.141517E+04   0.317754E+02   0.822443E+05   0.177911E+04
   0.480400E+03   0.141517E+04   0.317754E+02   0.822443E+05   0.177911E+04
   0.480500E+03   0.141517E+04   0.317754E+02   0.822443E+05   0.177911E+04
   0.480600E+03   0.141517E+04   0.317754E+02   0.822443E+05   0.177911E+04
   0.480700E+03   0.141517E+04   0.317754E+02   0.822443E+05   0.177911E+04
   0.480800E+03   0.141517E+04   0.317754E+02   0.822443E+05   0.177911E+04
   0.480900E+03   0.141517E+04   0.317754E+02   0.822443E+05   0.177911E+04
   0.481000E+03   0.141517E+04   0.317754E+02   0.822443E+05   0.177911E+04
   0.481100E+03   0.141517E+04   0.317754E+02   0.822443E+05   0.177911E+04
   0.481200E+03   0.141517E+04   0.317754E+02   0.822443E+05   0.177911E+04
   0.481300E+03   0.141517E+04   0.317754E+02   0.822443E+05   0.177911E+04
   0.481400E+03   0.141517E+04   0.317754E+02   0.822443E+05   0.177911E+04
   0.481500E+03   0.141517E+04   0.317754E+02   0.822443E+05   0.177911E+04
   0.481600E+03   0.141517E+04   0.317754E+02   0.822443E+05   0.177911E+04
   0.481700E+03   0.141517E+04   0.317754E+02   0.822443E+05   0.177911E+04
   0.481800E+03   0.141517E+04   0.317754E+02   0.822443E+05   0.177911E+04
   0.481900E+03   0.141517E+04   0.317754E+02   0.822443E+05   0.177911E+04
   0.482000E+03   0.141517E+04   0.317754E+02   0.822443E+05   0.177911E+04
   0.482100E+03   0.141517E+04   0.317754E+02   0.822443E+05   0.177911E+04
   0.482200E+03   0.141517E+04   0.317754E+02   0.822443E+05   0.177911E+04
   0.482300E+03   0.141517E+04   0.317754E+02   0.822443E+05   0.177911E+04
   0.482400E+03   0.141517E+04   0.317754E+02   0.822443E+05   0.177911E+04
   0.482500E+03   0.141517E+04   0.317754E+02   0.822443E+05   0.177911E+04
   0.482600E+03   0.141517E+04   0.317754E+02   0.822443E+05   0.177911E+04
   0.482700E+03   0.141517E+04   0.317754E+02   0.822443E+05   0.177911E+04
   0.482800E+03   0.141517E+04   0.317754E+02   0.822443E+05   0.177911E+04
   0.482900E+03   0.141517E+04   0.317754E+02   0.822443E+05   0.177911E+04
   0.483000E+03   0.141517E+04   0.317754E+02   0.822443E+05   0.177911E+04
   0.483100E+03   0.141517E+04   0.317754E+02   0.822443E+05   0.177911E+04
   0.483200E+03   0.141517E+04   0.317754E+02   0.822443E+05   0.177911E+04
   0.483300E+03   0.141517E+04   0.317754E+02   0.822443E+05   0.177911E+04
   0.483400E+03   0.141517E+04   0.317754E+02   0.822443E+05   0.177911E+04
   0.483500E+03   0.141517E+04   0.317754E+02   0.822443E+05   0.177911E+04
   0.483600E+03   0.141517E+04   0.317754E+02   0.822443E+05   0.177911E+04
   0.483700E+03   0.141517E+04   0.317754E+02   0.822443E+05   0.177911E+04
   0.483800E+03   0.141517E+04   0.317754E+02   0.822443E+05   0.177911E+04
   0.483900E+03   0.141517E+04   0.317754E+02   0.822443E+05   0.177911E+04
   0.484000E+03   0.141517E+04   0.317754E+02   0.822443E+05   0.177911E+04
   0.484100E+03   0.141517E+04   0.317754E+02   0.822443E+05   0.177911E+04
   0.484200E+03   0.141517E+04   0.317754E+02   0.822443E+05   0.177911E+04
   0.484300E+03   0.141517E+04   0.317754E+02   0.822443E+05   0.177911E+04
   0.484400E+03   0.141517E+04   0.317754E+02   0.822443E+05   0.177911E+04
   0.484500E+03   0.141517E+04   0.317754E+02   0.822443E+05   0.177911E+04
   0.484600E+03   0.141517E+04   0.317754E+02   0.822443E+05   0.177911E+04
   0.484700E+03   0.141517E+04   0.317754E+02   0.822443E+05   0.177911E+04
   0.484800E+03   0.141517E+04   0.317754E+02   0.822443E+05   0.177911E+04
   0.484900E+03   0.141517E+04   0.317754E+02   0.822443E+05   0.177911E+04
   0.485000E+03   0.141517E+04   0.317754E+02   0.822443E+05   0.177911E+04
   0.485100E+03   0.141517E+04   0.317754E+02   0.822443E+05   0.177911E+04
   0.485200E+03   0.141517E+04   0.317754E+02   0.822443E+05   0.177911E+04
   0.485300E+03   0.141517E+04   0.317754E+02   0.822443E+05   0.177911E+04
   0.485400E+03   0.141517E+04   0.317754E+02   0.822443E+05   0.177911E+04
   0.485500E+03   0.141517E+04   0.317754E+02   0.822443E+05   0.177911E+04
   0.485600E+03   0.141517E+04   0.317754E+02   0.822443E+05   0.177911E+04
   0.485700E+03   0.141517E+04   0.317754E+02   0.822443E+05   0.177911E+04
   0.485800E+03   0.141517E+04   0.317754E+02   0.822443E+05   0.177911E+04
   0.485900E+03   0.141517E+04   0.317754E+02   0.822443E+05   0.177911E+04
   0.486000E+03   0.141517E+04   0.317754E+02   0.822443E+05   0.177911E+04
   0.486100E+03   0.141517E+04   0.317754E+02   0.822443E+05   0.177911E+04
   0.486200E+03   0.141517E+04   0.317754E+02   0.822443E+05   0.177911E+04
   0.486300E+03   0.141517E+04   0.317754E+02   0.822443E+05   0.177911E+04
   0.486400E+03   0.141517E+04   0.317754E+02   0.822443E+05   0.177911E+04
   0.486500E+03   0.141517E+04   0.317754E+02   0.822443E+05   0.177911E+04
   0.486600E+03   0.141517E+04   0.317754E+02   0.822443E+05   0.177911E+04
   0.486700E+03   0.141517E+04   0.317754E+02   0.822443E+05   0.177911E+04
   0.486800E+03   0.141517E+04   0.317754E+02   0.822443E+05   0.177911E+04
   0.486900E+03   0.141517E+04   0.317754E+02   0.822443E+05   0.177911E+04
   0.487000E+03   0.141517E+04   0.317754E+02   0.822443E+05   0.177911E+04
   0.487100E+03   0.141517E+04   0.317754E+02   0.822443E+05   0.177911E+04
   0.487200E+03   0.141517E+04   0.317754E+02   0.822443E+05   0.177911E+04
   0.487300E+03   0.141517E+04   0.317754E+02   0.822443E+05   0.177911E+04
   0.487400E+03   0.141517E+04   0.317754E+02   0.822443E+05   0.177911E+04
   0.487500E+03   0.141517E+04   0.317754E+02   0.822443E+05   0.177911E+04
   0.487600E+03   0.141517E+04   0.317754E+02   0.822443E+05   0.177911E+04
   0.487700E+03   0.141517E+04   0.317754E+02   0.822443E+05   0.177911E+04
   0.487800E+03   0.141517E+04   0.317754E+02   0.822443E+05   0.177911E+04
   0.487900E+03   0.141517E+04   0.317754E+02   0.822443E+05   0.177911E+04
   0.488000E+03   0.141517E+04   0.317754E+02   0.822443E+05   0.177911E+04
   0.488100E+03   0.141517E+04   0.317754E+02   0.822443E+05   0.177911E+04
   0.488200E+03   0.141517E+04   0.317754E+02   0.822443E+05   0.177911E+04
   0.488300E+03   0.141517E+04   0.317754E+02   0.822443E+05   0.177911E+04
   0.488400E+03   0.141517E+04   0.317754E+02   0.822443E+05   0.177911E+04
   0.488500E+03   0.141517E+04   0.317754E+02   0.822443E+05   0.177911E+04
   0.488600E+03   0.141517E+04   0.317754E+02   0.822443E+05   0.177911E+04
   0.488700E+03   0.141517E+04   0.317754E+02   0.822443E+05   0.177911E+04
   0.488800E+03   0.141517E+04   0.317754E+02   0.822443E+05   0.177911E+04
   0.488900E+03   0.141517E+04   0.317754E+02   0.822443E+05   0.177911E+04
   0.489000E+03   0.141517E+04   0.317754E+02   0.822443E+05   0.177911E+04
   0.489100E+03   0.141517E+04   0.317754E+02   0.822443E+05   0.177911E+04
   0.489200E+03   0.141517E+04   0.317754E+02   0.822443E+05   0.177911E+04
   0.489300E+03   0.141517E+04   0.317754E+02   0.822443E+05   0.177911E+04
   0.489400E+03   0.141517E+04   0.317754E+02   0.822443E+05   0.177911E+04
   0.489500E+03   0.141517E+04   0.317754E+02   0.822443E+05   0.177911E+04
   0.489600E+03   0.141517E+04   0.317754E+02   0.822443E+05   0.177911E+04
   0.489700E+03   0.141517E+04   0.317754E+02   0.822443E+05   0.177911E+04
   0.489800E+03   0.141517E+04   0.317754E+02   0.822443E+05   0.177911E+04
   0.489900E+03   0.141517E+04   0.317754E+02   0.822443E+05   0.177911E+04
   0.490000E+03   0.141517E+04   0.317754E+02   0.822443E+05   0.177911E+04
   0.490100E+03   0.141517E+04   0.317754E+02   0.822443E+05   0.177911E+04
   0.490200E+03   0.141517E+04   0.317754E+02   0.822443E+05   0.177911E+04
   0.490300E+03   0.141517E+04   0.317754E+02   0.822443E+05   0.177911E+04
   0.490400E+03   0.141517E+04   0.317754E+02   0.822443E+05   0.177911E+04
   0.490500E+03   0.141517E+04   0.317754E+02   0.822443E+05   0.177911E+04
   0.490600E+03   0.141517E+04   0.317754E+02   0.822443E+05   0.177911E+04
   0.490700E+03   0.141517E+04   0.317754E+02   0.822443E+05   0.177911E+04
   0.490800E+03   0.141517E+04   0.317754E+02   0.822443E+05   0.177911E+04
   0.490900E+03   0.141517E+04   0.317754E+02   0.822443E+05   0.177911E+04
   0.491000E+03   0.141517E+04   0.317754E+02   0.822443E+05   0.177911E+04
   0.491100E+03   0.141517E+04   0.317754E+02   0.822443E+05   0.177911E+04
   0.491200E+03   0.141517E+04   0.317754E+02   0.822443E+05   0.177911E+04
   0.491300E+03   0.141517E+04   0.317754E+02   0.822443E+05   0.177911E+04
   0.491400E+03   0.141517E+04   0.317754E+02   0.822443E+05   0.177911E+04
   0.491500E+03   0.141517E+04   0.317754E+02   0.822443E+05   0.177911E+04
   0.491600E+03   0.141517E+04   0.317754E+02   0.822443E+05   0.177911E+04
   0.491700E+03   0.141517E+04   0.317754E+02   0.822443E+05   0.177911E+04
   0.491800E+03   0.141517E+04   0.317754E+02   0.822443E+05   0.177911E+04
   0.491900E+03   0.141517E+04   0.317754E+02   0.822443E+05   0.177911E+04
   0.492000E+03   0.141517E+04   0.317754E+02   0.822443E+05   0.177911E+04
   0.492100E+03   0.141517E+04   0.317754E+02   0.822443E+05   0.177911E+04
   0.492200E+03   0.141517E+04   0.317754E+02   0.822443E+05   0.177911E+04
   0.492300E+03   0.141517E+04   0.317754E+02   0.822443E+05   0.177911E+04
   0.492400E+03   0.141517E+04   0.317754E+02   0.822443E+05   0.177911E+04
   0.492500E+03   0.141517E+04   0.317754E+02   0.822443E+05   0.177911E+04
   0.492600E+03   0.141517E+04   0.317754E+02   0.822443E+05   0.177911E+04
   0.492700E+03   0.141517E+04   0.317754E+02   0.822443E+05   0.177911E+04
   0.492800E+03   0.141517E+04   0.317754E+02   0.822443E+05   0.177911E+04
   0.492900E+03   0.141517E+04   0.317754E+02   0.822443E+05   0.177911E+04
   0.493000E+03   0.141517E+04   0.317754E+02   0.822443E+05   0.177911E+04
   0.493100E+03   0.141517E+04   0.317754E+02   0.822443E+05   0.177911E+04
   0.493200E+03   0.141517E+04   0.317754E+02   0.822443E+05   0.177911E+04
   0.493300E+03   0.141517E+04   0.317754E+02   0.822443E+05   0.177911E+04
   0.493400E+03   0.141517E+04   0.317754E+02   0.822443E+05   0.177911E+04
   0.493500E+03   0.141517E+04   0.317754E+02   0.822443E+05   0.177911E+04
   0.493600E+03   0.141517E+04   0.317754E+02   0.822443E+05   0.177911E+04
   0.493700E+03   0.141517E+04   0.317754E+02   0.822443E+05   0.177911E+04
   0.493800E+03   0.141517E+04   0.317754E+02   0.822443E+05   0.177911E+04
   0.493900E+03   0.141517E+04   0.317754E+02   0.822443E+05   0.177911E+04
   0.494000E+03   0.141517E+04   0.317754E+02   0.822443E+05   0.177911E+04
   0.494100E+03   0.141517E+04   0.317754E+02   0.822443E+05   0.177911E+04
   0.494200E+03   0.141517E+04   0.317754E+02   0.822443E+05   0.177911E+04
   0.494300E+03   0.141517E+04   0.317754E+02   0.822443E+05   0.177911E+04
   0.494400E+03   0.141517E+04   0.317754E+02   0.822443E+05   0.177911E+04
   0.494500E+03   0.141517E+04   0.317754E+02   0.822443E+05   0.177911E+04
   0.494600E+03   0.141517E+04   0.317754E+02   0.822443E+05   0.177911E+04
   0.494700E+03   0.141517E+04   0.317754E+02   0.822443E+05   0.177911E+04
   0.494800E+03   0.141517E+04   0.317754E+02   0.822443E+05   0.177911E+04
   0.494900E+03   0.141517E+04   0.317754E+02   0.822443E+05   0.177911E+04
   0.495000E+03   0.141517E+04   0.317754E+02   0.822443E+05   0.177911E+04
   0.495100E+03   0.141517E+04   0.317754E+02   0.822443E+05   0.177911E+04
   0.495200E+03   0.141517E+04   0.317754E+02   0.822443E+05   0.177911E+04
   0.495300E+03   0.141517E+04   0.317754E+02   0.822443E+05   0.177911E+04
   0.495400E+03   0.141517E+04   0.317754E+02   0.822443E+05   0.177911E+04
   0.495500E+03   0.141517E+04   0.317754E+02   0.822443E+05   0.177911E+04
   0.495600E+03   0.141517E+04   0.317754E+02   0.822443E+05   0.177911E+04
   0.495700E+03   0.141517E+04   0.317754E+02   0.822443E+05   0.177911E+04
   0.495800E+03   0.141517E+04   0.317754E+02   0.822443E+05   0.177911E+04
   0.495900E+03   0.141517E+04   0.317754E+02   0.822443E+05   0.177911E+04
   0.496000E+03   0.141517E+04   0.317754E+02   0.822443E+05   0.177911E+04
   0.496100E+03   0.141517E+04   0.317754E+02   0.822443E+05   0.177911E+04
   0.496200E+03   0.141517E+04   0.317754E+02   0.822443E+05   0.177911E+04
   0.496300E+03   0.141517E+04   0.317754E+02   0.822443E+05   0.177911E+04
   0.496400E+03   0.141517E+04   0.317754E+02   0.822443E+05   0.177911E+04
   0.496500E+03   0.141517E+04   0.317754E+02   0.822443E+05   0.177911E+04
   0.496600E+03   0.141517E+04   0.317754E+02   0.822443E+05   0.177911E+04
   0.496700E+03   0.141517E+04   0.317754E+02   0.822443E+05   0.177911E+04
   0.496800E+03   0.141517E+04   0.317754E+02   0.822443E+05   0.177911E+04
   0.496900E+03   0.141517E+04   0.317754E+02   0.822443E+05   0.177911E+04
   0.497000E+03   0.141517E+04   0.317754E+02   0.822443E+05   0.177911E+04
   0.497100E+03   0.141517E+04   0.317754E+02   0.822443E+05   0.177911E+04
   0.497200E+03   0.141517E+04   0.317754E+02   0.822443E+05   0.177911E+04
   0.497300E+03   0.141517E+04   0.317754E+02   0.822443E+05   0.177911E+04
   0.497400E+03   0.141517E+04   0.317754E+02   0.822443E+05   0.177911E+04
   0.497500E+03   0.141517E+04   0.317754E+02   0.822443E+05   0.177911E+04
   0.497600E+03   0.141517E+04   0.317754E+02   0.822443E+05   0.177911E+04
   0.497700E+03   0.141517E+04   0.317754E+02   0.822443E+05   0.177911E+04
   0.497800E+03   0.141517E+04   0.317754E+02   0.822443E+05   0.177911E+04
   0.497900E+03   0.141517E+04   0.317754E+02   0.822443E+05   0.177911E+04
   0.498000E+03   0.141517E+04   0.317754E+02   0.822443E+05   0.177911E+04
   0.498100E+03   0.141517E+04   0.317754E+02   0.822443E+05   0.177911E+04
   0.498200E+03   0.141517E+04   0.317754E+02   0.822443E+05   0.177911E+04
   0.498300E+03   0.141517E+04   0.317754E+02   0.822443E+05   0.177911E+04
   0.498400E+03   0.141517E+04   0.317754E+02   0.822443E+05   0.177911E+04
   0.498500E+03   0.141517E+04   0.317754E+02   0.822443E+05   0.177911E+04
   0.498600E+03   0.141517E+04   0.317754E+02   0.822443E+05   0.177911E+04
   0.498700E+03   0.141517E+04   0.317754E+02   0.822443E+05   0.177911E+04
   0.498800E+03   0.141517E+04   0.317754E+02   0.822443E+05   0.177911E+04
   0.498900E+03   0.141517E+04   0.317754E+02   0.822443E+05   0.177911E+04
   0.499000E+03   0.141517E+04   0.317754E+02   0.822443E+05   0.177911E+04
   0.499100E+03   0.141517E+04   0.317754E+02   0.822443E+05   0.177911E+04
   0.499200E+03   0.141517E+04   0.317754E+02   0.822443E+05   0.177911E+04
   0.499300E+03   0.141517E+04   0.317754E+02   0.822443E+05   0.177911E+04
   0.499400E+03   0.141517E+04   0.317754E+02   0.822443E+05   0.177911E+04
   0.499500E+03   0.141517E+04   0.317754E+02   0.822443E+05   0.177911E+04
   0.499600E+03   0.141517E+04   0.317754E+02   0.822443E+05   0.177911E+04
   0.499700E+03   0.141517E+04   0.317754E+02   0.822443E+05   0.177911E+04
   0.499800E+03   0.141517E+04   0.317754E+02   0.822443E+05   0.177911E+04
   0.499900E+03   0.141517E+04   0.317754E+02   0.822443E+05   0.177911E+04
