#    time(ps)        R(t,x=0)       J(t,x=L)
   0.000000E+00   0.207732E+01   0.647235E-04
   0.100000E+00   0.915394E+01   0.643392E-04
   0.200000E+00   0.229953E+02   0.637762E-04
   0.300000E+00   0.434014E+02   0.630852E-04
   0.400000E+00   0.690764E+02   0.623052E-04
   0.500000E+00   0.986689E+02   0.614669E-04
   0.600000E+00   0.131204E+03   0.605972E-04
   0.700000E+00   0.166057E+03   0.597193E-04
   0.800000E+00   0.202816E+03   0.588522E-04
   0.900000E+00   0.241207E+03   0.580089E-04
   0.100000E+01   0.281063E+03   0.571943E-04
   0.110000E+01   0.322311E+03   0.564117E-04
   0.120000E+01   0.364938E+03   0.556589E-04
   0.130000E+01   0.408944E+03   0.549363E-04
   0.140000E+01   0.454297E+03   0.542483E-04
   0.150000E+01   0.500893E+03   0.536082E-04
   0.160000E+01   0.548545E+03   0.530704E-04
   0.170000E+01   0.596993E+03   0.527974E-04
   0.180000E+01   0.645916E+03   0.532155E-04
   0.190000E+01   0.694971E+03   0.554157E-04
   0.200000E+01   0.743820E+03   0.620540E-04
   0.210000E+01   0.792157E+03   0.792101E-04
   0.220000E+01   0.839728E+03   0.120173E-03
   0.230000E+01   0.886338E+03   0.212688E-03
   0.240000E+01   0.931849E+03   0.412190E-03
   0.250000E+01   0.976179E+03   0.824663E-03
   0.260000E+01   0.101929E+04   0.164488E-02
   0.270000E+01   0.106119E+04   0.321645E-02
   0.280000E+01   0.110190E+04   0.612271E-02
   0.290000E+01   0.114146E+04   0.113165E-01
   0.300000E+01   0.117993E+04   0.202993E-01
   0.310000E+01   0.121737E+04   0.353507E-01
   0.320000E+01   0.125383E+04   0.598122E-01
   0.330000E+01   0.128937E+04   0.984141E-01
   0.340000E+01   0.132404E+04   0.157629E+00
   0.350000E+01   0.135788E+04   0.246003E+00
   0.360000E+01   0.139095E+04   0.374455E+00
   0.370000E+01   0.142327E+04   0.556456E+00
   0.380000E+01   0.145488E+04   0.808061E+00
   0.390000E+01   0.148583E+04   0.114774E+01
   0.400000E+01   0.151614E+04   0.159597E+01
   0.410000E+01   0.154585E+04   0.217461E+01
   0.420000E+01   0.157499E+04   0.290601E+01
   0.430000E+01   0.160361E+04   0.381198E+01
   0.440000E+01   0.163174E+04   0.491269E+01
   0.450000E+01   0.165942E+04   0.622547E+01
   0.460000E+01   0.168668E+04   0.776387E+01
   0.470000E+01   0.171356E+04   0.953688E+01
   0.480000E+01   0.174009E+04   0.115484E+02
   0.490000E+01   0.176628E+04   0.137969E+02
   0.500000E+01   0.179218E+04   0.162758E+02
   0.510000E+01   0.181778E+04   0.189736E+02
   0.520000E+01   0.184311E+04   0.218747E+02
   0.530000E+01   0.186817E+04   0.249604E+02
   0.540000E+01   0.189296E+04   0.282095E+02
   0.550000E+01   0.191750E+04   0.315998E+02
   0.560000E+01   0.194176E+04   0.351084E+02
   0.570000E+01   0.196576E+04   0.387130E+02
   0.580000E+01   0.198948E+04   0.423927E+02
   0.590000E+01   0.201291E+04   0.461283E+02
   0.600000E+01   0.203606E+04   0.499027E+02
   0.610000E+01   0.205890E+04   0.537009E+02
   0.620000E+01   0.208144E+04   0.575103E+02
   0.630000E+01   0.210367E+04   0.613205E+02
   0.640000E+01   0.212558E+04   0.651233E+02
   0.650000E+01   0.214716E+04   0.689120E+02
   0.660000E+01   0.216842E+04   0.726819E+02
   0.670000E+01   0.218936E+04   0.764297E+02
   0.680000E+01   0.220997E+04   0.801534E+02
   0.690000E+01   0.223025E+04   0.838521E+02
   0.700000E+01   0.225021E+04   0.875258E+02
   0.710000E+01   0.226985E+04   0.911751E+02
   0.720000E+01   0.228917E+04   0.948010E+02
   0.730000E+01   0.230818E+04   0.984051E+02
   0.740000E+01   0.232689E+04   0.101989E+03
   0.750000E+01   0.234530E+04   0.105554E+03
   0.760000E+01   0.236342E+04   0.109101E+03
   0.770000E+01   0.238126E+04   0.112632E+03
   0.780000E+01   0.239882E+04   0.116148E+03
   0.790000E+01   0.241612E+04   0.119648E+03
   0.800000E+01   0.243315E+04   0.123135E+03
   0.810000E+01   0.244994E+04   0.126606E+03
   0.820000E+01   0.246649E+04   0.130063E+03
   0.830000E+01   0.248281E+04   0.133504E+03
   0.840000E+01   0.249891E+04   0.136930E+03
   0.850000E+01   0.251479E+04   0.140341E+03
   0.860000E+01   0.253047E+04   0.143736E+03
   0.870000E+01   0.254595E+04   0.147116E+03
   0.880000E+01   0.256123E+04   0.150483E+03
   0.890000E+01   0.257634E+04   0.153836E+03
   0.900000E+01   0.259126E+04   0.157177E+03
   0.910000E+01   0.260601E+04   0.160508E+03
   0.920000E+01   0.262060E+04   0.163831E+03
   0.930000E+01   0.263503E+04   0.167146E+03
   0.940000E+01   0.264930E+04   0.170457E+03
   0.950000E+01   0.266342E+04   0.173765E+03
   0.960000E+01   0.267739E+04   0.177072E+03
   0.970000E+01   0.269122E+04   0.180379E+03
   0.980000E+01   0.270492E+04   0.183688E+03
   0.990000E+01   0.271847E+04   0.187000E+03
   0.100000E+02   0.273189E+04   0.190316E+03
   0.101000E+02   0.274519E+04   0.193636E+03
   0.102000E+02   0.275835E+04   0.196960E+03
   0.103000E+02   0.277139E+04   0.200288E+03
   0.104000E+02   0.278431E+04   0.203620E+03
   0.105000E+02   0.279711E+04   0.206953E+03
   0.106000E+02   0.280980E+04   0.210288E+03
   0.107000E+02   0.282237E+04   0.213622E+03
   0.108000E+02   0.283483E+04   0.216955E+03
   0.109000E+02   0.284717E+04   0.220283E+03
   0.110000E+02   0.285941E+04   0.223606E+03
   0.111000E+02   0.287154E+04   0.226922E+03
   0.112000E+02   0.288357E+04   0.230229E+03
   0.113000E+02   0.289550E+04   0.233525E+03
   0.114000E+02   0.290732E+04   0.236808E+03
   0.115000E+02   0.291905E+04   0.240078E+03
   0.116000E+02   0.293068E+04   0.243334E+03
   0.117000E+02   0.294222E+04   0.246573E+03
   0.118000E+02   0.295366E+04   0.249797E+03
   0.119000E+02   0.296502E+04   0.253004E+03
   0.120000E+02   0.297628E+04   0.256194E+03
   0.121000E+02   0.298746E+04   0.259367E+03
   0.122000E+02   0.299855E+04   0.262524E+03
   0.123000E+02   0.300955E+04   0.265665E+03
   0.124000E+02   0.302048E+04   0.268789E+03
   0.125000E+02   0.303132E+04   0.271899E+03
   0.126000E+02   0.304208E+04   0.274993E+03
   0.127000E+02   0.305276E+04   0.278074E+03
   0.128000E+02   0.306337E+04   0.281141E+03
   0.129000E+02   0.307390E+04   0.284195E+03
   0.130000E+02   0.308435E+04   0.287237E+03
   0.131000E+02   0.309473E+04   0.290268E+03
   0.132000E+02   0.310504E+04   0.293288E+03
   0.133000E+02   0.311527E+04   0.296298E+03
   0.134000E+02   0.312544E+04   0.299298E+03
   0.135000E+02   0.313553E+04   0.302289E+03
   0.136000E+02   0.314555E+04   0.305271E+03
   0.137000E+02   0.315551E+04   0.308244E+03
   0.138000E+02   0.316539E+04   0.311210E+03
   0.139000E+02   0.317521E+04   0.314168E+03
   0.140000E+02   0.318497E+04   0.317118E+03
   0.141000E+02   0.319465E+04   0.320062E+03
   0.142000E+02   0.320427E+04   0.322998E+03
   0.143000E+02   0.321383E+04   0.325927E+03
   0.144000E+02   0.322332E+04   0.328850E+03
   0.145000E+02   0.323274E+04   0.331766E+03
   0.146000E+02   0.324211E+04   0.334675E+03
   0.147000E+02   0.325141E+04   0.337579E+03
   0.148000E+02   0.326064E+04   0.340476E+03
   0.149000E+02   0.326982E+04   0.343366E+03
   0.150000E+02   0.327893E+04   0.346251E+03
   0.151000E+02   0.328799E+04   0.349129E+03
   0.152000E+02   0.329698E+04   0.352002E+03
   0.153000E+02   0.330591E+04   0.354868E+03
   0.154000E+02   0.331478E+04   0.357728E+03
   0.155000E+02   0.332359E+04   0.360583E+03
   0.156000E+02   0.333234E+04   0.363431E+03
   0.157000E+02   0.334104E+04   0.366274E+03
   0.158000E+02   0.334968E+04   0.369111E+03
   0.159000E+02   0.335825E+04   0.371942E+03
   0.160000E+02   0.336678E+04   0.374767E+03
   0.161000E+02   0.337524E+04   0.377586E+03
   0.162000E+02   0.338365E+04   0.380399E+03
   0.163000E+02   0.339201E+04   0.383207E+03
   0.164000E+02   0.340031E+04   0.386009E+03
   0.165000E+02   0.340855E+04   0.388805E+03
   0.166000E+02   0.341674E+04   0.391596E+03
   0.167000E+02   0.342488E+04   0.394381E+03
   0.168000E+02   0.343297E+04   0.397160E+03
   0.169000E+02   0.344100E+04   0.399934E+03
   0.170000E+02   0.344898E+04   0.402702E+03
   0.171000E+02   0.345691E+04   0.405464E+03
   0.172000E+02   0.346479E+04   0.408221E+03
   0.173000E+02   0.347262E+04   0.410972E+03
   0.174000E+02   0.348040E+04   0.413718E+03
   0.175000E+02   0.348813E+04   0.416458E+03
   0.176000E+02   0.349581E+04   0.419193E+03
   0.177000E+02   0.350344E+04   0.421922E+03
   0.178000E+02   0.351103E+04   0.424645E+03
   0.179000E+02   0.351857E+04   0.427363E+03
   0.180000E+02   0.352606E+04   0.430076E+03
   0.181000E+02   0.353350E+04   0.432783E+03
   0.182000E+02   0.354090E+04   0.435485E+03
   0.183000E+02   0.354825E+04   0.438181E+03
   0.184000E+02   0.355556E+04   0.440872E+03
   0.185000E+02   0.356282E+04   0.443558E+03
   0.186000E+02   0.357004E+04   0.446238E+03
   0.187000E+02   0.357721E+04   0.448912E+03
   0.188000E+02   0.358434E+04   0.451581E+03
   0.189000E+02   0.359143E+04   0.454245E+03
   0.190000E+02   0.359847E+04   0.456904E+03
   0.191000E+02   0.360548E+04   0.459557E+03
   0.192000E+02   0.361244E+04   0.462204E+03
   0.193000E+02   0.361935E+04   0.464847E+03
   0.194000E+02   0.362623E+04   0.467483E+03
   0.195000E+02   0.363307E+04   0.470115E+03
   0.196000E+02   0.363986E+04   0.472741E+03
   0.197000E+02   0.364662E+04   0.475362E+03
   0.198000E+02   0.365333E+04   0.477977E+03
   0.199000E+02   0.366001E+04   0.480588E+03
   0.200000E+02   0.366665E+04   0.483192E+03
   0.201000E+02   0.367325E+04   0.485792E+03
   0.202000E+02   0.367981E+04   0.488386E+03
   0.203000E+02   0.368633E+04   0.490975E+03
   0.204000E+02   0.369281E+04   0.493558E+03
   0.205000E+02   0.369926E+04   0.496136E+03
   0.206000E+02   0.370567E+04   0.498709E+03
   0.207000E+02   0.371204E+04   0.501276E+03
   0.208000E+02   0.371838E+04   0.503839E+03
   0.209000E+02   0.372468E+04   0.506395E+03
   0.210000E+02   0.373095E+04   0.508947E+03
   0.211000E+02   0.373717E+04   0.511493E+03
   0.212000E+02   0.374337E+04   0.514034E+03
   0.213000E+02   0.374953E+04   0.516569E+03
   0.214000E+02   0.375565E+04   0.519099E+03
   0.215000E+02   0.376174E+04   0.521624E+03
   0.216000E+02   0.376779E+04   0.524143E+03
   0.217000E+02   0.377381E+04   0.526657E+03
   0.218000E+02   0.377980E+04   0.529166E+03
   0.219000E+02   0.378575E+04   0.531670E+03
   0.220000E+02   0.379168E+04   0.534168E+03
   0.221000E+02   0.379756E+04   0.536661E+03
   0.222000E+02   0.380342E+04   0.539148E+03
   0.223000E+02   0.380924E+04   0.541630E+03
   0.224000E+02   0.381503E+04   0.544107E+03
   0.225000E+02   0.382079E+04   0.546579E+03
   0.226000E+02   0.382652E+04   0.549045E+03
   0.227000E+02   0.383221E+04   0.551506E+03
   0.228000E+02   0.383787E+04   0.553961E+03
   0.229000E+02   0.384351E+04   0.556411E+03
   0.230000E+02   0.384911E+04   0.558856E+03
   0.231000E+02   0.385468E+04   0.561295E+03
   0.232000E+02   0.386022E+04   0.563729E+03
   0.233000E+02   0.386573E+04   0.566158E+03
   0.234000E+02   0.387122E+04   0.568581E+03
   0.235000E+02   0.387667E+04   0.570999E+03
   0.236000E+02   0.388209E+04   0.573411E+03
   0.237000E+02   0.388748E+04   0.575818E+03
   0.238000E+02   0.389285E+04   0.578220E+03
   0.239000E+02   0.389818E+04   0.580616E+03
   0.240000E+02   0.390349E+04   0.583007E+03
   0.241000E+02   0.390877E+04   0.585393E+03
   0.242000E+02   0.391402E+04   0.587773E+03
   0.243000E+02   0.391924E+04   0.590148E+03
   0.244000E+02   0.392443E+04   0.592518E+03
   0.245000E+02   0.392960E+04   0.594882E+03
   0.246000E+02   0.393474E+04   0.597240E+03
   0.247000E+02   0.393985E+04   0.599594E+03
   0.248000E+02   0.394493E+04   0.601942E+03
   0.249000E+02   0.394999E+04   0.604284E+03
   0.250000E+02   0.395502E+04   0.606621E+03
   0.251000E+02   0.396003E+04   0.608953E+03
   0.252000E+02   0.396501E+04   0.611280E+03
   0.253000E+02   0.396996E+04   0.613601E+03
   0.254000E+02   0.397488E+04   0.615916E+03
   0.255000E+02   0.397978E+04   0.618227E+03
   0.256000E+02   0.398466E+04   0.620532E+03
   0.257000E+02   0.398951E+04   0.622831E+03
   0.258000E+02   0.399433E+04   0.625126E+03
   0.259000E+02   0.399913E+04   0.627414E+03
   0.260000E+02   0.400391E+04   0.629698E+03
   0.261000E+02   0.400866E+04   0.631976E+03
   0.262000E+02   0.401338E+04   0.634249E+03
   0.263000E+02   0.401808E+04   0.636516E+03
   0.264000E+02   0.402276E+04   0.638778E+03
   0.265000E+02   0.402741E+04   0.641035E+03
   0.266000E+02   0.403204E+04   0.643286E+03
   0.267000E+02   0.403664E+04   0.645532E+03
   0.268000E+02   0.404123E+04   0.647773E+03
   0.269000E+02   0.404578E+04   0.650008E+03
   0.270000E+02   0.405032E+04   0.652238E+03
   0.271000E+02   0.405483E+04   0.654463E+03
   0.272000E+02   0.405932E+04   0.656682E+03
   0.273000E+02   0.406378E+04   0.658896E+03
   0.274000E+02   0.406823E+04   0.661104E+03
   0.275000E+02   0.407265E+04   0.663307E+03
   0.276000E+02   0.407704E+04   0.665505E+03
   0.277000E+02   0.408142E+04   0.667697E+03
   0.278000E+02   0.408578E+04   0.669884E+03
   0.279000E+02   0.409011E+04   0.672066E+03
   0.280000E+02   0.409442E+04   0.674242E+03
   0.281000E+02   0.409871E+04   0.676413E+03
   0.282000E+02   0.410297E+04   0.678579E+03
   0.283000E+02   0.410722E+04   0.680739E+03
   0.284000E+02   0.411144E+04   0.682894E+03
   0.285000E+02   0.411565E+04   0.685043E+03
   0.286000E+02   0.411983E+04   0.687187E+03
   0.287000E+02   0.412399E+04   0.689326E+03
   0.288000E+02   0.412813E+04   0.691459E+03
   0.289000E+02   0.413225E+04   0.693587E+03
   0.290000E+02   0.413636E+04   0.695710E+03
   0.291000E+02   0.414044E+04   0.697827E+03
   0.292000E+02   0.414450E+04   0.699939E+03
   0.293000E+02   0.414854E+04   0.702046E+03
   0.294000E+02   0.415256E+04   0.704147E+03
   0.295000E+02   0.415656E+04   0.706243E+03
   0.296000E+02   0.416054E+04   0.708334E+03
   0.297000E+02   0.416450E+04   0.710419E+03
   0.298000E+02   0.416844E+04   0.712499E+03
   0.299000E+02   0.417236E+04   0.714573E+03
   0.300000E+02   0.417627E+04   0.716642E+03
   0.301000E+02   0.418015E+04   0.718706E+03
   0.302000E+02   0.418402E+04   0.720764E+03
   0.303000E+02   0.418786E+04   0.722818E+03
   0.304000E+02   0.419169E+04   0.724865E+03
   0.305000E+02   0.419550E+04   0.726908E+03
   0.306000E+02   0.419929E+04   0.728945E+03
   0.307000E+02   0.420307E+04   0.730977E+03
   0.308000E+02   0.420682E+04   0.733003E+03
   0.309000E+02   0.421056E+04   0.735024E+03
   0.310000E+02   0.421428E+04   0.737040E+03
   0.311000E+02   0.421798E+04   0.739050E+03
   0.312000E+02   0.422166E+04   0.741056E+03
   0.313000E+02   0.422533E+04   0.743055E+03
   0.314000E+02   0.422897E+04   0.745050E+03
   0.315000E+02   0.423260E+04   0.747039E+03
   0.316000E+02   0.423622E+04   0.749023E+03
   0.317000E+02   0.423981E+04   0.751002E+03
   0.318000E+02   0.424339E+04   0.752975E+03
   0.319000E+02   0.424695E+04   0.754943E+03
   0.320000E+02   0.425050E+04   0.756906E+03
   0.321000E+02   0.425403E+04   0.758864E+03
   0.322000E+02   0.425754E+04   0.760816E+03
   0.323000E+02   0.426103E+04   0.762763E+03
   0.324000E+02   0.426451E+04   0.764705E+03
   0.325000E+02   0.426797E+04   0.766641E+03
   0.326000E+02   0.427142E+04   0.768573E+03
   0.327000E+02   0.427485E+04   0.770499E+03
   0.328000E+02   0.427826E+04   0.772420E+03
   0.329000E+02   0.428166E+04   0.774335E+03
   0.330000E+02   0.428504E+04   0.776246E+03
   0.331000E+02   0.428841E+04   0.778151E+03
   0.332000E+02   0.429176E+04   0.780051E+03
   0.333000E+02   0.429509E+04   0.781946E+03
   0.334000E+02   0.429841E+04   0.783835E+03
   0.335000E+02   0.430171E+04   0.785720E+03
   0.336000E+02   0.430500E+04   0.787599E+03
   0.337000E+02   0.430827E+04   0.789473E+03
   0.338000E+02   0.431153E+04   0.791342E+03
   0.339000E+02   0.431477E+04   0.793206E+03
   0.340000E+02   0.431800E+04   0.795065E+03
   0.341000E+02   0.432121E+04   0.796918E+03
   0.342000E+02   0.432441E+04   0.798767E+03
   0.343000E+02   0.432759E+04   0.800610E+03
   0.344000E+02   0.433076E+04   0.802448E+03
   0.345000E+02   0.433392E+04   0.804281E+03
   0.346000E+02   0.433706E+04   0.806109E+03
   0.347000E+02   0.434018E+04   0.807932E+03
   0.348000E+02   0.434329E+04   0.809749E+03
   0.349000E+02   0.434639E+04   0.811562E+03
   0.350000E+02   0.434947E+04   0.813370E+03
   0.351000E+02   0.435254E+04   0.815172E+03
   0.352000E+02   0.435559E+04   0.816970E+03
   0.353000E+02   0.435863E+04   0.818762E+03
   0.354000E+02   0.436166E+04   0.820549E+03
   0.355000E+02   0.436467E+04   0.822332E+03
   0.356000E+02   0.436767E+04   0.824109E+03
   0.357000E+02   0.437065E+04   0.825881E+03
   0.358000E+02   0.437362E+04   0.827649E+03
   0.359000E+02   0.437658E+04   0.829411E+03
   0.360000E+02   0.437953E+04   0.831168E+03
   0.361000E+02   0.438246E+04   0.832920E+03
   0.362000E+02   0.438538E+04   0.834668E+03
   0.363000E+02   0.438828E+04   0.836410E+03
   0.364000E+02   0.439117E+04   0.838147E+03
   0.365000E+02   0.439405E+04   0.839880E+03
   0.366000E+02   0.439692E+04   0.841607E+03
   0.367000E+02   0.439977E+04   0.843329E+03
   0.368000E+02   0.440261E+04   0.845047E+03
   0.369000E+02   0.440544E+04   0.846760E+03
   0.370000E+02   0.440826E+04   0.848467E+03
   0.371000E+02   0.441106E+04   0.850170E+03
   0.372000E+02   0.441385E+04   0.851868E+03
   0.373000E+02   0.441663E+04   0.853561E+03
   0.374000E+02   0.441939E+04   0.855249E+03
   0.375000E+02   0.442214E+04   0.856932E+03
   0.376000E+02   0.442489E+04   0.858611E+03
   0.377000E+02   0.442761E+04   0.860284E+03
   0.378000E+02   0.443033E+04   0.861953E+03
   0.379000E+02   0.443303E+04   0.863617E+03
   0.380000E+02   0.443573E+04   0.865276E+03
   0.381000E+02   0.443841E+04   0.866930E+03
   0.382000E+02   0.444108E+04   0.868579E+03
   0.383000E+02   0.444373E+04   0.870224E+03
   0.384000E+02   0.444638E+04   0.871864E+03
   0.385000E+02   0.444901E+04   0.873499E+03
   0.386000E+02   0.445163E+04   0.875129E+03
   0.387000E+02   0.445424E+04   0.876754E+03
   0.388000E+02   0.445684E+04   0.878375E+03
   0.389000E+02   0.445943E+04   0.879991E+03
   0.390000E+02   0.446201E+04   0.881602E+03
   0.391000E+02   0.446457E+04   0.883208E+03
   0.392000E+02   0.446713E+04   0.884810E+03
   0.393000E+02   0.446967E+04   0.886407E+03
   0.394000E+02   0.447220E+04   0.887999E+03
   0.395000E+02   0.447472E+04   0.889586E+03
   0.396000E+02   0.447723E+04   0.891169E+03
   0.397000E+02   0.447973E+04   0.892747E+03
   0.398000E+02   0.448222E+04   0.894321E+03
   0.399000E+02   0.448469E+04   0.895890E+03
   0.400000E+02   0.448716E+04   0.897454E+03
   0.401000E+02   0.448961E+04   0.899013E+03
   0.402000E+02   0.449206E+04   0.900568E+03
   0.403000E+02   0.449449E+04   0.902118E+03
   0.404000E+02   0.449692E+04   0.903664E+03
   0.405000E+02   0.449933E+04   0.905205E+03
   0.406000E+02   0.450173E+04   0.906741E+03
   0.407000E+02   0.450413E+04   0.908273E+03
   0.408000E+02   0.450651E+04   0.909800E+03
   0.409000E+02   0.450888E+04   0.911323E+03
   0.410000E+02   0.451124E+04   0.912841E+03
   0.411000E+02   0.451359E+04   0.914354E+03
   0.412000E+02   0.451593E+04   0.915863E+03
   0.413000E+02   0.451827E+04   0.917368E+03
   0.414000E+02   0.452059E+04   0.918868E+03
   0.415000E+02   0.452290E+04   0.920363E+03
   0.416000E+02   0.452520E+04   0.921854E+03
   0.417000E+02   0.452749E+04   0.923340E+03
   0.418000E+02   0.452978E+04   0.924822E+03
   0.419000E+02   0.453205E+04   0.926300E+03
   0.420000E+02   0.453431E+04   0.927773E+03
   0.421000E+02   0.453656E+04   0.929241E+03
   0.422000E+02   0.453881E+04   0.930705E+03
   0.423000E+02   0.454104E+04   0.932165E+03
   0.424000E+02   0.454327E+04   0.933620E+03
   0.425000E+02   0.454548E+04   0.935071E+03
   0.426000E+02   0.454769E+04   0.936517E+03
   0.427000E+02   0.454988E+04   0.937959E+03
   0.428000E+02   0.455207E+04   0.939397E+03
   0.429000E+02   0.455425E+04   0.940830E+03
   0.430000E+02   0.455642E+04   0.942259E+03
   0.431000E+02   0.455858E+04   0.943683E+03
   0.432000E+02   0.456073E+04   0.945103E+03
   0.433000E+02   0.456287E+04   0.946519E+03
   0.434000E+02   0.456500E+04   0.947930E+03
   0.435000E+02   0.456712E+04   0.949337E+03
   0.436000E+02   0.456924E+04   0.950740E+03
   0.437000E+02   0.457134E+04   0.952138E+03
   0.438000E+02   0.457344E+04   0.953533E+03
   0.439000E+02   0.457553E+04   0.954923E+03
   0.440000E+02   0.457761E+04   0.956308E+03
   0.441000E+02   0.457968E+04   0.957689E+03
   0.442000E+02   0.458174E+04   0.959067E+03
   0.443000E+02   0.458379E+04   0.960439E+03
   0.444000E+02   0.458584E+04   0.961808E+03
   0.445000E+02   0.458787E+04   0.963172E+03
   0.446000E+02   0.458990E+04   0.964533E+03
   0.447000E+02   0.459192E+04   0.965888E+03
   0.448000E+02   0.459393E+04   0.967240E+03
   0.449000E+02   0.459593E+04   0.968588E+03
   0.450000E+02   0.459793E+04   0.969931E+03
   0.451000E+02   0.459991E+04   0.971270E+03
   0.452000E+02   0.460189E+04   0.972605E+03
   0.453000E+02   0.460386E+04   0.973936E+03
   0.454000E+02   0.460582E+04   0.975263E+03
   0.455000E+02   0.460777E+04   0.976586E+03
   0.456000E+02   0.460972E+04   0.977904E+03
   0.457000E+02   0.461166E+04   0.979219E+03
   0.458000E+02   0.461358E+04   0.980529E+03
   0.459000E+02   0.461551E+04   0.981835E+03
   0.460000E+02   0.461742E+04   0.983138E+03
   0.461000E+02   0.461932E+04   0.984436E+03
   0.462000E+02   0.462122E+04   0.985730E+03
   0.463000E+02   0.462311E+04   0.987020E+03
   0.464000E+02   0.462499E+04   0.988306E+03
   0.465000E+02   0.462687E+04   0.989588E+03
   0.466000E+02   0.462873E+04   0.990866E+03
   0.467000E+02   0.463059E+04   0.992140E+03
   0.468000E+02   0.463244E+04   0.993409E+03
   0.469000E+02   0.463429E+04   0.994675E+03
   0.470000E+02   0.463612E+04   0.995937E+03
   0.471000E+02   0.463795E+04   0.997195E+03
   0.472000E+02   0.463977E+04   0.998449E+03
   0.473000E+02   0.464159E+04   0.999699E+03
   0.474000E+02   0.464339E+04   0.100095E+04
   0.475000E+02   0.464519E+04   0.100219E+04
   0.476000E+02   0.464698E+04   0.100343E+04
   0.477000E+02   0.464877E+04   0.100466E+04
   0.478000E+02   0.465054E+04   0.100589E+04
   0.479000E+02   0.465231E+04   0.100712E+04
   0.480000E+02   0.465408E+04   0.100834E+04
   0.481000E+02   0.465583E+04   0.100956E+04
   0.482000E+02   0.465758E+04   0.101077E+04
   0.483000E+02   0.465932E+04   0.101199E+04
   0.484000E+02   0.466105E+04   0.101319E+04
   0.485000E+02   0.466278E+04   0.101440E+04
   0.486000E+02   0.466450E+04   0.101560E+04
   0.487000E+02   0.466621E+04   0.101679E+04
   0.488000E+02   0.466792E+04   0.101798E+04
   0.489000E+02   0.466962E+04   0.101917E+04
   0.490000E+02   0.467131E+04   0.102036E+04
   0.491000E+02   0.467300E+04   0.102154E+04
   0.492000E+02   0.467468E+04   0.102271E+04
   0.493000E+02   0.467635E+04   0.102389E+04
   0.494000E+02   0.467801E+04   0.102506E+04
   0.495000E+02   0.467967E+04   0.102622E+04
   0.496000E+02   0.468132E+04   0.102738E+04
   0.497000E+02   0.468297E+04   0.102854E+04
   0.498000E+02   0.468461E+04   0.102970E+04
   0.499000E+02   0.468624E+04   0.103085E+04
   0.500000E+02   0.468787E+04   0.103200E+04
   0.501000E+02   0.468948E+04   0.103314E+04
   0.502000E+02   0.469110E+04   0.103428E+04
   0.503000E+02   0.469270E+04   0.103542E+04
   0.504000E+02   0.469430E+04   0.103655E+04
   0.505000E+02   0.469590E+04   0.103768E+04
   0.506000E+02   0.469748E+04   0.103880E+04
   0.507000E+02   0.469906E+04   0.103992E+04
   0.508000E+02   0.470064E+04   0.104104E+04
   0.509000E+02   0.470221E+04   0.104216E+04
   0.510000E+02   0.470377E+04   0.104327E+04
   0.511000E+02   0.470532E+04   0.104437E+04
   0.512000E+02   0.470687E+04   0.104548E+04
   0.513000E+02   0.470842E+04   0.104658E+04
   0.514000E+02   0.470995E+04   0.104768E+04
   0.515000E+02   0.471148E+04   0.104877E+04
   0.516000E+02   0.471301E+04   0.104986E+04
   0.517000E+02   0.471453E+04   0.105094E+04
   0.518000E+02   0.471604E+04   0.105203E+04
   0.519000E+02   0.471755E+04   0.105311E+04
   0.520000E+02   0.471905E+04   0.105418E+04
   0.521000E+02   0.472054E+04   0.105525E+04
   0.522000E+02   0.472203E+04   0.105632E+04
   0.523000E+02   0.472351E+04   0.105739E+04
   0.524000E+02   0.472499E+04   0.105845E+04
   0.525000E+02   0.472646E+04   0.105951E+04
   0.526000E+02   0.472793E+04   0.106056E+04
   0.527000E+02   0.472939E+04   0.106161E+04
   0.528000E+02   0.473084E+04   0.106266E+04
   0.529000E+02   0.473229E+04   0.106371E+04
   0.530000E+02   0.473373E+04   0.106475E+04
   0.531000E+02   0.473517E+04   0.106579E+04
   0.532000E+02   0.473660E+04   0.106682E+04
   0.533000E+02   0.473803E+04   0.106785E+04
   0.534000E+02   0.473945E+04   0.106888E+04
   0.535000E+02   0.474086E+04   0.106990E+04
   0.536000E+02   0.474227E+04   0.107092E+04
   0.537000E+02   0.474367E+04   0.107194E+04
   0.538000E+02   0.474507E+04   0.107296E+04
   0.539000E+02   0.474646E+04   0.107397E+04
   0.540000E+02   0.474785E+04   0.107498E+04
   0.541000E+02   0.474923E+04   0.107598E+04
   0.542000E+02   0.475061E+04   0.107698E+04
   0.543000E+02   0.475198E+04   0.107798E+04
   0.544000E+02   0.475334E+04   0.107897E+04
   0.545000E+02   0.475470E+04   0.107997E+04
   0.546000E+02   0.475606E+04   0.108095E+04
   0.547000E+02   0.475740E+04   0.108194E+04
   0.548000E+02   0.475875E+04   0.108292E+04
   0.549000E+02   0.476009E+04   0.108390E+04
   0.550000E+02   0.476142E+04   0.108488E+04
   0.551000E+02   0.476275E+04   0.108585E+04
   0.552000E+02   0.476407E+04   0.108682E+04
   0.553000E+02   0.476539E+04   0.108778E+04
   0.554000E+02   0.476670E+04   0.108875E+04
   0.555000E+02   0.476801E+04   0.108970E+04
   0.556000E+02   0.476931E+04   0.109066E+04
   0.557000E+02   0.477061E+04   0.109161E+04
   0.558000E+02   0.477190E+04   0.109256E+04
   0.559000E+02   0.477319E+04   0.109351E+04
   0.560000E+02   0.477447E+04   0.109446E+04
   0.561000E+02   0.477575E+04   0.109540E+04
   0.562000E+02   0.477702E+04   0.109633E+04
   0.563000E+02   0.477829E+04   0.109727E+04
   0.564000E+02   0.477955E+04   0.109820E+04
   0.565000E+02   0.478081E+04   0.109913E+04
   0.566000E+02   0.478206E+04   0.110005E+04
   0.567000E+02   0.478331E+04   0.110098E+04
   0.568000E+02   0.478456E+04   0.110189E+04
   0.569000E+02   0.478579E+04   0.110281E+04
   0.570000E+02   0.478703E+04   0.110372E+04
   0.571000E+02   0.478826E+04   0.110463E+04
   0.572000E+02   0.478948E+04   0.110554E+04
   0.573000E+02   0.479070E+04   0.110645E+04
   0.574000E+02   0.479191E+04   0.110735E+04
   0.575000E+02   0.479312E+04   0.110825E+04
   0.576000E+02   0.479433E+04   0.110914E+04
   0.577000E+02   0.479553E+04   0.111003E+04
   0.578000E+02   0.479673E+04   0.111092E+04
   0.579000E+02   0.479792E+04   0.111181E+04
   0.580000E+02   0.479910E+04   0.111269E+04
   0.581000E+02   0.480029E+04   0.111357E+04
   0.582000E+02   0.480147E+04   0.111445E+04
   0.583000E+02   0.480264E+04   0.111532E+04
   0.584000E+02   0.480381E+04   0.111620E+04
   0.585000E+02   0.480497E+04   0.111707E+04
   0.586000E+02   0.480613E+04   0.111793E+04
   0.587000E+02   0.480729E+04   0.111879E+04
   0.588000E+02   0.480844E+04   0.111965E+04
   0.589000E+02   0.480958E+04   0.112051E+04
   0.590000E+02   0.481073E+04   0.112137E+04
   0.591000E+02   0.481186E+04   0.112222E+04
   0.592000E+02   0.481300E+04   0.112307E+04
   0.593000E+02   0.481413E+04   0.112391E+04
   0.594000E+02   0.481525E+04   0.112476E+04
   0.595000E+02   0.481637E+04   0.112560E+04
   0.596000E+02   0.481749E+04   0.112643E+04
   0.597000E+02   0.481860E+04   0.112727E+04
   0.598000E+02   0.481971E+04   0.112810E+04
   0.599000E+02   0.482081E+04   0.112893E+04
   0.600000E+02   0.482191E+04   0.112976E+04
   0.601000E+02   0.482300E+04   0.113058E+04
   0.602000E+02   0.482410E+04   0.113140E+04
   0.603000E+02   0.482518E+04   0.113222E+04
   0.604000E+02   0.482626E+04   0.113304E+04
   0.605000E+02   0.482734E+04   0.113385E+04
   0.606000E+02   0.482842E+04   0.113466E+04
   0.607000E+02   0.482949E+04   0.113547E+04
   0.608000E+02   0.483055E+04   0.113627E+04
   0.609000E+02   0.483162E+04   0.113707E+04
   0.610000E+02   0.483267E+04   0.113787E+04
   0.611000E+02   0.483373E+04   0.113867E+04
   0.612000E+02   0.483478E+04   0.113946E+04
   0.613000E+02   0.483582E+04   0.114025E+04
   0.614000E+02   0.483686E+04   0.114104E+04
   0.615000E+02   0.483790E+04   0.114183E+04
   0.616000E+02   0.483894E+04   0.114261E+04
   0.617000E+02   0.483997E+04   0.114339E+04
   0.618000E+02   0.484099E+04   0.114417E+04
   0.619000E+02   0.484202E+04   0.114495E+04
   0.620000E+02   0.484303E+04   0.114572E+04
   0.621000E+02   0.484405E+04   0.114649E+04
   0.622000E+02   0.484506E+04   0.114726E+04
   0.623000E+02   0.484607E+04   0.114802E+04
   0.624000E+02   0.484707E+04   0.114878E+04
   0.625000E+02   0.484807E+04   0.114954E+04
   0.626000E+02   0.484907E+04   0.115030E+04
   0.627000E+02   0.485006E+04   0.115106E+04
   0.628000E+02   0.485105E+04   0.115181E+04
   0.629000E+02   0.485203E+04   0.115256E+04
   0.630000E+02   0.485301E+04   0.115331E+04
   0.631000E+02   0.485399E+04   0.115405E+04
   0.632000E+02   0.485496E+04   0.115479E+04
   0.633000E+02   0.485593E+04   0.115553E+04
   0.634000E+02   0.485690E+04   0.115627E+04
   0.635000E+02   0.485786E+04   0.115701E+04
   0.636000E+02   0.485882E+04   0.115774E+04
   0.637000E+02   0.485977E+04   0.115847E+04
   0.638000E+02   0.486072E+04   0.115920E+04
   0.639000E+02   0.486167E+04   0.115992E+04
   0.640000E+02   0.486262E+04   0.116064E+04
   0.641000E+02   0.486356E+04   0.116136E+04
   0.642000E+02   0.486449E+04   0.116208E+04
   0.643000E+02   0.486543E+04   0.116280E+04
   0.644000E+02   0.486636E+04   0.116351E+04
   0.645000E+02   0.486728E+04   0.116422E+04
   0.646000E+02   0.486821E+04   0.116493E+04
   0.647000E+02   0.486913E+04   0.116563E+04
   0.648000E+02   0.487004E+04   0.116634E+04
   0.649000E+02   0.487096E+04   0.116704E+04
   0.650000E+02   0.487186E+04   0.116774E+04
   0.651000E+02   0.487277E+04   0.116843E+04
   0.652000E+02   0.487367E+04   0.116913E+04
   0.653000E+02   0.487457E+04   0.116982E+04
   0.654000E+02   0.487547E+04   0.117051E+04
   0.655000E+02   0.487636E+04   0.117119E+04
   0.656000E+02   0.487725E+04   0.117188E+04
   0.657000E+02   0.487814E+04   0.117256E+04
   0.658000E+02   0.487902E+04   0.117324E+04
   0.659000E+02   0.487990E+04   0.117392E+04
   0.660000E+02   0.488077E+04   0.117459E+04
   0.661000E+02   0.488165E+04   0.117526E+04
   0.662000E+02   0.488252E+04   0.117594E+04
   0.663000E+02   0.488338E+04   0.117660E+04
   0.664000E+02   0.488424E+04   0.117727E+04
   0.665000E+02   0.488510E+04   0.117793E+04
   0.666000E+02   0.488596E+04   0.117860E+04
   0.667000E+02   0.488681E+04   0.117925E+04
   0.668000E+02   0.488766E+04   0.117991E+04
   0.669000E+02   0.488851E+04   0.118057E+04
   0.670000E+02   0.488935E+04   0.118122E+04
   0.671000E+02   0.489019E+04   0.118187E+04
   0.672000E+02   0.489103E+04   0.118252E+04
   0.673000E+02   0.489187E+04   0.118316E+04
   0.674000E+02   0.489270E+04   0.118381E+04
   0.675000E+02   0.489353E+04   0.118445E+04
   0.676000E+02   0.489435E+04   0.118509E+04
   0.677000E+02   0.489517E+04   0.118573E+04
   0.678000E+02   0.489599E+04   0.118636E+04
   0.679000E+02   0.489681E+04   0.118699E+04
   0.680000E+02   0.489762E+04   0.118762E+04
   0.681000E+02   0.489843E+04   0.118825E+04
   0.682000E+02   0.489924E+04   0.118888E+04
   0.683000E+02   0.490004E+04   0.118950E+04
   0.684000E+02   0.490084E+04   0.119013E+04
   0.685000E+02   0.490164E+04   0.119075E+04
   0.686000E+02   0.490243E+04   0.119136E+04
   0.687000E+02   0.490323E+04   0.119198E+04
   0.688000E+02   0.490401E+04   0.119259E+04
   0.689000E+02   0.490480E+04   0.119321E+04
   0.690000E+02   0.490558E+04   0.119382E+04
   0.691000E+02   0.490636E+04   0.119442E+04
   0.692000E+02   0.490714E+04   0.119503E+04
   0.693000E+02   0.490792E+04   0.119563E+04
   0.694000E+02   0.490869E+04   0.119623E+04
   0.695000E+02   0.490946E+04   0.119683E+04
   0.696000E+02   0.491022E+04   0.119743E+04
   0.697000E+02   0.491098E+04   0.119803E+04
   0.698000E+02   0.491174E+04   0.119862E+04
   0.699000E+02   0.491250E+04   0.119921E+04
   0.700000E+02   0.491326E+04   0.119980E+04
   0.701000E+02   0.491401E+04   0.120039E+04
   0.702000E+02   0.491476E+04   0.120097E+04
   0.703000E+02   0.491550E+04   0.120155E+04
   0.704000E+02   0.491625E+04   0.120214E+04
   0.705000E+02   0.491699E+04   0.120271E+04
   0.706000E+02   0.491773E+04   0.120329E+04
   0.707000E+02   0.491846E+04   0.120387E+04
   0.708000E+02   0.491919E+04   0.120444E+04
   0.709000E+02   0.491992E+04   0.120501E+04
   0.710000E+02   0.492065E+04   0.120558E+04
   0.711000E+02   0.492137E+04   0.120615E+04
   0.712000E+02   0.492210E+04   0.120671E+04
   0.713000E+02   0.492282E+04   0.120728E+04
   0.714000E+02   0.492353E+04   0.120784E+04
   0.715000E+02   0.492425E+04   0.120840E+04
   0.716000E+02   0.492496E+04   0.120896E+04
   0.717000E+02   0.492566E+04   0.120951E+04
   0.718000E+02   0.492637E+04   0.121006E+04
   0.719000E+02   0.492707E+04   0.121062E+04
   0.720000E+02   0.492777E+04   0.121117E+04
   0.721000E+02   0.492847E+04   0.121172E+04
   0.722000E+02   0.492917E+04   0.121226E+04
   0.723000E+02   0.492986E+04   0.121281E+04
   0.724000E+02   0.493055E+04   0.121335E+04
   0.725000E+02   0.493124E+04   0.121389E+04
   0.726000E+02   0.493192E+04   0.121443E+04
   0.727000E+02   0.493261E+04   0.121497E+04
   0.728000E+02   0.493329E+04   0.121550E+04
   0.729000E+02   0.493397E+04   0.121603E+04
   0.730000E+02   0.493464E+04   0.121657E+04
   0.731000E+02   0.493531E+04   0.121709E+04
   0.732000E+02   0.493598E+04   0.121762E+04
   0.733000E+02   0.493665E+04   0.121815E+04
   0.734000E+02   0.493732E+04   0.121867E+04
   0.735000E+02   0.493798E+04   0.121920E+04
   0.736000E+02   0.493864E+04   0.121972E+04
   0.737000E+02   0.493930E+04   0.122023E+04
   0.738000E+02   0.493995E+04   0.122075E+04
   0.739000E+02   0.494061E+04   0.122127E+04
   0.740000E+02   0.494126E+04   0.122178E+04
   0.741000E+02   0.494191E+04   0.122229E+04
   0.742000E+02   0.494255E+04   0.122280E+04
   0.743000E+02   0.494320E+04   0.122331E+04
   0.744000E+02   0.494384E+04   0.122382E+04
   0.745000E+02   0.494448E+04   0.122432E+04
   0.746000E+02   0.494511E+04   0.122482E+04
   0.747000E+02   0.494575E+04   0.122533E+04
   0.748000E+02   0.494638E+04   0.122583E+04
   0.749000E+02   0.494701E+04   0.122632E+04
   0.750000E+02   0.494764E+04   0.122682E+04
   0.751000E+02   0.494826E+04   0.122731E+04
   0.752000E+02   0.494889E+04   0.122781E+04
   0.753000E+02   0.494951E+04   0.122830E+04
   0.754000E+02   0.495012E+04   0.122879E+04
   0.755000E+02   0.495074E+04   0.122927E+04
   0.756000E+02   0.495135E+04   0.122976E+04
   0.757000E+02   0.495197E+04   0.123024E+04
   0.758000E+02   0.495258E+04   0.123073E+04
   0.759000E+02   0.495318E+04   0.123121E+04
   0.760000E+02   0.495379E+04   0.123169E+04
   0.761000E+02   0.495439E+04   0.123217E+04
   0.762000E+02   0.495499E+04   0.123264E+04
   0.763000E+02   0.495559E+04   0.123312E+04
   0.764000E+02   0.495618E+04   0.123359E+04
   0.765000E+02   0.495678E+04   0.123406E+04
   0.766000E+02   0.495737E+04   0.123453E+04
   0.767000E+02   0.495796E+04   0.123500E+04
   0.768000E+02   0.495855E+04   0.123546E+04
   0.769000E+02   0.495913E+04   0.123593E+04
   0.770000E+02   0.495971E+04   0.123639E+04
   0.771000E+02   0.496030E+04   0.123685E+04
   0.772000E+02   0.496087E+04   0.123731E+04
   0.773000E+02   0.496145E+04   0.123777E+04
   0.774000E+02   0.496203E+04   0.123823E+04
   0.775000E+02   0.496260E+04   0.123868E+04
   0.776000E+02   0.496317E+04   0.123913E+04
   0.777000E+02   0.496374E+04   0.123959E+04
   0.778000E+02   0.496430E+04   0.124004E+04
   0.779000E+02   0.496487E+04   0.124049E+04
   0.780000E+02   0.496543E+04   0.124093E+04
   0.781000E+02   0.496599E+04   0.124138E+04
   0.782000E+02   0.496655E+04   0.124182E+04
   0.783000E+02   0.496710E+04   0.124227E+04
   0.784000E+02   0.496766E+04   0.124271E+04
   0.785000E+02   0.496821E+04   0.124315E+04
   0.786000E+02   0.496876E+04   0.124358E+04
   0.787000E+02   0.496931E+04   0.124402E+04
   0.788000E+02   0.496985E+04   0.124446E+04
   0.789000E+02   0.497040E+04   0.124489E+04
   0.790000E+02   0.497094E+04   0.124532E+04
   0.791000E+02   0.497148E+04   0.124575E+04
   0.792000E+02   0.497202E+04   0.124618E+04
   0.793000E+02   0.497255E+04   0.124661E+04
   0.794000E+02   0.497309E+04   0.124703E+04
   0.795000E+02   0.497362E+04   0.124746E+04
   0.796000E+02   0.497415E+04   0.124788E+04
   0.797000E+02   0.497468E+04   0.124830E+04
   0.798000E+02   0.497520E+04   0.124872E+04
   0.799000E+02   0.497573E+04   0.124914E+04
   0.800000E+02   0.497625E+04   0.124956E+04
   0.801000E+02   0.497677E+04   0.124998E+04
   0.802000E+02   0.497729E+04   0.125039E+04
   0.803000E+02   0.497781E+04   0.125080E+04
   0.804000E+02   0.497832E+04   0.125121E+04
   0.805000E+02   0.497884E+04   0.125162E+04
   0.806000E+02   0.497935E+04   0.125203E+04
   0.807000E+02   0.497986E+04   0.125244E+04
   0.808000E+02   0.498036E+04   0.125285E+04
   0.809000E+02   0.498087E+04   0.125325E+04
   0.810000E+02   0.498137E+04   0.125365E+04
   0.811000E+02   0.498188E+04   0.125405E+04
   0.812000E+02   0.498238E+04   0.125445E+04
   0.813000E+02   0.498287E+04   0.125485E+04
   0.814000E+02   0.498337E+04   0.125525E+04
   0.815000E+02   0.498387E+04   0.125565E+04
   0.816000E+02   0.498436E+04   0.125604E+04
   0.817000E+02   0.498485E+04   0.125644E+04
   0.818000E+02   0.498534E+04   0.125683E+04
   0.819000E+02   0.498583E+04   0.125722E+04
   0.820000E+02   0.498631E+04   0.125761E+04
   0.821000E+02   0.498680E+04   0.125799E+04
   0.822000E+02   0.498728E+04   0.125838E+04
   0.823000E+02   0.498776E+04   0.125877E+04
   0.824000E+02   0.498824E+04   0.125915E+04
   0.825000E+02   0.498872E+04   0.125953E+04
   0.826000E+02   0.498919E+04   0.125991E+04
   0.827000E+02   0.498966E+04   0.126029E+04
   0.828000E+02   0.499014E+04   0.126067E+04
   0.829000E+02   0.499061E+04   0.126105E+04
   0.830000E+02   0.499108E+04   0.126143E+04
   0.831000E+02   0.499154E+04   0.126180E+04
   0.832000E+02   0.499201E+04   0.126217E+04
   0.833000E+02   0.499247E+04   0.126255E+04
   0.834000E+02   0.499293E+04   0.126292E+04
   0.835000E+02   0.499339E+04   0.126329E+04
   0.836000E+02   0.499385E+04   0.126365E+04
   0.837000E+02   0.499431E+04   0.126402E+04
   0.838000E+02   0.499476E+04   0.126439E+04
   0.839000E+02   0.499522E+04   0.126475E+04
   0.840000E+02   0.499567E+04   0.126511E+04
   0.841000E+02   0.499612E+04   0.126548E+04
   0.842000E+02   0.499657E+04   0.126584E+04
   0.843000E+02   0.499701E+04   0.126620E+04
   0.844000E+02   0.499746E+04   0.126655E+04
   0.845000E+02   0.499790E+04   0.126691E+04
   0.846000E+02   0.499835E+04   0.126727E+04
   0.847000E+02   0.499879E+04   0.126762E+04
   0.848000E+02   0.499923E+04   0.126797E+04
   0.849000E+02   0.499966E+04   0.126832E+04
   0.850000E+02   0.500010E+04   0.126868E+04
   0.851000E+02   0.500053E+04   0.126902E+04
   0.852000E+02   0.500097E+04   0.126937E+04
   0.853000E+02   0.500140E+04   0.126972E+04
   0.854000E+02   0.500183E+04   0.127007E+04
   0.855000E+02   0.500225E+04   0.127041E+04
   0.856000E+02   0.500268E+04   0.127075E+04
   0.857000E+02   0.500311E+04   0.127110E+04
   0.858000E+02   0.500353E+04   0.127144E+04
   0.859000E+02   0.500395E+04   0.127178E+04
   0.860000E+02   0.500437E+04   0.127212E+04
   0.861000E+02   0.500479E+04   0.127245E+04
   0.862000E+02   0.500521E+04   0.127279E+04
   0.863000E+02   0.500562E+04   0.127312E+04
   0.864000E+02   0.500604E+04   0.127346E+04
   0.865000E+02   0.500645E+04   0.127379E+04
   0.866000E+02   0.500686E+04   0.127412E+04
   0.867000E+02   0.500727E+04   0.127445E+04
   0.868000E+02   0.500768E+04   0.127478E+04
   0.869000E+02   0.500809E+04   0.127511E+04
   0.870000E+02   0.500849E+04   0.127544E+04
   0.871000E+02   0.500889E+04   0.127576E+04
   0.872000E+02   0.500930E+04   0.127609E+04
   0.873000E+02   0.500970E+04   0.127641E+04
   0.874000E+02   0.501010E+04   0.127673E+04
   0.875000E+02   0.501050E+04   0.127705E+04
   0.876000E+02   0.501089E+04   0.127737E+04
   0.877000E+02   0.501129E+04   0.127769E+04
   0.878000E+02   0.501168E+04   0.127801E+04
   0.879000E+02   0.501207E+04   0.127833E+04
   0.880000E+02   0.501247E+04   0.127864E+04
   0.881000E+02   0.501285E+04   0.127896E+04
   0.882000E+02   0.501324E+04   0.127927E+04
   0.883000E+02   0.501363E+04   0.127958E+04
   0.884000E+02   0.501402E+04   0.127990E+04
   0.885000E+02   0.501440E+04   0.128021E+04
   0.886000E+02   0.501478E+04   0.128052E+04
   0.887000E+02   0.501516E+04   0.128082E+04
   0.888000E+02   0.501554E+04   0.128113E+04
   0.889000E+02   0.501592E+04   0.128144E+04
   0.890000E+02   0.501630E+04   0.128174E+04
   0.891000E+02   0.501667E+04   0.128205E+04
   0.892000E+02   0.501705E+04   0.128235E+04
   0.893000E+02   0.501742E+04   0.128265E+04
   0.894000E+02   0.501779E+04   0.128295E+04
   0.895000E+02   0.501816E+04   0.128325E+04
   0.896000E+02   0.501853E+04   0.128355E+04
   0.897000E+02   0.501890E+04   0.128385E+04
   0.898000E+02   0.501927E+04   0.128414E+04
   0.899000E+02   0.501963E+04   0.128444E+04
   0.900000E+02   0.502000E+04   0.128473E+04
   0.901000E+02   0.502036E+04   0.128503E+04
   0.902000E+02   0.502072E+04   0.128532E+04
   0.903000E+02   0.502108E+04   0.128561E+04
   0.904000E+02   0.502144E+04   0.128590E+04
   0.905000E+02   0.502180E+04   0.128619E+04
   0.906000E+02   0.502215E+04   0.128648E+04
   0.907000E+02   0.502251E+04   0.128676E+04
   0.908000E+02   0.502286E+04   0.128705E+04
   0.909000E+02   0.502321E+04   0.128734E+04
   0.910000E+02   0.502356E+04   0.128762E+04
   0.911000E+02   0.502391E+04   0.128790E+04
   0.912000E+02   0.502426E+04   0.128819E+04
   0.913000E+02   0.502461E+04   0.128847E+04
   0.914000E+02   0.502495E+04   0.128875E+04
   0.915000E+02   0.502530E+04   0.128903E+04
   0.916000E+02   0.502564E+04   0.128930E+04
   0.917000E+02   0.502598E+04   0.128958E+04
   0.918000E+02   0.502632E+04   0.128986E+04
   0.919000E+02   0.502666E+04   0.129013E+04
   0.920000E+02   0.502700E+04   0.129041E+04
   0.921000E+02   0.502734E+04   0.129068E+04
   0.922000E+02   0.502768E+04   0.129095E+04
   0.923000E+02   0.502801E+04   0.129123E+04
   0.924000E+02   0.502834E+04   0.129150E+04
   0.925000E+02   0.502868E+04   0.129177E+04
   0.926000E+02   0.502901E+04   0.129204E+04
   0.927000E+02   0.502934E+04   0.129230E+04
   0.928000E+02   0.502967E+04   0.129257E+04
   0.929000E+02   0.503000E+04   0.129284E+04
   0.930000E+02   0.503032E+04   0.129310E+04
   0.931000E+02   0.503065E+04   0.129336E+04
   0.932000E+02   0.503097E+04   0.129363E+04
   0.933000E+02   0.503129E+04   0.129389E+04
   0.934000E+02   0.503162E+04   0.129415E+04
   0.935000E+02   0.503194E+04   0.129441E+04
   0.936000E+02   0.503226E+04   0.129467E+04
   0.937000E+02   0.503258E+04   0.129493E+04
   0.938000E+02   0.503289E+04   0.129519E+04
   0.939000E+02   0.503321E+04   0.129544E+04
   0.940000E+02   0.503352E+04   0.129570E+04
   0.941000E+02   0.503384E+04   0.129596E+04
   0.942000E+02   0.503415E+04   0.129621E+04
   0.943000E+02   0.503446E+04   0.129646E+04
   0.944000E+02   0.503477E+04   0.129671E+04
   0.945000E+02   0.503508E+04   0.129697E+04
   0.946000E+02   0.503539E+04   0.129722E+04
   0.947000E+02   0.503570E+04   0.129747E+04
   0.948000E+02   0.503600E+04   0.129772E+04
   0.949000E+02   0.503631E+04   0.129796E+04
   0.950000E+02   0.503661E+04   0.129821E+04
   0.951000E+02   0.503692E+04   0.129846E+04
   0.952000E+02   0.503722E+04   0.129870E+04
   0.953000E+02   0.503752E+04   0.129895E+04
   0.954000E+02   0.503782E+04   0.129919E+04
   0.955000E+02   0.503812E+04   0.129943E+04
   0.956000E+02   0.503841E+04   0.129967E+04
   0.957000E+02   0.503871E+04   0.129992E+04
   0.958000E+02   0.503900E+04   0.130016E+04
   0.959000E+02   0.503930E+04   0.130040E+04
   0.960000E+02   0.503959E+04   0.130063E+04
   0.961000E+02   0.503988E+04   0.130087E+04
   0.962000E+02   0.504018E+04   0.130111E+04
   0.963000E+02   0.504047E+04   0.130134E+04
   0.964000E+02   0.504075E+04   0.130158E+04
   0.965000E+02   0.504104E+04   0.130181E+04
   0.966000E+02   0.504133E+04   0.130205E+04
   0.967000E+02   0.504162E+04   0.130228E+04
   0.968000E+02   0.504190E+04   0.130251E+04
   0.969000E+02   0.504218E+04   0.130274E+04
   0.970000E+02   0.504247E+04   0.130297E+04
   0.971000E+02   0.504275E+04   0.130320E+04
   0.972000E+02   0.504303E+04   0.130343E+04
   0.973000E+02   0.504331E+04   0.130366E+04
   0.974000E+02   0.504359E+04   0.130389E+04
   0.975000E+02   0.504387E+04   0.130411E+04
   0.976000E+02   0.504414E+04   0.130434E+04
   0.977000E+02   0.504442E+04   0.130456E+04
   0.978000E+02   0.504469E+04   0.130479E+04
   0.979000E+02   0.504497E+04   0.130501E+04
   0.980000E+02   0.504524E+04   0.130523E+04
   0.981000E+02   0.504551E+04   0.130545E+04
   0.982000E+02   0.504578E+04   0.130567E+04
   0.983000E+02   0.504605E+04   0.130589E+04
   0.984000E+02   0.504632E+04   0.130611E+04
   0.985000E+02   0.504659E+04   0.130633E+04
   0.986000E+02   0.504686E+04   0.130655E+04
   0.987000E+02   0.504712E+04   0.130677E+04
   0.988000E+02   0.504739E+04   0.130698E+04
   0.989000E+02   0.504765E+04   0.130720E+04
   0.990000E+02   0.504792E+04   0.130741E+04
   0.991000E+02   0.504818E+04   0.130763E+04
   0.992000E+02   0.504844E+04   0.130784E+04
   0.993000E+02   0.504870E+04   0.130805E+04
   0.994000E+02   0.504896E+04   0.130826E+04
   0.995000E+02   0.504922E+04   0.130847E+04
   0.996000E+02   0.504948E+04   0.130868E+04
   0.997000E+02   0.504973E+04   0.130889E+04
   0.998000E+02   0.504999E+04   0.130910E+04
   0.999000E+02   0.505024E+04   0.130931E+04
   0.100000E+03   0.505050E+04   0.130952E+04
   0.100100E+03   0.505075E+04   0.130972E+04
   0.100200E+03   0.505100E+04   0.130993E+04
   0.100300E+03   0.505125E+04   0.131014E+04
   0.100400E+03   0.505150E+04   0.131034E+04
   0.100500E+03   0.505175E+04   0.131054E+04
   0.100600E+03   0.505200E+04   0.131075E+04
   0.100700E+03   0.505225E+04   0.131095E+04
   0.100800E+03   0.505250E+04   0.131115E+04
   0.100900E+03   0.505274E+04   0.131135E+04
   0.101000E+03   0.505299E+04   0.131155E+04
   0.101100E+03   0.505323E+04   0.131175E+04
   0.101200E+03   0.505348E+04   0.131195E+04
   0.101300E+03   0.505372E+04   0.131215E+04
   0.101400E+03   0.505396E+04   0.131234E+04
   0.101500E+03   0.505420E+04   0.131254E+04
   0.101600E+03   0.505444E+04   0.131274E+04
   0.101700E+03   0.505468E+04   0.131293E+04
   0.101800E+03   0.505492E+04   0.131313E+04
   0.101900E+03   0.505516E+04   0.131332E+04
   0.102000E+03   0.505539E+04   0.131351E+04
   0.102100E+03   0.505563E+04   0.131371E+04
   0.102200E+03   0.505586E+04   0.131390E+04
   0.102300E+03   0.505610E+04   0.131409E+04
   0.102400E+03   0.505633E+04   0.131428E+04
   0.102500E+03   0.505656E+04   0.131447E+04
   0.102600E+03   0.505679E+04   0.131466E+04
   0.102700E+03   0.505702E+04   0.131485E+04
   0.102800E+03   0.505725E+04   0.131503E+04
   0.102900E+03   0.505748E+04   0.131522E+04
   0.103000E+03   0.505771E+04   0.131541E+04
   0.103100E+03   0.505794E+04   0.131559E+04
   0.103200E+03   0.505816E+04   0.131578E+04
   0.103300E+03   0.505839E+04   0.131596E+04
   0.103400E+03   0.505862E+04   0.131615E+04
   0.103500E+03   0.505884E+04   0.131633E+04
   0.103600E+03   0.505906E+04   0.131651E+04
   0.103700E+03   0.505929E+04   0.131669E+04
   0.103800E+03   0.505951E+04   0.131688E+04
   0.103900E+03   0.505973E+04   0.131706E+04
   0.104000E+03   0.505995E+04   0.131724E+04
   0.104100E+03   0.506017E+04   0.131742E+04
   0.104200E+03   0.506039E+04   0.131759E+04
   0.104300E+03   0.506060E+04   0.131777E+04
   0.104400E+03   0.506082E+04   0.131795E+04
   0.104500E+03   0.506104E+04   0.131813E+04
   0.104600E+03   0.506125E+04   0.131830E+04
   0.104700E+03   0.506147E+04   0.131848E+04
   0.104800E+03   0.506168E+04   0.131865E+04
   0.104900E+03   0.506189E+04   0.131883E+04
   0.105000E+03   0.506211E+04   0.131900E+04
   0.105100E+03   0.506232E+04   0.131917E+04
   0.105200E+03   0.506253E+04   0.131935E+04
   0.105300E+03   0.506274E+04   0.131952E+04
   0.105400E+03   0.506295E+04   0.131969E+04
   0.105500E+03   0.506316E+04   0.131986E+04
   0.105600E+03   0.506337E+04   0.132003E+04
   0.105700E+03   0.506357E+04   0.132020E+04
   0.105800E+03   0.506378E+04   0.132037E+04
   0.105900E+03   0.506398E+04   0.132054E+04
   0.106000E+03   0.506419E+04   0.132071E+04
   0.106100E+03   0.506439E+04   0.132087E+04
   0.106200E+03   0.506460E+04   0.132104E+04
   0.106300E+03   0.506480E+04   0.132121E+04
   0.106400E+03   0.506500E+04   0.132137E+04
   0.106500E+03   0.506520E+04   0.132154E+04
   0.106600E+03   0.506540E+04   0.132170E+04
   0.106700E+03   0.506560E+04   0.132186E+04
   0.106800E+03   0.506580E+04   0.132203E+04
   0.106900E+03   0.506600E+04   0.132219E+04
   0.107000E+03   0.506620E+04   0.132235E+04
   0.107100E+03   0.506640E+04   0.132251E+04
   0.107200E+03   0.506659E+04   0.132267E+04
   0.107300E+03   0.506679E+04   0.132283E+04
   0.107400E+03   0.506698E+04   0.132299E+04
   0.107500E+03   0.506718E+04   0.132315E+04
   0.107600E+03   0.506737E+04   0.132331E+04
   0.107700E+03   0.506756E+04   0.132347E+04
   0.107800E+03   0.506776E+04   0.132363E+04
   0.107900E+03   0.506795E+04   0.132378E+04
   0.108000E+03   0.506814E+04   0.132394E+04
   0.108100E+03   0.506833E+04   0.132409E+04
   0.108200E+03   0.506852E+04   0.132425E+04
   0.108300E+03   0.506871E+04   0.132440E+04
   0.108400E+03   0.506890E+04   0.132456E+04
   0.108500E+03   0.506908E+04   0.132471E+04
   0.108600E+03   0.506927E+04   0.132487E+04
   0.108700E+03   0.506946E+04   0.132502E+04
   0.108800E+03   0.506964E+04   0.132517E+04
   0.108900E+03   0.506983E+04   0.132532E+04
   0.109000E+03   0.507001E+04   0.132547E+04
   0.109100E+03   0.507019E+04   0.132562E+04
   0.109200E+03   0.507038E+04   0.132577E+04
   0.109300E+03   0.507056E+04   0.132592E+04
   0.109400E+03   0.507074E+04   0.132607E+04
   0.109500E+03   0.507092E+04   0.132622E+04
   0.109600E+03   0.507110E+04   0.132637E+04
   0.109700E+03   0.507128E+04   0.132651E+04
   0.109800E+03   0.507146E+04   0.132666E+04
   0.109900E+03   0.507164E+04   0.132681E+04
   0.110000E+03   0.507182E+04   0.132695E+04
   0.110100E+03   0.507199E+04   0.132710E+04
   0.110200E+03   0.507217E+04   0.132724E+04
   0.110300E+03   0.507235E+04   0.132739E+04
   0.110400E+03   0.507252E+04   0.132753E+04
   0.110500E+03   0.507270E+04   0.132767E+04
   0.110600E+03   0.507287E+04   0.132782E+04
   0.110700E+03   0.507304E+04   0.132796E+04
   0.110800E+03   0.507322E+04   0.132810E+04
   0.110900E+03   0.507339E+04   0.132824E+04
   0.111000E+03   0.507356E+04   0.132838E+04
   0.111100E+03   0.507373E+04   0.132852E+04
   0.111200E+03   0.507390E+04   0.132866E+04
   0.111300E+03   0.507407E+04   0.132880E+04
   0.111400E+03   0.507424E+04   0.132894E+04
   0.111500E+03   0.507441E+04   0.132908E+04
   0.111600E+03   0.507458E+04   0.132921E+04
   0.111700E+03   0.507474E+04   0.132935E+04
   0.111800E+03   0.507491E+04   0.132949E+04
   0.111900E+03   0.507508E+04   0.132962E+04
   0.112000E+03   0.507524E+04   0.132976E+04
   0.112100E+03   0.507541E+04   0.132989E+04
   0.112200E+03   0.507557E+04   0.133003E+04
   0.112300E+03   0.507573E+04   0.133016E+04
   0.112400E+03   0.507590E+04   0.133030E+04
   0.112500E+03   0.507606E+04   0.133043E+04
   0.112600E+03   0.507622E+04   0.133056E+04
   0.112700E+03   0.507638E+04   0.133070E+04
   0.112800E+03   0.507654E+04   0.133083E+04
   0.112900E+03   0.507670E+04   0.133096E+04
   0.113000E+03   0.507686E+04   0.133109E+04
   0.113100E+03   0.507702E+04   0.133122E+04
   0.113200E+03   0.507718E+04   0.133135E+04
   0.113300E+03   0.507734E+04   0.133148E+04
   0.113400E+03   0.507750E+04   0.133161E+04
   0.113500E+03   0.507765E+04   0.133174E+04
   0.113600E+03   0.507781E+04   0.133187E+04
   0.113700E+03   0.507797E+04   0.133199E+04
   0.113800E+03   0.507812E+04   0.133212E+04
   0.113900E+03   0.507828E+04   0.133225E+04
   0.114000E+03   0.507843E+04   0.133238E+04
   0.114100E+03   0.507858E+04   0.133250E+04
   0.114200E+03   0.507874E+04   0.133263E+04
   0.114300E+03   0.507889E+04   0.133275E+04
   0.114400E+03   0.507904E+04   0.133288E+04
   0.114500E+03   0.507919E+04   0.133300E+04
   0.114600E+03   0.507934E+04   0.133313E+04
   0.114700E+03   0.507949E+04   0.133325E+04
   0.114800E+03   0.507964E+04   0.133337E+04
   0.114900E+03   0.507979E+04   0.133349E+04
   0.115000E+03   0.507994E+04   0.133362E+04
   0.115100E+03   0.508009E+04   0.133374E+04
   0.115200E+03   0.508024E+04   0.133386E+04
   0.115300E+03   0.508038E+04   0.133398E+04
   0.115400E+03   0.508053E+04   0.133410E+04
   0.115500E+03   0.508068E+04   0.133422E+04
   0.115600E+03   0.508082E+04   0.133434E+04
   0.115700E+03   0.508097E+04   0.133446E+04
   0.115800E+03   0.508111E+04   0.133458E+04
   0.115900E+03   0.508125E+04   0.133470E+04
   0.116000E+03   0.508140E+04   0.133481E+04
   0.116100E+03   0.508154E+04   0.133493E+04
   0.116200E+03   0.508168E+04   0.133505E+04
   0.116300E+03   0.508183E+04   0.133516E+04
   0.116400E+03   0.508197E+04   0.133528E+04
   0.116500E+03   0.508211E+04   0.133540E+04
   0.116600E+03   0.508225E+04   0.133551E+04
   0.116700E+03   0.508239E+04   0.133563E+04
   0.116800E+03   0.508253E+04   0.133574E+04
   0.116900E+03   0.508267E+04   0.133586E+04
   0.117000E+03   0.508281E+04   0.133597E+04
   0.117100E+03   0.508294E+04   0.133608E+04
   0.117200E+03   0.508308E+04   0.133620E+04
   0.117300E+03   0.508322E+04   0.133631E+04
   0.117400E+03   0.508335E+04   0.133642E+04
   0.117500E+03   0.508349E+04   0.133653E+04
   0.117600E+03   0.508363E+04   0.133664E+04
   0.117700E+03   0.508376E+04   0.133675E+04
   0.117800E+03   0.508390E+04   0.133686E+04
   0.117900E+03   0.508403E+04   0.133697E+04
   0.118000E+03   0.508416E+04   0.133708E+04
   0.118100E+03   0.508430E+04   0.133719E+04
   0.118200E+03   0.508443E+04   0.133730E+04
   0.118300E+03   0.508456E+04   0.133741E+04
   0.118400E+03   0.508469E+04   0.133752E+04
   0.118500E+03   0.508482E+04   0.133763E+04
   0.118600E+03   0.508496E+04   0.133774E+04
   0.118700E+03   0.508509E+04   0.133784E+04
   0.118800E+03   0.508522E+04   0.133795E+04
   0.118900E+03   0.508534E+04   0.133806E+04
   0.119000E+03   0.508547E+04   0.133816E+04
   0.119100E+03   0.508560E+04   0.133827E+04
   0.119200E+03   0.508573E+04   0.133837E+04
   0.119300E+03   0.508586E+04   0.133848E+04
   0.119400E+03   0.508599E+04   0.133858E+04
   0.119500E+03   0.508611E+04   0.133869E+04
   0.119600E+03   0.508624E+04   0.133879E+04
   0.119700E+03   0.508636E+04   0.133889E+04
   0.119800E+03   0.508649E+04   0.133900E+04
   0.119900E+03   0.508661E+04   0.133910E+04
   0.120000E+03   0.508674E+04   0.133920E+04
   0.120100E+03   0.508686E+04   0.133930E+04
   0.120200E+03   0.508699E+04   0.133940E+04
   0.120300E+03   0.508711E+04   0.133951E+04
   0.120400E+03   0.508723E+04   0.133961E+04
   0.120500E+03   0.508735E+04   0.133971E+04
   0.120600E+03   0.508748E+04   0.133981E+04
   0.120700E+03   0.508760E+04   0.133991E+04
   0.120800E+03   0.508772E+04   0.134001E+04
   0.120900E+03   0.508784E+04   0.134011E+04
   0.121000E+03   0.508796E+04   0.134020E+04
   0.121100E+03   0.508808E+04   0.134030E+04
   0.121200E+03   0.508820E+04   0.134040E+04
   0.121300E+03   0.508832E+04   0.134050E+04
   0.121400E+03   0.508843E+04   0.134060E+04
   0.121500E+03   0.508855E+04   0.134069E+04
   0.121600E+03   0.508867E+04   0.134079E+04
   0.121700E+03   0.508879E+04   0.134089E+04
   0.121800E+03   0.508890E+04   0.134098E+04
   0.121900E+03   0.508902E+04   0.134108E+04
   0.122000E+03   0.508914E+04   0.134117E+04
   0.122100E+03   0.508925E+04   0.134127E+04
   0.122200E+03   0.508937E+04   0.134136E+04
   0.122300E+03   0.508948E+04   0.134146E+04
   0.122400E+03   0.508960E+04   0.134155E+04
   0.122500E+03   0.508971E+04   0.134164E+04
   0.122600E+03   0.508982E+04   0.134174E+04
   0.122700E+03   0.508994E+04   0.134183E+04
   0.122800E+03   0.509005E+04   0.134192E+04
   0.122900E+03   0.509016E+04   0.134202E+04
   0.123000E+03   0.509027E+04   0.134211E+04
   0.123100E+03   0.509038E+04   0.134220E+04
   0.123200E+03   0.509050E+04   0.134229E+04
   0.123300E+03   0.509061E+04   0.134238E+04
   0.123400E+03   0.509072E+04   0.134247E+04
   0.123500E+03   0.509083E+04   0.134256E+04
   0.123600E+03   0.509094E+04   0.134265E+04
   0.123700E+03   0.509104E+04   0.134274E+04
   0.123800E+03   0.509115E+04   0.134283E+04
   0.123900E+03   0.509126E+04   0.134292E+04
   0.124000E+03   0.509137E+04   0.134301E+04
   0.124100E+03   0.509148E+04   0.134310E+04
   0.124200E+03   0.509158E+04   0.134319E+04
   0.124300E+03   0.509169E+04   0.134327E+04
   0.124400E+03   0.509180E+04   0.134336E+04
   0.124500E+03   0.509190E+04   0.134345E+04
   0.124600E+03   0.509201E+04   0.134354E+04
   0.124700E+03   0.509211E+04   0.134362E+04
   0.124800E+03   0.509222E+04   0.134371E+04
   0.124900E+03   0.509232E+04   0.134379E+04
   0.125000E+03   0.509243E+04   0.134388E+04
   0.125100E+03   0.509253E+04   0.134397E+04
   0.125200E+03   0.509264E+04   0.134405E+04
   0.125300E+03   0.509274E+04   0.134414E+04
   0.125400E+03   0.509284E+04   0.134422E+04
   0.125500E+03   0.509294E+04   0.134430E+04
   0.125600E+03   0.509305E+04   0.134439E+04
   0.125700E+03   0.509315E+04   0.134447E+04
   0.125800E+03   0.509325E+04   0.134455E+04
   0.125900E+03   0.509335E+04   0.134464E+04
   0.126000E+03   0.509345E+04   0.134472E+04
   0.126100E+03   0.509355E+04   0.134480E+04
   0.126200E+03   0.509365E+04   0.134489E+04
   0.126300E+03   0.509375E+04   0.134497E+04
   0.126400E+03   0.509385E+04   0.134505E+04
   0.126500E+03   0.509395E+04   0.134513E+04
   0.126600E+03   0.509405E+04   0.134521E+04
   0.126700E+03   0.509414E+04   0.134529E+04
   0.126800E+03   0.509424E+04   0.134537E+04
   0.126900E+03   0.509434E+04   0.134545E+04
   0.127000E+03   0.509444E+04   0.134553E+04
   0.127100E+03   0.509453E+04   0.134561E+04
   0.127200E+03   0.509463E+04   0.134569E+04
   0.127300E+03   0.509472E+04   0.134577E+04
   0.127400E+03   0.509482E+04   0.134585E+04
   0.127500E+03   0.509492E+04   0.134593E+04
   0.127600E+03   0.509501E+04   0.134601E+04
   0.127700E+03   0.509511E+04   0.134608E+04
   0.127800E+03   0.509520E+04   0.134616E+04
   0.127900E+03   0.509529E+04   0.134624E+04
   0.128000E+03   0.509539E+04   0.134632E+04
   0.128100E+03   0.509548E+04   0.134639E+04
   0.128200E+03   0.509557E+04   0.134647E+04
   0.128300E+03   0.509567E+04   0.134654E+04
   0.128400E+03   0.509576E+04   0.134662E+04
   0.128500E+03   0.509585E+04   0.134670E+04
   0.128600E+03   0.509594E+04   0.134677E+04
   0.128700E+03   0.509603E+04   0.134685E+04
   0.128800E+03   0.509612E+04   0.134692E+04
   0.128900E+03   0.509621E+04   0.134700E+04
   0.129000E+03   0.509631E+04   0.134707E+04
   0.129100E+03   0.509640E+04   0.134715E+04
   0.129200E+03   0.509648E+04   0.134722E+04
   0.129300E+03   0.509657E+04   0.134729E+04
   0.129400E+03   0.509666E+04   0.134737E+04
   0.129500E+03   0.509675E+04   0.134744E+04
   0.129600E+03   0.509684E+04   0.134751E+04
   0.129700E+03   0.509693E+04   0.134758E+04
   0.129800E+03   0.509702E+04   0.134766E+04
   0.129900E+03   0.509710E+04   0.134773E+04
   0.130000E+03   0.509719E+04   0.134780E+04
   0.130100E+03   0.509728E+04   0.134787E+04
   0.130200E+03   0.509736E+04   0.134794E+04
   0.130300E+03   0.509745E+04   0.134801E+04
   0.130400E+03   0.509754E+04   0.134809E+04
   0.130500E+03   0.509762E+04   0.134816E+04
   0.130600E+03   0.509771E+04   0.134823E+04
   0.130700E+03   0.509779E+04   0.134830E+04
   0.130800E+03   0.509788E+04   0.134837E+04
   0.130900E+03   0.509796E+04   0.134844E+04
   0.131000E+03   0.509805E+04   0.134850E+04
   0.131100E+03   0.509813E+04   0.134857E+04
   0.131200E+03   0.509821E+04   0.134864E+04
   0.131300E+03   0.509830E+04   0.134871E+04
   0.131400E+03   0.509838E+04   0.134878E+04
   0.131500E+03   0.509846E+04   0.134885E+04
   0.131600E+03   0.509855E+04   0.134892E+04
   0.131700E+03   0.509863E+04   0.134898E+04
   0.131800E+03   0.509871E+04   0.134905E+04
   0.131900E+03   0.509879E+04   0.134912E+04
   0.132000E+03   0.509887E+04   0.134918E+04
   0.132100E+03   0.509895E+04   0.134925E+04
   0.132200E+03   0.509903E+04   0.134932E+04
   0.132300E+03   0.509911E+04   0.134938E+04
   0.132400E+03   0.509919E+04   0.134945E+04
   0.132500E+03   0.509927E+04   0.134952E+04
   0.132600E+03   0.509935E+04   0.134958E+04
   0.132700E+03   0.509943E+04   0.134965E+04
   0.132800E+03   0.509951E+04   0.134971E+04
   0.132900E+03   0.509959E+04   0.134978E+04
   0.133000E+03   0.509967E+04   0.134984E+04
   0.133100E+03   0.509975E+04   0.134991E+04
   0.133200E+03   0.509982E+04   0.134997E+04
   0.133300E+03   0.509990E+04   0.135003E+04
   0.133400E+03   0.509998E+04   0.135010E+04
   0.133500E+03   0.510006E+04   0.135016E+04
   0.133600E+03   0.510013E+04   0.135022E+04
   0.133700E+03   0.510021E+04   0.135029E+04
   0.133800E+03   0.510029E+04   0.135035E+04
   0.133900E+03   0.510036E+04   0.135041E+04
   0.134000E+03   0.510044E+04   0.135047E+04
   0.134100E+03   0.510051E+04   0.135054E+04
   0.134200E+03   0.510059E+04   0.135060E+04
   0.134300E+03   0.510066E+04   0.135066E+04
   0.134400E+03   0.510074E+04   0.135072E+04
   0.134500E+03   0.510081E+04   0.135078E+04
   0.134600E+03   0.510089E+04   0.135084E+04
   0.134700E+03   0.510096E+04   0.135090E+04
   0.134800E+03   0.510103E+04   0.135096E+04
   0.134900E+03   0.510111E+04   0.135102E+04
   0.135000E+03   0.510118E+04   0.135109E+04
   0.135100E+03   0.510125E+04   0.135115E+04
   0.135200E+03   0.510132E+04   0.135120E+04
   0.135300E+03   0.510140E+04   0.135126E+04
   0.135400E+03   0.510147E+04   0.135132E+04
   0.135500E+03   0.510154E+04   0.135138E+04
   0.135600E+03   0.510161E+04   0.135144E+04
   0.135700E+03   0.510168E+04   0.135150E+04
   0.135800E+03   0.510175E+04   0.135156E+04
   0.135900E+03   0.510182E+04   0.135162E+04
   0.136000E+03   0.510189E+04   0.135168E+04
   0.136100E+03   0.510196E+04   0.135173E+04
   0.136200E+03   0.510203E+04   0.135179E+04
   0.136300E+03   0.510210E+04   0.135185E+04
   0.136400E+03   0.510217E+04   0.135191E+04
   0.136500E+03   0.510224E+04   0.135196E+04
   0.136600E+03   0.510231E+04   0.135202E+04
   0.136700E+03   0.510238E+04   0.135208E+04
   0.136800E+03   0.510245E+04   0.135213E+04
   0.136900E+03   0.510252E+04   0.135219E+04
   0.137000E+03   0.510259E+04   0.135224E+04
   0.137100E+03   0.510265E+04   0.135230E+04
   0.137200E+03   0.510272E+04   0.135236E+04
   0.137300E+03   0.510279E+04   0.135241E+04
   0.137400E+03   0.510286E+04   0.135247E+04
   0.137500E+03   0.510292E+04   0.135252E+04
   0.137600E+03   0.510299E+04   0.135258E+04
   0.137700E+03   0.510306E+04   0.135263E+04
   0.137800E+03   0.510312E+04   0.135269E+04
   0.137900E+03   0.510319E+04   0.135274E+04
   0.138000E+03   0.510325E+04   0.135279E+04
   0.138100E+03   0.510332E+04   0.135285E+04
   0.138200E+03   0.510338E+04   0.135290E+04
   0.138300E+03   0.510345E+04   0.135296E+04
   0.138400E+03   0.510351E+04   0.135301E+04
   0.138500E+03   0.510358E+04   0.135306E+04
   0.138600E+03   0.510364E+04   0.135311E+04
   0.138700E+03   0.510371E+04   0.135317E+04
   0.138800E+03   0.510377E+04   0.135322E+04
   0.138900E+03   0.510383E+04   0.135327E+04
   0.139000E+03   0.510390E+04   0.135332E+04
   0.139100E+03   0.510396E+04   0.135338E+04
   0.139200E+03   0.510402E+04   0.135343E+04
   0.139300E+03   0.510408E+04   0.135348E+04
   0.139400E+03   0.510415E+04   0.135353E+04
   0.139500E+03   0.510421E+04   0.135358E+04
   0.139600E+03   0.510427E+04   0.135363E+04
   0.139700E+03   0.510433E+04   0.135368E+04
   0.139800E+03   0.510439E+04   0.135374E+04
   0.139900E+03   0.510446E+04   0.135379E+04
   0.140000E+03   0.510452E+04   0.135384E+04
   0.140100E+03   0.510458E+04   0.135389E+04
   0.140200E+03   0.510464E+04   0.135394E+04
   0.140300E+03   0.510470E+04   0.135399E+04
   0.140400E+03   0.510476E+04   0.135404E+04
   0.140500E+03   0.510482E+04   0.135409E+04
   0.140600E+03   0.510488E+04   0.135413E+04
   0.140700E+03   0.510494E+04   0.135418E+04
   0.140800E+03   0.510500E+04   0.135423E+04
   0.140900E+03   0.510506E+04   0.135428E+04
   0.141000E+03   0.510512E+04   0.135433E+04
   0.141100E+03   0.510518E+04   0.135438E+04
   0.141200E+03   0.510523E+04   0.135443E+04
   0.141300E+03   0.510529E+04   0.135448E+04
   0.141400E+03   0.510535E+04   0.135452E+04
   0.141500E+03   0.510541E+04   0.135457E+04
   0.141600E+03   0.510547E+04   0.135462E+04
   0.141700E+03   0.510552E+04   0.135467E+04
   0.141800E+03   0.510558E+04   0.135471E+04
   0.141900E+03   0.510564E+04   0.135476E+04
   0.142000E+03   0.510570E+04   0.135481E+04
   0.142100E+03   0.510575E+04   0.135485E+04
   0.142200E+03   0.510581E+04   0.135490E+04
   0.142300E+03   0.510587E+04   0.135495E+04
   0.142400E+03   0.510592E+04   0.135499E+04
   0.142500E+03   0.510598E+04   0.135504E+04
   0.142600E+03   0.510603E+04   0.135509E+04
   0.142700E+03   0.510609E+04   0.135513E+04
   0.142800E+03   0.510614E+04   0.135518E+04
   0.142900E+03   0.510620E+04   0.135522E+04
   0.143000E+03   0.510625E+04   0.135527E+04
   0.143100E+03   0.510631E+04   0.135531E+04
   0.143200E+03   0.510636E+04   0.135536E+04
   0.143300E+03   0.510642E+04   0.135540E+04
   0.143400E+03   0.510647E+04   0.135545E+04
   0.143500E+03   0.510653E+04   0.135549E+04
   0.143600E+03   0.510658E+04   0.135554E+04
   0.143700E+03   0.510663E+04   0.135558E+04
   0.143800E+03   0.510669E+04   0.135562E+04
   0.143900E+03   0.510674E+04   0.135567E+04
   0.144000E+03   0.510679E+04   0.135571E+04
   0.144100E+03   0.510685E+04   0.135576E+04
   0.144200E+03   0.510690E+04   0.135580E+04
   0.144300E+03   0.510695E+04   0.135584E+04
   0.144400E+03   0.510700E+04   0.135589E+04
   0.144500E+03   0.510706E+04   0.135593E+04
   0.144600E+03   0.510711E+04   0.135597E+04
   0.144700E+03   0.510716E+04   0.135601E+04
   0.144800E+03   0.510721E+04   0.135606E+04
   0.144900E+03   0.510726E+04   0.135610E+04
   0.145000E+03   0.510731E+04   0.135614E+04
   0.145100E+03   0.510736E+04   0.135618E+04
   0.145200E+03   0.510741E+04   0.135622E+04
   0.145300E+03   0.510747E+04   0.135627E+04
   0.145400E+03   0.510752E+04   0.135631E+04
   0.145500E+03   0.510757E+04   0.135635E+04
   0.145600E+03   0.510762E+04   0.135639E+04
   0.145700E+03   0.510767E+04   0.135643E+04
   0.145800E+03   0.510772E+04   0.135647E+04
   0.145900E+03   0.510777E+04   0.135651E+04
   0.146000E+03   0.510781E+04   0.135655E+04
   0.146100E+03   0.510786E+04   0.135660E+04
   0.146200E+03   0.510791E+04   0.135664E+04
   0.146300E+03   0.510796E+04   0.135668E+04
   0.146400E+03   0.510801E+04   0.135672E+04
   0.146500E+03   0.510806E+04   0.135676E+04
   0.146600E+03   0.510811E+04   0.135680E+04
   0.146700E+03   0.510816E+04   0.135684E+04
   0.146800E+03   0.510820E+04   0.135688E+04
   0.146900E+03   0.510825E+04   0.135692E+04
   0.147000E+03   0.510830E+04   0.135695E+04
   0.147100E+03   0.510835E+04   0.135699E+04
   0.147200E+03   0.510839E+04   0.135703E+04
   0.147300E+03   0.510844E+04   0.135707E+04
   0.147400E+03   0.510849E+04   0.135711E+04
   0.147500E+03   0.510854E+04   0.135715E+04
   0.147600E+03   0.510858E+04   0.135719E+04
   0.147700E+03   0.510863E+04   0.135723E+04
   0.147800E+03   0.510867E+04   0.135726E+04
   0.147900E+03   0.510872E+04   0.135730E+04
   0.148000E+03   0.510877E+04   0.135734E+04
   0.148100E+03   0.510881E+04   0.135738E+04
   0.148200E+03   0.510886E+04   0.135742E+04
   0.148300E+03   0.510890E+04   0.135745E+04
   0.148400E+03   0.510895E+04   0.135749E+04
   0.148500E+03   0.510899E+04   0.135753E+04
   0.148600E+03   0.510904E+04   0.135756E+04
   0.148700E+03   0.510908E+04   0.135760E+04
   0.148800E+03   0.510913E+04   0.135764E+04
   0.148900E+03   0.510917E+04   0.135768E+04
   0.149000E+03   0.510922E+04   0.135771E+04
   0.149100E+03   0.510926E+04   0.135775E+04
   0.149200E+03   0.510931E+04   0.135779E+04
   0.149300E+03   0.510935E+04   0.135782E+04
   0.149400E+03   0.510939E+04   0.135786E+04
   0.149500E+03   0.510944E+04   0.135789E+04
   0.149600E+03   0.510948E+04   0.135793E+04
   0.149700E+03   0.510952E+04   0.135796E+04
   0.149800E+03   0.510957E+04   0.135800E+04
   0.149900E+03   0.510961E+04   0.135804E+04
   0.150000E+03   0.510965E+04   0.135807E+04
   0.150100E+03   0.510970E+04   0.135811E+04
   0.150200E+03   0.510974E+04   0.135814E+04
   0.150300E+03   0.510978E+04   0.135818E+04
   0.150400E+03   0.510982E+04   0.135821E+04
   0.150500E+03   0.510987E+04   0.135825E+04
   0.150600E+03   0.510991E+04   0.135828E+04
   0.150700E+03   0.510995E+04   0.135832E+04
   0.150800E+03   0.510999E+04   0.135835E+04
   0.150900E+03   0.511003E+04   0.135838E+04
   0.151000E+03   0.511007E+04   0.135842E+04
   0.151100E+03   0.511012E+04   0.135845E+04
   0.151200E+03   0.511016E+04   0.135849E+04
   0.151300E+03   0.511020E+04   0.135852E+04
   0.151400E+03   0.511024E+04   0.135855E+04
   0.151500E+03   0.511028E+04   0.135859E+04
   0.151600E+03   0.511032E+04   0.135862E+04
   0.151700E+03   0.511036E+04   0.135865E+04
   0.151800E+03   0.511040E+04   0.135869E+04
   0.151900E+03   0.511044E+04   0.135872E+04
   0.152000E+03   0.511048E+04   0.135875E+04
   0.152100E+03   0.511052E+04   0.135879E+04
   0.152200E+03   0.511056E+04   0.135882E+04
   0.152300E+03   0.511060E+04   0.135885E+04
   0.152400E+03   0.511064E+04   0.135888E+04
   0.152500E+03   0.511068E+04   0.135892E+04
   0.152600E+03   0.511072E+04   0.135895E+04
   0.152700E+03   0.511076E+04   0.135898E+04
   0.152800E+03   0.511079E+04   0.135901E+04
   0.152900E+03   0.511083E+04   0.135904E+04
   0.153000E+03   0.511087E+04   0.135908E+04
   0.153100E+03   0.511091E+04   0.135911E+04
   0.153200E+03   0.511095E+04   0.135914E+04
   0.153300E+03   0.511099E+04   0.135917E+04
   0.153400E+03   0.511102E+04   0.135920E+04
   0.153500E+03   0.511106E+04   0.135923E+04
   0.153600E+03   0.511110E+04   0.135926E+04
   0.153700E+03   0.511114E+04   0.135929E+04
   0.153800E+03   0.511117E+04   0.135933E+04
   0.153900E+03   0.511121E+04   0.135936E+04
   0.154000E+03   0.511125E+04   0.135939E+04
   0.154100E+03   0.511129E+04   0.135942E+04
   0.154200E+03   0.511132E+04   0.135945E+04
   0.154300E+03   0.511136E+04   0.135948E+04
   0.154400E+03   0.511140E+04   0.135951E+04
   0.154500E+03   0.511143E+04   0.135954E+04
   0.154600E+03   0.511147E+04   0.135957E+04
   0.154700E+03   0.511151E+04   0.135960E+04
   0.154800E+03   0.511154E+04   0.135963E+04
   0.154900E+03   0.511158E+04   0.135966E+04
   0.155000E+03   0.511161E+04   0.135969E+04
   0.155100E+03   0.511165E+04   0.135972E+04
   0.155200E+03   0.511169E+04   0.135975E+04
   0.155300E+03   0.511172E+04   0.135978E+04
   0.155400E+03   0.511176E+04   0.135981E+04
   0.155500E+03   0.511179E+04   0.135983E+04
   0.155600E+03   0.511183E+04   0.135986E+04
   0.155700E+03   0.511186E+04   0.135989E+04
   0.155800E+03   0.511190E+04   0.135992E+04
   0.155900E+03   0.511193E+04   0.135995E+04
   0.156000E+03   0.511197E+04   0.135998E+04
   0.156100E+03   0.511200E+04   0.136001E+04
   0.156200E+03   0.511203E+04   0.136004E+04
   0.156300E+03   0.511207E+04   0.136006E+04
   0.156400E+03   0.511210E+04   0.136009E+04
   0.156500E+03   0.511214E+04   0.136012E+04
   0.156600E+03   0.511217E+04   0.136015E+04
   0.156700E+03   0.511220E+04   0.136018E+04
   0.156800E+03   0.511224E+04   0.136020E+04
   0.156900E+03   0.511227E+04   0.136023E+04
   0.157000E+03   0.511231E+04   0.136026E+04
   0.157100E+03   0.511234E+04   0.136029E+04
   0.157200E+03   0.511237E+04   0.136031E+04
   0.157300E+03   0.511240E+04   0.136034E+04
   0.157400E+03   0.511244E+04   0.136037E+04
   0.157500E+03   0.511247E+04   0.136040E+04
   0.157600E+03   0.511250E+04   0.136042E+04
   0.157700E+03   0.511254E+04   0.136045E+04
   0.157800E+03   0.511257E+04   0.136048E+04
   0.157900E+03   0.511260E+04   0.136050E+04
   0.158000E+03   0.511263E+04   0.136053E+04
   0.158100E+03   0.511267E+04   0.136056E+04
   0.158200E+03   0.511270E+04   0.136058E+04
   0.158300E+03   0.511273E+04   0.136061E+04
   0.158400E+03   0.511276E+04   0.136063E+04
   0.158500E+03   0.511279E+04   0.136066E+04
   0.158600E+03   0.511282E+04   0.136069E+04
   0.158700E+03   0.511286E+04   0.136071E+04
   0.158800E+03   0.511289E+04   0.136074E+04
   0.158900E+03   0.511292E+04   0.136076E+04
   0.159000E+03   0.511295E+04   0.136079E+04
   0.159100E+03   0.511298E+04   0.136082E+04
   0.159200E+03   0.511301E+04   0.136084E+04
   0.159300E+03   0.511304E+04   0.136087E+04
   0.159400E+03   0.511307E+04   0.136089E+04
   0.159500E+03   0.511310E+04   0.136092E+04
   0.159600E+03   0.511313E+04   0.136094E+04
   0.159700E+03   0.511316E+04   0.136097E+04
   0.159800E+03   0.511319E+04   0.136099E+04
   0.159900E+03   0.511322E+04   0.136102E+04
   0.160000E+03   0.511325E+04   0.136104E+04
   0.160100E+03   0.511328E+04   0.136107E+04
   0.160200E+03   0.511331E+04   0.136109E+04
   0.160300E+03   0.511334E+04   0.136112E+04
   0.160400E+03   0.511337E+04   0.136114E+04
   0.160500E+03   0.511340E+04   0.136117E+04
   0.160600E+03   0.511343E+04   0.136119E+04
   0.160700E+03   0.511346E+04   0.136121E+04
   0.160800E+03   0.511349E+04   0.136124E+04
   0.160900E+03   0.511352E+04   0.136126E+04
   0.161000E+03   0.511355E+04   0.136129E+04
   0.161100E+03   0.511358E+04   0.136131E+04
   0.161200E+03   0.511361E+04   0.136133E+04
   0.161300E+03   0.511364E+04   0.136136E+04
   0.161400E+03   0.511366E+04   0.136138E+04
   0.161500E+03   0.511369E+04   0.136140E+04
   0.161600E+03   0.511372E+04   0.136143E+04
   0.161700E+03   0.511375E+04   0.136145E+04
   0.161800E+03   0.511378E+04   0.136147E+04
   0.161900E+03   0.511381E+04   0.136150E+04
   0.162000E+03   0.511383E+04   0.136152E+04
   0.162100E+03   0.511386E+04   0.136154E+04
   0.162200E+03   0.511389E+04   0.136157E+04
   0.162300E+03   0.511392E+04   0.136159E+04
   0.162400E+03   0.511395E+04   0.136161E+04
   0.162500E+03   0.511397E+04   0.136163E+04
   0.162600E+03   0.511400E+04   0.136166E+04
   0.162700E+03   0.511403E+04   0.136168E+04
   0.162800E+03   0.511405E+04   0.136170E+04
   0.162900E+03   0.511408E+04   0.136172E+04
   0.163000E+03   0.511411E+04   0.136175E+04
   0.163100E+03   0.511414E+04   0.136177E+04
   0.163200E+03   0.511416E+04   0.136179E+04
   0.163300E+03   0.511419E+04   0.136181E+04
   0.163400E+03   0.511422E+04   0.136184E+04
   0.163500E+03   0.511424E+04   0.136186E+04
   0.163600E+03   0.511427E+04   0.136188E+04
   0.163700E+03   0.511430E+04   0.136190E+04
   0.163800E+03   0.511432E+04   0.136192E+04
   0.163900E+03   0.511435E+04   0.136194E+04
   0.164000E+03   0.511437E+04   0.136197E+04
   0.164100E+03   0.511440E+04   0.136199E+04
   0.164200E+03   0.511443E+04   0.136201E+04
   0.164300E+03   0.511445E+04   0.136203E+04
   0.164400E+03   0.511448E+04   0.136205E+04
   0.164500E+03   0.511450E+04   0.136207E+04
   0.164600E+03   0.511453E+04   0.136209E+04
   0.164700E+03   0.511455E+04   0.136211E+04
   0.164800E+03   0.511458E+04   0.136213E+04
   0.164900E+03   0.511460E+04   0.136216E+04
   0.165000E+03   0.511463E+04   0.136218E+04
   0.165100E+03   0.511465E+04   0.136220E+04
   0.165200E+03   0.511468E+04   0.136222E+04
   0.165300E+03   0.511470E+04   0.136224E+04
   0.165400E+03   0.511473E+04   0.136226E+04
   0.165500E+03   0.511475E+04   0.136228E+04
   0.165600E+03   0.511478E+04   0.136230E+04
   0.165700E+03   0.511480E+04   0.136232E+04
   0.165800E+03   0.511483E+04   0.136234E+04
   0.165900E+03   0.511485E+04   0.136236E+04
   0.166000E+03   0.511488E+04   0.136238E+04
   0.166100E+03   0.511490E+04   0.136240E+04
   0.166200E+03   0.511492E+04   0.136242E+04
   0.166300E+03   0.511495E+04   0.136244E+04
   0.166400E+03   0.511497E+04   0.136246E+04
   0.166500E+03   0.511500E+04   0.136248E+04
   0.166600E+03   0.511502E+04   0.136250E+04
   0.166700E+03   0.511504E+04   0.136252E+04
   0.166800E+03   0.511507E+04   0.136254E+04
   0.166900E+03   0.511509E+04   0.136256E+04
   0.167000E+03   0.511511E+04   0.136258E+04
   0.167100E+03   0.511514E+04   0.136260E+04
   0.167200E+03   0.511516E+04   0.136262E+04
   0.167300E+03   0.511518E+04   0.136263E+04
   0.167400E+03   0.511521E+04   0.136265E+04
   0.167500E+03   0.511523E+04   0.136267E+04
   0.167600E+03   0.511525E+04   0.136269E+04
   0.167700E+03   0.511528E+04   0.136271E+04
   0.167800E+03   0.511530E+04   0.136273E+04
   0.167900E+03   0.511532E+04   0.136275E+04
   0.168000E+03   0.511534E+04   0.136277E+04
   0.168100E+03   0.511537E+04   0.136279E+04
   0.168200E+03   0.511539E+04   0.136280E+04
   0.168300E+03   0.511541E+04   0.136282E+04
   0.168400E+03   0.511543E+04   0.136284E+04
   0.168500E+03   0.511546E+04   0.136286E+04
   0.168600E+03   0.511548E+04   0.136288E+04
   0.168700E+03   0.511550E+04   0.136290E+04
   0.168800E+03   0.511552E+04   0.136291E+04
   0.168900E+03   0.511554E+04   0.136293E+04
   0.169000E+03   0.511557E+04   0.136295E+04
   0.169100E+03   0.511559E+04   0.136297E+04
   0.169200E+03   0.511561E+04   0.136299E+04
   0.169300E+03   0.511563E+04   0.136300E+04
   0.169400E+03   0.511565E+04   0.136302E+04
   0.169500E+03   0.511567E+04   0.136304E+04
   0.169600E+03   0.511570E+04   0.136306E+04
   0.169700E+03   0.511572E+04   0.136307E+04
   0.169800E+03   0.511574E+04   0.136309E+04
   0.169900E+03   0.511576E+04   0.136311E+04
   0.170000E+03   0.511578E+04   0.136313E+04
   0.170100E+03   0.511580E+04   0.136314E+04
   0.170200E+03   0.511582E+04   0.136316E+04
   0.170300E+03   0.511584E+04   0.136318E+04
   0.170400E+03   0.511586E+04   0.136320E+04
   0.170500E+03   0.511588E+04   0.136321E+04
   0.170600E+03   0.511591E+04   0.136323E+04
   0.170700E+03   0.511593E+04   0.136325E+04
   0.170800E+03   0.511595E+04   0.136326E+04
   0.170900E+03   0.511597E+04   0.136328E+04
   0.171000E+03   0.511599E+04   0.136330E+04
   0.171100E+03   0.511601E+04   0.136331E+04
   0.171200E+03   0.511603E+04   0.136333E+04
   0.171300E+03   0.511605E+04   0.136335E+04
   0.171400E+03   0.511607E+04   0.136336E+04
   0.171500E+03   0.511609E+04   0.136338E+04
   0.171600E+03   0.511611E+04   0.136340E+04
   0.171700E+03   0.511613E+04   0.136341E+04
   0.171800E+03   0.511615E+04   0.136343E+04
   0.171900E+03   0.511617E+04   0.136345E+04
   0.172000E+03   0.511619E+04   0.136346E+04
   0.172100E+03   0.511621E+04   0.136348E+04
   0.172200E+03   0.511623E+04   0.136349E+04
   0.172300E+03   0.511625E+04   0.136351E+04
   0.172400E+03   0.511626E+04   0.136353E+04
   0.172500E+03   0.511628E+04   0.136354E+04
   0.172600E+03   0.511630E+04   0.136356E+04
   0.172700E+03   0.511632E+04   0.136357E+04
   0.172800E+03   0.511634E+04   0.136359E+04
   0.172900E+03   0.511636E+04   0.136361E+04
   0.173000E+03   0.511638E+04   0.136362E+04
   0.173100E+03   0.511640E+04   0.136364E+04
   0.173200E+03   0.511642E+04   0.136365E+04
   0.173300E+03   0.511644E+04   0.136367E+04
   0.173400E+03   0.511645E+04   0.136368E+04
   0.173500E+03   0.511647E+04   0.136370E+04
   0.173600E+03   0.511649E+04   0.136371E+04
   0.173700E+03   0.511651E+04   0.136373E+04
   0.173800E+03   0.511653E+04   0.136374E+04
   0.173900E+03   0.511655E+04   0.136376E+04
   0.174000E+03   0.511657E+04   0.136377E+04
   0.174100E+03   0.511658E+04   0.136379E+04
   0.174200E+03   0.511660E+04   0.136380E+04
   0.174300E+03   0.511662E+04   0.136382E+04
   0.174400E+03   0.511664E+04   0.136383E+04
   0.174500E+03   0.511666E+04   0.136385E+04
   0.174600E+03   0.511667E+04   0.136386E+04
   0.174700E+03   0.511669E+04   0.136388E+04
   0.174800E+03   0.511671E+04   0.136389E+04
   0.174900E+03   0.511673E+04   0.136391E+04
   0.175000E+03   0.511674E+04   0.136392E+04
   0.175100E+03   0.511676E+04   0.136394E+04
   0.175200E+03   0.511678E+04   0.136395E+04
   0.175300E+03   0.511680E+04   0.136397E+04
   0.175400E+03   0.511681E+04   0.136398E+04
   0.175500E+03   0.511683E+04   0.136399E+04
   0.175600E+03   0.511685E+04   0.136401E+04
   0.175700E+03   0.511687E+04   0.136402E+04
   0.175800E+03   0.511688E+04   0.136404E+04
   0.175900E+03   0.511690E+04   0.136405E+04
   0.176000E+03   0.511692E+04   0.136406E+04
   0.176100E+03   0.511693E+04   0.136408E+04
   0.176200E+03   0.511695E+04   0.136409E+04
   0.176300E+03   0.511697E+04   0.136411E+04
   0.176400E+03   0.511699E+04   0.136412E+04
   0.176500E+03   0.511700E+04   0.136413E+04
   0.176600E+03   0.511702E+04   0.136415E+04
   0.176700E+03   0.511704E+04   0.136416E+04
   0.176800E+03   0.511705E+04   0.136418E+04
   0.176900E+03   0.511707E+04   0.136419E+04
   0.177000E+03   0.511708E+04   0.136420E+04
   0.177100E+03   0.511710E+04   0.136422E+04
   0.177200E+03   0.511712E+04   0.136423E+04
   0.177300E+03   0.511713E+04   0.136424E+04
   0.177400E+03   0.511715E+04   0.136426E+04
   0.177500E+03   0.511717E+04   0.136427E+04
   0.177600E+03   0.511718E+04   0.136428E+04
   0.177700E+03   0.511720E+04   0.136430E+04
   0.177800E+03   0.511721E+04   0.136431E+04
   0.177900E+03   0.511723E+04   0.136432E+04
   0.178000E+03   0.511725E+04   0.136434E+04
   0.178100E+03   0.511726E+04   0.136435E+04
   0.178200E+03   0.511728E+04   0.136436E+04
   0.178300E+03   0.511729E+04   0.136437E+04
   0.178400E+03   0.511731E+04   0.136439E+04
   0.178500E+03   0.511732E+04   0.136440E+04
   0.178600E+03   0.511734E+04   0.136441E+04
   0.178700E+03   0.511736E+04   0.136443E+04
   0.178800E+03   0.511737E+04   0.136444E+04
   0.178900E+03   0.511739E+04   0.136445E+04
   0.179000E+03   0.511740E+04   0.136446E+04
   0.179100E+03   0.511742E+04   0.136448E+04
   0.179200E+03   0.511743E+04   0.136449E+04
   0.179300E+03   0.511745E+04   0.136450E+04
   0.179400E+03   0.511746E+04   0.136451E+04
   0.179500E+03   0.511748E+04   0.136453E+04
   0.179600E+03   0.511749E+04   0.136454E+04
   0.179700E+03   0.511751E+04   0.136455E+04
   0.179800E+03   0.511752E+04   0.136456E+04
   0.179900E+03   0.511754E+04   0.136458E+04
   0.180000E+03   0.511755E+04   0.136459E+04
   0.180100E+03   0.511757E+04   0.136460E+04
   0.180200E+03   0.511758E+04   0.136461E+04
   0.180300E+03   0.511760E+04   0.136462E+04
   0.180400E+03   0.511761E+04   0.136464E+04
   0.180500E+03   0.511762E+04   0.136465E+04
   0.180600E+03   0.511764E+04   0.136466E+04
   0.180700E+03   0.511765E+04   0.136467E+04
   0.180800E+03   0.511767E+04   0.136468E+04
   0.180900E+03   0.511768E+04   0.136470E+04
   0.181000E+03   0.511770E+04   0.136471E+04
   0.181100E+03   0.511771E+04   0.136472E+04
   0.181200E+03   0.511773E+04   0.136473E+04
   0.181300E+03   0.511774E+04   0.136474E+04
   0.181400E+03   0.511775E+04   0.136475E+04
   0.181500E+03   0.511777E+04   0.136477E+04
   0.181600E+03   0.511778E+04   0.136478E+04
   0.181700E+03   0.511780E+04   0.136479E+04
   0.181800E+03   0.511781E+04   0.136480E+04
   0.181900E+03   0.511782E+04   0.136481E+04
   0.182000E+03   0.511784E+04   0.136482E+04
   0.182100E+03   0.511785E+04   0.136483E+04
   0.182200E+03   0.511786E+04   0.136485E+04
   0.182300E+03   0.511788E+04   0.136486E+04
   0.182400E+03   0.511789E+04   0.136487E+04
   0.182500E+03   0.511790E+04   0.136488E+04
   0.182600E+03   0.511792E+04   0.136489E+04
   0.182700E+03   0.511793E+04   0.136490E+04
   0.182800E+03   0.511795E+04   0.136491E+04
   0.182900E+03   0.511796E+04   0.136492E+04
   0.183000E+03   0.511797E+04   0.136494E+04
   0.183100E+03   0.511799E+04   0.136495E+04
   0.183200E+03   0.511800E+04   0.136496E+04
   0.183300E+03   0.511801E+04   0.136497E+04
   0.183400E+03   0.511802E+04   0.136498E+04
   0.183500E+03   0.511804E+04   0.136499E+04
   0.183600E+03   0.511805E+04   0.136500E+04
   0.183700E+03   0.511806E+04   0.136501E+04
   0.183800E+03   0.511808E+04   0.136502E+04
   0.183900E+03   0.511809E+04   0.136503E+04
   0.184000E+03   0.511810E+04   0.136504E+04
   0.184100E+03   0.511811E+04   0.136505E+04
   0.184200E+03   0.511813E+04   0.136506E+04
   0.184300E+03   0.511814E+04   0.136507E+04
   0.184400E+03   0.511815E+04   0.136508E+04
   0.184500E+03   0.511817E+04   0.136509E+04
   0.184600E+03   0.511818E+04   0.136511E+04
   0.184700E+03   0.511819E+04   0.136512E+04
   0.184800E+03   0.511820E+04   0.136513E+04
   0.184900E+03   0.511822E+04   0.136514E+04
   0.185000E+03   0.511823E+04   0.136515E+04
   0.185100E+03   0.511824E+04   0.136516E+04
   0.185200E+03   0.511825E+04   0.136517E+04
   0.185300E+03   0.511826E+04   0.136518E+04
   0.185400E+03   0.511828E+04   0.136519E+04
   0.185500E+03   0.511829E+04   0.136520E+04
   0.185600E+03   0.511830E+04   0.136521E+04
   0.185700E+03   0.511831E+04   0.136522E+04
   0.185800E+03   0.511833E+04   0.136523E+04
   0.185900E+03   0.511834E+04   0.136524E+04
   0.186000E+03   0.511835E+04   0.136525E+04
   0.186100E+03   0.511836E+04   0.136526E+04
   0.186200E+03   0.511837E+04   0.136527E+04
   0.186300E+03   0.511838E+04   0.136528E+04
   0.186400E+03   0.511840E+04   0.136529E+04
   0.186500E+03   0.511841E+04   0.136530E+04
   0.186600E+03   0.511842E+04   0.136531E+04
   0.186700E+03   0.511843E+04   0.136531E+04
   0.186800E+03   0.511844E+04   0.136532E+04
   0.186900E+03   0.511845E+04   0.136533E+04
   0.187000E+03   0.511847E+04   0.136534E+04
   0.187100E+03   0.511848E+04   0.136535E+04
   0.187200E+03   0.511849E+04   0.136536E+04
   0.187300E+03   0.511850E+04   0.136537E+04
   0.187400E+03   0.511851E+04   0.136538E+04
   0.187500E+03   0.511852E+04   0.136539E+04
   0.187600E+03   0.511853E+04   0.136540E+04
   0.187700E+03   0.511855E+04   0.136541E+04
   0.187800E+03   0.511856E+04   0.136542E+04
   0.187900E+03   0.511857E+04   0.136543E+04
   0.188000E+03   0.511858E+04   0.136544E+04
   0.188100E+03   0.511859E+04   0.136545E+04
   0.188200E+03   0.511860E+04   0.136546E+04
   0.188300E+03   0.511861E+04   0.136546E+04
   0.188400E+03   0.511862E+04   0.136547E+04
   0.188500E+03   0.511863E+04   0.136548E+04
   0.188600E+03   0.511865E+04   0.136549E+04
   0.188700E+03   0.511866E+04   0.136550E+04
   0.188800E+03   0.511867E+04   0.136551E+04
   0.188900E+03   0.511868E+04   0.136552E+04
   0.189000E+03   0.511869E+04   0.136553E+04
   0.189100E+03   0.511870E+04   0.136554E+04
   0.189200E+03   0.511871E+04   0.136554E+04
   0.189300E+03   0.511872E+04   0.136555E+04
   0.189400E+03   0.511873E+04   0.136556E+04
   0.189500E+03   0.511874E+04   0.136557E+04
   0.189600E+03   0.511875E+04   0.136558E+04
   0.189700E+03   0.511876E+04   0.136559E+04
   0.189800E+03   0.511877E+04   0.136560E+04
   0.189900E+03   0.511878E+04   0.136561E+04
   0.190000E+03   0.511879E+04   0.136561E+04
   0.190100E+03   0.511880E+04   0.136562E+04
   0.190200E+03   0.511881E+04   0.136563E+04
   0.190300E+03   0.511882E+04   0.136564E+04
   0.190400E+03   0.511884E+04   0.136565E+04
   0.190500E+03   0.511885E+04   0.136566E+04
   0.190600E+03   0.511886E+04   0.136566E+04
   0.190700E+03   0.511887E+04   0.136567E+04
   0.190800E+03   0.511888E+04   0.136568E+04
   0.190900E+03   0.511889E+04   0.136569E+04
   0.191000E+03   0.511890E+04   0.136570E+04
   0.191100E+03   0.511891E+04   0.136571E+04
   0.191200E+03   0.511892E+04   0.136571E+04
   0.191300E+03   0.511893E+04   0.136572E+04
   0.191400E+03   0.511894E+04   0.136573E+04
   0.191500E+03   0.511895E+04   0.136574E+04
   0.191600E+03   0.511896E+04   0.136575E+04
   0.191700E+03   0.511896E+04   0.136575E+04
   0.191800E+03   0.511897E+04   0.136576E+04
   0.191900E+03   0.511898E+04   0.136577E+04
   0.192000E+03   0.511899E+04   0.136578E+04
   0.192100E+03   0.511900E+04   0.136579E+04
   0.192200E+03   0.511901E+04   0.136579E+04
   0.192300E+03   0.511902E+04   0.136580E+04
   0.192400E+03   0.511903E+04   0.136581E+04
   0.192500E+03   0.511904E+04   0.136582E+04
   0.192600E+03   0.511905E+04   0.136583E+04
   0.192700E+03   0.511906E+04   0.136583E+04
   0.192800E+03   0.511907E+04   0.136584E+04
   0.192900E+03   0.511908E+04   0.136585E+04
   0.193000E+03   0.511909E+04   0.136586E+04
   0.193100E+03   0.511910E+04   0.136586E+04
   0.193200E+03   0.511911E+04   0.136587E+04
   0.193300E+03   0.511912E+04   0.136588E+04
   0.193400E+03   0.511913E+04   0.136589E+04
   0.193500E+03   0.511913E+04   0.136589E+04
   0.193600E+03   0.511914E+04   0.136590E+04
   0.193700E+03   0.511915E+04   0.136591E+04
   0.193800E+03   0.511916E+04   0.136592E+04
   0.193900E+03   0.511917E+04   0.136592E+04
   0.194000E+03   0.511918E+04   0.136593E+04
   0.194100E+03   0.511919E+04   0.136594E+04
   0.194200E+03   0.511920E+04   0.136595E+04
   0.194300E+03   0.511921E+04   0.136595E+04
   0.194400E+03   0.511922E+04   0.136596E+04
   0.194500E+03   0.511922E+04   0.136597E+04
   0.194600E+03   0.511923E+04   0.136598E+04
   0.194700E+03   0.511924E+04   0.136598E+04
   0.194800E+03   0.511925E+04   0.136599E+04
   0.194900E+03   0.511926E+04   0.136600E+04
   0.195000E+03   0.511927E+04   0.136601E+04
   0.195100E+03   0.511928E+04   0.136601E+04
   0.195200E+03   0.511929E+04   0.136602E+04
   0.195300E+03   0.511929E+04   0.136603E+04
   0.195400E+03   0.511930E+04   0.136603E+04
   0.195500E+03   0.511931E+04   0.136604E+04
   0.195600E+03   0.511932E+04   0.136605E+04
   0.195700E+03   0.511933E+04   0.136605E+04
   0.195800E+03   0.511934E+04   0.136606E+04
   0.195900E+03   0.511935E+04   0.136607E+04
   0.196000E+03   0.511935E+04   0.136608E+04
   0.196100E+03   0.511936E+04   0.136608E+04
   0.196200E+03   0.511937E+04   0.136609E+04
   0.196300E+03   0.511938E+04   0.136610E+04
   0.196400E+03   0.511939E+04   0.136610E+04
   0.196500E+03   0.511939E+04   0.136611E+04
   0.196600E+03   0.511940E+04   0.136612E+04
   0.196700E+03   0.511941E+04   0.136612E+04
   0.196800E+03   0.511942E+04   0.136613E+04
   0.196900E+03   0.511943E+04   0.136614E+04
   0.197000E+03   0.511944E+04   0.136614E+04
   0.197100E+03   0.511944E+04   0.136615E+04
   0.197200E+03   0.511945E+04   0.136616E+04
   0.197300E+03   0.511946E+04   0.136616E+04
   0.197400E+03   0.511947E+04   0.136617E+04
   0.197500E+03   0.511948E+04   0.136618E+04
   0.197600E+03   0.511948E+04   0.136618E+04
   0.197700E+03   0.511949E+04   0.136619E+04
   0.197800E+03   0.511950E+04   0.136620E+04
   0.197900E+03   0.511951E+04   0.136620E+04
   0.198000E+03   0.511951E+04   0.136621E+04
   0.198100E+03   0.511952E+04   0.136622E+04
   0.198200E+03   0.511953E+04   0.136622E+04
   0.198300E+03   0.511954E+04   0.136623E+04
   0.198400E+03   0.511955E+04   0.136623E+04
   0.198500E+03   0.511955E+04   0.136624E+04
   0.198600E+03   0.511956E+04   0.136625E+04
   0.198700E+03   0.511957E+04   0.136625E+04
   0.198800E+03   0.511958E+04   0.136626E+04
   0.198900E+03   0.511958E+04   0.136627E+04
   0.199000E+03   0.511959E+04   0.136627E+04
   0.199100E+03   0.511960E+04   0.136628E+04
   0.199200E+03   0.511961E+04   0.136628E+04
   0.199300E+03   0.511961E+04   0.136629E+04
   0.199400E+03   0.511962E+04   0.136630E+04
   0.199500E+03   0.511963E+04   0.136630E+04
   0.199600E+03   0.511964E+04   0.136631E+04
   0.199700E+03   0.511964E+04   0.136631E+04
   0.199800E+03   0.511965E+04   0.136632E+04
   0.199900E+03   0.511966E+04   0.136633E+04
   0.200000E+03   0.511967E+04   0.136633E+04
   0.200100E+03   0.511967E+04   0.136634E+04
   0.200200E+03   0.511968E+04   0.136634E+04
   0.200300E+03   0.511969E+04   0.136635E+04
   0.200400E+03   0.511969E+04   0.136636E+04
   0.200500E+03   0.511970E+04   0.136636E+04
   0.200600E+03   0.511971E+04   0.136637E+04
   0.200700E+03   0.511972E+04   0.136637E+04
   0.200800E+03   0.511972E+04   0.136638E+04
   0.200900E+03   0.511973E+04   0.136639E+04
   0.201000E+03   0.511974E+04   0.136639E+04
   0.201100E+03   0.511974E+04   0.136640E+04
   0.201200E+03   0.511975E+04   0.136640E+04
   0.201300E+03   0.511976E+04   0.136641E+04
   0.201400E+03   0.511976E+04   0.136641E+04
   0.201500E+03   0.511977E+04   0.136642E+04
   0.201600E+03   0.511978E+04   0.136643E+04
   0.201700E+03   0.511979E+04   0.136643E+04
   0.201800E+03   0.511979E+04   0.136644E+04
   0.201900E+03   0.511980E+04   0.136644E+04
   0.202000E+03   0.511981E+04   0.136645E+04
   0.202100E+03   0.511981E+04   0.136645E+04
   0.202200E+03   0.511982E+04   0.136646E+04
   0.202300E+03   0.511983E+04   0.136647E+04
   0.202400E+03   0.511983E+04   0.136647E+04
   0.202500E+03   0.511984E+04   0.136648E+04
   0.202600E+03   0.511985E+04   0.136648E+04
   0.202700E+03   0.511985E+04   0.136649E+04
   0.202800E+03   0.511986E+04   0.136649E+04
   0.202900E+03   0.511987E+04   0.136650E+04
   0.203000E+03   0.511987E+04   0.136650E+04
   0.203100E+03   0.511988E+04   0.136651E+04
   0.203200E+03   0.511988E+04   0.136651E+04
   0.203300E+03   0.511989E+04   0.136652E+04
   0.203400E+03   0.511990E+04   0.136652E+04
   0.203500E+03   0.511990E+04   0.136653E+04
   0.203600E+03   0.511991E+04   0.136654E+04
   0.203700E+03   0.511992E+04   0.136654E+04
   0.203800E+03   0.511992E+04   0.136655E+04
   0.203900E+03   0.511993E+04   0.136655E+04
   0.204000E+03   0.511994E+04   0.136656E+04
   0.204100E+03   0.511994E+04   0.136656E+04
   0.204200E+03   0.511995E+04   0.136657E+04
   0.204300E+03   0.511995E+04   0.136657E+04
   0.204400E+03   0.511996E+04   0.136658E+04
   0.204500E+03   0.511997E+04   0.136658E+04
   0.204600E+03   0.511997E+04   0.136659E+04
   0.204700E+03   0.511998E+04   0.136659E+04
   0.204800E+03   0.511999E+04   0.136660E+04
   0.204900E+03   0.511999E+04   0.136660E+04
   0.205000E+03   0.512000E+04   0.136661E+04
   0.205100E+03   0.512000E+04   0.136661E+04
   0.205200E+03   0.512001E+04   0.136662E+04
   0.205300E+03   0.512002E+04   0.136662E+04
   0.205400E+03   0.512002E+04   0.136663E+04
   0.205500E+03   0.512003E+04   0.136663E+04
   0.205600E+03   0.512003E+04   0.136664E+04
   0.205700E+03   0.512004E+04   0.136664E+04
   0.205800E+03   0.512005E+04   0.136665E+04
   0.205900E+03   0.512005E+04   0.136665E+04
   0.206000E+03   0.512006E+04   0.136666E+04
   0.206100E+03   0.512006E+04   0.136666E+04
   0.206200E+03   0.512007E+04   0.136667E+04
   0.206300E+03   0.512008E+04   0.136667E+04
   0.206400E+03   0.512008E+04   0.136668E+04
   0.206500E+03   0.512009E+04   0.136668E+04
   0.206600E+03   0.512009E+04   0.136669E+04
   0.206700E+03   0.512010E+04   0.136669E+04
   0.206800E+03   0.512010E+04   0.136670E+04
   0.206900E+03   0.512011E+04   0.136670E+04
   0.207000E+03   0.512012E+04   0.136670E+04
   0.207100E+03   0.512012E+04   0.136671E+04
   0.207200E+03   0.512013E+04   0.136671E+04
   0.207300E+03   0.512013E+04   0.136672E+04
   0.207400E+03   0.512014E+04   0.136672E+04
   0.207500E+03   0.512014E+04   0.136673E+04
   0.207600E+03   0.512015E+04   0.136673E+04
   0.207700E+03   0.512015E+04   0.136674E+04
   0.207800E+03   0.512016E+04   0.136674E+04
   0.207900E+03   0.512017E+04   0.136675E+04
   0.208000E+03   0.512017E+04   0.136675E+04
   0.208100E+03   0.512018E+04   0.136675E+04
   0.208200E+03   0.512018E+04   0.136676E+04
   0.208300E+03   0.512019E+04   0.136676E+04
   0.208400E+03   0.512019E+04   0.136677E+04
   0.208500E+03   0.512020E+04   0.136677E+04
   0.208600E+03   0.512020E+04   0.136678E+04
   0.208700E+03   0.512021E+04   0.136678E+04
   0.208800E+03   0.512021E+04   0.136679E+04
   0.208900E+03   0.512022E+04   0.136679E+04
   0.209000E+03   0.512022E+04   0.136679E+04
   0.209100E+03   0.512023E+04   0.136680E+04
   0.209200E+03   0.512024E+04   0.136680E+04
   0.209300E+03   0.512024E+04   0.136681E+04
   0.209400E+03   0.512025E+04   0.136681E+04
   0.209500E+03   0.512025E+04   0.136682E+04
   0.209600E+03   0.512026E+04   0.136682E+04
   0.209700E+03   0.512026E+04   0.136682E+04
   0.209800E+03   0.512027E+04   0.136683E+04
   0.209900E+03   0.512027E+04   0.136683E+04
   0.210000E+03   0.512028E+04   0.136684E+04
   0.210100E+03   0.512028E+04   0.136684E+04
   0.210200E+03   0.512029E+04   0.136685E+04
   0.210300E+03   0.512029E+04   0.136685E+04
   0.210400E+03   0.512030E+04   0.136685E+04
   0.210500E+03   0.512030E+04   0.136686E+04
   0.210600E+03   0.512031E+04   0.136686E+04
   0.210700E+03   0.512031E+04   0.136687E+04
   0.210800E+03   0.512032E+04   0.136687E+04
   0.210900E+03   0.512032E+04   0.136687E+04
   0.211000E+03   0.512033E+04   0.136688E+04
   0.211100E+03   0.512033E+04   0.136688E+04
   0.211200E+03   0.512034E+04   0.136689E+04
   0.211300E+03   0.512034E+04   0.136689E+04
   0.211400E+03   0.512035E+04   0.136689E+04
   0.211500E+03   0.512035E+04   0.136690E+04
   0.211600E+03   0.512036E+04   0.136690E+04
   0.211700E+03   0.512036E+04   0.136691E+04
   0.211800E+03   0.512037E+04   0.136691E+04
   0.211900E+03   0.512037E+04   0.136691E+04
   0.212000E+03   0.512037E+04   0.136692E+04
   0.212100E+03   0.512038E+04   0.136692E+04
   0.212200E+03   0.512038E+04   0.136693E+04
   0.212300E+03   0.512039E+04   0.136693E+04
   0.212400E+03   0.512039E+04   0.136693E+04
   0.212500E+03   0.512040E+04   0.136694E+04
   0.212600E+03   0.512040E+04   0.136694E+04
   0.212700E+03   0.512041E+04   0.136695E+04
   0.212800E+03   0.512041E+04   0.136695E+04
   0.212900E+03   0.512042E+04   0.136695E+04
   0.213000E+03   0.512042E+04   0.136696E+04
   0.213100E+03   0.512043E+04   0.136696E+04
   0.213200E+03   0.512043E+04   0.136696E+04
   0.213300E+03   0.512043E+04   0.136697E+04
   0.213400E+03   0.512044E+04   0.136697E+04
   0.213500E+03   0.512044E+04   0.136698E+04
   0.213600E+03   0.512045E+04   0.136698E+04
   0.213700E+03   0.512045E+04   0.136698E+04
   0.213800E+03   0.512046E+04   0.136699E+04
   0.213900E+03   0.512046E+04   0.136699E+04
   0.214000E+03   0.512047E+04   0.136699E+04
   0.214100E+03   0.512047E+04   0.136700E+04
   0.214200E+03   0.512048E+04   0.136700E+04
   0.214300E+03   0.512048E+04   0.136701E+04
   0.214400E+03   0.512048E+04   0.136701E+04
   0.214500E+03   0.512049E+04   0.136701E+04
   0.214600E+03   0.512049E+04   0.136702E+04
   0.214700E+03   0.512050E+04   0.136702E+04
   0.214800E+03   0.512050E+04   0.136702E+04
   0.214900E+03   0.512051E+04   0.136703E+04
   0.215000E+03   0.512051E+04   0.136703E+04
   0.215100E+03   0.512051E+04   0.136703E+04
   0.215200E+03   0.512052E+04   0.136704E+04
   0.215300E+03   0.512052E+04   0.136704E+04
   0.215400E+03   0.512053E+04   0.136704E+04
   0.215500E+03   0.512053E+04   0.136705E+04
   0.215600E+03   0.512054E+04   0.136705E+04
   0.215700E+03   0.512054E+04   0.136705E+04
   0.215800E+03   0.512054E+04   0.136706E+04
   0.215900E+03   0.512055E+04   0.136706E+04
   0.216000E+03   0.512055E+04   0.136706E+04
   0.216100E+03   0.512056E+04   0.136707E+04
   0.216200E+03   0.512056E+04   0.136707E+04
   0.216300E+03   0.512056E+04   0.136707E+04
   0.216400E+03   0.512057E+04   0.136708E+04
   0.216500E+03   0.512057E+04   0.136708E+04
   0.216600E+03   0.512058E+04   0.136708E+04
   0.216700E+03   0.512058E+04   0.136709E+04
   0.216800E+03   0.512058E+04   0.136709E+04
   0.216900E+03   0.512059E+04   0.136709E+04
   0.217000E+03   0.512059E+04   0.136710E+04
   0.217100E+03   0.512060E+04   0.136710E+04
   0.217200E+03   0.512060E+04   0.136710E+04
   0.217300E+03   0.512060E+04   0.136711E+04
   0.217400E+03   0.512061E+04   0.136711E+04
   0.217500E+03   0.512061E+04   0.136711E+04
   0.217600E+03   0.512062E+04   0.136712E+04
   0.217700E+03   0.512062E+04   0.136712E+04
   0.217800E+03   0.512062E+04   0.136712E+04
   0.217900E+03   0.512063E+04   0.136713E+04
   0.218000E+03   0.512063E+04   0.136713E+04
   0.218100E+03   0.512063E+04   0.136713E+04
   0.218200E+03   0.512064E+04   0.136714E+04
   0.218300E+03   0.512064E+04   0.136714E+04
   0.218400E+03   0.512065E+04   0.136714E+04
   0.218500E+03   0.512065E+04   0.136715E+04
   0.218600E+03   0.512065E+04   0.136715E+04
   0.218700E+03   0.512066E+04   0.136715E+04
   0.218800E+03   0.512066E+04   0.136716E+04
   0.218900E+03   0.512067E+04   0.136716E+04
   0.219000E+03   0.512067E+04   0.136716E+04
   0.219100E+03   0.512067E+04   0.136716E+04
   0.219200E+03   0.512068E+04   0.136717E+04
   0.219300E+03   0.512068E+04   0.136717E+04
   0.219400E+03   0.512068E+04   0.136717E+04
   0.219500E+03   0.512069E+04   0.136718E+04
   0.219600E+03   0.512069E+04   0.136718E+04
   0.219700E+03   0.512069E+04   0.136718E+04
   0.219800E+03   0.512070E+04   0.136719E+04
   0.219900E+03   0.512070E+04   0.136719E+04
   0.220000E+03   0.512071E+04   0.136719E+04
   0.220100E+03   0.512071E+04   0.136719E+04
   0.220200E+03   0.512071E+04   0.136720E+04
   0.220300E+03   0.512072E+04   0.136720E+04
   0.220400E+03   0.512072E+04   0.136720E+04
   0.220500E+03   0.512072E+04   0.136721E+04
   0.220600E+03   0.512073E+04   0.136721E+04
   0.220700E+03   0.512073E+04   0.136721E+04
   0.220800E+03   0.512073E+04   0.136721E+04
   0.220900E+03   0.512074E+04   0.136722E+04
   0.221000E+03   0.512074E+04   0.136722E+04
   0.221100E+03   0.512074E+04   0.136722E+04
   0.221200E+03   0.512075E+04   0.136723E+04
   0.221300E+03   0.512075E+04   0.136723E+04
   0.221400E+03   0.512075E+04   0.136723E+04
   0.221500E+03   0.512076E+04   0.136723E+04
   0.221600E+03   0.512076E+04   0.136724E+04
   0.221700E+03   0.512076E+04   0.136724E+04
   0.221800E+03   0.512077E+04   0.136724E+04
   0.221900E+03   0.512077E+04   0.136725E+04
   0.222000E+03   0.512077E+04   0.136725E+04
   0.222100E+03   0.512078E+04   0.136725E+04
   0.222200E+03   0.512078E+04   0.136725E+04
   0.222300E+03   0.512078E+04   0.136726E+04
   0.222400E+03   0.512079E+04   0.136726E+04
   0.222500E+03   0.512079E+04   0.136726E+04
   0.222600E+03   0.512079E+04   0.136726E+04
   0.222700E+03   0.512080E+04   0.136727E+04
   0.222800E+03   0.512080E+04   0.136727E+04
   0.222900E+03   0.512080E+04   0.136727E+04
   0.223000E+03   0.512081E+04   0.136728E+04
   0.223100E+03   0.512081E+04   0.136728E+04
   0.223200E+03   0.512081E+04   0.136728E+04
   0.223300E+03   0.512082E+04   0.136728E+04
   0.223400E+03   0.512082E+04   0.136729E+04
   0.223500E+03   0.512082E+04   0.136729E+04
   0.223600E+03   0.512083E+04   0.136729E+04
   0.223700E+03   0.512083E+04   0.136729E+04
   0.223800E+03   0.512083E+04   0.136730E+04
   0.223900E+03   0.512084E+04   0.136730E+04
   0.224000E+03   0.512084E+04   0.136730E+04
   0.224100E+03   0.512084E+04   0.136730E+04
   0.224200E+03   0.512084E+04   0.136731E+04
   0.224300E+03   0.512085E+04   0.136731E+04
   0.224400E+03   0.512085E+04   0.136731E+04
   0.224500E+03   0.512085E+04   0.136731E+04
   0.224600E+03   0.512086E+04   0.136732E+04
   0.224700E+03   0.512086E+04   0.136732E+04
   0.224800E+03   0.512086E+04   0.136732E+04
   0.224900E+03   0.512087E+04   0.136732E+04
   0.225000E+03   0.512087E+04   0.136733E+04
   0.225100E+03   0.512087E+04   0.136733E+04
   0.225200E+03   0.512087E+04   0.136733E+04
   0.225300E+03   0.512088E+04   0.136733E+04
   0.225400E+03   0.512088E+04   0.136734E+04
   0.225500E+03   0.512088E+04   0.136734E+04
   0.225600E+03   0.512089E+04   0.136734E+04
   0.225700E+03   0.512089E+04   0.136734E+04
   0.225800E+03   0.512089E+04   0.136735E+04
   0.225900E+03   0.512090E+04   0.136735E+04
   0.226000E+03   0.512090E+04   0.136735E+04
   0.226100E+03   0.512090E+04   0.136735E+04
   0.226200E+03   0.512090E+04   0.136736E+04
   0.226300E+03   0.512091E+04   0.136736E+04
   0.226400E+03   0.512091E+04   0.136736E+04
   0.226500E+03   0.512091E+04   0.136736E+04
   0.226600E+03   0.512092E+04   0.136736E+04
   0.226700E+03   0.512092E+04   0.136737E+04
   0.226800E+03   0.512092E+04   0.136737E+04
   0.226900E+03   0.512092E+04   0.136737E+04
   0.227000E+03   0.512093E+04   0.136737E+04
   0.227100E+03   0.512093E+04   0.136738E+04
   0.227200E+03   0.512093E+04   0.136738E+04
   0.227300E+03   0.512093E+04   0.136738E+04
   0.227400E+03   0.512094E+04   0.136738E+04
   0.227500E+03   0.512094E+04   0.136739E+04
   0.227600E+03   0.512094E+04   0.136739E+04
   0.227700E+03   0.512095E+04   0.136739E+04
   0.227800E+03   0.512095E+04   0.136739E+04
   0.227900E+03   0.512095E+04   0.136739E+04
   0.228000E+03   0.512095E+04   0.136740E+04
   0.228100E+03   0.512096E+04   0.136740E+04
   0.228200E+03   0.512096E+04   0.136740E+04
   0.228300E+03   0.512096E+04   0.136740E+04
   0.228400E+03   0.512096E+04   0.136741E+04
   0.228500E+03   0.512097E+04   0.136741E+04
   0.228600E+03   0.512097E+04   0.136741E+04
   0.228700E+03   0.512097E+04   0.136741E+04
   0.228800E+03   0.512097E+04   0.136741E+04
   0.228900E+03   0.512098E+04   0.136742E+04
   0.229000E+03   0.512098E+04   0.136742E+04
   0.229100E+03   0.512098E+04   0.136742E+04
   0.229200E+03   0.512099E+04   0.136742E+04
   0.229300E+03   0.512099E+04   0.136742E+04
   0.229400E+03   0.512099E+04   0.136743E+04
   0.229500E+03   0.512099E+04   0.136743E+04
   0.229600E+03   0.512100E+04   0.136743E+04
   0.229700E+03   0.512100E+04   0.136743E+04
   0.229800E+03   0.512100E+04   0.136744E+04
   0.229900E+03   0.512100E+04   0.136744E+04
   0.230000E+03   0.512101E+04   0.136744E+04
   0.230100E+03   0.512101E+04   0.136744E+04
   0.230200E+03   0.512101E+04   0.136744E+04
   0.230300E+03   0.512101E+04   0.136745E+04
   0.230400E+03   0.512102E+04   0.136745E+04
   0.230500E+03   0.512102E+04   0.136745E+04
   0.230600E+03   0.512102E+04   0.136745E+04
   0.230700E+03   0.512102E+04   0.136745E+04
   0.230800E+03   0.512103E+04   0.136746E+04
   0.230900E+03   0.512103E+04   0.136746E+04
   0.231000E+03   0.512103E+04   0.136746E+04
   0.231100E+03   0.512103E+04   0.136746E+04
   0.231200E+03   0.512104E+04   0.136746E+04
   0.231300E+03   0.512104E+04   0.136747E+04
   0.231400E+03   0.512104E+04   0.136747E+04
   0.231500E+03   0.512104E+04   0.136747E+04
   0.231600E+03   0.512104E+04   0.136747E+04
   0.231700E+03   0.512105E+04   0.136747E+04
   0.231800E+03   0.512105E+04   0.136748E+04
   0.231900E+03   0.512105E+04   0.136748E+04
   0.232000E+03   0.512105E+04   0.136748E+04
   0.232100E+03   0.512106E+04   0.136748E+04
   0.232200E+03   0.512106E+04   0.136748E+04
   0.232300E+03   0.512106E+04   0.136749E+04
   0.232400E+03   0.512106E+04   0.136749E+04
   0.232500E+03   0.512107E+04   0.136749E+04
   0.232600E+03   0.512107E+04   0.136749E+04
   0.232700E+03   0.512107E+04   0.136749E+04
   0.232800E+03   0.512107E+04   0.136749E+04
   0.232900E+03   0.512107E+04   0.136750E+04
   0.233000E+03   0.512108E+04   0.136750E+04
   0.233100E+03   0.512108E+04   0.136750E+04
   0.233200E+03   0.512108E+04   0.136750E+04
   0.233300E+03   0.512108E+04   0.136750E+04
   0.233400E+03   0.512109E+04   0.136751E+04
   0.233500E+03   0.512109E+04   0.136751E+04
   0.233600E+03   0.512109E+04   0.136751E+04
   0.233700E+03   0.512109E+04   0.136751E+04
   0.233800E+03   0.512109E+04   0.136751E+04
   0.233900E+03   0.512110E+04   0.136751E+04
   0.234000E+03   0.512110E+04   0.136752E+04
   0.234100E+03   0.512110E+04   0.136752E+04
   0.234200E+03   0.512110E+04   0.136752E+04
   0.234300E+03   0.512111E+04   0.136752E+04
   0.234400E+03   0.512111E+04   0.136752E+04
   0.234500E+03   0.512111E+04   0.136753E+04
   0.234600E+03   0.512111E+04   0.136753E+04
   0.234700E+03   0.512111E+04   0.136753E+04
   0.234800E+03   0.512112E+04   0.136753E+04
   0.234900E+03   0.512112E+04   0.136753E+04
   0.235000E+03   0.512112E+04   0.136753E+04
   0.235100E+03   0.512112E+04   0.136754E+04
   0.235200E+03   0.512112E+04   0.136754E+04
   0.235300E+03   0.512113E+04   0.136754E+04
   0.235400E+03   0.512113E+04   0.136754E+04
   0.235500E+03   0.512113E+04   0.136754E+04
   0.235600E+03   0.512113E+04   0.136754E+04
   0.235700E+03   0.512113E+04   0.136755E+04
   0.235800E+03   0.512114E+04   0.136755E+04
   0.235900E+03   0.512114E+04   0.136755E+04
   0.236000E+03   0.512114E+04   0.136755E+04
   0.236100E+03   0.512114E+04   0.136755E+04
   0.236200E+03   0.512115E+04   0.136755E+04
   0.236300E+03   0.512115E+04   0.136756E+04
   0.236400E+03   0.512115E+04   0.136756E+04
   0.236500E+03   0.512115E+04   0.136756E+04
   0.236600E+03   0.512115E+04   0.136756E+04
   0.236700E+03   0.512116E+04   0.136756E+04
   0.236800E+03   0.512116E+04   0.136756E+04
   0.236900E+03   0.512116E+04   0.136757E+04
   0.237000E+03   0.512116E+04   0.136757E+04
   0.237100E+03   0.512116E+04   0.136757E+04
   0.237200E+03   0.512116E+04   0.136757E+04
   0.237300E+03   0.512117E+04   0.136757E+04
   0.237400E+03   0.512117E+04   0.136757E+04
   0.237500E+03   0.512117E+04   0.136758E+04
   0.237600E+03   0.512117E+04   0.136758E+04
   0.237700E+03   0.512117E+04   0.136758E+04
   0.237800E+03   0.512118E+04   0.136758E+04
   0.237900E+03   0.512118E+04   0.136758E+04
   0.238000E+03   0.512118E+04   0.136758E+04
   0.238100E+03   0.512118E+04   0.136759E+04
   0.238200E+03   0.512118E+04   0.136759E+04
   0.238300E+03   0.512119E+04   0.136759E+04
   0.238400E+03   0.512119E+04   0.136759E+04
   0.238500E+03   0.512119E+04   0.136759E+04
   0.238600E+03   0.512119E+04   0.136759E+04
   0.238700E+03   0.512119E+04   0.136759E+04
   0.238800E+03   0.512119E+04   0.136760E+04
   0.238900E+03   0.512120E+04   0.136760E+04
   0.239000E+03   0.512120E+04   0.136760E+04
   0.239100E+03   0.512120E+04   0.136760E+04
   0.239200E+03   0.512120E+04   0.136760E+04
   0.239300E+03   0.512120E+04   0.136760E+04
   0.239400E+03   0.512121E+04   0.136760E+04
   0.239500E+03   0.512121E+04   0.136761E+04
   0.239600E+03   0.512121E+04   0.136761E+04
   0.239700E+03   0.512121E+04   0.136761E+04
   0.239800E+03   0.512121E+04   0.136761E+04
   0.239900E+03   0.512121E+04   0.136761E+04
   0.240000E+03   0.512122E+04   0.136761E+04
   0.240100E+03   0.512122E+04   0.136761E+04
   0.240200E+03   0.512122E+04   0.136762E+04
   0.240300E+03   0.512122E+04   0.136762E+04
   0.240400E+03   0.512122E+04   0.136762E+04
   0.240500E+03   0.512123E+04   0.136762E+04
   0.240600E+03   0.512123E+04   0.136762E+04
   0.240700E+03   0.512123E+04   0.136762E+04
   0.240800E+03   0.512123E+04   0.136762E+04
   0.240900E+03   0.512123E+04   0.136763E+04
   0.241000E+03   0.512123E+04   0.136763E+04
   0.241100E+03   0.512124E+04   0.136763E+04
   0.241200E+03   0.512124E+04   0.136763E+04
   0.241300E+03   0.512124E+04   0.136763E+04
   0.241400E+03   0.512124E+04   0.136763E+04
   0.241500E+03   0.512124E+04   0.136763E+04
   0.241600E+03   0.512124E+04   0.136764E+04
   0.241700E+03   0.512125E+04   0.136764E+04
   0.241800E+03   0.512125E+04   0.136764E+04
   0.241900E+03   0.512125E+04   0.136764E+04
   0.242000E+03   0.512125E+04   0.136764E+04
   0.242100E+03   0.512125E+04   0.136764E+04
   0.242200E+03   0.512125E+04   0.136764E+04
   0.242300E+03   0.512126E+04   0.136765E+04
   0.242400E+03   0.512126E+04   0.136765E+04
   0.242500E+03   0.512126E+04   0.136765E+04
   0.242600E+03   0.512126E+04   0.136765E+04
   0.242700E+03   0.512126E+04   0.136765E+04
   0.242800E+03   0.512126E+04   0.136765E+04
   0.242900E+03   0.512126E+04   0.136765E+04
   0.243000E+03   0.512127E+04   0.136765E+04
   0.243100E+03   0.512127E+04   0.136766E+04
   0.243200E+03   0.512127E+04   0.136766E+04
   0.243300E+03   0.512127E+04   0.136766E+04
   0.243400E+03   0.512127E+04   0.136766E+04
   0.243500E+03   0.512127E+04   0.136766E+04
   0.243600E+03   0.512128E+04   0.136766E+04
   0.243700E+03   0.512128E+04   0.136766E+04
   0.243800E+03   0.512128E+04   0.136767E+04
   0.243900E+03   0.512128E+04   0.136767E+04
   0.244000E+03   0.512128E+04   0.136767E+04
   0.244100E+03   0.512128E+04   0.136767E+04
   0.244200E+03   0.512129E+04   0.136767E+04
   0.244300E+03   0.512129E+04   0.136767E+04
   0.244400E+03   0.512129E+04   0.136767E+04
   0.244500E+03   0.512129E+04   0.136767E+04
   0.244600E+03   0.512129E+04   0.136768E+04
   0.244700E+03   0.512129E+04   0.136768E+04
   0.244800E+03   0.512129E+04   0.136768E+04
   0.244900E+03   0.512130E+04   0.136768E+04
   0.245000E+03   0.512130E+04   0.136768E+04
   0.245100E+03   0.512130E+04   0.136768E+04
   0.245200E+03   0.512130E+04   0.136768E+04
   0.245300E+03   0.512130E+04   0.136768E+04
   0.245400E+03   0.512130E+04   0.136768E+04
   0.245500E+03   0.512130E+04   0.136769E+04
   0.245600E+03   0.512131E+04   0.136769E+04
   0.245700E+03   0.512131E+04   0.136769E+04
   0.245800E+03   0.512131E+04   0.136769E+04
   0.245900E+03   0.512131E+04   0.136769E+04
   0.246000E+03   0.512131E+04   0.136769E+04
   0.246100E+03   0.512131E+04   0.136769E+04
   0.246200E+03   0.512131E+04   0.136769E+04
   0.246300E+03   0.512132E+04   0.136770E+04
   0.246400E+03   0.512132E+04   0.136770E+04
   0.246500E+03   0.512132E+04   0.136770E+04
   0.246600E+03   0.512132E+04   0.136770E+04
   0.246700E+03   0.512132E+04   0.136770E+04
   0.246800E+03   0.512132E+04   0.136770E+04
   0.246900E+03   0.512132E+04   0.136770E+04
   0.247000E+03   0.512133E+04   0.136770E+04
   0.247100E+03   0.512133E+04   0.136770E+04
   0.247200E+03   0.512133E+04   0.136771E+04
   0.247300E+03   0.512133E+04   0.136771E+04
   0.247400E+03   0.512133E+04   0.136771E+04
   0.247500E+03   0.512133E+04   0.136771E+04
   0.247600E+03   0.512133E+04   0.136771E+04
   0.247700E+03   0.512133E+04   0.136771E+04
   0.247800E+03   0.512134E+04   0.136771E+04
   0.247900E+03   0.512134E+04   0.136771E+04
   0.248000E+03   0.512134E+04   0.136771E+04
   0.248100E+03   0.512134E+04   0.136772E+04
   0.248200E+03   0.512134E+04   0.136772E+04
   0.248300E+03   0.512134E+04   0.136772E+04
   0.248400E+03   0.512134E+04   0.136772E+04
   0.248500E+03   0.512135E+04   0.136772E+04
   0.248600E+03   0.512135E+04   0.136772E+04
   0.248700E+03   0.512135E+04   0.136772E+04
   0.248800E+03   0.512135E+04   0.136772E+04
   0.248900E+03   0.512135E+04   0.136772E+04
   0.249000E+03   0.512135E+04   0.136773E+04
   0.249100E+03   0.512135E+04   0.136773E+04
   0.249200E+03   0.512135E+04   0.136773E+04
   0.249300E+03   0.512136E+04   0.136773E+04
   0.249400E+03   0.512136E+04   0.136773E+04
   0.249500E+03   0.512136E+04   0.136773E+04
   0.249600E+03   0.512136E+04   0.136773E+04
   0.249700E+03   0.512136E+04   0.136773E+04
   0.249800E+03   0.512136E+04   0.136773E+04
   0.249900E+03   0.512136E+04   0.136773E+04
