#    time(ps)        R(t,x=0)       J(t,x=L)
   0.000000E+00   0.718691E+02   0.673335E-04
   0.100000E+00   0.142366E+03   0.695031E-04
   0.200000E+00   0.211503E+03   0.714225E-04
   0.300000E+00   0.279294E+03   0.731133E-04
   0.400000E+00   0.345754E+03   0.745955E-04
   0.500000E+00   0.410899E+03   0.758871E-04
   0.600000E+00   0.474749E+03   0.770049E-04
   0.700000E+00   0.537322E+03   0.779644E-04
   0.800000E+00   0.598639E+03   0.787795E-04
   0.900000E+00   0.658720E+03   0.794632E-04
   0.100000E+01   0.717587E+03   0.800275E-04
   0.110000E+01   0.775262E+03   0.804833E-04
   0.120000E+01   0.831767E+03   0.808412E-04
   0.130000E+01   0.887126E+03   0.811125E-04
   0.140000E+01   0.941361E+03   0.813131E-04
   0.150000E+01   0.994495E+03   0.814750E-04
   0.160000E+01   0.104655E+04   0.816803E-04
   0.170000E+01   0.109755E+04   0.821506E-04
   0.180000E+01   0.114752E+04   0.834760E-04
   0.190000E+01   0.119648E+04   0.871617E-04
   0.200000E+01   0.124446E+04   0.968648E-04
   0.210000E+01   0.129147E+04   0.121048E-03
   0.220000E+01   0.133753E+04   0.178384E-03
   0.230000E+01   0.138268E+04   0.308225E-03
   0.240000E+01   0.142693E+04   0.589915E-03
   0.250000E+01   0.147030E+04   0.117675E-02
   0.260000E+01   0.151282E+04   0.235296E-02
   0.270000E+01   0.155450E+04   0.462497E-02
   0.280000E+01   0.159536E+04   0.886089E-02
   0.290000E+01   0.163543E+04   0.164941E-01
   0.300000E+01   0.167472E+04   0.298065E-01
   0.310000E+01   0.171325E+04   0.523036E-01
   0.320000E+01   0.175104E+04   0.891870E-01
   0.330000E+01   0.178811E+04   0.147915E+00
   0.340000E+01   0.182448E+04   0.238831E+00
   0.350000E+01   0.186016E+04   0.375809E+00
   0.360000E+01   0.189517E+04   0.576864E+00
   0.370000E+01   0.192953E+04   0.864634E+00
   0.380000E+01   0.196325E+04   0.126665E+01
   0.390000E+01   0.199636E+04   0.181534E+01
   0.400000E+01   0.202885E+04   0.254757E+01
   0.410000E+01   0.206076E+04   0.350394E+01
   0.420000E+01   0.209208E+04   0.472747E+01
   0.430000E+01   0.212285E+04   0.626211E+01
   0.440000E+01   0.215307E+04   0.815084E+01
   0.450000E+01   0.218275E+04   0.104337E+02
   0.460000E+01   0.221191E+04   0.131457E+02
   0.470000E+01   0.224056E+04   0.163154E+02
   0.480000E+01   0.226872E+04   0.199630E+02
   0.490000E+01   0.229639E+04   0.240997E+02
   0.500000E+01   0.232359E+04   0.287268E+02
   0.510000E+01   0.235032E+04   0.338365E+02
   0.520000E+01   0.237661E+04   0.394117E+02
   0.530000E+01   0.240245E+04   0.454278E+02
   0.540000E+01   0.242787E+04   0.518534E+02
   0.550000E+01   0.245287E+04   0.586526E+02
   0.560000E+01   0.247746E+04   0.657862E+02
   0.570000E+01   0.250165E+04   0.732133E+02
   0.580000E+01   0.252545E+04   0.808935E+02
   0.590000E+01   0.254887E+04   0.887873E+02
   0.600000E+01   0.257191E+04   0.968575E+02
   0.610000E+01   0.259460E+04   0.105070E+03
   0.620000E+01   0.261693E+04   0.113395E+03
   0.630000E+01   0.263891E+04   0.121805E+03
   0.640000E+01   0.266055E+04   0.130278E+03
   0.650000E+01   0.268187E+04   0.138795E+03
   0.660000E+01   0.270286E+04   0.147340E+03
   0.670000E+01   0.272353E+04   0.155901E+03
   0.680000E+01   0.274389E+04   0.164468E+03
   0.690000E+01   0.276396E+04   0.173035E+03
   0.700000E+01   0.278372E+04   0.181597E+03
   0.710000E+01   0.280320E+04   0.190151E+03
   0.720000E+01   0.282239E+04   0.198695E+03
   0.730000E+01   0.284131E+04   0.207229E+03
   0.740000E+01   0.285996E+04   0.215751E+03
   0.750000E+01   0.287835E+04   0.224264E+03
   0.760000E+01   0.289647E+04   0.232766E+03
   0.770000E+01   0.291434E+04   0.241260E+03
   0.780000E+01   0.293197E+04   0.249745E+03
   0.790000E+01   0.294935E+04   0.258222E+03
   0.800000E+01   0.296649E+04   0.266692E+03
   0.810000E+01   0.298340E+04   0.275153E+03
   0.820000E+01   0.300009E+04   0.283607E+03
   0.830000E+01   0.301655E+04   0.292051E+03
   0.840000E+01   0.303279E+04   0.300488E+03
   0.850000E+01   0.304882E+04   0.308914E+03
   0.860000E+01   0.306464E+04   0.317331E+03
   0.870000E+01   0.308025E+04   0.325737E+03
   0.880000E+01   0.309567E+04   0.334133E+03
   0.890000E+01   0.311088E+04   0.342517E+03
   0.900000E+01   0.312590E+04   0.350890E+03
   0.910000E+01   0.314074E+04   0.359251E+03
   0.920000E+01   0.315538E+04   0.367601E+03
   0.930000E+01   0.316985E+04   0.375939E+03
   0.940000E+01   0.318414E+04   0.384264E+03
   0.950000E+01   0.319825E+04   0.392578E+03
   0.960000E+01   0.321219E+04   0.400879E+03
   0.970000E+01   0.322596E+04   0.409168E+03
   0.980000E+01   0.323956E+04   0.417444E+03
   0.990000E+01   0.325300E+04   0.425707E+03
   0.100000E+02   0.326629E+04   0.433955E+03
   0.101000E+02   0.327941E+04   0.442189E+03
   0.102000E+02   0.329239E+04   0.450406E+03
   0.103000E+02   0.330521E+04   0.458607E+03
   0.104000E+02   0.331788E+04   0.466791E+03
   0.105000E+02   0.333041E+04   0.474955E+03
   0.106000E+02   0.334280E+04   0.483098E+03
   0.107000E+02   0.335504E+04   0.491221E+03
   0.108000E+02   0.336715E+04   0.499320E+03
   0.109000E+02   0.337912E+04   0.507395E+03
   0.110000E+02   0.339096E+04   0.515444E+03
   0.111000E+02   0.340266E+04   0.523467E+03
   0.112000E+02   0.341424E+04   0.531461E+03
   0.113000E+02   0.342569E+04   0.539427E+03
   0.114000E+02   0.343702E+04   0.547362E+03
   0.115000E+02   0.344822E+04   0.555266E+03
   0.116000E+02   0.345931E+04   0.563139E+03
   0.117000E+02   0.347027E+04   0.570979E+03
   0.118000E+02   0.348112E+04   0.578785E+03
   0.119000E+02   0.349185E+04   0.586558E+03
   0.120000E+02   0.350247E+04   0.594297E+03
   0.121000E+02   0.351298E+04   0.602000E+03
   0.122000E+02   0.352338E+04   0.609669E+03
   0.123000E+02   0.353367E+04   0.617303E+03
   0.124000E+02   0.354385E+04   0.624900E+03
   0.125000E+02   0.355393E+04   0.632462E+03
   0.126000E+02   0.356391E+04   0.639989E+03
   0.127000E+02   0.357378E+04   0.647479E+03
   0.128000E+02   0.358356E+04   0.654933E+03
   0.129000E+02   0.359323E+04   0.662351E+03
   0.130000E+02   0.360281E+04   0.669732E+03
   0.131000E+02   0.361230E+04   0.677077E+03
   0.132000E+02   0.362169E+04   0.684386E+03
   0.133000E+02   0.363098E+04   0.691657E+03
   0.134000E+02   0.364019E+04   0.698893E+03
   0.135000E+02   0.364930E+04   0.706091E+03
   0.136000E+02   0.365833E+04   0.713252E+03
   0.137000E+02   0.366727E+04   0.720377E+03
   0.138000E+02   0.367612E+04   0.727464E+03
   0.139000E+02   0.368488E+04   0.734514E+03
   0.140000E+02   0.369357E+04   0.741527E+03
   0.141000E+02   0.370216E+04   0.748502E+03
   0.142000E+02   0.371068E+04   0.755440E+03
   0.143000E+02   0.371912E+04   0.762340E+03
   0.144000E+02   0.372747E+04   0.769202E+03
   0.145000E+02   0.373575E+04   0.776027E+03
   0.146000E+02   0.374395E+04   0.782814E+03
   0.147000E+02   0.375207E+04   0.789563E+03
   0.148000E+02   0.376012E+04   0.796274E+03
   0.149000E+02   0.376809E+04   0.802947E+03
   0.150000E+02   0.377599E+04   0.809582E+03
   0.151000E+02   0.378382E+04   0.816179E+03
   0.152000E+02   0.379157E+04   0.822737E+03
   0.153000E+02   0.379926E+04   0.829258E+03
   0.154000E+02   0.380687E+04   0.835740E+03
   0.155000E+02   0.381441E+04   0.842184E+03
   0.156000E+02   0.382189E+04   0.848590E+03
   0.157000E+02   0.382930E+04   0.854958E+03
   0.158000E+02   0.383664E+04   0.861287E+03
   0.159000E+02   0.384391E+04   0.867579E+03
   0.160000E+02   0.385112E+04   0.873832E+03
   0.161000E+02   0.385827E+04   0.880048E+03
   0.162000E+02   0.386535E+04   0.886225E+03
   0.163000E+02   0.387237E+04   0.892364E+03
   0.164000E+02   0.387933E+04   0.898465E+03
   0.165000E+02   0.388622E+04   0.904529E+03
   0.166000E+02   0.389306E+04   0.910554E+03
   0.167000E+02   0.389984E+04   0.916542E+03
   0.168000E+02   0.390655E+04   0.922492E+03
   0.169000E+02   0.391321E+04   0.928405E+03
   0.170000E+02   0.391981E+04   0.934280E+03
   0.171000E+02   0.392635E+04   0.940118E+03
   0.172000E+02   0.393283E+04   0.945918E+03
   0.173000E+02   0.393926E+04   0.951681E+03
   0.174000E+02   0.394564E+04   0.957407E+03
   0.175000E+02   0.395196E+04   0.963096E+03
   0.176000E+02   0.395822E+04   0.968749E+03
   0.177000E+02   0.396443E+04   0.974364E+03
   0.178000E+02   0.397059E+04   0.979943E+03
   0.179000E+02   0.397670E+04   0.985485E+03
   0.180000E+02   0.398275E+04   0.990990E+03
   0.181000E+02   0.398875E+04   0.996460E+03
   0.182000E+02   0.399470E+04   0.100189E+04
   0.183000E+02   0.400061E+04   0.100729E+04
   0.184000E+02   0.400646E+04   0.101265E+04
   0.185000E+02   0.401226E+04   0.101798E+04
   0.186000E+02   0.401801E+04   0.102327E+04
   0.187000E+02   0.402372E+04   0.102852E+04
   0.188000E+02   0.402937E+04   0.103374E+04
   0.189000E+02   0.403499E+04   0.103892E+04
   0.190000E+02   0.404055E+04   0.104407E+04
   0.191000E+02   0.404607E+04   0.104919E+04
   0.192000E+02   0.405154E+04   0.105427E+04
   0.193000E+02   0.405696E+04   0.105931E+04
   0.194000E+02   0.406234E+04   0.106432E+04
   0.195000E+02   0.406768E+04   0.106930E+04
   0.196000E+02   0.407297E+04   0.107424E+04
   0.197000E+02   0.407822E+04   0.107915E+04
   0.198000E+02   0.408343E+04   0.108402E+04
   0.199000E+02   0.408859E+04   0.108886E+04
   0.200000E+02   0.409371E+04   0.109367E+04
   0.201000E+02   0.409879E+04   0.109844E+04
   0.202000E+02   0.410383E+04   0.110318E+04
   0.203000E+02   0.410882E+04   0.110789E+04
   0.204000E+02   0.411378E+04   0.111256E+04
   0.205000E+02   0.411869E+04   0.111721E+04
   0.206000E+02   0.412357E+04   0.112182E+04
   0.207000E+02   0.412840E+04   0.112639E+04
   0.208000E+02   0.413320E+04   0.113094E+04
   0.209000E+02   0.413796E+04   0.113545E+04
   0.210000E+02   0.414268E+04   0.113993E+04
   0.211000E+02   0.414736E+04   0.114438E+04
   0.212000E+02   0.415200E+04   0.114880E+04
   0.213000E+02   0.415661E+04   0.115319E+04
   0.214000E+02   0.416118E+04   0.115755E+04
   0.215000E+02   0.416571E+04   0.116187E+04
   0.216000E+02   0.417020E+04   0.116617E+04
   0.217000E+02   0.417466E+04   0.117043E+04
   0.218000E+02   0.417909E+04   0.117467E+04
   0.219000E+02   0.418348E+04   0.117887E+04
   0.220000E+02   0.418783E+04   0.118304E+04
   0.221000E+02   0.419215E+04   0.118719E+04
   0.222000E+02   0.419643E+04   0.119130E+04
   0.223000E+02   0.420068E+04   0.119539E+04
   0.224000E+02   0.420490E+04   0.119944E+04
   0.225000E+02   0.420908E+04   0.120347E+04
   0.226000E+02   0.421323E+04   0.120747E+04
   0.227000E+02   0.421735E+04   0.121144E+04
   0.228000E+02   0.422143E+04   0.121538E+04
   0.229000E+02   0.422548E+04   0.121929E+04
   0.230000E+02   0.422950E+04   0.122317E+04
   0.231000E+02   0.423349E+04   0.122703E+04
   0.232000E+02   0.423745E+04   0.123086E+04
   0.233000E+02   0.424137E+04   0.123466E+04
   0.234000E+02   0.424527E+04   0.123843E+04
   0.235000E+02   0.424913E+04   0.124218E+04
   0.236000E+02   0.425296E+04   0.124589E+04
   0.237000E+02   0.425677E+04   0.124959E+04
   0.238000E+02   0.426054E+04   0.125325E+04
   0.239000E+02   0.426428E+04   0.125689E+04
   0.240000E+02   0.426800E+04   0.126050E+04
   0.241000E+02   0.427168E+04   0.126408E+04
   0.242000E+02   0.427534E+04   0.126764E+04
   0.243000E+02   0.427897E+04   0.127118E+04
   0.244000E+02   0.428256E+04   0.127468E+04
   0.245000E+02   0.428614E+04   0.127816E+04
   0.246000E+02   0.428968E+04   0.128162E+04
   0.247000E+02   0.429319E+04   0.128505E+04
   0.248000E+02   0.429668E+04   0.128846E+04
   0.249000E+02   0.430014E+04   0.129184E+04
   0.250000E+02   0.430357E+04   0.129519E+04
   0.251000E+02   0.430698E+04   0.129852E+04
   0.252000E+02   0.431036E+04   0.130183E+04
   0.253000E+02   0.431372E+04   0.130511E+04
   0.254000E+02   0.431704E+04   0.130837E+04
   0.255000E+02   0.432034E+04   0.131161E+04
   0.256000E+02   0.432362E+04   0.131482E+04
   0.257000E+02   0.432687E+04   0.131800E+04
   0.258000E+02   0.433010E+04   0.132117E+04
   0.259000E+02   0.433330E+04   0.132431E+04
   0.260000E+02   0.433647E+04   0.132742E+04
   0.261000E+02   0.433962E+04   0.133052E+04
   0.262000E+02   0.434275E+04   0.133359E+04
   0.263000E+02   0.434585E+04   0.133664E+04
   0.264000E+02   0.434893E+04   0.133966E+04
   0.265000E+02   0.435199E+04   0.134267E+04
   0.266000E+02   0.435502E+04   0.134565E+04
   0.267000E+02   0.435802E+04   0.134861E+04
   0.268000E+02   0.436101E+04   0.135154E+04
   0.269000E+02   0.436397E+04   0.135446E+04
   0.270000E+02   0.436691E+04   0.135735E+04
   0.271000E+02   0.436982E+04   0.136022E+04
   0.272000E+02   0.437272E+04   0.136308E+04
   0.273000E+02   0.437559E+04   0.136591E+04
   0.274000E+02   0.437844E+04   0.136871E+04
   0.275000E+02   0.438126E+04   0.137150E+04
   0.276000E+02   0.438407E+04   0.137427E+04
   0.277000E+02   0.438685E+04   0.137702E+04
   0.278000E+02   0.438961E+04   0.137974E+04
   0.279000E+02   0.439235E+04   0.138245E+04
   0.280000E+02   0.439507E+04   0.138513E+04
   0.281000E+02   0.439777E+04   0.138780E+04
   0.282000E+02   0.440045E+04   0.139045E+04
   0.283000E+02   0.440311E+04   0.139307E+04
   0.284000E+02   0.440574E+04   0.139568E+04
   0.285000E+02   0.440836E+04   0.139827E+04
   0.286000E+02   0.441096E+04   0.140084E+04
   0.287000E+02   0.441353E+04   0.140338E+04
   0.288000E+02   0.441609E+04   0.140591E+04
   0.289000E+02   0.441863E+04   0.140843E+04
   0.290000E+02   0.442115E+04   0.141092E+04
   0.291000E+02   0.442364E+04   0.141339E+04
   0.292000E+02   0.442612E+04   0.141585E+04
   0.293000E+02   0.442858E+04   0.141828E+04
   0.294000E+02   0.443103E+04   0.142070E+04
   0.295000E+02   0.443345E+04   0.142310E+04
   0.296000E+02   0.443585E+04   0.142549E+04
   0.297000E+02   0.443824E+04   0.142785E+04
   0.298000E+02   0.444061E+04   0.143020E+04
   0.299000E+02   0.444295E+04   0.143253E+04
   0.300000E+02   0.444529E+04   0.143484E+04
   0.301000E+02   0.444760E+04   0.143713E+04
   0.302000E+02   0.444990E+04   0.143941E+04
   0.303000E+02   0.445217E+04   0.144167E+04
   0.304000E+02   0.445443E+04   0.144392E+04
   0.305000E+02   0.445668E+04   0.144614E+04
   0.306000E+02   0.445890E+04   0.144835E+04
   0.307000E+02   0.446111E+04   0.145055E+04
   0.308000E+02   0.446331E+04   0.145272E+04
   0.309000E+02   0.446548E+04   0.145488E+04
   0.310000E+02   0.446764E+04   0.145703E+04
   0.311000E+02   0.446978E+04   0.145916E+04
   0.312000E+02   0.447191E+04   0.146127E+04
   0.313000E+02   0.447402E+04   0.146337E+04
   0.314000E+02   0.447611E+04   0.146545E+04
   0.315000E+02   0.447819E+04   0.146751E+04
   0.316000E+02   0.448026E+04   0.146956E+04
   0.317000E+02   0.448230E+04   0.147160E+04
   0.318000E+02   0.448433E+04   0.147362E+04
   0.319000E+02   0.448635E+04   0.147562E+04
   0.320000E+02   0.448835E+04   0.147761E+04
   0.321000E+02   0.449033E+04   0.147958E+04
   0.322000E+02   0.449230E+04   0.148154E+04
   0.323000E+02   0.449426E+04   0.148349E+04
   0.324000E+02   0.449620E+04   0.148542E+04
   0.325000E+02   0.449812E+04   0.148733E+04
   0.326000E+02   0.450003E+04   0.148923E+04
   0.327000E+02   0.450193E+04   0.149112E+04
   0.328000E+02   0.450381E+04   0.149299E+04
   0.329000E+02   0.450568E+04   0.149485E+04
   0.330000E+02   0.450753E+04   0.149670E+04
   0.331000E+02   0.450937E+04   0.149853E+04
   0.332000E+02   0.451119E+04   0.150034E+04
   0.333000E+02   0.451300E+04   0.150215E+04
   0.334000E+02   0.451480E+04   0.150394E+04
   0.335000E+02   0.451658E+04   0.150571E+04
   0.336000E+02   0.451835E+04   0.150747E+04
   0.337000E+02   0.452011E+04   0.150922E+04
   0.338000E+02   0.452185E+04   0.151096E+04
   0.339000E+02   0.452358E+04   0.151268E+04
   0.340000E+02   0.452530E+04   0.151439E+04
   0.341000E+02   0.452700E+04   0.151609E+04
   0.342000E+02   0.452869E+04   0.151778E+04
   0.343000E+02   0.453037E+04   0.151945E+04
   0.344000E+02   0.453203E+04   0.152111E+04
   0.345000E+02   0.453369E+04   0.152275E+04
   0.346000E+02   0.453533E+04   0.152439E+04
   0.347000E+02   0.453695E+04   0.152601E+04
   0.348000E+02   0.453857E+04   0.152762E+04
   0.349000E+02   0.454017E+04   0.152922E+04
   0.350000E+02   0.454176E+04   0.153080E+04
   0.351000E+02   0.454334E+04   0.153238E+04
   0.352000E+02   0.454491E+04   0.153394E+04
   0.353000E+02   0.454646E+04   0.153549E+04
   0.354000E+02   0.454800E+04   0.153703E+04
   0.355000E+02   0.454953E+04   0.153855E+04
   0.356000E+02   0.455105E+04   0.154007E+04
   0.357000E+02   0.455256E+04   0.154157E+04
   0.358000E+02   0.455406E+04   0.154306E+04
   0.359000E+02   0.455554E+04   0.154455E+04
   0.360000E+02   0.455701E+04   0.154602E+04
   0.361000E+02   0.455848E+04   0.154747E+04
   0.362000E+02   0.455993E+04   0.154892E+04
   0.363000E+02   0.456137E+04   0.155036E+04
   0.364000E+02   0.456280E+04   0.155179E+04
   0.365000E+02   0.456422E+04   0.155320E+04
   0.366000E+02   0.456562E+04   0.155461E+04
   0.367000E+02   0.456702E+04   0.155600E+04
   0.368000E+02   0.456841E+04   0.155738E+04
   0.369000E+02   0.456978E+04   0.155876E+04
   0.370000E+02   0.457115E+04   0.156012E+04
   0.371000E+02   0.457250E+04   0.156147E+04
   0.372000E+02   0.457385E+04   0.156281E+04
   0.373000E+02   0.457518E+04   0.156415E+04
   0.374000E+02   0.457651E+04   0.156547E+04
   0.375000E+02   0.457782E+04   0.156678E+04
   0.376000E+02   0.457913E+04   0.156808E+04
   0.377000E+02   0.458042E+04   0.156937E+04
   0.378000E+02   0.458171E+04   0.157066E+04
   0.379000E+02   0.458298E+04   0.157193E+04
   0.380000E+02   0.458425E+04   0.157319E+04
   0.381000E+02   0.458550E+04   0.157445E+04
   0.382000E+02   0.458675E+04   0.157569E+04
   0.383000E+02   0.458799E+04   0.157693E+04
   0.384000E+02   0.458921E+04   0.157815E+04
   0.385000E+02   0.459043E+04   0.157937E+04
   0.386000E+02   0.459164E+04   0.158058E+04
   0.387000E+02   0.459284E+04   0.158177E+04
   0.388000E+02   0.459403E+04   0.158296E+04
   0.389000E+02   0.459521E+04   0.158414E+04
   0.390000E+02   0.459639E+04   0.158531E+04
   0.391000E+02   0.459755E+04   0.158648E+04
   0.392000E+02   0.459870E+04   0.158763E+04
   0.393000E+02   0.459985E+04   0.158877E+04
   0.394000E+02   0.460099E+04   0.158991E+04
   0.395000E+02   0.460212E+04   0.159104E+04
   0.396000E+02   0.460324E+04   0.159216E+04
   0.397000E+02   0.460435E+04   0.159327E+04
   0.398000E+02   0.460545E+04   0.159437E+04
   0.399000E+02   0.460655E+04   0.159546E+04
   0.400000E+02   0.460763E+04   0.159655E+04
   0.401000E+02   0.460871E+04   0.159763E+04
   0.402000E+02   0.460978E+04   0.159870E+04
   0.403000E+02   0.461084E+04   0.159976E+04
   0.404000E+02   0.461190E+04   0.160081E+04
   0.405000E+02   0.461294E+04   0.160185E+04
   0.406000E+02   0.461398E+04   0.160289E+04
   0.407000E+02   0.461501E+04   0.160392E+04
   0.408000E+02   0.461604E+04   0.160494E+04
   0.409000E+02   0.461705E+04   0.160596E+04
   0.410000E+02   0.461806E+04   0.160696E+04
   0.411000E+02   0.461906E+04   0.160796E+04
   0.412000E+02   0.462005E+04   0.160895E+04
   0.413000E+02   0.462103E+04   0.160994E+04
   0.414000E+02   0.462201E+04   0.161091E+04
   0.415000E+02   0.462298E+04   0.161188E+04
   0.416000E+02   0.462394E+04   0.161284E+04
   0.417000E+02   0.462490E+04   0.161380E+04
   0.418000E+02   0.462584E+04   0.161474E+04
   0.419000E+02   0.462679E+04   0.161568E+04
   0.420000E+02   0.462772E+04   0.161662E+04
   0.421000E+02   0.462865E+04   0.161754E+04
   0.422000E+02   0.462956E+04   0.161846E+04
   0.423000E+02   0.463048E+04   0.161937E+04
   0.424000E+02   0.463138E+04   0.162028E+04
   0.425000E+02   0.463228E+04   0.162117E+04
   0.426000E+02   0.463317E+04   0.162207E+04
   0.427000E+02   0.463406E+04   0.162295E+04
   0.428000E+02   0.463494E+04   0.162383E+04
   0.429000E+02   0.463581E+04   0.162470E+04
   0.430000E+02   0.463667E+04   0.162556E+04
   0.431000E+02   0.463753E+04   0.162642E+04
   0.432000E+02   0.463838E+04   0.162727E+04
   0.433000E+02   0.463923E+04   0.162812E+04
   0.434000E+02   0.464007E+04   0.162896E+04
   0.435000E+02   0.464090E+04   0.162979E+04
   0.436000E+02   0.464173E+04   0.163062E+04
   0.437000E+02   0.464255E+04   0.163143E+04
   0.438000E+02   0.464336E+04   0.163225E+04
   0.439000E+02   0.464417E+04   0.163306E+04
   0.440000E+02   0.464497E+04   0.163386E+04
   0.441000E+02   0.464577E+04   0.163465E+04
   0.442000E+02   0.464656E+04   0.163544E+04
   0.443000E+02   0.464734E+04   0.163623E+04
   0.444000E+02   0.464812E+04   0.163700E+04
   0.445000E+02   0.464889E+04   0.163777E+04
   0.446000E+02   0.464965E+04   0.163854E+04
   0.447000E+02   0.465041E+04   0.163930E+04
   0.448000E+02   0.465117E+04   0.164005E+04
   0.449000E+02   0.465192E+04   0.164080E+04
   0.450000E+02   0.465266E+04   0.164154E+04
   0.451000E+02   0.465340E+04   0.164228E+04
   0.452000E+02   0.465413E+04   0.164301E+04
   0.453000E+02   0.465486E+04   0.164374E+04
   0.454000E+02   0.465558E+04   0.164446E+04
   0.455000E+02   0.465629E+04   0.164517E+04
   0.456000E+02   0.465700E+04   0.164588E+04
   0.457000E+02   0.465771E+04   0.164659E+04
   0.458000E+02   0.465841E+04   0.164729E+04
   0.459000E+02   0.465910E+04   0.164798E+04
   0.460000E+02   0.465979E+04   0.164867E+04
   0.461000E+02   0.466047E+04   0.164935E+04
   0.462000E+02   0.466115E+04   0.165003E+04
   0.463000E+02   0.466182E+04   0.165070E+04
   0.464000E+02   0.466249E+04   0.165137E+04
   0.465000E+02   0.466315E+04   0.165203E+04
   0.466000E+02   0.466381E+04   0.165269E+04
   0.467000E+02   0.466446E+04   0.165334E+04
   0.468000E+02   0.466511E+04   0.165399E+04
   0.469000E+02   0.466576E+04   0.165464E+04
   0.470000E+02   0.466639E+04   0.165527E+04
   0.471000E+02   0.466703E+04   0.165591E+04
   0.472000E+02   0.466766E+04   0.165654E+04
   0.473000E+02   0.466828E+04   0.165716E+04
   0.474000E+02   0.466890E+04   0.165778E+04
   0.475000E+02   0.466951E+04   0.165839E+04
   0.476000E+02   0.467012E+04   0.165900E+04
   0.477000E+02   0.467073E+04   0.165961E+04
   0.478000E+02   0.467133E+04   0.166021E+04
   0.479000E+02   0.467193E+04   0.166080E+04
   0.480000E+02   0.467252E+04   0.166139E+04
   0.481000E+02   0.467310E+04   0.166198E+04
   0.482000E+02   0.467369E+04   0.166256E+04
   0.483000E+02   0.467426E+04   0.166314E+04
   0.484000E+02   0.467484E+04   0.166372E+04
   0.485000E+02   0.467541E+04   0.166429E+04
   0.486000E+02   0.467597E+04   0.166485E+04
   0.487000E+02   0.467653E+04   0.166541E+04
   0.488000E+02   0.467709E+04   0.166597E+04
   0.489000E+02   0.467764E+04   0.166652E+04
   0.490000E+02   0.467819E+04   0.166707E+04
   0.491000E+02   0.467874E+04   0.166761E+04
   0.492000E+02   0.467928E+04   0.166815E+04
   0.493000E+02   0.467981E+04   0.166869E+04
   0.494000E+02   0.468034E+04   0.166922E+04
   0.495000E+02   0.468087E+04   0.166975E+04
   0.496000E+02   0.468139E+04   0.167027E+04
   0.497000E+02   0.468191E+04   0.167079E+04
   0.498000E+02   0.468243E+04   0.167131E+04
   0.499000E+02   0.468294E+04   0.167182E+04
   0.500000E+02   0.468345E+04   0.167233E+04
   0.501000E+02   0.468395E+04   0.167283E+04
   0.502000E+02   0.468446E+04   0.167333E+04
   0.503000E+02   0.468495E+04   0.167383E+04
   0.504000E+02   0.468544E+04   0.167432E+04
   0.505000E+02   0.468593E+04   0.167481E+04
   0.506000E+02   0.468642E+04   0.167530E+04
   0.507000E+02   0.468690E+04   0.167578E+04
   0.508000E+02   0.468738E+04   0.167625E+04
   0.509000E+02   0.468785E+04   0.167673E+04
   0.510000E+02   0.468832E+04   0.167720E+04
   0.511000E+02   0.468879E+04   0.167767E+04
   0.512000E+02   0.468926E+04   0.167813E+04
   0.513000E+02   0.468972E+04   0.167859E+04
   0.514000E+02   0.469017E+04   0.167905E+04
   0.515000E+02   0.469063E+04   0.167950E+04
   0.516000E+02   0.469108E+04   0.167995E+04
   0.517000E+02   0.469152E+04   0.168040E+04
   0.518000E+02   0.469197E+04   0.168084E+04
   0.519000E+02   0.469241E+04   0.168128E+04
   0.520000E+02   0.469284E+04   0.168172E+04
   0.521000E+02   0.469328E+04   0.168215E+04
   0.522000E+02   0.469371E+04   0.168258E+04
   0.523000E+02   0.469413E+04   0.168301E+04
   0.524000E+02   0.469456E+04   0.168343E+04
   0.525000E+02   0.469498E+04   0.168385E+04
   0.526000E+02   0.469539E+04   0.168427E+04
   0.527000E+02   0.469581E+04   0.168468E+04
   0.528000E+02   0.469622E+04   0.168509E+04
   0.529000E+02   0.469663E+04   0.168550E+04
   0.530000E+02   0.469703E+04   0.168590E+04
   0.531000E+02   0.469743E+04   0.168631E+04
   0.532000E+02   0.469783E+04   0.168670E+04
   0.533000E+02   0.469823E+04   0.168710E+04
   0.534000E+02   0.469862E+04   0.168749E+04
   0.535000E+02   0.469901E+04   0.168788E+04
   0.536000E+02   0.469939E+04   0.168827E+04
   0.537000E+02   0.469978E+04   0.168865E+04
   0.538000E+02   0.470016E+04   0.168903E+04
   0.539000E+02   0.470054E+04   0.168941E+04
   0.540000E+02   0.470091E+04   0.168979E+04
   0.541000E+02   0.470128E+04   0.169016E+04
   0.542000E+02   0.470165E+04   0.169053E+04
   0.543000E+02   0.470202E+04   0.169089E+04
   0.544000E+02   0.470238E+04   0.169126E+04
   0.545000E+02   0.470274E+04   0.169162E+04
   0.546000E+02   0.470310E+04   0.169198E+04
   0.547000E+02   0.470346E+04   0.169233E+04
   0.548000E+02   0.470381E+04   0.169268E+04
   0.549000E+02   0.470416E+04   0.169303E+04
   0.550000E+02   0.470451E+04   0.169338E+04
   0.551000E+02   0.470485E+04   0.169373E+04
   0.552000E+02   0.470519E+04   0.169407E+04
   0.553000E+02   0.470553E+04   0.169441E+04
   0.554000E+02   0.470587E+04   0.169475E+04
   0.555000E+02   0.470621E+04   0.169508E+04
   0.556000E+02   0.470654E+04   0.169541E+04
   0.557000E+02   0.470687E+04   0.169574E+04
   0.558000E+02   0.470719E+04   0.169607E+04
   0.559000E+02   0.470752E+04   0.169639E+04
   0.560000E+02   0.470784E+04   0.169672E+04
   0.561000E+02   0.470816E+04   0.169704E+04
   0.562000E+02   0.470848E+04   0.169735E+04
   0.563000E+02   0.470879E+04   0.169767E+04
   0.564000E+02   0.470911E+04   0.169798E+04
   0.565000E+02   0.470942E+04   0.169829E+04
   0.566000E+02   0.470972E+04   0.169860E+04
   0.567000E+02   0.471003E+04   0.169890E+04
   0.568000E+02   0.471033E+04   0.169921E+04
   0.569000E+02   0.471063E+04   0.169951E+04
   0.570000E+02   0.471093E+04   0.169981E+04
   0.571000E+02   0.471123E+04   0.170010E+04
   0.572000E+02   0.471152E+04   0.170040E+04
   0.573000E+02   0.471181E+04   0.170069E+04
   0.574000E+02   0.471210E+04   0.170098E+04
   0.575000E+02   0.471239E+04   0.170126E+04
   0.576000E+02   0.471268E+04   0.170155E+04
   0.577000E+02   0.471296E+04   0.170183E+04
   0.578000E+02   0.471324E+04   0.170211E+04
   0.579000E+02   0.471352E+04   0.170239E+04
   0.580000E+02   0.471380E+04   0.170267E+04
   0.581000E+02   0.471407E+04   0.170294E+04
   0.582000E+02   0.471434E+04   0.170322E+04
   0.583000E+02   0.471461E+04   0.170349E+04
   0.584000E+02   0.471488E+04   0.170376E+04
   0.585000E+02   0.471515E+04   0.170402E+04
   0.586000E+02   0.471541E+04   0.170429E+04
   0.587000E+02   0.471567E+04   0.170455E+04
   0.588000E+02   0.471593E+04   0.170481E+04
   0.589000E+02   0.471619E+04   0.170507E+04
   0.590000E+02   0.471645E+04   0.170532E+04
   0.591000E+02   0.471670E+04   0.170558E+04
   0.592000E+02   0.471696E+04   0.170583E+04
   0.593000E+02   0.471721E+04   0.170608E+04
   0.594000E+02   0.471746E+04   0.170633E+04
   0.595000E+02   0.471770E+04   0.170658E+04
   0.596000E+02   0.471795E+04   0.170682E+04
   0.597000E+02   0.471819E+04   0.170706E+04
   0.598000E+02   0.471843E+04   0.170731E+04
   0.599000E+02   0.471867E+04   0.170755E+04
   0.600000E+02   0.471891E+04   0.170778E+04
   0.601000E+02   0.471915E+04   0.170802E+04
   0.602000E+02   0.471938E+04   0.170825E+04
   0.603000E+02   0.471961E+04   0.170849E+04
   0.604000E+02   0.471984E+04   0.170872E+04
   0.605000E+02   0.472007E+04   0.170895E+04
   0.606000E+02   0.472030E+04   0.170917E+04
   0.607000E+02   0.472052E+04   0.170940E+04
   0.608000E+02   0.472075E+04   0.170962E+04
   0.609000E+02   0.472097E+04   0.170984E+04
   0.610000E+02   0.472119E+04   0.171006E+04
   0.611000E+02   0.472141E+04   0.171028E+04
   0.612000E+02   0.472163E+04   0.171050E+04
   0.613000E+02   0.472184E+04   0.171071E+04
   0.614000E+02   0.472205E+04   0.171093E+04
   0.615000E+02   0.472227E+04   0.171114E+04
   0.616000E+02   0.472248E+04   0.171135E+04
   0.617000E+02   0.472269E+04   0.171156E+04
   0.618000E+02   0.472289E+04   0.171177E+04
   0.619000E+02   0.472310E+04   0.171197E+04
   0.620000E+02   0.472330E+04   0.171218E+04
   0.621000E+02   0.472351E+04   0.171238E+04
   0.622000E+02   0.472371E+04   0.171258E+04
   0.623000E+02   0.472391E+04   0.171278E+04
   0.624000E+02   0.472410E+04   0.171298E+04
   0.625000E+02   0.472430E+04   0.171317E+04
   0.626000E+02   0.472450E+04   0.171337E+04
   0.627000E+02   0.472469E+04   0.171356E+04
   0.628000E+02   0.472488E+04   0.171376E+04
   0.629000E+02   0.472507E+04   0.171395E+04
   0.630000E+02   0.472526E+04   0.171414E+04
   0.631000E+02   0.472545E+04   0.171432E+04
   0.632000E+02   0.472564E+04   0.171451E+04
   0.633000E+02   0.472582E+04   0.171469E+04
   0.634000E+02   0.472600E+04   0.171488E+04
   0.635000E+02   0.472619E+04   0.171506E+04
   0.636000E+02   0.472637E+04   0.171524E+04
   0.637000E+02   0.472655E+04   0.171542E+04
   0.638000E+02   0.472673E+04   0.171560E+04
   0.639000E+02   0.472690E+04   0.171578E+04
   0.640000E+02   0.472708E+04   0.171595E+04
   0.641000E+02   0.472725E+04   0.171613E+04
   0.642000E+02   0.472742E+04   0.171630E+04
   0.643000E+02   0.472760E+04   0.171647E+04
   0.644000E+02   0.472777E+04   0.171664E+04
   0.645000E+02   0.472793E+04   0.171681E+04
   0.646000E+02   0.472810E+04   0.171698E+04
   0.647000E+02   0.472827E+04   0.171714E+04
   0.648000E+02   0.472843E+04   0.171731E+04
   0.649000E+02   0.472860E+04   0.171747E+04
   0.650000E+02   0.472876E+04   0.171763E+04
   0.651000E+02   0.472892E+04   0.171779E+04
   0.652000E+02   0.472908E+04   0.171796E+04
   0.653000E+02   0.472924E+04   0.171811E+04
   0.654000E+02   0.472940E+04   0.171827E+04
   0.655000E+02   0.472955E+04   0.171843E+04
   0.656000E+02   0.472971E+04   0.171858E+04
   0.657000E+02   0.472986E+04   0.171874E+04
   0.658000E+02   0.473002E+04   0.171889E+04
   0.659000E+02   0.473017E+04   0.171904E+04
   0.660000E+02   0.473032E+04   0.171919E+04
   0.661000E+02   0.473047E+04   0.171934E+04
   0.662000E+02   0.473062E+04   0.171949E+04
   0.663000E+02   0.473076E+04   0.171964E+04
   0.664000E+02   0.473091E+04   0.171978E+04
   0.665000E+02   0.473106E+04   0.171993E+04
   0.666000E+02   0.473120E+04   0.172007E+04
   0.667000E+02   0.473134E+04   0.172022E+04
   0.668000E+02   0.473148E+04   0.172036E+04
   0.669000E+02   0.473163E+04   0.172050E+04
   0.670000E+02   0.473176E+04   0.172064E+04
   0.671000E+02   0.473190E+04   0.172078E+04
   0.672000E+02   0.473204E+04   0.172091E+04
   0.673000E+02   0.473218E+04   0.172105E+04
   0.674000E+02   0.473231E+04   0.172119E+04
   0.675000E+02   0.473245E+04   0.172132E+04
   0.676000E+02   0.473258E+04   0.172145E+04
   0.677000E+02   0.473271E+04   0.172159E+04
   0.678000E+02   0.473284E+04   0.172172E+04
   0.679000E+02   0.473298E+04   0.172185E+04
   0.680000E+02   0.473310E+04   0.172198E+04
   0.681000E+02   0.473323E+04   0.172211E+04
   0.682000E+02   0.473336E+04   0.172223E+04
   0.683000E+02   0.473349E+04   0.172236E+04
   0.684000E+02   0.473361E+04   0.172249E+04
   0.685000E+02   0.473374E+04   0.172261E+04
   0.686000E+02   0.473386E+04   0.172273E+04
   0.687000E+02   0.473398E+04   0.172286E+04
   0.688000E+02   0.473411E+04   0.172298E+04
   0.689000E+02   0.473423E+04   0.172310E+04
   0.690000E+02   0.473435E+04   0.172322E+04
   0.691000E+02   0.473447E+04   0.172334E+04
   0.692000E+02   0.473458E+04   0.172346E+04
   0.693000E+02   0.473470E+04   0.172357E+04
   0.694000E+02   0.473482E+04   0.172369E+04
   0.695000E+02   0.473493E+04   0.172381E+04
   0.696000E+02   0.473505E+04   0.172392E+04
   0.697000E+02   0.473516E+04   0.172403E+04
   0.698000E+02   0.473527E+04   0.172415E+04
   0.699000E+02   0.473539E+04   0.172426E+04
   0.700000E+02   0.473550E+04   0.172437E+04
   0.701000E+02   0.473561E+04   0.172448E+04
   0.702000E+02   0.473572E+04   0.172459E+04
   0.703000E+02   0.473583E+04   0.172470E+04
   0.704000E+02   0.473593E+04   0.172481E+04
   0.705000E+02   0.473604E+04   0.172491E+04
   0.706000E+02   0.473615E+04   0.172502E+04
   0.707000E+02   0.473625E+04   0.172513E+04
   0.708000E+02   0.473636E+04   0.172523E+04
   0.709000E+02   0.473646E+04   0.172533E+04
   0.710000E+02   0.473656E+04   0.172544E+04
   0.711000E+02   0.473667E+04   0.172554E+04
   0.712000E+02   0.473677E+04   0.172564E+04
   0.713000E+02   0.473687E+04   0.172574E+04
   0.714000E+02   0.473697E+04   0.172584E+04
   0.715000E+02   0.473707E+04   0.172594E+04
   0.716000E+02   0.473717E+04   0.172604E+04
   0.717000E+02   0.473726E+04   0.172614E+04
   0.718000E+02   0.473736E+04   0.172623E+04
   0.719000E+02   0.473746E+04   0.172633E+04
   0.720000E+02   0.473755E+04   0.172643E+04
   0.721000E+02   0.473765E+04   0.172652E+04
   0.722000E+02   0.473774E+04   0.172661E+04
   0.723000E+02   0.473783E+04   0.172671E+04
   0.724000E+02   0.473793E+04   0.172680E+04
   0.725000E+02   0.473802E+04   0.172689E+04
   0.726000E+02   0.473811E+04   0.172698E+04
   0.727000E+02   0.473820E+04   0.172707E+04
   0.728000E+02   0.473829E+04   0.172716E+04
   0.729000E+02   0.473838E+04   0.172725E+04
   0.730000E+02   0.473847E+04   0.172734E+04
   0.731000E+02   0.473856E+04   0.172743E+04
   0.732000E+02   0.473864E+04   0.172752E+04
   0.733000E+02   0.473873E+04   0.172760E+04
   0.734000E+02   0.473882E+04   0.172769E+04
   0.735000E+02   0.473890E+04   0.172777E+04
   0.736000E+02   0.473899E+04   0.172786E+04
   0.737000E+02   0.473907E+04   0.172794E+04
   0.738000E+02   0.473915E+04   0.172803E+04
   0.739000E+02   0.473924E+04   0.172811E+04
   0.740000E+02   0.473932E+04   0.172819E+04
   0.741000E+02   0.473940E+04   0.172827E+04
   0.742000E+02   0.473948E+04   0.172835E+04
   0.743000E+02   0.473956E+04   0.172843E+04
   0.744000E+02   0.473964E+04   0.172851E+04
   0.745000E+02   0.473972E+04   0.172859E+04
   0.746000E+02   0.473980E+04   0.172867E+04
   0.747000E+02   0.473988E+04   0.172875E+04
   0.748000E+02   0.473995E+04   0.172883E+04
   0.749000E+02   0.474003E+04   0.172890E+04
   0.750000E+02   0.474011E+04   0.172898E+04
   0.751000E+02   0.474018E+04   0.172905E+04
   0.752000E+02   0.474026E+04   0.172913E+04
   0.753000E+02   0.474033E+04   0.172920E+04
   0.754000E+02   0.474040E+04   0.172928E+04
   0.755000E+02   0.474048E+04   0.172935E+04
   0.756000E+02   0.474055E+04   0.172942E+04
   0.757000E+02   0.474062E+04   0.172950E+04
   0.758000E+02   0.474069E+04   0.172957E+04
   0.759000E+02   0.474076E+04   0.172964E+04
   0.760000E+02   0.474083E+04   0.172971E+04
   0.761000E+02   0.474090E+04   0.172978E+04
   0.762000E+02   0.474097E+04   0.172985E+04
   0.763000E+02   0.474104E+04   0.172992E+04
   0.764000E+02   0.474111E+04   0.172998E+04
   0.765000E+02   0.474118E+04   0.173005E+04
   0.766000E+02   0.474125E+04   0.173012E+04
   0.767000E+02   0.474131E+04   0.173019E+04
   0.768000E+02   0.474138E+04   0.173025E+04
   0.769000E+02   0.474145E+04   0.173032E+04
   0.770000E+02   0.474151E+04   0.173038E+04
   0.771000E+02   0.474158E+04   0.173045E+04
   0.772000E+02   0.474164E+04   0.173051E+04
   0.773000E+02   0.474170E+04   0.173058E+04
   0.774000E+02   0.474177E+04   0.173064E+04
   0.775000E+02   0.474183E+04   0.173070E+04
   0.776000E+02   0.474189E+04   0.173077E+04
   0.777000E+02   0.474195E+04   0.173083E+04
   0.778000E+02   0.474202E+04   0.173089E+04
   0.779000E+02   0.474208E+04   0.173095E+04
   0.780000E+02   0.474214E+04   0.173101E+04
   0.781000E+02   0.474220E+04   0.173107E+04
   0.782000E+02   0.474226E+04   0.173113E+04
   0.783000E+02   0.474232E+04   0.173119E+04
   0.784000E+02   0.474238E+04   0.173125E+04
   0.785000E+02   0.474243E+04   0.173131E+04
   0.786000E+02   0.474249E+04   0.173136E+04
   0.787000E+02   0.474255E+04   0.173142E+04
   0.788000E+02   0.474261E+04   0.173148E+04
   0.789000E+02   0.474266E+04   0.173154E+04
   0.790000E+02   0.474272E+04   0.173159E+04
   0.791000E+02   0.474277E+04   0.173165E+04
   0.792000E+02   0.474283E+04   0.173170E+04
   0.793000E+02   0.474288E+04   0.173176E+04
   0.794000E+02   0.474294E+04   0.173181E+04
   0.795000E+02   0.474299E+04   0.173187E+04
   0.796000E+02   0.474305E+04   0.173192E+04
   0.797000E+02   0.474310E+04   0.173197E+04
   0.798000E+02   0.474315E+04   0.173203E+04
   0.799000E+02   0.474320E+04   0.173208E+04
   0.800000E+02   0.474326E+04   0.173213E+04
   0.801000E+02   0.474331E+04   0.173218E+04
   0.802000E+02   0.474336E+04   0.173223E+04
   0.803000E+02   0.474341E+04   0.173228E+04
   0.804000E+02   0.474346E+04   0.173233E+04
   0.805000E+02   0.474351E+04   0.173238E+04
   0.806000E+02   0.474356E+04   0.173243E+04
   0.807000E+02   0.474361E+04   0.173248E+04
   0.808000E+02   0.474366E+04   0.173253E+04
   0.809000E+02   0.474371E+04   0.173258E+04
   0.810000E+02   0.474376E+04   0.173263E+04
   0.811000E+02   0.474380E+04   0.173268E+04
   0.812000E+02   0.474385E+04   0.173272E+04
   0.813000E+02   0.474390E+04   0.173277E+04
   0.814000E+02   0.474394E+04   0.173282E+04
   0.815000E+02   0.474399E+04   0.173286E+04
   0.816000E+02   0.474404E+04   0.173291E+04
   0.817000E+02   0.474408E+04   0.173296E+04
   0.818000E+02   0.474413E+04   0.173300E+04
   0.819000E+02   0.474417E+04   0.173305E+04
   0.820000E+02   0.474422E+04   0.173309E+04
   0.821000E+02   0.474426E+04   0.173314E+04
   0.822000E+02   0.474431E+04   0.173318E+04
   0.823000E+02   0.474435E+04   0.173322E+04
   0.824000E+02   0.474439E+04   0.173327E+04
   0.825000E+02   0.474444E+04   0.173331E+04
   0.826000E+02   0.474448E+04   0.173335E+04
   0.827000E+02   0.474452E+04   0.173340E+04
   0.828000E+02   0.474456E+04   0.173344E+04
   0.829000E+02   0.474461E+04   0.173348E+04
   0.830000E+02   0.474465E+04   0.173352E+04
   0.831000E+02   0.474469E+04   0.173356E+04
   0.832000E+02   0.474473E+04   0.173360E+04
   0.833000E+02   0.474477E+04   0.173364E+04
   0.834000E+02   0.474481E+04   0.173368E+04
   0.835000E+02   0.474485E+04   0.173372E+04
   0.836000E+02   0.474489E+04   0.173376E+04
   0.837000E+02   0.474493E+04   0.173380E+04
   0.838000E+02   0.474497E+04   0.173384E+04
   0.839000E+02   0.474501E+04   0.173388E+04
   0.840000E+02   0.474504E+04   0.173392E+04
   0.841000E+02   0.474508E+04   0.173396E+04
   0.842000E+02   0.474512E+04   0.173399E+04
   0.843000E+02   0.474516E+04   0.173403E+04
   0.844000E+02   0.474519E+04   0.173407E+04
   0.845000E+02   0.474523E+04   0.173411E+04
   0.846000E+02   0.474527E+04   0.173414E+04
   0.847000E+02   0.474530E+04   0.173418E+04
   0.848000E+02   0.474534E+04   0.173421E+04
   0.849000E+02   0.474538E+04   0.173425E+04
   0.850000E+02   0.474541E+04   0.173429E+04
   0.851000E+02   0.474545E+04   0.173432E+04
   0.852000E+02   0.474548E+04   0.173436E+04
   0.853000E+02   0.474552E+04   0.173439E+04
   0.854000E+02   0.474555E+04   0.173443E+04
   0.855000E+02   0.474559E+04   0.173446E+04
   0.856000E+02   0.474562E+04   0.173449E+04
   0.857000E+02   0.474565E+04   0.173453E+04
   0.858000E+02   0.474569E+04   0.173456E+04
   0.859000E+02   0.474572E+04   0.173459E+04
   0.860000E+02   0.474575E+04   0.173463E+04
   0.861000E+02   0.474579E+04   0.173466E+04
   0.862000E+02   0.474582E+04   0.173469E+04
   0.863000E+02   0.474585E+04   0.173472E+04
   0.864000E+02   0.474588E+04   0.173476E+04
   0.865000E+02   0.474591E+04   0.173479E+04
   0.866000E+02   0.474595E+04   0.173482E+04
   0.867000E+02   0.474598E+04   0.173485E+04
   0.868000E+02   0.474601E+04   0.173488E+04
   0.869000E+02   0.474604E+04   0.173491E+04
   0.870000E+02   0.474607E+04   0.173494E+04
   0.871000E+02   0.474610E+04   0.173497E+04
   0.872000E+02   0.474613E+04   0.173500E+04
   0.873000E+02   0.474616E+04   0.173503E+04
   0.874000E+02   0.474619E+04   0.173506E+04
   0.875000E+02   0.474622E+04   0.173509E+04
   0.876000E+02   0.474625E+04   0.173512E+04
   0.877000E+02   0.474628E+04   0.173515E+04
   0.878000E+02   0.474631E+04   0.173518E+04
   0.879000E+02   0.474633E+04   0.173521E+04
   0.880000E+02   0.474636E+04   0.173524E+04
   0.881000E+02   0.474639E+04   0.173526E+04
   0.882000E+02   0.474642E+04   0.173529E+04
   0.883000E+02   0.474645E+04   0.173532E+04
   0.884000E+02   0.474647E+04   0.173535E+04
   0.885000E+02   0.474650E+04   0.173538E+04
   0.886000E+02   0.474653E+04   0.173540E+04
   0.887000E+02   0.474656E+04   0.173543E+04
   0.888000E+02   0.474658E+04   0.173546E+04
   0.889000E+02   0.474661E+04   0.173548E+04
   0.890000E+02   0.474663E+04   0.173551E+04
   0.891000E+02   0.474666E+04   0.173553E+04
   0.892000E+02   0.474669E+04   0.173556E+04
   0.893000E+02   0.474671E+04   0.173559E+04
   0.894000E+02   0.474674E+04   0.173561E+04
   0.895000E+02   0.474676E+04   0.173564E+04
   0.896000E+02   0.474679E+04   0.173566E+04
   0.897000E+02   0.474681E+04   0.173569E+04
   0.898000E+02   0.474684E+04   0.173571E+04
   0.899000E+02   0.474686E+04   0.173574E+04
   0.900000E+02   0.474689E+04   0.173576E+04
   0.901000E+02   0.474691E+04   0.173578E+04
   0.902000E+02   0.474693E+04   0.173581E+04
   0.903000E+02   0.474696E+04   0.173583E+04
   0.904000E+02   0.474698E+04   0.173586E+04
   0.905000E+02   0.474701E+04   0.173588E+04
   0.906000E+02   0.474703E+04   0.173590E+04
   0.907000E+02   0.474705E+04   0.173593E+04
   0.908000E+02   0.474707E+04   0.173595E+04
   0.909000E+02   0.474710E+04   0.173597E+04
   0.910000E+02   0.474712E+04   0.173599E+04
   0.911000E+02   0.474714E+04   0.173602E+04
   0.912000E+02   0.474716E+04   0.173604E+04
   0.913000E+02   0.474719E+04   0.173606E+04
   0.914000E+02   0.474721E+04   0.173608E+04
   0.915000E+02   0.474723E+04   0.173610E+04
   0.916000E+02   0.474725E+04   0.173613E+04
   0.917000E+02   0.474727E+04   0.173615E+04
   0.918000E+02   0.474729E+04   0.173617E+04
   0.919000E+02   0.474732E+04   0.173619E+04
   0.920000E+02   0.474734E+04   0.173621E+04
   0.921000E+02   0.474736E+04   0.173623E+04
   0.922000E+02   0.474738E+04   0.173625E+04
   0.923000E+02   0.474740E+04   0.173627E+04
   0.924000E+02   0.474742E+04   0.173629E+04
   0.925000E+02   0.474744E+04   0.173631E+04
   0.926000E+02   0.474746E+04   0.173633E+04
   0.927000E+02   0.474748E+04   0.173635E+04
   0.928000E+02   0.474750E+04   0.173637E+04
   0.929000E+02   0.474752E+04   0.173639E+04
   0.930000E+02   0.474754E+04   0.173641E+04
   0.931000E+02   0.474756E+04   0.173643E+04
   0.932000E+02   0.474758E+04   0.173645E+04
   0.933000E+02   0.474759E+04   0.173647E+04
   0.934000E+02   0.474761E+04   0.173649E+04
   0.935000E+02   0.474763E+04   0.173651E+04
   0.936000E+02   0.474765E+04   0.173652E+04
   0.937000E+02   0.474767E+04   0.173654E+04
   0.938000E+02   0.474769E+04   0.173656E+04
   0.939000E+02   0.474770E+04   0.173658E+04
   0.940000E+02   0.474772E+04   0.173660E+04
   0.941000E+02   0.474774E+04   0.173661E+04
   0.942000E+02   0.474776E+04   0.173663E+04
   0.943000E+02   0.474778E+04   0.173665E+04
   0.944000E+02   0.474779E+04   0.173667E+04
   0.945000E+02   0.474781E+04   0.173668E+04
   0.946000E+02   0.474783E+04   0.173670E+04
   0.947000E+02   0.474784E+04   0.173672E+04
   0.948000E+02   0.474786E+04   0.173674E+04
   0.949000E+02   0.474788E+04   0.173675E+04
   0.950000E+02   0.474790E+04   0.173677E+04
   0.951000E+02   0.474791E+04   0.173679E+04
   0.952000E+02   0.474793E+04   0.173680E+04
   0.953000E+02   0.474794E+04   0.173682E+04
   0.954000E+02   0.474796E+04   0.173683E+04
   0.955000E+02   0.474798E+04   0.173685E+04
   0.956000E+02   0.474799E+04   0.173687E+04
   0.957000E+02   0.474801E+04   0.173688E+04
   0.958000E+02   0.474802E+04   0.173690E+04
   0.959000E+02   0.474804E+04   0.173691E+04
   0.960000E+02   0.474805E+04   0.173693E+04
   0.961000E+02   0.474807E+04   0.173694E+04
   0.962000E+02   0.474809E+04   0.173696E+04
   0.963000E+02   0.474810E+04   0.173697E+04
   0.964000E+02   0.474812E+04   0.173699E+04
   0.965000E+02   0.474813E+04   0.173700E+04
   0.966000E+02   0.474814E+04   0.173702E+04
   0.967000E+02   0.474816E+04   0.173703E+04
   0.968000E+02   0.474817E+04   0.173705E+04
   0.969000E+02   0.474819E+04   0.173706E+04
   0.970000E+02   0.474820E+04   0.173708E+04
   0.971000E+02   0.474822E+04   0.173709E+04
   0.972000E+02   0.474823E+04   0.173710E+04
   0.973000E+02   0.474825E+04   0.173712E+04
   0.974000E+02   0.474826E+04   0.173713E+04
   0.975000E+02   0.474827E+04   0.173715E+04
   0.976000E+02   0.474829E+04   0.173716E+04
   0.977000E+02   0.474830E+04   0.173717E+04
   0.978000E+02   0.474831E+04   0.173719E+04
   0.979000E+02   0.474833E+04   0.173720E+04
   0.980000E+02   0.474834E+04   0.173721E+04
   0.981000E+02   0.474835E+04   0.173723E+04
   0.982000E+02   0.474837E+04   0.173724E+04
   0.983000E+02   0.474838E+04   0.173725E+04
   0.984000E+02   0.474839E+04   0.173727E+04
   0.985000E+02   0.474840E+04   0.173728E+04
   0.986000E+02   0.474842E+04   0.173729E+04
   0.987000E+02   0.474843E+04   0.173730E+04
   0.988000E+02   0.474844E+04   0.173732E+04
   0.989000E+02   0.474845E+04   0.173733E+04
   0.990000E+02   0.474847E+04   0.173734E+04
   0.991000E+02   0.474848E+04   0.173735E+04
   0.992000E+02   0.474849E+04   0.173736E+04
   0.993000E+02   0.474850E+04   0.173738E+04
   0.994000E+02   0.474852E+04   0.173739E+04
   0.995000E+02   0.474853E+04   0.173740E+04
   0.996000E+02   0.474854E+04   0.173741E+04
   0.997000E+02   0.474855E+04   0.173742E+04
   0.998000E+02   0.474856E+04   0.173744E+04
   0.999000E+02   0.474857E+04   0.173745E+04
   0.100000E+03   0.474858E+04   0.173746E+04
   0.100100E+03   0.474860E+04   0.173747E+04
   0.100200E+03   0.474861E+04   0.173748E+04
   0.100300E+03   0.474862E+04   0.173749E+04
   0.100400E+03   0.474863E+04   0.173750E+04
   0.100500E+03   0.474864E+04   0.173751E+04
   0.100600E+03   0.474865E+04   0.173752E+04
   0.100700E+03   0.474866E+04   0.173754E+04
   0.100800E+03   0.474867E+04   0.173755E+04
   0.100900E+03   0.474868E+04   0.173756E+04
   0.101000E+03   0.474869E+04   0.173757E+04
   0.101100E+03   0.474870E+04   0.173758E+04
   0.101200E+03   0.474871E+04   0.173759E+04
   0.101300E+03   0.474873E+04   0.173760E+04
   0.101400E+03   0.474874E+04   0.173761E+04
   0.101500E+03   0.474875E+04   0.173762E+04
   0.101600E+03   0.474876E+04   0.173763E+04
   0.101700E+03   0.474877E+04   0.173764E+04
   0.101800E+03   0.474878E+04   0.173765E+04
   0.101900E+03   0.474879E+04   0.173766E+04
   0.102000E+03   0.474880E+04   0.173767E+04
   0.102100E+03   0.474880E+04   0.173768E+04
   0.102200E+03   0.474881E+04   0.173769E+04
   0.102300E+03   0.474882E+04   0.173770E+04
   0.102400E+03   0.474883E+04   0.173771E+04
   0.102500E+03   0.474884E+04   0.173772E+04
   0.102600E+03   0.474885E+04   0.173773E+04
   0.102700E+03   0.474886E+04   0.173774E+04
   0.102800E+03   0.474887E+04   0.173774E+04
   0.102900E+03   0.474888E+04   0.173775E+04
   0.103000E+03   0.474889E+04   0.173776E+04
   0.103100E+03   0.474890E+04   0.173777E+04
   0.103200E+03   0.474891E+04   0.173778E+04
   0.103300E+03   0.474892E+04   0.173779E+04
   0.103400E+03   0.474892E+04   0.173780E+04
   0.103500E+03   0.474893E+04   0.173781E+04
   0.103600E+03   0.474894E+04   0.173782E+04
   0.103700E+03   0.474895E+04   0.173782E+04
   0.103800E+03   0.474896E+04   0.173783E+04
   0.103900E+03   0.474897E+04   0.173784E+04
   0.104000E+03   0.474898E+04   0.173785E+04
   0.104100E+03   0.474898E+04   0.173786E+04
   0.104200E+03   0.474899E+04   0.173787E+04
   0.104300E+03   0.474900E+04   0.173787E+04
   0.104400E+03   0.474901E+04   0.173788E+04
   0.104500E+03   0.474902E+04   0.173789E+04
   0.104600E+03   0.474903E+04   0.173790E+04
   0.104700E+03   0.474903E+04   0.173791E+04
   0.104800E+03   0.474904E+04   0.173791E+04
   0.104900E+03   0.474905E+04   0.173792E+04
   0.105000E+03   0.474906E+04   0.173793E+04
   0.105100E+03   0.474906E+04   0.173794E+04
   0.105200E+03   0.474907E+04   0.173795E+04
   0.105300E+03   0.474908E+04   0.173795E+04
   0.105400E+03   0.474909E+04   0.173796E+04
   0.105500E+03   0.474909E+04   0.173797E+04
   0.105600E+03   0.474910E+04   0.173798E+04
   0.105700E+03   0.474911E+04   0.173798E+04
   0.105800E+03   0.474912E+04   0.173799E+04
   0.105900E+03   0.474912E+04   0.173800E+04
   0.106000E+03   0.474913E+04   0.173800E+04
   0.106100E+03   0.474914E+04   0.173801E+04
   0.106200E+03   0.474915E+04   0.173802E+04
   0.106300E+03   0.474915E+04   0.173803E+04
   0.106400E+03   0.474916E+04   0.173803E+04
   0.106500E+03   0.474917E+04   0.173804E+04
   0.106600E+03   0.474917E+04   0.173805E+04
   0.106700E+03   0.474918E+04   0.173805E+04
   0.106800E+03   0.474919E+04   0.173806E+04
   0.106900E+03   0.474919E+04   0.173807E+04
   0.107000E+03   0.474920E+04   0.173807E+04
   0.107100E+03   0.474921E+04   0.173808E+04
   0.107200E+03   0.474921E+04   0.173809E+04
   0.107300E+03   0.474922E+04   0.173809E+04
   0.107400E+03   0.474923E+04   0.173810E+04
   0.107500E+03   0.474923E+04   0.173811E+04
   0.107600E+03   0.474924E+04   0.173811E+04
   0.107700E+03   0.474925E+04   0.173812E+04
   0.107800E+03   0.474925E+04   0.173813E+04
   0.107900E+03   0.474926E+04   0.173813E+04
   0.108000E+03   0.474926E+04   0.173814E+04
   0.108100E+03   0.474927E+04   0.173814E+04
   0.108200E+03   0.474928E+04   0.173815E+04
   0.108300E+03   0.474928E+04   0.173816E+04
   0.108400E+03   0.474929E+04   0.173816E+04
   0.108500E+03   0.474929E+04   0.173817E+04
   0.108600E+03   0.474930E+04   0.173817E+04
   0.108700E+03   0.474931E+04   0.173818E+04
   0.108800E+03   0.474931E+04   0.173819E+04
   0.108900E+03   0.474932E+04   0.173819E+04
   0.109000E+03   0.474932E+04   0.173820E+04
   0.109100E+03   0.474933E+04   0.173820E+04
   0.109200E+03   0.474934E+04   0.173821E+04
   0.109300E+03   0.474934E+04   0.173821E+04
   0.109400E+03   0.474935E+04   0.173822E+04
   0.109500E+03   0.474935E+04   0.173823E+04
   0.109600E+03   0.474936E+04   0.173823E+04
   0.109700E+03   0.474936E+04   0.173824E+04
   0.109800E+03   0.474937E+04   0.173824E+04
   0.109900E+03   0.474937E+04   0.173825E+04
   0.110000E+03   0.474938E+04   0.173825E+04
   0.110100E+03   0.474938E+04   0.173826E+04
   0.110200E+03   0.474939E+04   0.173826E+04
   0.110300E+03   0.474939E+04   0.173827E+04
   0.110400E+03   0.474940E+04   0.173827E+04
   0.110500E+03   0.474941E+04   0.173828E+04
   0.110600E+03   0.474941E+04   0.173828E+04
   0.110700E+03   0.474942E+04   0.173829E+04
   0.110800E+03   0.474942E+04   0.173829E+04
   0.110900E+03   0.474943E+04   0.173830E+04
   0.111000E+03   0.474943E+04   0.173830E+04
   0.111100E+03   0.474944E+04   0.173831E+04
   0.111200E+03   0.474944E+04   0.173831E+04
   0.111300E+03   0.474944E+04   0.173832E+04
   0.111400E+03   0.474945E+04   0.173832E+04
   0.111500E+03   0.474945E+04   0.173833E+04
   0.111600E+03   0.474946E+04   0.173833E+04
   0.111700E+03   0.474946E+04   0.173834E+04
   0.111800E+03   0.474947E+04   0.173834E+04
   0.111900E+03   0.474947E+04   0.173835E+04
   0.112000E+03   0.474948E+04   0.173835E+04
   0.112100E+03   0.474948E+04   0.173836E+04
   0.112200E+03   0.474949E+04   0.173836E+04
   0.112300E+03   0.474949E+04   0.173836E+04
   0.112400E+03   0.474950E+04   0.173837E+04
   0.112500E+03   0.474950E+04   0.173837E+04
   0.112600E+03   0.474950E+04   0.173838E+04
   0.112700E+03   0.474951E+04   0.173838E+04
   0.112800E+03   0.474951E+04   0.173839E+04
   0.112900E+03   0.474952E+04   0.173839E+04
   0.113000E+03   0.474952E+04   0.173840E+04
   0.113100E+03   0.474953E+04   0.173840E+04
   0.113200E+03   0.474953E+04   0.173840E+04
   0.113300E+03   0.474953E+04   0.173841E+04
   0.113400E+03   0.474954E+04   0.173841E+04
   0.113500E+03   0.474954E+04   0.173842E+04
   0.113600E+03   0.474955E+04   0.173842E+04
   0.113700E+03   0.474955E+04   0.173842E+04
   0.113800E+03   0.474955E+04   0.173843E+04
   0.113900E+03   0.474956E+04   0.173843E+04
   0.114000E+03   0.474956E+04   0.173844E+04
   0.114100E+03   0.474957E+04   0.173844E+04
   0.114200E+03   0.474957E+04   0.173844E+04
   0.114300E+03   0.474957E+04   0.173845E+04
   0.114400E+03   0.474958E+04   0.173845E+04
   0.114500E+03   0.474958E+04   0.173845E+04
   0.114600E+03   0.474959E+04   0.173846E+04
   0.114700E+03   0.474959E+04   0.173846E+04
   0.114800E+03   0.474959E+04   0.173847E+04
   0.114900E+03   0.474960E+04   0.173847E+04
   0.115000E+03   0.474960E+04   0.173847E+04
   0.115100E+03   0.474960E+04   0.173848E+04
   0.115200E+03   0.474961E+04   0.173848E+04
   0.115300E+03   0.474961E+04   0.173848E+04
   0.115400E+03   0.474961E+04   0.173849E+04
   0.115500E+03   0.474962E+04   0.173849E+04
   0.115600E+03   0.474962E+04   0.173849E+04
   0.115700E+03   0.474962E+04   0.173850E+04
   0.115800E+03   0.474963E+04   0.173850E+04
   0.115900E+03   0.474963E+04   0.173851E+04
   0.116000E+03   0.474963E+04   0.173851E+04
   0.116100E+03   0.474964E+04   0.173851E+04
   0.116200E+03   0.474964E+04   0.173852E+04
   0.116300E+03   0.474964E+04   0.173852E+04
   0.116400E+03   0.474965E+04   0.173852E+04
   0.116500E+03   0.474965E+04   0.173852E+04
   0.116600E+03   0.474965E+04   0.173853E+04
   0.116700E+03   0.474966E+04   0.173853E+04
   0.116800E+03   0.474966E+04   0.173853E+04
   0.116900E+03   0.474966E+04   0.173854E+04
   0.117000E+03   0.474967E+04   0.173854E+04
   0.117100E+03   0.474967E+04   0.173854E+04
   0.117200E+03   0.474967E+04   0.173855E+04
   0.117300E+03   0.474968E+04   0.173855E+04
   0.117400E+03   0.474968E+04   0.173855E+04
   0.117500E+03   0.474968E+04   0.173856E+04
   0.117600E+03   0.474969E+04   0.173856E+04
   0.117700E+03   0.474969E+04   0.173856E+04
   0.117800E+03   0.474969E+04   0.173856E+04
   0.117900E+03   0.474969E+04   0.173857E+04
   0.118000E+03   0.474970E+04   0.173857E+04
   0.118100E+03   0.474970E+04   0.173857E+04
   0.118200E+03   0.474970E+04   0.173858E+04
   0.118300E+03   0.474971E+04   0.173858E+04
   0.118400E+03   0.474971E+04   0.173858E+04
   0.118500E+03   0.474971E+04   0.173858E+04
   0.118600E+03   0.474971E+04   0.173859E+04
   0.118700E+03   0.474972E+04   0.173859E+04
   0.118800E+03   0.474972E+04   0.173859E+04
   0.118900E+03   0.474972E+04   0.173860E+04
   0.119000E+03   0.474973E+04   0.173860E+04
   0.119100E+03   0.474973E+04   0.173860E+04
   0.119200E+03   0.474973E+04   0.173860E+04
   0.119300E+03   0.474973E+04   0.173861E+04
   0.119400E+03   0.474974E+04   0.173861E+04
   0.119500E+03   0.474974E+04   0.173861E+04
   0.119600E+03   0.474974E+04   0.173861E+04
   0.119700E+03   0.474974E+04   0.173862E+04
   0.119800E+03   0.474975E+04   0.173862E+04
   0.119900E+03   0.474975E+04   0.173862E+04
   0.120000E+03   0.474975E+04   0.173862E+04
   0.120100E+03   0.474975E+04   0.173863E+04
   0.120200E+03   0.474976E+04   0.173863E+04
   0.120300E+03   0.474976E+04   0.173863E+04
   0.120400E+03   0.474976E+04   0.173863E+04
   0.120500E+03   0.474976E+04   0.173864E+04
   0.120600E+03   0.474977E+04   0.173864E+04
   0.120700E+03   0.474977E+04   0.173864E+04
   0.120800E+03   0.474977E+04   0.173864E+04
   0.120900E+03   0.474977E+04   0.173865E+04
   0.121000E+03   0.474977E+04   0.173865E+04
   0.121100E+03   0.474978E+04   0.173865E+04
   0.121200E+03   0.474978E+04   0.173865E+04
   0.121300E+03   0.474978E+04   0.173866E+04
   0.121400E+03   0.474978E+04   0.173866E+04
   0.121500E+03   0.474979E+04   0.173866E+04
   0.121600E+03   0.474979E+04   0.173866E+04
   0.121700E+03   0.474979E+04   0.173866E+04
   0.121800E+03   0.474979E+04   0.173867E+04
   0.121900E+03   0.474979E+04   0.173867E+04
   0.122000E+03   0.474980E+04   0.173867E+04
   0.122100E+03   0.474980E+04   0.173867E+04
   0.122200E+03   0.474980E+04   0.173867E+04
   0.122300E+03   0.474980E+04   0.173868E+04
   0.122400E+03   0.474981E+04   0.173868E+04
   0.122500E+03   0.474981E+04   0.173868E+04
   0.122600E+03   0.474981E+04   0.173868E+04
   0.122700E+03   0.474981E+04   0.173868E+04
   0.122800E+03   0.474981E+04   0.173869E+04
   0.122900E+03   0.474982E+04   0.173869E+04
   0.123000E+03   0.474982E+04   0.173869E+04
   0.123100E+03   0.474982E+04   0.173869E+04
   0.123200E+03   0.474982E+04   0.173869E+04
   0.123300E+03   0.474982E+04   0.173870E+04
   0.123400E+03   0.474983E+04   0.173870E+04
   0.123500E+03   0.474983E+04   0.173870E+04
   0.123600E+03   0.474983E+04   0.173870E+04
   0.123700E+03   0.474983E+04   0.173870E+04
   0.123800E+03   0.474983E+04   0.173871E+04
   0.123900E+03   0.474983E+04   0.173871E+04
   0.124000E+03   0.474984E+04   0.173871E+04
   0.124100E+03   0.474984E+04   0.173871E+04
   0.124200E+03   0.474984E+04   0.173871E+04
   0.124300E+03   0.474984E+04   0.173872E+04
   0.124400E+03   0.474984E+04   0.173872E+04
   0.124500E+03   0.474985E+04   0.173872E+04
   0.124600E+03   0.474985E+04   0.173872E+04
   0.124700E+03   0.474985E+04   0.173872E+04
   0.124800E+03   0.474985E+04   0.173872E+04
   0.124900E+03   0.474985E+04   0.173873E+04
   0.125000E+03   0.474985E+04   0.173873E+04
   0.125100E+03   0.474986E+04   0.173873E+04
   0.125200E+03   0.474986E+04   0.173873E+04
   0.125300E+03   0.474986E+04   0.173873E+04
   0.125400E+03   0.474986E+04   0.173873E+04
   0.125500E+03   0.474986E+04   0.173874E+04
   0.125600E+03   0.474986E+04   0.173874E+04
   0.125700E+03   0.474987E+04   0.173874E+04
   0.125800E+03   0.474987E+04   0.173874E+04
   0.125900E+03   0.474987E+04   0.173874E+04
   0.126000E+03   0.474987E+04   0.173874E+04
   0.126100E+03   0.474987E+04   0.173875E+04
   0.126200E+03   0.474987E+04   0.173875E+04
   0.126300E+03   0.474988E+04   0.173875E+04
   0.126400E+03   0.474988E+04   0.173875E+04
   0.126500E+03   0.474988E+04   0.173875E+04
   0.126600E+03   0.474988E+04   0.173875E+04
   0.126700E+03   0.474988E+04   0.173875E+04
   0.126800E+03   0.474988E+04   0.173876E+04
   0.126900E+03   0.474988E+04   0.173876E+04
   0.127000E+03   0.474989E+04   0.173876E+04
   0.127100E+03   0.474989E+04   0.173876E+04
   0.127200E+03   0.474989E+04   0.173876E+04
   0.127300E+03   0.474989E+04   0.173876E+04
   0.127400E+03   0.474989E+04   0.173876E+04
   0.127500E+03   0.474989E+04   0.173877E+04
   0.127600E+03   0.474989E+04   0.173877E+04
   0.127700E+03   0.474990E+04   0.173877E+04
   0.127800E+03   0.474990E+04   0.173877E+04
   0.127900E+03   0.474990E+04   0.173877E+04
   0.128000E+03   0.474990E+04   0.173877E+04
   0.128100E+03   0.474990E+04   0.173877E+04
   0.128200E+03   0.474990E+04   0.173878E+04
   0.128300E+03   0.474990E+04   0.173878E+04
   0.128400E+03   0.474990E+04   0.173878E+04
   0.128500E+03   0.474991E+04   0.173878E+04
   0.128600E+03   0.474991E+04   0.173878E+04
   0.128700E+03   0.474991E+04   0.173878E+04
   0.128800E+03   0.474991E+04   0.173878E+04
   0.128900E+03   0.474991E+04   0.173878E+04
   0.129000E+03   0.474991E+04   0.173879E+04
   0.129100E+03   0.474991E+04   0.173879E+04
   0.129200E+03   0.474992E+04   0.173879E+04
   0.129300E+03   0.474992E+04   0.173879E+04
   0.129400E+03   0.474992E+04   0.173879E+04
   0.129500E+03   0.474992E+04   0.173879E+04
   0.129600E+03   0.474992E+04   0.173879E+04
   0.129700E+03   0.474992E+04   0.173879E+04
   0.129800E+03   0.474992E+04   0.173880E+04
   0.129900E+03   0.474992E+04   0.173880E+04
   0.130000E+03   0.474992E+04   0.173880E+04
   0.130100E+03   0.474993E+04   0.173880E+04
   0.130200E+03   0.474993E+04   0.173880E+04
   0.130300E+03   0.474993E+04   0.173880E+04
   0.130400E+03   0.474993E+04   0.173880E+04
   0.130500E+03   0.474993E+04   0.173880E+04
   0.130600E+03   0.474993E+04   0.173881E+04
   0.130700E+03   0.474993E+04   0.173881E+04
   0.130800E+03   0.474993E+04   0.173881E+04
   0.130900E+03   0.474993E+04   0.173881E+04
   0.131000E+03   0.474994E+04   0.173881E+04
   0.131100E+03   0.474994E+04   0.173881E+04
   0.131200E+03   0.474994E+04   0.173881E+04
   0.131300E+03   0.474994E+04   0.173881E+04
   0.131400E+03   0.474994E+04   0.173881E+04
   0.131500E+03   0.474994E+04   0.173881E+04
   0.131600E+03   0.474994E+04   0.173882E+04
   0.131700E+03   0.474994E+04   0.173882E+04
   0.131800E+03   0.474994E+04   0.173882E+04
   0.131900E+03   0.474995E+04   0.173882E+04
   0.132000E+03   0.474995E+04   0.173882E+04
   0.132100E+03   0.474995E+04   0.173882E+04
   0.132200E+03   0.474995E+04   0.173882E+04
   0.132300E+03   0.474995E+04   0.173882E+04
   0.132400E+03   0.474995E+04   0.173882E+04
   0.132500E+03   0.474995E+04   0.173882E+04
   0.132600E+03   0.474995E+04   0.173883E+04
   0.132700E+03   0.474995E+04   0.173883E+04
   0.132800E+03   0.474995E+04   0.173883E+04
   0.132900E+03   0.474995E+04   0.173883E+04
   0.133000E+03   0.474996E+04   0.173883E+04
   0.133100E+03   0.474996E+04   0.173883E+04
   0.133200E+03   0.474996E+04   0.173883E+04
   0.133300E+03   0.474996E+04   0.173883E+04
   0.133400E+03   0.474996E+04   0.173883E+04
   0.133500E+03   0.474996E+04   0.173883E+04
   0.133600E+03   0.474996E+04   0.173883E+04
   0.133700E+03   0.474996E+04   0.173884E+04
   0.133800E+03   0.474996E+04   0.173884E+04
   0.133900E+03   0.474996E+04   0.173884E+04
   0.134000E+03   0.474996E+04   0.173884E+04
   0.134100E+03   0.474997E+04   0.173884E+04
   0.134200E+03   0.474997E+04   0.173884E+04
   0.134300E+03   0.474997E+04   0.173884E+04
   0.134400E+03   0.474997E+04   0.173884E+04
   0.134500E+03   0.474997E+04   0.173884E+04
   0.134600E+03   0.474997E+04   0.173884E+04
   0.134700E+03   0.474997E+04   0.173884E+04
   0.134800E+03   0.474997E+04   0.173884E+04
   0.134900E+03   0.474997E+04   0.173885E+04
   0.135000E+03   0.474997E+04   0.173885E+04
   0.135100E+03   0.474997E+04   0.173885E+04
   0.135200E+03   0.474997E+04   0.173885E+04
   0.135300E+03   0.474998E+04   0.173885E+04
   0.135400E+03   0.474998E+04   0.173885E+04
   0.135500E+03   0.474998E+04   0.173885E+04
   0.135600E+03   0.474998E+04   0.173885E+04
   0.135700E+03   0.474998E+04   0.173885E+04
   0.135800E+03   0.474998E+04   0.173885E+04
   0.135900E+03   0.474998E+04   0.173885E+04
   0.136000E+03   0.474998E+04   0.173885E+04
   0.136100E+03   0.474998E+04   0.173885E+04
   0.136200E+03   0.474998E+04   0.173886E+04
   0.136300E+03   0.474998E+04   0.173886E+04
   0.136400E+03   0.474998E+04   0.173886E+04
   0.136500E+03   0.474998E+04   0.173886E+04
   0.136600E+03   0.474998E+04   0.173886E+04
   0.136700E+03   0.474999E+04   0.173886E+04
   0.136800E+03   0.474999E+04   0.173886E+04
   0.136900E+03   0.474999E+04   0.173886E+04
   0.137000E+03   0.474999E+04   0.173886E+04
   0.137100E+03   0.474999E+04   0.173886E+04
   0.137200E+03   0.474999E+04   0.173886E+04
   0.137300E+03   0.474999E+04   0.173886E+04
   0.137400E+03   0.474999E+04   0.173886E+04
   0.137500E+03   0.474999E+04   0.173886E+04
   0.137600E+03   0.474999E+04   0.173887E+04
   0.137700E+03   0.474999E+04   0.173887E+04
   0.137800E+03   0.474999E+04   0.173887E+04
   0.137900E+03   0.474999E+04   0.173887E+04
   0.138000E+03   0.474999E+04   0.173887E+04
   0.138100E+03   0.474999E+04   0.173887E+04
   0.138200E+03   0.475000E+04   0.173887E+04
   0.138300E+03   0.475000E+04   0.173887E+04
   0.138400E+03   0.475000E+04   0.173887E+04
   0.138500E+03   0.475000E+04   0.173887E+04
   0.138600E+03   0.475000E+04   0.173887E+04
   0.138700E+03   0.475000E+04   0.173887E+04
   0.138800E+03   0.475000E+04   0.173887E+04
   0.138900E+03   0.475000E+04   0.173887E+04
   0.139000E+03   0.475000E+04   0.173887E+04
   0.139100E+03   0.475000E+04   0.173887E+04
   0.139200E+03   0.475000E+04   0.173888E+04
   0.139300E+03   0.475000E+04   0.173888E+04
   0.139400E+03   0.475000E+04   0.173888E+04
   0.139500E+03   0.475000E+04   0.173888E+04
   0.139600E+03   0.475000E+04   0.173888E+04
   0.139700E+03   0.475000E+04   0.173888E+04
   0.139800E+03   0.475000E+04   0.173888E+04
   0.139900E+03   0.475001E+04   0.173888E+04
   0.140000E+03   0.475001E+04   0.173888E+04
   0.140100E+03   0.475001E+04   0.173888E+04
   0.140200E+03   0.475001E+04   0.173888E+04
   0.140300E+03   0.475001E+04   0.173888E+04
   0.140400E+03   0.475001E+04   0.173888E+04
   0.140500E+03   0.475001E+04   0.173888E+04
   0.140600E+03   0.475001E+04   0.173888E+04
   0.140700E+03   0.475001E+04   0.173888E+04
   0.140800E+03   0.475001E+04   0.173888E+04
   0.140900E+03   0.475001E+04   0.173888E+04
   0.141000E+03   0.475001E+04   0.173888E+04
   0.141100E+03   0.475001E+04   0.173889E+04
   0.141200E+03   0.475001E+04   0.173889E+04
   0.141300E+03   0.475001E+04   0.173889E+04
   0.141400E+03   0.475001E+04   0.173889E+04
   0.141500E+03   0.475001E+04   0.173889E+04
   0.141600E+03   0.475001E+04   0.173889E+04
   0.141700E+03   0.475001E+04   0.173889E+04
   0.141800E+03   0.475002E+04   0.173889E+04
   0.141900E+03   0.475002E+04   0.173889E+04
   0.142000E+03   0.475002E+04   0.173889E+04
   0.142100E+03   0.475002E+04   0.173889E+04
   0.142200E+03   0.475002E+04   0.173889E+04
   0.142300E+03   0.475002E+04   0.173889E+04
   0.142400E+03   0.475002E+04   0.173889E+04
   0.142500E+03   0.475002E+04   0.173889E+04
   0.142600E+03   0.475002E+04   0.173889E+04
   0.142700E+03   0.475002E+04   0.173889E+04
   0.142800E+03   0.475002E+04   0.173889E+04
   0.142900E+03   0.475002E+04   0.173889E+04
   0.143000E+03   0.475002E+04   0.173889E+04
   0.143100E+03   0.475002E+04   0.173889E+04
   0.143200E+03   0.475002E+04   0.173889E+04
   0.143300E+03   0.475002E+04   0.173890E+04
   0.143400E+03   0.475002E+04   0.173890E+04
   0.143500E+03   0.475002E+04   0.173890E+04
   0.143600E+03   0.475002E+04   0.173890E+04
   0.143700E+03   0.475002E+04   0.173890E+04
   0.143800E+03   0.475002E+04   0.173890E+04
   0.143900E+03   0.475002E+04   0.173890E+04
   0.144000E+03   0.475002E+04   0.173890E+04
   0.144100E+03   0.475003E+04   0.173890E+04
   0.144200E+03   0.475003E+04   0.173890E+04
   0.144300E+03   0.475003E+04   0.173890E+04
   0.144400E+03   0.475003E+04   0.173890E+04
   0.144500E+03   0.475003E+04   0.173890E+04
   0.144600E+03   0.475003E+04   0.173890E+04
   0.144700E+03   0.475003E+04   0.173890E+04
   0.144800E+03   0.475003E+04   0.173890E+04
   0.144900E+03   0.475003E+04   0.173890E+04
   0.145000E+03   0.475003E+04   0.173890E+04
   0.145100E+03   0.475003E+04   0.173890E+04
   0.145200E+03   0.475003E+04   0.173890E+04
   0.145300E+03   0.475003E+04   0.173890E+04
   0.145400E+03   0.475003E+04   0.173890E+04
   0.145500E+03   0.475003E+04   0.173890E+04
   0.145600E+03   0.475003E+04   0.173890E+04
   0.145700E+03   0.475003E+04   0.173890E+04
   0.145800E+03   0.475003E+04   0.173891E+04
   0.145900E+03   0.475003E+04   0.173891E+04
   0.146000E+03   0.475003E+04   0.173891E+04
   0.146100E+03   0.475003E+04   0.173891E+04
   0.146200E+03   0.475003E+04   0.173891E+04
   0.146300E+03   0.475003E+04   0.173891E+04
   0.146400E+03   0.475003E+04   0.173891E+04
   0.146500E+03   0.475003E+04   0.173891E+04
   0.146600E+03   0.475003E+04   0.173891E+04
   0.146700E+03   0.475003E+04   0.173891E+04
   0.146800E+03   0.475003E+04   0.173891E+04
   0.146900E+03   0.475004E+04   0.173891E+04
   0.147000E+03   0.475004E+04   0.173891E+04
   0.147100E+03   0.475004E+04   0.173891E+04
   0.147200E+03   0.475004E+04   0.173891E+04
   0.147300E+03   0.475004E+04   0.173891E+04
   0.147400E+03   0.475004E+04   0.173891E+04
   0.147500E+03   0.475004E+04   0.173891E+04
   0.147600E+03   0.475004E+04   0.173891E+04
   0.147700E+03   0.475004E+04   0.173891E+04
   0.147800E+03   0.475004E+04   0.173891E+04
   0.147900E+03   0.475004E+04   0.173891E+04
   0.148000E+03   0.475004E+04   0.173891E+04
   0.148100E+03   0.475004E+04   0.173891E+04
   0.148200E+03   0.475004E+04   0.173891E+04
   0.148300E+03   0.475004E+04   0.173891E+04
   0.148400E+03   0.475004E+04   0.173891E+04
   0.148500E+03   0.475004E+04   0.173891E+04
   0.148600E+03   0.475004E+04   0.173891E+04
   0.148700E+03   0.475004E+04   0.173891E+04
   0.148800E+03   0.475004E+04   0.173891E+04
   0.148900E+03   0.475004E+04   0.173891E+04
   0.149000E+03   0.475004E+04   0.173891E+04
   0.149100E+03   0.475004E+04   0.173892E+04
   0.149200E+03   0.475004E+04   0.173892E+04
   0.149300E+03   0.475004E+04   0.173892E+04
   0.149400E+03   0.475004E+04   0.173892E+04
   0.149500E+03   0.475004E+04   0.173892E+04
   0.149600E+03   0.475004E+04   0.173892E+04
   0.149700E+03   0.475004E+04   0.173892E+04
   0.149800E+03   0.475004E+04   0.173892E+04
   0.149900E+03   0.475004E+04   0.173892E+04
   0.150000E+03   0.475004E+04   0.173892E+04
   0.150100E+03   0.475004E+04   0.173892E+04
   0.150200E+03   0.475004E+04   0.173892E+04
   0.150300E+03   0.475004E+04   0.173892E+04
   0.150400E+03   0.475005E+04   0.173892E+04
   0.150500E+03   0.475005E+04   0.173892E+04
   0.150600E+03   0.475005E+04   0.173892E+04
   0.150700E+03   0.475005E+04   0.173892E+04
   0.150800E+03   0.475005E+04   0.173892E+04
   0.150900E+03   0.475005E+04   0.173892E+04
   0.151000E+03   0.475005E+04   0.173892E+04
   0.151100E+03   0.475005E+04   0.173892E+04
   0.151200E+03   0.475005E+04   0.173892E+04
   0.151300E+03   0.475005E+04   0.173892E+04
   0.151400E+03   0.475005E+04   0.173892E+04
   0.151500E+03   0.475005E+04   0.173892E+04
   0.151600E+03   0.475005E+04   0.173892E+04
   0.151700E+03   0.475005E+04   0.173892E+04
   0.151800E+03   0.475005E+04   0.173892E+04
   0.151900E+03   0.475005E+04   0.173892E+04
   0.152000E+03   0.475005E+04   0.173892E+04
   0.152100E+03   0.475005E+04   0.173892E+04
   0.152200E+03   0.475005E+04   0.173892E+04
   0.152300E+03   0.475005E+04   0.173892E+04
   0.152400E+03   0.475005E+04   0.173892E+04
   0.152500E+03   0.475005E+04   0.173892E+04
   0.152600E+03   0.475005E+04   0.173892E+04
   0.152700E+03   0.475005E+04   0.173892E+04
   0.152800E+03   0.475005E+04   0.173892E+04
   0.152900E+03   0.475005E+04   0.173892E+04
   0.153000E+03   0.475005E+04   0.173892E+04
   0.153100E+03   0.475005E+04   0.173892E+04
   0.153200E+03   0.475005E+04   0.173892E+04
   0.153300E+03   0.475005E+04   0.173893E+04
   0.153400E+03   0.475005E+04   0.173893E+04
   0.153500E+03   0.475005E+04   0.173893E+04
   0.153600E+03   0.475005E+04   0.173893E+04
   0.153700E+03   0.475005E+04   0.173893E+04
   0.153800E+03   0.475005E+04   0.173893E+04
   0.153900E+03   0.475005E+04   0.173893E+04
   0.154000E+03   0.475005E+04   0.173893E+04
   0.154100E+03   0.475005E+04   0.173893E+04
   0.154200E+03   0.475005E+04   0.173893E+04
   0.154300E+03   0.475005E+04   0.173893E+04
   0.154400E+03   0.475005E+04   0.173893E+04
   0.154500E+03   0.475005E+04   0.173893E+04
   0.154600E+03   0.475005E+04   0.173893E+04
   0.154700E+03   0.475005E+04   0.173893E+04
   0.154800E+03   0.475005E+04   0.173893E+04
   0.154900E+03   0.475005E+04   0.173893E+04
   0.155000E+03   0.475005E+04   0.173893E+04
   0.155100E+03   0.475005E+04   0.173893E+04
   0.155200E+03   0.475005E+04   0.173893E+04
   0.155300E+03   0.475006E+04   0.173893E+04
   0.155400E+03   0.475006E+04   0.173893E+04
   0.155500E+03   0.475006E+04   0.173893E+04
   0.155600E+03   0.475006E+04   0.173893E+04
   0.155700E+03   0.475006E+04   0.173893E+04
   0.155800E+03   0.475006E+04   0.173893E+04
   0.155900E+03   0.475006E+04   0.173893E+04
   0.156000E+03   0.475006E+04   0.173893E+04
   0.156100E+03   0.475006E+04   0.173893E+04
   0.156200E+03   0.475006E+04   0.173893E+04
   0.156300E+03   0.475006E+04   0.173893E+04
   0.156400E+03   0.475006E+04   0.173893E+04
   0.156500E+03   0.475006E+04   0.173893E+04
   0.156600E+03   0.475006E+04   0.173893E+04
   0.156700E+03   0.475006E+04   0.173893E+04
   0.156800E+03   0.475006E+04   0.173893E+04
   0.156900E+03   0.475006E+04   0.173893E+04
   0.157000E+03   0.475006E+04   0.173893E+04
   0.157100E+03   0.475006E+04   0.173893E+04
   0.157200E+03   0.475006E+04   0.173893E+04
   0.157300E+03   0.475006E+04   0.173893E+04
   0.157400E+03   0.475006E+04   0.173893E+04
   0.157500E+03   0.475006E+04   0.173893E+04
   0.157600E+03   0.475006E+04   0.173893E+04
   0.157700E+03   0.475006E+04   0.173893E+04
   0.157800E+03   0.475006E+04   0.173893E+04
   0.157900E+03   0.475006E+04   0.173893E+04
   0.158000E+03   0.475006E+04   0.173893E+04
   0.158100E+03   0.475006E+04   0.173893E+04
   0.158200E+03   0.475006E+04   0.173893E+04
   0.158300E+03   0.475006E+04   0.173893E+04
   0.158400E+03   0.475006E+04   0.173893E+04
   0.158500E+03   0.475006E+04   0.173893E+04
   0.158600E+03   0.475006E+04   0.173893E+04
   0.158700E+03   0.475006E+04   0.173893E+04
   0.158800E+03   0.475006E+04   0.173893E+04
   0.158900E+03   0.475006E+04   0.173893E+04
   0.159000E+03   0.475006E+04   0.173893E+04
   0.159100E+03   0.475006E+04   0.173893E+04
   0.159200E+03   0.475006E+04   0.173893E+04
   0.159300E+03   0.475006E+04   0.173893E+04
   0.159400E+03   0.475006E+04   0.173893E+04
   0.159500E+03   0.475006E+04   0.173893E+04
   0.159600E+03   0.475006E+04   0.173893E+04
   0.159700E+03   0.475006E+04   0.173894E+04
   0.159800E+03   0.475006E+04   0.173894E+04
   0.159900E+03   0.475006E+04   0.173894E+04
   0.160000E+03   0.475006E+04   0.173894E+04
   0.160100E+03   0.475006E+04   0.173894E+04
   0.160200E+03   0.475006E+04   0.173894E+04
   0.160300E+03   0.475006E+04   0.173894E+04
   0.160400E+03   0.475006E+04   0.173894E+04
   0.160500E+03   0.475006E+04   0.173894E+04
   0.160600E+03   0.475006E+04   0.173894E+04
   0.160700E+03   0.475006E+04   0.173894E+04
   0.160800E+03   0.475006E+04   0.173894E+04
   0.160900E+03   0.475006E+04   0.173894E+04
   0.161000E+03   0.475006E+04   0.173894E+04
   0.161100E+03   0.475006E+04   0.173894E+04
   0.161200E+03   0.475006E+04   0.173894E+04
   0.161300E+03   0.475006E+04   0.173894E+04
   0.161400E+03   0.475006E+04   0.173894E+04
   0.161500E+03   0.475006E+04   0.173894E+04
   0.161600E+03   0.475006E+04   0.173894E+04
   0.161700E+03   0.475006E+04   0.173894E+04
   0.161800E+03   0.475006E+04   0.173894E+04
   0.161900E+03   0.475006E+04   0.173894E+04
   0.162000E+03   0.475006E+04   0.173894E+04
   0.162100E+03   0.475006E+04   0.173894E+04
   0.162200E+03   0.475006E+04   0.173894E+04
   0.162300E+03   0.475006E+04   0.173894E+04
   0.162400E+03   0.475006E+04   0.173894E+04
   0.162500E+03   0.475006E+04   0.173894E+04
   0.162600E+03   0.475006E+04   0.173894E+04
   0.162700E+03   0.475006E+04   0.173894E+04
   0.162800E+03   0.475006E+04   0.173894E+04
   0.162900E+03   0.475006E+04   0.173894E+04
   0.163000E+03   0.475007E+04   0.173894E+04
   0.163100E+03   0.475007E+04   0.173894E+04
   0.163200E+03   0.475007E+04   0.173894E+04
   0.163300E+03   0.475007E+04   0.173894E+04
   0.163400E+03   0.475007E+04   0.173894E+04
   0.163500E+03   0.475007E+04   0.173894E+04
   0.163600E+03   0.475007E+04   0.173894E+04
   0.163700E+03   0.475007E+04   0.173894E+04
   0.163800E+03   0.475007E+04   0.173894E+04
   0.163900E+03   0.475007E+04   0.173894E+04
   0.164000E+03   0.475007E+04   0.173894E+04
   0.164100E+03   0.475007E+04   0.173894E+04
   0.164200E+03   0.475007E+04   0.173894E+04
   0.164300E+03   0.475007E+04   0.173894E+04
   0.164400E+03   0.475007E+04   0.173894E+04
   0.164500E+03   0.475007E+04   0.173894E+04
   0.164600E+03   0.475007E+04   0.173894E+04
   0.164700E+03   0.475007E+04   0.173894E+04
   0.164800E+03   0.475007E+04   0.173894E+04
   0.164900E+03   0.475007E+04   0.173894E+04
   0.165000E+03   0.475007E+04   0.173894E+04
   0.165100E+03   0.475007E+04   0.173894E+04
   0.165200E+03   0.475007E+04   0.173894E+04
   0.165300E+03   0.475007E+04   0.173894E+04
   0.165400E+03   0.475007E+04   0.173894E+04
   0.165500E+03   0.475007E+04   0.173894E+04
   0.165600E+03   0.475007E+04   0.173894E+04
   0.165700E+03   0.475007E+04   0.173894E+04
   0.165800E+03   0.475007E+04   0.173894E+04
   0.165900E+03   0.475007E+04   0.173894E+04
   0.166000E+03   0.475007E+04   0.173894E+04
   0.166100E+03   0.475007E+04   0.173894E+04
   0.166200E+03   0.475007E+04   0.173894E+04
   0.166300E+03   0.475007E+04   0.173894E+04
   0.166400E+03   0.475007E+04   0.173894E+04
   0.166500E+03   0.475007E+04   0.173894E+04
   0.166600E+03   0.475007E+04   0.173894E+04
   0.166700E+03   0.475007E+04   0.173894E+04
   0.166800E+03   0.475007E+04   0.173894E+04
   0.166900E+03   0.475007E+04   0.173894E+04
   0.167000E+03   0.475007E+04   0.173894E+04
   0.167100E+03   0.475007E+04   0.173894E+04
   0.167200E+03   0.475007E+04   0.173894E+04
   0.167300E+03   0.475007E+04   0.173894E+04
   0.167400E+03   0.475007E+04   0.173894E+04
   0.167500E+03   0.475007E+04   0.173894E+04
   0.167600E+03   0.475007E+04   0.173894E+04
   0.167700E+03   0.475007E+04   0.173894E+04
   0.167800E+03   0.475007E+04   0.173894E+04
   0.167900E+03   0.475007E+04   0.173894E+04
   0.168000E+03   0.475007E+04   0.173894E+04
   0.168100E+03   0.475007E+04   0.173894E+04
   0.168200E+03   0.475007E+04   0.173894E+04
   0.168300E+03   0.475007E+04   0.173894E+04
   0.168400E+03   0.475007E+04   0.173894E+04
   0.168500E+03   0.475007E+04   0.173894E+04
   0.168600E+03   0.475007E+04   0.173894E+04
   0.168700E+03   0.475007E+04   0.173894E+04
   0.168800E+03   0.475007E+04   0.173894E+04
   0.168900E+03   0.475007E+04   0.173894E+04
   0.169000E+03   0.475007E+04   0.173894E+04
   0.169100E+03   0.475007E+04   0.173894E+04
   0.169200E+03   0.475007E+04   0.173894E+04
   0.169300E+03   0.475007E+04   0.173894E+04
   0.169400E+03   0.475007E+04   0.173894E+04
   0.169500E+03   0.475007E+04   0.173894E+04
   0.169600E+03   0.475007E+04   0.173894E+04
   0.169700E+03   0.475007E+04   0.173894E+04
   0.169800E+03   0.475007E+04   0.173894E+04
   0.169900E+03   0.475007E+04   0.173894E+04
   0.170000E+03   0.475007E+04   0.173894E+04
   0.170100E+03   0.475007E+04   0.173894E+04
   0.170200E+03   0.475007E+04   0.173894E+04
   0.170300E+03   0.475007E+04   0.173894E+04
   0.170400E+03   0.475007E+04   0.173894E+04
   0.170500E+03   0.475007E+04   0.173894E+04
   0.170600E+03   0.475007E+04   0.173894E+04
   0.170700E+03   0.475007E+04   0.173894E+04
   0.170800E+03   0.475007E+04   0.173894E+04
   0.170900E+03   0.475007E+04   0.173894E+04
   0.171000E+03   0.475007E+04   0.173894E+04
   0.171100E+03   0.475007E+04   0.173894E+04
   0.171200E+03   0.475007E+04   0.173894E+04
   0.171300E+03   0.475007E+04   0.173894E+04
   0.171400E+03   0.475007E+04   0.173894E+04
   0.171500E+03   0.475007E+04   0.173894E+04
   0.171600E+03   0.475007E+04   0.173894E+04
   0.171700E+03   0.475007E+04   0.173894E+04
   0.171800E+03   0.475007E+04   0.173894E+04
   0.171900E+03   0.475007E+04   0.173894E+04
   0.172000E+03   0.475007E+04   0.173894E+04
   0.172100E+03   0.475007E+04   0.173894E+04
   0.172200E+03   0.475007E+04   0.173894E+04
   0.172300E+03   0.475007E+04   0.173894E+04
   0.172400E+03   0.475007E+04   0.173894E+04
   0.172500E+03   0.475007E+04   0.173894E+04
   0.172600E+03   0.475007E+04   0.173895E+04
   0.172700E+03   0.475007E+04   0.173895E+04
   0.172800E+03   0.475007E+04   0.173895E+04
   0.172900E+03   0.475007E+04   0.173895E+04
   0.173000E+03   0.475007E+04   0.173895E+04
   0.173100E+03   0.475007E+04   0.173895E+04
   0.173200E+03   0.475007E+04   0.173895E+04
   0.173300E+03   0.475007E+04   0.173895E+04
   0.173400E+03   0.475007E+04   0.173895E+04
   0.173500E+03   0.475007E+04   0.173895E+04
   0.173600E+03   0.475007E+04   0.173895E+04
   0.173700E+03   0.475007E+04   0.173895E+04
   0.173800E+03   0.475007E+04   0.173895E+04
   0.173900E+03   0.475007E+04   0.173895E+04
   0.174000E+03   0.475007E+04   0.173895E+04
   0.174100E+03   0.475007E+04   0.173895E+04
   0.174200E+03   0.475007E+04   0.173895E+04
   0.174300E+03   0.475007E+04   0.173895E+04
   0.174400E+03   0.475007E+04   0.173895E+04
   0.174500E+03   0.475007E+04   0.173895E+04
   0.174600E+03   0.475007E+04   0.173895E+04
   0.174700E+03   0.475007E+04   0.173895E+04
   0.174800E+03   0.475007E+04   0.173895E+04
   0.174900E+03   0.475007E+04   0.173895E+04
   0.175000E+03   0.475007E+04   0.173895E+04
   0.175100E+03   0.475007E+04   0.173895E+04
   0.175200E+03   0.475007E+04   0.173895E+04
   0.175300E+03   0.475007E+04   0.173895E+04
   0.175400E+03   0.475007E+04   0.173895E+04
   0.175500E+03   0.475007E+04   0.173895E+04
   0.175600E+03   0.475007E+04   0.173895E+04
   0.175700E+03   0.475007E+04   0.173895E+04
   0.175800E+03   0.475007E+04   0.173895E+04
   0.175900E+03   0.475007E+04   0.173895E+04
   0.176000E+03   0.475007E+04   0.173895E+04
   0.176100E+03   0.475007E+04   0.173895E+04
   0.176200E+03   0.475007E+04   0.173895E+04
   0.176300E+03   0.475007E+04   0.173895E+04
   0.176400E+03   0.475007E+04   0.173895E+04
   0.176500E+03   0.475007E+04   0.173895E+04
   0.176600E+03   0.475007E+04   0.173895E+04
   0.176700E+03   0.475007E+04   0.173895E+04
   0.176800E+03   0.475007E+04   0.173895E+04
   0.176900E+03   0.475007E+04   0.173895E+04
   0.177000E+03   0.475007E+04   0.173895E+04
   0.177100E+03   0.475007E+04   0.173895E+04
   0.177200E+03   0.475007E+04   0.173895E+04
   0.177300E+03   0.475007E+04   0.173895E+04
   0.177400E+03   0.475007E+04   0.173895E+04
   0.177500E+03   0.475007E+04   0.173895E+04
   0.177600E+03   0.475007E+04   0.173895E+04
   0.177700E+03   0.475007E+04   0.173895E+04
   0.177800E+03   0.475007E+04   0.173895E+04
   0.177900E+03   0.475007E+04   0.173895E+04
   0.178000E+03   0.475007E+04   0.173895E+04
   0.178100E+03   0.475007E+04   0.173895E+04
   0.178200E+03   0.475007E+04   0.173895E+04
   0.178300E+03   0.475007E+04   0.173895E+04
   0.178400E+03   0.475007E+04   0.173895E+04
   0.178500E+03   0.475007E+04   0.173895E+04
   0.178600E+03   0.475007E+04   0.173895E+04
   0.178700E+03   0.475007E+04   0.173895E+04
   0.178800E+03   0.475007E+04   0.173895E+04
   0.178900E+03   0.475007E+04   0.173895E+04
   0.179000E+03   0.475007E+04   0.173895E+04
   0.179100E+03   0.475007E+04   0.173895E+04
   0.179200E+03   0.475007E+04   0.173895E+04
   0.179300E+03   0.475007E+04   0.173895E+04
   0.179400E+03   0.475007E+04   0.173895E+04
   0.179500E+03   0.475007E+04   0.173895E+04
   0.179600E+03   0.475007E+04   0.173895E+04
   0.179700E+03   0.475007E+04   0.173895E+04
   0.179800E+03   0.475007E+04   0.173895E+04
   0.179900E+03   0.475007E+04   0.173895E+04
   0.180000E+03   0.475007E+04   0.173895E+04
   0.180100E+03   0.475007E+04   0.173895E+04
   0.180200E+03   0.475007E+04   0.173895E+04
   0.180300E+03   0.475007E+04   0.173895E+04
   0.180400E+03   0.475007E+04   0.173895E+04
   0.180500E+03   0.475007E+04   0.173895E+04
   0.180600E+03   0.475007E+04   0.173895E+04
   0.180700E+03   0.475007E+04   0.173895E+04
   0.180800E+03   0.475007E+04   0.173895E+04
   0.180900E+03   0.475007E+04   0.173895E+04
   0.181000E+03   0.475007E+04   0.173895E+04
   0.181100E+03   0.475007E+04   0.173895E+04
   0.181200E+03   0.475007E+04   0.173895E+04
   0.181300E+03   0.475007E+04   0.173895E+04
   0.181400E+03   0.475007E+04   0.173895E+04
   0.181500E+03   0.475007E+04   0.173895E+04
   0.181600E+03   0.475007E+04   0.173895E+04
   0.181700E+03   0.475007E+04   0.173895E+04
   0.181800E+03   0.475007E+04   0.173895E+04
   0.181900E+03   0.475007E+04   0.173895E+04
   0.182000E+03   0.475007E+04   0.173895E+04
   0.182100E+03   0.475007E+04   0.173895E+04
   0.182200E+03   0.475007E+04   0.173895E+04
   0.182300E+03   0.475007E+04   0.173895E+04
   0.182400E+03   0.475007E+04   0.173895E+04
   0.182500E+03   0.475007E+04   0.173895E+04
   0.182600E+03   0.475007E+04   0.173895E+04
   0.182700E+03   0.475007E+04   0.173895E+04
   0.182800E+03   0.475007E+04   0.173895E+04
   0.182900E+03   0.475007E+04   0.173895E+04
   0.183000E+03   0.475007E+04   0.173895E+04
   0.183100E+03   0.475007E+04   0.173895E+04
   0.183200E+03   0.475007E+04   0.173895E+04
   0.183300E+03   0.475007E+04   0.173895E+04
   0.183400E+03   0.475007E+04   0.173895E+04
   0.183500E+03   0.475007E+04   0.173895E+04
   0.183600E+03   0.475007E+04   0.173895E+04
   0.183700E+03   0.475007E+04   0.173895E+04
   0.183800E+03   0.475007E+04   0.173895E+04
   0.183900E+03   0.475007E+04   0.173895E+04
   0.184000E+03   0.475007E+04   0.173895E+04
   0.184100E+03   0.475007E+04   0.173895E+04
   0.184200E+03   0.475007E+04   0.173895E+04
   0.184300E+03   0.475008E+04   0.173895E+04
   0.184400E+03   0.475008E+04   0.173895E+04
   0.184500E+03   0.475008E+04   0.173895E+04
   0.184600E+03   0.475008E+04   0.173895E+04
   0.184700E+03   0.475008E+04   0.173895E+04
   0.184800E+03   0.475008E+04   0.173895E+04
   0.184900E+03   0.475008E+04   0.173895E+04
   0.185000E+03   0.475008E+04   0.173895E+04
   0.185100E+03   0.475008E+04   0.173895E+04
   0.185200E+03   0.475008E+04   0.173895E+04
   0.185300E+03   0.475008E+04   0.173895E+04
   0.185400E+03   0.475008E+04   0.173895E+04
   0.185500E+03   0.475008E+04   0.173895E+04
   0.185600E+03   0.475008E+04   0.173895E+04
   0.185700E+03   0.475008E+04   0.173895E+04
   0.185800E+03   0.475008E+04   0.173895E+04
   0.185900E+03   0.475008E+04   0.173895E+04
   0.186000E+03   0.475008E+04   0.173895E+04
   0.186100E+03   0.475008E+04   0.173895E+04
   0.186200E+03   0.475008E+04   0.173895E+04
   0.186300E+03   0.475008E+04   0.173895E+04
   0.186400E+03   0.475008E+04   0.173895E+04
   0.186500E+03   0.475008E+04   0.173895E+04
   0.186600E+03   0.475008E+04   0.173895E+04
   0.186700E+03   0.475008E+04   0.173895E+04
   0.186800E+03   0.475008E+04   0.173895E+04
   0.186900E+03   0.475008E+04   0.173895E+04
   0.187000E+03   0.475008E+04   0.173895E+04
   0.187100E+03   0.475008E+04   0.173895E+04
   0.187200E+03   0.475008E+04   0.173895E+04
   0.187300E+03   0.475008E+04   0.173895E+04
   0.187400E+03   0.475008E+04   0.173895E+04
   0.187500E+03   0.475008E+04   0.173895E+04
   0.187600E+03   0.475008E+04   0.173895E+04
   0.187700E+03   0.475008E+04   0.173895E+04
   0.187800E+03   0.475008E+04   0.173895E+04
   0.187900E+03   0.475008E+04   0.173895E+04
   0.188000E+03   0.475008E+04   0.173895E+04
   0.188100E+03   0.475008E+04   0.173895E+04
   0.188200E+03   0.475008E+04   0.173895E+04
   0.188300E+03   0.475008E+04   0.173895E+04
   0.188400E+03   0.475008E+04   0.173895E+04
   0.188500E+03   0.475008E+04   0.173895E+04
   0.188600E+03   0.475008E+04   0.173895E+04
   0.188700E+03   0.475008E+04   0.173895E+04
   0.188800E+03   0.475008E+04   0.173895E+04
   0.188900E+03   0.475008E+04   0.173895E+04
   0.189000E+03   0.475008E+04   0.173895E+04
   0.189100E+03   0.475008E+04   0.173895E+04
   0.189200E+03   0.475008E+04   0.173895E+04
   0.189300E+03   0.475008E+04   0.173895E+04
   0.189400E+03   0.475008E+04   0.173895E+04
   0.189500E+03   0.475008E+04   0.173895E+04
   0.189600E+03   0.475008E+04   0.173895E+04
   0.189700E+03   0.475008E+04   0.173895E+04
   0.189800E+03   0.475008E+04   0.173895E+04
   0.189900E+03   0.475008E+04   0.173895E+04
   0.190000E+03   0.475008E+04   0.173895E+04
   0.190100E+03   0.475008E+04   0.173895E+04
   0.190200E+03   0.475008E+04   0.173895E+04
   0.190300E+03   0.475008E+04   0.173895E+04
   0.190400E+03   0.475008E+04   0.173895E+04
   0.190500E+03   0.475008E+04   0.173895E+04
   0.190600E+03   0.475008E+04   0.173895E+04
   0.190700E+03   0.475008E+04   0.173895E+04
   0.190800E+03   0.475008E+04   0.173895E+04
   0.190900E+03   0.475008E+04   0.173895E+04
   0.191000E+03   0.475008E+04   0.173895E+04
   0.191100E+03   0.475008E+04   0.173895E+04
   0.191200E+03   0.475008E+04   0.173895E+04
   0.191300E+03   0.475008E+04   0.173895E+04
   0.191400E+03   0.475008E+04   0.173895E+04
   0.191500E+03   0.475008E+04   0.173895E+04
   0.191600E+03   0.475008E+04   0.173895E+04
   0.191700E+03   0.475008E+04   0.173895E+04
   0.191800E+03   0.475008E+04   0.173895E+04
   0.191900E+03   0.475008E+04   0.173895E+04
   0.192000E+03   0.475008E+04   0.173895E+04
   0.192100E+03   0.475008E+04   0.173895E+04
   0.192200E+03   0.475008E+04   0.173895E+04
   0.192300E+03   0.475008E+04   0.173895E+04
   0.192400E+03   0.475008E+04   0.173895E+04
   0.192500E+03   0.475008E+04   0.173895E+04
   0.192600E+03   0.475008E+04   0.173895E+04
   0.192700E+03   0.475008E+04   0.173895E+04
   0.192800E+03   0.475008E+04   0.173895E+04
   0.192900E+03   0.475008E+04   0.173895E+04
   0.193000E+03   0.475008E+04   0.173895E+04
   0.193100E+03   0.475008E+04   0.173895E+04
   0.193200E+03   0.475008E+04   0.173895E+04
   0.193300E+03   0.475008E+04   0.173895E+04
   0.193400E+03   0.475008E+04   0.173895E+04
   0.193500E+03   0.475008E+04   0.173895E+04
   0.193600E+03   0.475008E+04   0.173895E+04
   0.193700E+03   0.475008E+04   0.173895E+04
   0.193800E+03   0.475008E+04   0.173895E+04
   0.193900E+03   0.475008E+04   0.173895E+04
   0.194000E+03   0.475008E+04   0.173895E+04
   0.194100E+03   0.475008E+04   0.173895E+04
   0.194200E+03   0.475008E+04   0.173895E+04
   0.194300E+03   0.475008E+04   0.173895E+04
   0.194400E+03   0.475008E+04   0.173895E+04
   0.194500E+03   0.475008E+04   0.173895E+04
   0.194600E+03   0.475008E+04   0.173895E+04
   0.194700E+03   0.475008E+04   0.173895E+04
   0.194800E+03   0.475008E+04   0.173895E+04
   0.194900E+03   0.475008E+04   0.173895E+04
   0.195000E+03   0.475008E+04   0.173895E+04
   0.195100E+03   0.475008E+04   0.173895E+04
   0.195200E+03   0.475008E+04   0.173895E+04
   0.195300E+03   0.475008E+04   0.173895E+04
   0.195400E+03   0.475008E+04   0.173895E+04
   0.195500E+03   0.475008E+04   0.173895E+04
   0.195600E+03   0.475008E+04   0.173895E+04
   0.195700E+03   0.475008E+04   0.173895E+04
   0.195800E+03   0.475008E+04   0.173895E+04
   0.195900E+03   0.475008E+04   0.173895E+04
   0.196000E+03   0.475008E+04   0.173895E+04
   0.196100E+03   0.475008E+04   0.173895E+04
   0.196200E+03   0.475008E+04   0.173895E+04
   0.196300E+03   0.475008E+04   0.173895E+04
   0.196400E+03   0.475008E+04   0.173895E+04
   0.196500E+03   0.475008E+04   0.173895E+04
   0.196600E+03   0.475008E+04   0.173895E+04
   0.196700E+03   0.475008E+04   0.173895E+04
   0.196800E+03   0.475008E+04   0.173895E+04
   0.196900E+03   0.475008E+04   0.173895E+04
   0.197000E+03   0.475008E+04   0.173895E+04
   0.197100E+03   0.475008E+04   0.173895E+04
   0.197200E+03   0.475008E+04   0.173895E+04
   0.197300E+03   0.475008E+04   0.173895E+04
   0.197400E+03   0.475008E+04   0.173895E+04
   0.197500E+03   0.475008E+04   0.173895E+04
   0.197600E+03   0.475008E+04   0.173895E+04
   0.197700E+03   0.475008E+04   0.173895E+04
   0.197800E+03   0.475008E+04   0.173895E+04
   0.197900E+03   0.475008E+04   0.173895E+04
   0.198000E+03   0.475008E+04   0.173895E+04
   0.198100E+03   0.475008E+04   0.173895E+04
   0.198200E+03   0.475008E+04   0.173895E+04
   0.198300E+03   0.475008E+04   0.173895E+04
   0.198400E+03   0.475008E+04   0.173895E+04
   0.198500E+03   0.475008E+04   0.173895E+04
   0.198600E+03   0.475008E+04   0.173895E+04
   0.198700E+03   0.475008E+04   0.173895E+04
   0.198800E+03   0.475008E+04   0.173895E+04
   0.198900E+03   0.475008E+04   0.173895E+04
   0.199000E+03   0.475008E+04   0.173895E+04
   0.199100E+03   0.475008E+04   0.173895E+04
   0.199200E+03   0.475008E+04   0.173895E+04
   0.199300E+03   0.475008E+04   0.173895E+04
   0.199400E+03   0.475008E+04   0.173895E+04
   0.199500E+03   0.475008E+04   0.173895E+04
   0.199600E+03   0.475008E+04   0.173895E+04
   0.199700E+03   0.475008E+04   0.173895E+04
   0.199800E+03   0.475008E+04   0.173895E+04
   0.199900E+03   0.475008E+04   0.173895E+04
   0.200000E+03   0.475008E+04   0.173895E+04
   0.200100E+03   0.475008E+04   0.173895E+04
   0.200200E+03   0.475008E+04   0.173895E+04
   0.200300E+03   0.475008E+04   0.173895E+04
   0.200400E+03   0.475008E+04   0.173895E+04
   0.200500E+03   0.475008E+04   0.173895E+04
   0.200600E+03   0.475008E+04   0.173895E+04
   0.200700E+03   0.475008E+04   0.173895E+04
   0.200800E+03   0.475008E+04   0.173895E+04
   0.200900E+03   0.475008E+04   0.173895E+04
   0.201000E+03   0.475008E+04   0.173895E+04
   0.201100E+03   0.475008E+04   0.173895E+04
   0.201200E+03   0.475008E+04   0.173895E+04
   0.201300E+03   0.475008E+04   0.173895E+04
   0.201400E+03   0.475008E+04   0.173895E+04
   0.201500E+03   0.475008E+04   0.173895E+04
   0.201600E+03   0.475008E+04   0.173895E+04
   0.201700E+03   0.475008E+04   0.173895E+04
   0.201800E+03   0.475008E+04   0.173895E+04
   0.201900E+03   0.475008E+04   0.173895E+04
   0.202000E+03   0.475008E+04   0.173895E+04
   0.202100E+03   0.475008E+04   0.173895E+04
   0.202200E+03   0.475008E+04   0.173895E+04
   0.202300E+03   0.475008E+04   0.173895E+04
   0.202400E+03   0.475008E+04   0.173895E+04
   0.202500E+03   0.475008E+04   0.173895E+04
   0.202600E+03   0.475008E+04   0.173895E+04
   0.202700E+03   0.475008E+04   0.173895E+04
   0.202800E+03   0.475008E+04   0.173895E+04
   0.202900E+03   0.475008E+04   0.173895E+04
   0.203000E+03   0.475008E+04   0.173895E+04
   0.203100E+03   0.475008E+04   0.173895E+04
   0.203200E+03   0.475008E+04   0.173895E+04
   0.203300E+03   0.475008E+04   0.173895E+04
   0.203400E+03   0.475008E+04   0.173895E+04
   0.203500E+03   0.475008E+04   0.173895E+04
   0.203600E+03   0.475008E+04   0.173895E+04
   0.203700E+03   0.475008E+04   0.173895E+04
   0.203800E+03   0.475008E+04   0.173895E+04
   0.203900E+03   0.475008E+04   0.173895E+04
   0.204000E+03   0.475008E+04   0.173895E+04
   0.204100E+03   0.475008E+04   0.173895E+04
   0.204200E+03   0.475008E+04   0.173895E+04
   0.204300E+03   0.475008E+04   0.173895E+04
   0.204400E+03   0.475008E+04   0.173895E+04
   0.204500E+03   0.475008E+04   0.173895E+04
   0.204600E+03   0.475008E+04   0.173895E+04
   0.204700E+03   0.475008E+04   0.173895E+04
   0.204800E+03   0.475008E+04   0.173895E+04
   0.204900E+03   0.475008E+04   0.173895E+04
   0.205000E+03   0.475008E+04   0.173895E+04
   0.205100E+03   0.475008E+04   0.173895E+04
   0.205200E+03   0.475008E+04   0.173895E+04
   0.205300E+03   0.475008E+04   0.173895E+04
   0.205400E+03   0.475008E+04   0.173895E+04
   0.205500E+03   0.475008E+04   0.173895E+04
   0.205600E+03   0.475008E+04   0.173895E+04
   0.205700E+03   0.475008E+04   0.173895E+04
   0.205800E+03   0.475008E+04   0.173895E+04
   0.205900E+03   0.475008E+04   0.173895E+04
   0.206000E+03   0.475008E+04   0.173895E+04
   0.206100E+03   0.475008E+04   0.173895E+04
   0.206200E+03   0.475008E+04   0.173895E+04
   0.206300E+03   0.475008E+04   0.173895E+04
   0.206400E+03   0.475008E+04   0.173895E+04
   0.206500E+03   0.475008E+04   0.173895E+04
   0.206600E+03   0.475008E+04   0.173895E+04
   0.206700E+03   0.475008E+04   0.173895E+04
   0.206800E+03   0.475008E+04   0.173895E+04
   0.206900E+03   0.475008E+04   0.173895E+04
   0.207000E+03   0.475008E+04   0.173895E+04
   0.207100E+03   0.475008E+04   0.173895E+04
   0.207200E+03   0.475008E+04   0.173895E+04
   0.207300E+03   0.475008E+04   0.173895E+04
   0.207400E+03   0.475008E+04   0.173895E+04
   0.207500E+03   0.475008E+04   0.173895E+04
   0.207600E+03   0.475008E+04   0.173895E+04
   0.207700E+03   0.475008E+04   0.173895E+04
   0.207800E+03   0.475008E+04   0.173895E+04
   0.207900E+03   0.475008E+04   0.173895E+04
   0.208000E+03   0.475008E+04   0.173895E+04
   0.208100E+03   0.475008E+04   0.173895E+04
   0.208200E+03   0.475008E+04   0.173895E+04
   0.208300E+03   0.475008E+04   0.173895E+04
   0.208400E+03   0.475008E+04   0.173895E+04
   0.208500E+03   0.475008E+04   0.173895E+04
   0.208600E+03   0.475008E+04   0.173895E+04
   0.208700E+03   0.475008E+04   0.173895E+04
   0.208800E+03   0.475008E+04   0.173895E+04
   0.208900E+03   0.475008E+04   0.173895E+04
   0.209000E+03   0.475008E+04   0.173895E+04
   0.209100E+03   0.475008E+04   0.173895E+04
   0.209200E+03   0.475008E+04   0.173895E+04
   0.209300E+03   0.475008E+04   0.173895E+04
   0.209400E+03   0.475008E+04   0.173895E+04
   0.209500E+03   0.475008E+04   0.173895E+04
   0.209600E+03   0.475008E+04   0.173895E+04
   0.209700E+03   0.475008E+04   0.173895E+04
   0.209800E+03   0.475008E+04   0.173895E+04
   0.209900E+03   0.475008E+04   0.173895E+04
   0.210000E+03   0.475008E+04   0.173895E+04
   0.210100E+03   0.475008E+04   0.173895E+04
   0.210200E+03   0.475008E+04   0.173895E+04
   0.210300E+03   0.475008E+04   0.173895E+04
   0.210400E+03   0.475008E+04   0.173895E+04
   0.210500E+03   0.475008E+04   0.173895E+04
   0.210600E+03   0.475008E+04   0.173895E+04
   0.210700E+03   0.475008E+04   0.173895E+04
   0.210800E+03   0.475008E+04   0.173895E+04
   0.210900E+03   0.475008E+04   0.173895E+04
   0.211000E+03   0.475008E+04   0.173895E+04
   0.211100E+03   0.475008E+04   0.173895E+04
   0.211200E+03   0.475008E+04   0.173895E+04
   0.211300E+03   0.475008E+04   0.173895E+04
   0.211400E+03   0.475008E+04   0.173895E+04
   0.211500E+03   0.475008E+04   0.173895E+04
   0.211600E+03   0.475008E+04   0.173895E+04
   0.211700E+03   0.475008E+04   0.173895E+04
   0.211800E+03   0.475008E+04   0.173895E+04
   0.211900E+03   0.475008E+04   0.173895E+04
   0.212000E+03   0.475008E+04   0.173895E+04
   0.212100E+03   0.475008E+04   0.173895E+04
   0.212200E+03   0.475008E+04   0.173895E+04
   0.212300E+03   0.475008E+04   0.173895E+04
   0.212400E+03   0.475008E+04   0.173895E+04
   0.212500E+03   0.475008E+04   0.173895E+04
   0.212600E+03   0.475008E+04   0.173895E+04
   0.212700E+03   0.475008E+04   0.173895E+04
   0.212800E+03   0.475008E+04   0.173895E+04
   0.212900E+03   0.475008E+04   0.173895E+04
   0.213000E+03   0.475008E+04   0.173895E+04
   0.213100E+03   0.475008E+04   0.173895E+04
   0.213200E+03   0.475008E+04   0.173895E+04
   0.213300E+03   0.475008E+04   0.173895E+04
   0.213400E+03   0.475008E+04   0.173895E+04
   0.213500E+03   0.475008E+04   0.173895E+04
   0.213600E+03   0.475008E+04   0.173895E+04
   0.213700E+03   0.475008E+04   0.173895E+04
   0.213800E+03   0.475008E+04   0.173895E+04
   0.213900E+03   0.475008E+04   0.173895E+04
   0.214000E+03   0.475008E+04   0.173895E+04
   0.214100E+03   0.475008E+04   0.173895E+04
   0.214200E+03   0.475008E+04   0.173895E+04
   0.214300E+03   0.475008E+04   0.173895E+04
   0.214400E+03   0.475008E+04   0.173895E+04
   0.214500E+03   0.475008E+04   0.173895E+04
   0.214600E+03   0.475008E+04   0.173895E+04
   0.214700E+03   0.475008E+04   0.173895E+04
   0.214800E+03   0.475008E+04   0.173895E+04
   0.214900E+03   0.475008E+04   0.173895E+04
   0.215000E+03   0.475008E+04   0.173895E+04
   0.215100E+03   0.475008E+04   0.173895E+04
   0.215200E+03   0.475008E+04   0.173895E+04
   0.215300E+03   0.475008E+04   0.173895E+04
   0.215400E+03   0.475008E+04   0.173895E+04
   0.215500E+03   0.475008E+04   0.173895E+04
   0.215600E+03   0.475008E+04   0.173895E+04
   0.215700E+03   0.475008E+04   0.173895E+04
   0.215800E+03   0.475008E+04   0.173895E+04
   0.215900E+03   0.475008E+04   0.173895E+04
   0.216000E+03   0.475008E+04   0.173895E+04
   0.216100E+03   0.475008E+04   0.173895E+04
   0.216200E+03   0.475008E+04   0.173895E+04
   0.216300E+03   0.475008E+04   0.173895E+04
   0.216400E+03   0.475008E+04   0.173895E+04
   0.216500E+03   0.475008E+04   0.173895E+04
   0.216600E+03   0.475008E+04   0.173895E+04
   0.216700E+03   0.475008E+04   0.173895E+04
   0.216800E+03   0.475008E+04   0.173895E+04
   0.216900E+03   0.475008E+04   0.173895E+04
   0.217000E+03   0.475008E+04   0.173895E+04
   0.217100E+03   0.475008E+04   0.173895E+04
   0.217200E+03   0.475008E+04   0.173895E+04
   0.217300E+03   0.475008E+04   0.173895E+04
   0.217400E+03   0.475008E+04   0.173895E+04
   0.217500E+03   0.475008E+04   0.173895E+04
   0.217600E+03   0.475008E+04   0.173895E+04
   0.217700E+03   0.475008E+04   0.173895E+04
   0.217800E+03   0.475008E+04   0.173895E+04
   0.217900E+03   0.475008E+04   0.173895E+04
   0.218000E+03   0.475008E+04   0.173895E+04
   0.218100E+03   0.475008E+04   0.173895E+04
   0.218200E+03   0.475008E+04   0.173895E+04
   0.218300E+03   0.475008E+04   0.173895E+04
   0.218400E+03   0.475008E+04   0.173895E+04
   0.218500E+03   0.475008E+04   0.173895E+04
   0.218600E+03   0.475008E+04   0.173895E+04
   0.218700E+03   0.475008E+04   0.173895E+04
   0.218800E+03   0.475008E+04   0.173895E+04
   0.218900E+03   0.475008E+04   0.173895E+04
   0.219000E+03   0.475008E+04   0.173895E+04
   0.219100E+03   0.475008E+04   0.173895E+04
   0.219200E+03   0.475008E+04   0.173895E+04
   0.219300E+03   0.475008E+04   0.173895E+04
   0.219400E+03   0.475008E+04   0.173895E+04
   0.219500E+03   0.475008E+04   0.173895E+04
   0.219600E+03   0.475008E+04   0.173895E+04
   0.219700E+03   0.475008E+04   0.173895E+04
   0.219800E+03   0.475008E+04   0.173895E+04
   0.219900E+03   0.475008E+04   0.173895E+04
   0.220000E+03   0.475008E+04   0.173895E+04
   0.220100E+03   0.475008E+04   0.173895E+04
   0.220200E+03   0.475008E+04   0.173895E+04
   0.220300E+03   0.475008E+04   0.173895E+04
   0.220400E+03   0.475008E+04   0.173895E+04
   0.220500E+03   0.475008E+04   0.173895E+04
   0.220600E+03   0.475008E+04   0.173895E+04
   0.220700E+03   0.475008E+04   0.173895E+04
   0.220800E+03   0.475008E+04   0.173895E+04
   0.220900E+03   0.475008E+04   0.173895E+04
   0.221000E+03   0.475008E+04   0.173895E+04
   0.221100E+03   0.475008E+04   0.173895E+04
   0.221200E+03   0.475008E+04   0.173895E+04
   0.221300E+03   0.475008E+04   0.173895E+04
   0.221400E+03   0.475008E+04   0.173895E+04
   0.221500E+03   0.475008E+04   0.173895E+04
   0.221600E+03   0.475008E+04   0.173895E+04
   0.221700E+03   0.475008E+04   0.173895E+04
   0.221800E+03   0.475008E+04   0.173895E+04
   0.221900E+03   0.475008E+04   0.173895E+04
   0.222000E+03   0.475008E+04   0.173895E+04
   0.222100E+03   0.475008E+04   0.173895E+04
   0.222200E+03   0.475008E+04   0.173895E+04
   0.222300E+03   0.475008E+04   0.173895E+04
   0.222400E+03   0.475008E+04   0.173895E+04
   0.222500E+03   0.475008E+04   0.173895E+04
   0.222600E+03   0.475008E+04   0.173895E+04
   0.222700E+03   0.475008E+04   0.173895E+04
   0.222800E+03   0.475008E+04   0.173895E+04
   0.222900E+03   0.475008E+04   0.173895E+04
   0.223000E+03   0.475008E+04   0.173895E+04
   0.223100E+03   0.475008E+04   0.173895E+04
   0.223200E+03   0.475008E+04   0.173895E+04
   0.223300E+03   0.475008E+04   0.173895E+04
   0.223400E+03   0.475008E+04   0.173895E+04
   0.223500E+03   0.475008E+04   0.173895E+04
   0.223600E+03   0.475008E+04   0.173895E+04
   0.223700E+03   0.475008E+04   0.173895E+04
   0.223800E+03   0.475008E+04   0.173895E+04
   0.223900E+03   0.475008E+04   0.173895E+04
   0.224000E+03   0.475008E+04   0.173895E+04
   0.224100E+03   0.475008E+04   0.173895E+04
   0.224200E+03   0.475008E+04   0.173895E+04
   0.224300E+03   0.475008E+04   0.173895E+04
   0.224400E+03   0.475008E+04   0.173895E+04
   0.224500E+03   0.475008E+04   0.173895E+04
   0.224600E+03   0.475008E+04   0.173895E+04
   0.224700E+03   0.475008E+04   0.173895E+04
   0.224800E+03   0.475008E+04   0.173895E+04
   0.224900E+03   0.475008E+04   0.173895E+04
   0.225000E+03   0.475008E+04   0.173895E+04
   0.225100E+03   0.475008E+04   0.173895E+04
   0.225200E+03   0.475008E+04   0.173895E+04
   0.225300E+03   0.475008E+04   0.173895E+04
   0.225400E+03   0.475008E+04   0.173895E+04
   0.225500E+03   0.475008E+04   0.173895E+04
   0.225600E+03   0.475008E+04   0.173895E+04
   0.225700E+03   0.475008E+04   0.173895E+04
   0.225800E+03   0.475008E+04   0.173895E+04
   0.225900E+03   0.475008E+04   0.173895E+04
   0.226000E+03   0.475008E+04   0.173895E+04
   0.226100E+03   0.475008E+04   0.173895E+04
   0.226200E+03   0.475008E+04   0.173895E+04
   0.226300E+03   0.475008E+04   0.173895E+04
   0.226400E+03   0.475008E+04   0.173895E+04
   0.226500E+03   0.475008E+04   0.173895E+04
   0.226600E+03   0.475008E+04   0.173895E+04
   0.226700E+03   0.475008E+04   0.173895E+04
   0.226800E+03   0.475008E+04   0.173895E+04
   0.226900E+03   0.475008E+04   0.173895E+04
   0.227000E+03   0.475008E+04   0.173895E+04
   0.227100E+03   0.475008E+04   0.173895E+04
   0.227200E+03   0.475008E+04   0.173895E+04
   0.227300E+03   0.475008E+04   0.173895E+04
   0.227400E+03   0.475008E+04   0.173895E+04
   0.227500E+03   0.475008E+04   0.173895E+04
   0.227600E+03   0.475008E+04   0.173895E+04
   0.227700E+03   0.475008E+04   0.173895E+04
   0.227800E+03   0.475008E+04   0.173895E+04
   0.227900E+03   0.475008E+04   0.173895E+04
   0.228000E+03   0.475008E+04   0.173895E+04
   0.228100E+03   0.475008E+04   0.173895E+04
   0.228200E+03   0.475008E+04   0.173895E+04
   0.228300E+03   0.475008E+04   0.173895E+04
   0.228400E+03   0.475008E+04   0.173895E+04
   0.228500E+03   0.475008E+04   0.173895E+04
   0.228600E+03   0.475008E+04   0.173895E+04
   0.228700E+03   0.475008E+04   0.173895E+04
   0.228800E+03   0.475008E+04   0.173895E+04
   0.228900E+03   0.475008E+04   0.173895E+04
   0.229000E+03   0.475008E+04   0.173895E+04
   0.229100E+03   0.475008E+04   0.173895E+04
   0.229200E+03   0.475008E+04   0.173895E+04
   0.229300E+03   0.475008E+04   0.173895E+04
   0.229400E+03   0.475008E+04   0.173895E+04
   0.229500E+03   0.475008E+04   0.173895E+04
   0.229600E+03   0.475008E+04   0.173895E+04
   0.229700E+03   0.475008E+04   0.173895E+04
   0.229800E+03   0.475008E+04   0.173895E+04
   0.229900E+03   0.475008E+04   0.173895E+04
   0.230000E+03   0.475008E+04   0.173895E+04
   0.230100E+03   0.475008E+04   0.173895E+04
   0.230200E+03   0.475008E+04   0.173895E+04
   0.230300E+03   0.475008E+04   0.173895E+04
   0.230400E+03   0.475008E+04   0.173895E+04
   0.230500E+03   0.475008E+04   0.173895E+04
   0.230600E+03   0.475008E+04   0.173895E+04
   0.230700E+03   0.475008E+04   0.173895E+04
   0.230800E+03   0.475008E+04   0.173895E+04
   0.230900E+03   0.475008E+04   0.173895E+04
   0.231000E+03   0.475008E+04   0.173895E+04
   0.231100E+03   0.475008E+04   0.173895E+04
   0.231200E+03   0.475008E+04   0.173895E+04
   0.231300E+03   0.475008E+04   0.173895E+04
   0.231400E+03   0.475008E+04   0.173895E+04
   0.231500E+03   0.475008E+04   0.173895E+04
   0.231600E+03   0.475008E+04   0.173895E+04
   0.231700E+03   0.475008E+04   0.173895E+04
   0.231800E+03   0.475008E+04   0.173895E+04
   0.231900E+03   0.475008E+04   0.173895E+04
   0.232000E+03   0.475008E+04   0.173895E+04
   0.232100E+03   0.475008E+04   0.173895E+04
   0.232200E+03   0.475008E+04   0.173895E+04
   0.232300E+03   0.475008E+04   0.173895E+04
   0.232400E+03   0.475008E+04   0.173895E+04
   0.232500E+03   0.475008E+04   0.173895E+04
   0.232600E+03   0.475008E+04   0.173895E+04
   0.232700E+03   0.475008E+04   0.173895E+04
   0.232800E+03   0.475008E+04   0.173895E+04
   0.232900E+03   0.475008E+04   0.173895E+04
   0.233000E+03   0.475008E+04   0.173895E+04
   0.233100E+03   0.475008E+04   0.173895E+04
   0.233200E+03   0.475008E+04   0.173895E+04
   0.233300E+03   0.475008E+04   0.173895E+04
   0.233400E+03   0.475008E+04   0.173895E+04
   0.233500E+03   0.475008E+04   0.173895E+04
   0.233600E+03   0.475008E+04   0.173895E+04
   0.233700E+03   0.475008E+04   0.173895E+04
   0.233800E+03   0.475008E+04   0.173895E+04
   0.233900E+03   0.475008E+04   0.173895E+04
   0.234000E+03   0.475008E+04   0.173895E+04
   0.234100E+03   0.475008E+04   0.173895E+04
   0.234200E+03   0.475008E+04   0.173895E+04
   0.234300E+03   0.475008E+04   0.173895E+04
   0.234400E+03   0.475008E+04   0.173895E+04
   0.234500E+03   0.475008E+04   0.173895E+04
   0.234600E+03   0.475008E+04   0.173895E+04
   0.234700E+03   0.475008E+04   0.173895E+04
   0.234800E+03   0.475008E+04   0.173895E+04
   0.234900E+03   0.475008E+04   0.173895E+04
   0.235000E+03   0.475008E+04   0.173895E+04
   0.235100E+03   0.475008E+04   0.173895E+04
   0.235200E+03   0.475008E+04   0.173895E+04
   0.235300E+03   0.475008E+04   0.173895E+04
   0.235400E+03   0.475008E+04   0.173895E+04
   0.235500E+03   0.475008E+04   0.173895E+04
   0.235600E+03   0.475008E+04   0.173895E+04
   0.235700E+03   0.475008E+04   0.173895E+04
   0.235800E+03   0.475008E+04   0.173895E+04
   0.235900E+03   0.475008E+04   0.173895E+04
   0.236000E+03   0.475008E+04   0.173895E+04
   0.236100E+03   0.475008E+04   0.173895E+04
   0.236200E+03   0.475008E+04   0.173895E+04
   0.236300E+03   0.475008E+04   0.173895E+04
   0.236400E+03   0.475008E+04   0.173895E+04
   0.236500E+03   0.475008E+04   0.173895E+04
   0.236600E+03   0.475008E+04   0.173895E+04
   0.236700E+03   0.475008E+04   0.173895E+04
   0.236800E+03   0.475008E+04   0.173895E+04
   0.236900E+03   0.475008E+04   0.173895E+04
   0.237000E+03   0.475008E+04   0.173895E+04
   0.237100E+03   0.475008E+04   0.173895E+04
   0.237200E+03   0.475008E+04   0.173895E+04
   0.237300E+03   0.475008E+04   0.173895E+04
   0.237400E+03   0.475008E+04   0.173895E+04
   0.237500E+03   0.475008E+04   0.173895E+04
   0.237600E+03   0.475008E+04   0.173895E+04
   0.237700E+03   0.475008E+04   0.173895E+04
   0.237800E+03   0.475008E+04   0.173895E+04
   0.237900E+03   0.475008E+04   0.173895E+04
   0.238000E+03   0.475008E+04   0.173895E+04
   0.238100E+03   0.475008E+04   0.173895E+04
   0.238200E+03   0.475008E+04   0.173895E+04
   0.238300E+03   0.475008E+04   0.173895E+04
   0.238400E+03   0.475008E+04   0.173895E+04
   0.238500E+03   0.475008E+04   0.173895E+04
   0.238600E+03   0.475008E+04   0.173895E+04
   0.238700E+03   0.475008E+04   0.173895E+04
   0.238800E+03   0.475008E+04   0.173895E+04
   0.238900E+03   0.475008E+04   0.173895E+04
   0.239000E+03   0.475008E+04   0.173895E+04
   0.239100E+03   0.475008E+04   0.173895E+04
   0.239200E+03   0.475008E+04   0.173895E+04
   0.239300E+03   0.475008E+04   0.173895E+04
   0.239400E+03   0.475008E+04   0.173895E+04
   0.239500E+03   0.475008E+04   0.173895E+04
   0.239600E+03   0.475008E+04   0.173895E+04
   0.239700E+03   0.475008E+04   0.173895E+04
   0.239800E+03   0.475008E+04   0.173895E+04
   0.239900E+03   0.475008E+04   0.173895E+04
   0.240000E+03   0.475008E+04   0.173895E+04
   0.240100E+03   0.475008E+04   0.173895E+04
   0.240200E+03   0.475008E+04   0.173895E+04
   0.240300E+03   0.475008E+04   0.173895E+04
   0.240400E+03   0.475008E+04   0.173895E+04
   0.240500E+03   0.475008E+04   0.173895E+04
   0.240600E+03   0.475008E+04   0.173895E+04
   0.240700E+03   0.475008E+04   0.173895E+04
   0.240800E+03   0.475008E+04   0.173895E+04
   0.240900E+03   0.475008E+04   0.173895E+04
   0.241000E+03   0.475008E+04   0.173895E+04
   0.241100E+03   0.475008E+04   0.173895E+04
   0.241200E+03   0.475008E+04   0.173895E+04
   0.241300E+03   0.475008E+04   0.173895E+04
   0.241400E+03   0.475008E+04   0.173895E+04
   0.241500E+03   0.475008E+04   0.173895E+04
   0.241600E+03   0.475008E+04   0.173895E+04
   0.241700E+03   0.475008E+04   0.173895E+04
   0.241800E+03   0.475008E+04   0.173895E+04
   0.241900E+03   0.475008E+04   0.173895E+04
   0.242000E+03   0.475008E+04   0.173895E+04
   0.242100E+03   0.475008E+04   0.173895E+04
   0.242200E+03   0.475008E+04   0.173895E+04
   0.242300E+03   0.475008E+04   0.173895E+04
   0.242400E+03   0.475008E+04   0.173895E+04
   0.242500E+03   0.475008E+04   0.173895E+04
   0.242600E+03   0.475008E+04   0.173895E+04
   0.242700E+03   0.475008E+04   0.173895E+04
   0.242800E+03   0.475008E+04   0.173895E+04
   0.242900E+03   0.475008E+04   0.173895E+04
   0.243000E+03   0.475008E+04   0.173895E+04
   0.243100E+03   0.475008E+04   0.173895E+04
   0.243200E+03   0.475008E+04   0.173895E+04
   0.243300E+03   0.475008E+04   0.173895E+04
   0.243400E+03   0.475008E+04   0.173895E+04
   0.243500E+03   0.475008E+04   0.173895E+04
   0.243600E+03   0.475008E+04   0.173895E+04
   0.243700E+03   0.475008E+04   0.173895E+04
   0.243800E+03   0.475008E+04   0.173895E+04
   0.243900E+03   0.475008E+04   0.173895E+04
   0.244000E+03   0.475008E+04   0.173895E+04
   0.244100E+03   0.475008E+04   0.173895E+04
   0.244200E+03   0.475008E+04   0.173895E+04
   0.244300E+03   0.475008E+04   0.173895E+04
   0.244400E+03   0.475008E+04   0.173895E+04
   0.244500E+03   0.475008E+04   0.173895E+04
   0.244600E+03   0.475008E+04   0.173895E+04
   0.244700E+03   0.475008E+04   0.173895E+04
   0.244800E+03   0.475008E+04   0.173895E+04
   0.244900E+03   0.475008E+04   0.173895E+04
   0.245000E+03   0.475008E+04   0.173895E+04
   0.245100E+03   0.475008E+04   0.173895E+04
   0.245200E+03   0.475008E+04   0.173895E+04
   0.245300E+03   0.475008E+04   0.173895E+04
   0.245400E+03   0.475008E+04   0.173895E+04
   0.245500E+03   0.475008E+04   0.173895E+04
   0.245600E+03   0.475008E+04   0.173895E+04
   0.245700E+03   0.475008E+04   0.173895E+04
   0.245800E+03   0.475008E+04   0.173895E+04
   0.245900E+03   0.475008E+04   0.173895E+04
   0.246000E+03   0.475008E+04   0.173895E+04
   0.246100E+03   0.475008E+04   0.173895E+04
   0.246200E+03   0.475008E+04   0.173895E+04
   0.246300E+03   0.475008E+04   0.173895E+04
   0.246400E+03   0.475008E+04   0.173895E+04
   0.246500E+03   0.475008E+04   0.173895E+04
   0.246600E+03   0.475008E+04   0.173895E+04
   0.246700E+03   0.475008E+04   0.173895E+04
   0.246800E+03   0.475008E+04   0.173895E+04
   0.246900E+03   0.475008E+04   0.173895E+04
   0.247000E+03   0.475008E+04   0.173895E+04
   0.247100E+03   0.475008E+04   0.173895E+04
   0.247200E+03   0.475008E+04   0.173895E+04
   0.247300E+03   0.475008E+04   0.173895E+04
   0.247400E+03   0.475008E+04   0.173895E+04
   0.247500E+03   0.475008E+04   0.173895E+04
   0.247600E+03   0.475008E+04   0.173895E+04
   0.247700E+03   0.475008E+04   0.173895E+04
   0.247800E+03   0.475008E+04   0.173895E+04
   0.247900E+03   0.475008E+04   0.173895E+04
   0.248000E+03   0.475008E+04   0.173895E+04
   0.248100E+03   0.475008E+04   0.173895E+04
   0.248200E+03   0.475008E+04   0.173895E+04
   0.248300E+03   0.475008E+04   0.173895E+04
   0.248400E+03   0.475008E+04   0.173895E+04
   0.248500E+03   0.475008E+04   0.173895E+04
   0.248600E+03   0.475008E+04   0.173895E+04
   0.248700E+03   0.475008E+04   0.173895E+04
   0.248800E+03   0.475008E+04   0.173895E+04
   0.248900E+03   0.475008E+04   0.173895E+04
   0.249000E+03   0.475008E+04   0.173895E+04
   0.249100E+03   0.475008E+04   0.173895E+04
   0.249200E+03   0.475008E+04   0.173895E+04
   0.249300E+03   0.475008E+04   0.173895E+04
   0.249400E+03   0.475008E+04   0.173895E+04
   0.249500E+03   0.475008E+04   0.173895E+04
   0.249600E+03   0.475008E+04   0.173895E+04
   0.249700E+03   0.475008E+04   0.173895E+04
   0.249800E+03   0.475008E+04   0.173895E+04
   0.249900E+03   0.475008E+04   0.173895E+04
