#    time(ps)        R(t,x=0)       J(t,x=L)
   0.000000E+00   0.719872E+01   0.648178E-04
   0.100000E+00   0.205917E+02   0.646836E-04
   0.200000E+00   0.392977E+02   0.644962E-04
   0.300000E+00   0.625440E+02   0.642635E-04
   0.400000E+00   0.896530E+02   0.639922E-04
   0.500000E+00   0.120031E+03   0.636883E-04
   0.600000E+00   0.153159E+03   0.633568E-04
   0.700000E+00   0.188581E+03   0.630025E-04
   0.800000E+00   0.225900E+03   0.626292E-04
   0.900000E+00   0.264769E+03   0.622404E-04
   0.100000E+01   0.304885E+03   0.618392E-04
   0.110000E+01   0.345983E+03   0.614283E-04
   0.120000E+01   0.387834E+03   0.610102E-04
   0.130000E+01   0.430238E+03   0.605882E-04
   0.140000E+01   0.473022E+03   0.601679E-04
   0.150000E+01   0.516036E+03   0.597637E-04
   0.160000E+01   0.559150E+03   0.594165E-04
   0.170000E+01   0.602252E+03   0.592404E-04
   0.180000E+01   0.645246E+03   0.595423E-04
   0.190000E+01   0.688051E+03   0.611047E-04
   0.200000E+01   0.730597E+03   0.658242E-04
   0.210000E+01   0.772823E+03   0.780716E-04
   0.220000E+01   0.814681E+03   0.107446E-03
   0.230000E+01   0.856127E+03   0.174076E-03
   0.240000E+01   0.897128E+03   0.318321E-03
   0.250000E+01   0.937655E+03   0.617700E-03
   0.260000E+01   0.977684E+03   0.121504E-02
   0.270000E+01   0.101720E+04   0.236308E-02
   0.280000E+01   0.105618E+04   0.449196E-02
   0.290000E+01   0.109462E+04   0.830627E-02
   0.300000E+01   0.113252E+04   0.149182E-01
   0.310000E+01   0.116986E+04   0.260208E-01
   0.320000E+01   0.120664E+04   0.441007E-01
   0.330000E+01   0.124287E+04   0.726850E-01
   0.340000E+01   0.127854E+04   0.116606E+00
   0.350000E+01   0.131366E+04   0.182260E+00
   0.360000E+01   0.134823E+04   0.277831E+00
   0.370000E+01   0.138226E+04   0.413435E+00
   0.380000E+01   0.141575E+04   0.601148E+00
   0.390000E+01   0.144870E+04   0.854887E+00
   0.400000E+01   0.148113E+04   0.119011E+01
   0.410000E+01   0.151305E+04   0.162333E+01
   0.420000E+01   0.154445E+04   0.217148E+01
   0.430000E+01   0.157535E+04   0.285111E+01
   0.440000E+01   0.160576E+04   0.367754E+01
   0.450000E+01   0.163569E+04   0.466399E+01
   0.460000E+01   0.166514E+04   0.582082E+01
   0.470000E+01   0.169413E+04   0.715487E+01
   0.480000E+01   0.172266E+04   0.866906E+01
   0.490000E+01   0.175074E+04   0.103622E+02
   0.500000E+01   0.177839E+04   0.122291E+02
   0.510000E+01   0.180560E+04   0.142608E+02
   0.520000E+01   0.183239E+04   0.164455E+02
   0.530000E+01   0.185877E+04   0.187687E+02
   0.540000E+01   0.188475E+04   0.212144E+02
   0.550000E+01   0.191033E+04   0.237659E+02
   0.560000E+01   0.193552E+04   0.264064E+02
   0.570000E+01   0.196034E+04   0.291197E+02
   0.580000E+01   0.198478E+04   0.318909E+02
   0.590000E+01   0.200887E+04   0.347066E+02
   0.600000E+01   0.203260E+04   0.375554E+02
   0.610000E+01   0.205598E+04   0.404277E+02
   0.620000E+01   0.207902E+04   0.433159E+02
   0.630000E+01   0.210172E+04   0.462142E+02
   0.640000E+01   0.212411E+04   0.491185E+02
   0.650000E+01   0.214617E+04   0.520262E+02
   0.660000E+01   0.216792E+04   0.549357E+02
   0.670000E+01   0.218937E+04   0.578468E+02
   0.680000E+01   0.221052E+04   0.607597E+02
   0.690000E+01   0.223138E+04   0.636755E+02
   0.700000E+01   0.225195E+04   0.665956E+02
   0.710000E+01   0.227224E+04   0.695219E+02
   0.720000E+01   0.229226E+04   0.724560E+02
   0.730000E+01   0.231200E+04   0.754001E+02
   0.740000E+01   0.233149E+04   0.783561E+02
   0.750000E+01   0.235072E+04   0.813257E+02
   0.760000E+01   0.236969E+04   0.843107E+02
   0.770000E+01   0.238842E+04   0.873124E+02
   0.780000E+01   0.240690E+04   0.903323E+02
   0.790000E+01   0.242515E+04   0.933712E+02
   0.800000E+01   0.244317E+04   0.964300E+02
   0.810000E+01   0.246095E+04   0.995093E+02
   0.820000E+01   0.247852E+04   0.102609E+03
   0.830000E+01   0.249586E+04   0.105731E+03
   0.840000E+01   0.251299E+04   0.108873E+03
   0.850000E+01   0.252991E+04   0.112037E+03
   0.860000E+01   0.254663E+04   0.115221E+03
   0.870000E+01   0.256314E+04   0.118427E+03
   0.880000E+01   0.257945E+04   0.121654E+03
   0.890000E+01   0.259557E+04   0.124902E+03
   0.900000E+01   0.261150E+04   0.128171E+03
   0.910000E+01   0.262724E+04   0.131461E+03
   0.920000E+01   0.264279E+04   0.134772E+03
   0.930000E+01   0.265817E+04   0.138104E+03
   0.940000E+01   0.267337E+04   0.141457E+03
   0.950000E+01   0.268839E+04   0.144832E+03
   0.960000E+01   0.270325E+04   0.148227E+03
   0.970000E+01   0.271793E+04   0.151644E+03
   0.980000E+01   0.273245E+04   0.155081E+03
   0.990000E+01   0.274681E+04   0.158540E+03
   0.100000E+02   0.276101E+04   0.162019E+03
   0.101000E+02   0.277506E+04   0.165519E+03
   0.102000E+02   0.278895E+04   0.169040E+03
   0.103000E+02   0.280269E+04   0.172581E+03
   0.104000E+02   0.281629E+04   0.176141E+03
   0.105000E+02   0.282973E+04   0.179721E+03
   0.106000E+02   0.284304E+04   0.183320E+03
   0.107000E+02   0.285620E+04   0.186937E+03
   0.108000E+02   0.286923E+04   0.190573E+03
   0.109000E+02   0.288212E+04   0.194226E+03
   0.110000E+02   0.289488E+04   0.197896E+03
   0.111000E+02   0.290750E+04   0.201582E+03
   0.112000E+02   0.292000E+04   0.205285E+03
   0.113000E+02   0.293237E+04   0.209003E+03
   0.114000E+02   0.294462E+04   0.212736E+03
   0.115000E+02   0.295674E+04   0.216483E+03
   0.116000E+02   0.296874E+04   0.220244E+03
   0.117000E+02   0.298062E+04   0.224018E+03
   0.118000E+02   0.299239E+04   0.227805E+03
   0.119000E+02   0.300404E+04   0.231605E+03
   0.120000E+02   0.301558E+04   0.235416E+03
   0.121000E+02   0.302700E+04   0.239240E+03
   0.122000E+02   0.303832E+04   0.243074E+03
   0.123000E+02   0.304953E+04   0.246920E+03
   0.124000E+02   0.306063E+04   0.250775E+03
   0.125000E+02   0.307163E+04   0.254641E+03
   0.126000E+02   0.308252E+04   0.258517E+03
   0.127000E+02   0.309331E+04   0.262402E+03
   0.128000E+02   0.310400E+04   0.266296E+03
   0.129000E+02   0.311459E+04   0.270199E+03
   0.130000E+02   0.312509E+04   0.274110E+03
   0.131000E+02   0.313549E+04   0.278030E+03
   0.132000E+02   0.314579E+04   0.281957E+03
   0.133000E+02   0.315601E+04   0.285892E+03
   0.134000E+02   0.316613E+04   0.289835E+03
   0.135000E+02   0.317616E+04   0.293784E+03
   0.136000E+02   0.318610E+04   0.297740E+03
   0.137000E+02   0.319595E+04   0.301703E+03
   0.138000E+02   0.320572E+04   0.305671E+03
   0.139000E+02   0.321540E+04   0.309646E+03
   0.140000E+02   0.322500E+04   0.313625E+03
   0.141000E+02   0.323452E+04   0.317611E+03
   0.142000E+02   0.324395E+04   0.321601E+03
   0.143000E+02   0.325330E+04   0.325596E+03
   0.144000E+02   0.326258E+04   0.329595E+03
   0.145000E+02   0.327177E+04   0.333598E+03
   0.146000E+02   0.328089E+04   0.337606E+03
   0.147000E+02   0.328993E+04   0.341617E+03
   0.148000E+02   0.329890E+04   0.345631E+03
   0.149000E+02   0.330779E+04   0.349649E+03
   0.150000E+02   0.331661E+04   0.353669E+03
   0.151000E+02   0.332535E+04   0.357692E+03
   0.152000E+02   0.333403E+04   0.361717E+03
   0.153000E+02   0.334263E+04   0.365744E+03
   0.154000E+02   0.335116E+04   0.369773E+03
   0.155000E+02   0.335963E+04   0.373804E+03
   0.156000E+02   0.336803E+04   0.377835E+03
   0.157000E+02   0.337636E+04   0.381868E+03
   0.158000E+02   0.338463E+04   0.385902E+03
   0.159000E+02   0.339283E+04   0.389937E+03
   0.160000E+02   0.340096E+04   0.393972E+03
   0.161000E+02   0.340903E+04   0.398007E+03
   0.162000E+02   0.341704E+04   0.402042E+03
   0.163000E+02   0.342499E+04   0.406076E+03
   0.164000E+02   0.343288E+04   0.410111E+03
   0.165000E+02   0.344070E+04   0.414144E+03
   0.166000E+02   0.344847E+04   0.418176E+03
   0.167000E+02   0.345617E+04   0.422208E+03
   0.168000E+02   0.346382E+04   0.426238E+03
   0.169000E+02   0.347141E+04   0.430266E+03
   0.170000E+02   0.347895E+04   0.434293E+03
   0.171000E+02   0.348643E+04   0.438318E+03
   0.172000E+02   0.349385E+04   0.442341E+03
   0.173000E+02   0.350122E+04   0.446361E+03
   0.174000E+02   0.350853E+04   0.450379E+03
   0.175000E+02   0.351579E+04   0.454394E+03
   0.176000E+02   0.352299E+04   0.458407E+03
   0.177000E+02   0.353015E+04   0.462416E+03
   0.178000E+02   0.353725E+04   0.466422E+03
   0.179000E+02   0.354430E+04   0.470425E+03
   0.180000E+02   0.355130E+04   0.474424E+03
   0.181000E+02   0.355825E+04   0.478419E+03
   0.182000E+02   0.356515E+04   0.482411E+03
   0.183000E+02   0.357200E+04   0.486398E+03
   0.184000E+02   0.357881E+04   0.490381E+03
   0.185000E+02   0.358556E+04   0.494360E+03
   0.186000E+02   0.359227E+04   0.498334E+03
   0.187000E+02   0.359893E+04   0.502304E+03
   0.188000E+02   0.360555E+04   0.506269E+03
   0.189000E+02   0.361212E+04   0.510228E+03
   0.190000E+02   0.361864E+04   0.514183E+03
   0.191000E+02   0.362512E+04   0.518132E+03
   0.192000E+02   0.363155E+04   0.522076E+03
   0.193000E+02   0.363794E+04   0.526015E+03
   0.194000E+02   0.364429E+04   0.529948E+03
   0.195000E+02   0.365059E+04   0.533875E+03
   0.196000E+02   0.365686E+04   0.537796E+03
   0.197000E+02   0.366308E+04   0.541711E+03
   0.198000E+02   0.366925E+04   0.545620E+03
   0.199000E+02   0.367539E+04   0.549522E+03
   0.200000E+02   0.368149E+04   0.553419E+03
   0.201000E+02   0.368754E+04   0.557308E+03
   0.202000E+02   0.369356E+04   0.561191E+03
   0.203000E+02   0.369953E+04   0.565067E+03
   0.204000E+02   0.370547E+04   0.568937E+03
   0.205000E+02   0.371137E+04   0.572799E+03
   0.206000E+02   0.371723E+04   0.576655E+03
   0.207000E+02   0.372305E+04   0.580503E+03
   0.208000E+02   0.372884E+04   0.584344E+03
   0.209000E+02   0.373458E+04   0.588177E+03
   0.210000E+02   0.374029E+04   0.592003E+03
   0.211000E+02   0.374597E+04   0.595822E+03
   0.212000E+02   0.375160E+04   0.599632E+03
   0.213000E+02   0.375721E+04   0.603435E+03
   0.214000E+02   0.376277E+04   0.607230E+03
   0.215000E+02   0.376830E+04   0.611018E+03
   0.216000E+02   0.377380E+04   0.614797E+03
   0.217000E+02   0.377926E+04   0.618568E+03
   0.218000E+02   0.378469E+04   0.622331E+03
   0.219000E+02   0.379008E+04   0.626086E+03
   0.220000E+02   0.379544E+04   0.629832E+03
   0.221000E+02   0.380077E+04   0.633570E+03
   0.222000E+02   0.380607E+04   0.637299E+03
   0.223000E+02   0.381133E+04   0.641020E+03
   0.224000E+02   0.381656E+04   0.644732E+03
   0.225000E+02   0.382175E+04   0.648436E+03
   0.226000E+02   0.382692E+04   0.652131E+03
   0.227000E+02   0.383205E+04   0.655816E+03
   0.228000E+02   0.383716E+04   0.659493E+03
   0.229000E+02   0.384223E+04   0.663161E+03
   0.230000E+02   0.384727E+04   0.666821E+03
   0.231000E+02   0.385228E+04   0.670470E+03
   0.232000E+02   0.385727E+04   0.674111E+03
   0.233000E+02   0.386222E+04   0.677743E+03
   0.234000E+02   0.386714E+04   0.681365E+03
   0.235000E+02   0.387203E+04   0.684978E+03
   0.236000E+02   0.387690E+04   0.688582E+03
   0.237000E+02   0.388173E+04   0.692176E+03
   0.238000E+02   0.388654E+04   0.695761E+03
   0.239000E+02   0.389132E+04   0.699336E+03
   0.240000E+02   0.389607E+04   0.702902E+03
   0.241000E+02   0.390079E+04   0.706458E+03
   0.242000E+02   0.390549E+04   0.710005E+03
   0.243000E+02   0.391016E+04   0.713542E+03
   0.244000E+02   0.391480E+04   0.717069E+03
   0.245000E+02   0.391941E+04   0.720586E+03
   0.246000E+02   0.392400E+04   0.724094E+03
   0.247000E+02   0.392856E+04   0.727592E+03
   0.248000E+02   0.393310E+04   0.731080E+03
   0.249000E+02   0.393761E+04   0.734558E+03
   0.250000E+02   0.394209E+04   0.738026E+03
   0.251000E+02   0.394655E+04   0.741484E+03
   0.252000E+02   0.395098E+04   0.744932E+03
   0.253000E+02   0.395539E+04   0.748370E+03
   0.254000E+02   0.395977E+04   0.751798E+03
   0.255000E+02   0.396413E+04   0.755216E+03
   0.256000E+02   0.396846E+04   0.758624E+03
   0.257000E+02   0.397277E+04   0.762021E+03
   0.258000E+02   0.397706E+04   0.765409E+03
   0.259000E+02   0.398132E+04   0.768786E+03
   0.260000E+02   0.398556E+04   0.772153E+03
   0.261000E+02   0.398977E+04   0.775510E+03
   0.262000E+02   0.399396E+04   0.778857E+03
   0.263000E+02   0.399813E+04   0.782193E+03
   0.264000E+02   0.400227E+04   0.785520E+03
   0.265000E+02   0.400640E+04   0.788835E+03
   0.266000E+02   0.401049E+04   0.792141E+03
   0.267000E+02   0.401457E+04   0.795436E+03
   0.268000E+02   0.401863E+04   0.798721E+03
   0.269000E+02   0.402266E+04   0.801995E+03
   0.270000E+02   0.402667E+04   0.805260E+03
   0.271000E+02   0.403066E+04   0.808513E+03
   0.272000E+02   0.403462E+04   0.811757E+03
   0.273000E+02   0.403857E+04   0.814990E+03
   0.274000E+02   0.404249E+04   0.818212E+03
   0.275000E+02   0.404639E+04   0.821424E+03
   0.276000E+02   0.405028E+04   0.824626E+03
   0.277000E+02   0.405414E+04   0.827817E+03
   0.278000E+02   0.405798E+04   0.830998E+03
   0.279000E+02   0.406180E+04   0.834168E+03
   0.280000E+02   0.406560E+04   0.837328E+03
   0.281000E+02   0.406937E+04   0.840477E+03
   0.282000E+02   0.407313E+04   0.843616E+03
   0.283000E+02   0.407687E+04   0.846745E+03
   0.284000E+02   0.408059E+04   0.849863E+03
   0.285000E+02   0.408429E+04   0.852970E+03
   0.286000E+02   0.408797E+04   0.856068E+03
   0.287000E+02   0.409163E+04   0.859154E+03
   0.288000E+02   0.409527E+04   0.862230E+03
   0.289000E+02   0.409890E+04   0.865296E+03
   0.290000E+02   0.410250E+04   0.868351E+03
   0.291000E+02   0.410608E+04   0.871396E+03
   0.292000E+02   0.410965E+04   0.874430E+03
   0.293000E+02   0.411320E+04   0.877454E+03
   0.294000E+02   0.411673E+04   0.880468E+03
   0.295000E+02   0.412024E+04   0.883471E+03
   0.296000E+02   0.412373E+04   0.886463E+03
   0.297000E+02   0.412720E+04   0.889445E+03
   0.298000E+02   0.413066E+04   0.892417E+03
   0.299000E+02   0.413410E+04   0.895379E+03
   0.300000E+02   0.413752E+04   0.898329E+03
   0.301000E+02   0.414092E+04   0.901270E+03
   0.302000E+02   0.414431E+04   0.904200E+03
   0.303000E+02   0.414767E+04   0.907120E+03
   0.304000E+02   0.415103E+04   0.910029E+03
   0.305000E+02   0.415436E+04   0.912928E+03
   0.306000E+02   0.415768E+04   0.915817E+03
   0.307000E+02   0.416098E+04   0.918695E+03
   0.308000E+02   0.416426E+04   0.921563E+03
   0.309000E+02   0.416753E+04   0.924421E+03
   0.310000E+02   0.417078E+04   0.927268E+03
   0.311000E+02   0.417401E+04   0.930105E+03
   0.312000E+02   0.417723E+04   0.932932E+03
   0.313000E+02   0.418043E+04   0.935748E+03
   0.314000E+02   0.418361E+04   0.938555E+03
   0.315000E+02   0.418678E+04   0.941351E+03
   0.316000E+02   0.418993E+04   0.944137E+03
   0.317000E+02   0.419307E+04   0.946912E+03
   0.318000E+02   0.419619E+04   0.949678E+03
   0.319000E+02   0.419930E+04   0.952433E+03
   0.320000E+02   0.420239E+04   0.955178E+03
   0.321000E+02   0.420546E+04   0.957913E+03
   0.322000E+02   0.420852E+04   0.960638E+03
   0.323000E+02   0.421157E+04   0.963352E+03
   0.324000E+02   0.421460E+04   0.966057E+03
   0.325000E+02   0.421761E+04   0.968752E+03
   0.326000E+02   0.422061E+04   0.971436E+03
   0.327000E+02   0.422360E+04   0.974111E+03
   0.328000E+02   0.422656E+04   0.976775E+03
   0.329000E+02   0.422952E+04   0.979430E+03
   0.330000E+02   0.423246E+04   0.982074E+03
   0.331000E+02   0.423539E+04   0.984709E+03
   0.332000E+02   0.423830E+04   0.987333E+03
   0.333000E+02   0.424119E+04   0.989948E+03
   0.334000E+02   0.424408E+04   0.992553E+03
   0.335000E+02   0.424695E+04   0.995148E+03
   0.336000E+02   0.424980E+04   0.997733E+03
   0.337000E+02   0.425264E+04   0.100031E+04
   0.338000E+02   0.425547E+04   0.100287E+04
   0.339000E+02   0.425828E+04   0.100543E+04
   0.340000E+02   0.426108E+04   0.100797E+04
   0.341000E+02   0.426387E+04   0.101051E+04
   0.342000E+02   0.426664E+04   0.101304E+04
   0.343000E+02   0.426940E+04   0.101555E+04
   0.344000E+02   0.427214E+04   0.101806E+04
   0.345000E+02   0.427488E+04   0.102056E+04
   0.346000E+02   0.427760E+04   0.102305E+04
   0.347000E+02   0.428030E+04   0.102552E+04
   0.348000E+02   0.428299E+04   0.102799E+04
   0.349000E+02   0.428567E+04   0.103045E+04
   0.350000E+02   0.428834E+04   0.103290E+04
   0.351000E+02   0.429100E+04   0.103534E+04
   0.352000E+02   0.429364E+04   0.103777E+04
   0.353000E+02   0.429626E+04   0.104019E+04
   0.354000E+02   0.429888E+04   0.104260E+04
   0.355000E+02   0.430148E+04   0.104501E+04
   0.356000E+02   0.430407E+04   0.104740E+04
   0.357000E+02   0.430665E+04   0.104978E+04
   0.358000E+02   0.430922E+04   0.105216E+04
   0.359000E+02   0.431177E+04   0.105452E+04
   0.360000E+02   0.431432E+04   0.105688E+04
   0.361000E+02   0.431684E+04   0.105922E+04
   0.362000E+02   0.431936E+04   0.106156E+04
   0.363000E+02   0.432187E+04   0.106389E+04
   0.364000E+02   0.432436E+04   0.106620E+04
   0.365000E+02   0.432684E+04   0.106851E+04
   0.366000E+02   0.432931E+04   0.107081E+04
   0.367000E+02   0.433177E+04   0.107310E+04
   0.368000E+02   0.433422E+04   0.107539E+04
   0.369000E+02   0.433665E+04   0.107766E+04
   0.370000E+02   0.433908E+04   0.107992E+04
   0.371000E+02   0.434149E+04   0.108218E+04
   0.372000E+02   0.434389E+04   0.108442E+04
   0.373000E+02   0.434628E+04   0.108666E+04
   0.374000E+02   0.434866E+04   0.108889E+04
   0.375000E+02   0.435102E+04   0.109111E+04
   0.376000E+02   0.435338E+04   0.109332E+04
   0.377000E+02   0.435572E+04   0.109552E+04
   0.378000E+02   0.435806E+04   0.109771E+04
   0.379000E+02   0.436038E+04   0.109989E+04
   0.380000E+02   0.436269E+04   0.110207E+04
   0.381000E+02   0.436499E+04   0.110424E+04
   0.382000E+02   0.436728E+04   0.110639E+04
   0.383000E+02   0.436956E+04   0.110854E+04
   0.384000E+02   0.437183E+04   0.111068E+04
   0.385000E+02   0.437409E+04   0.111281E+04
   0.386000E+02   0.437634E+04   0.111494E+04
   0.387000E+02   0.437858E+04   0.111705E+04
   0.388000E+02   0.438080E+04   0.111916E+04
   0.389000E+02   0.438302E+04   0.112125E+04
   0.390000E+02   0.438522E+04   0.112334E+04
   0.391000E+02   0.438742E+04   0.112542E+04
   0.392000E+02   0.438961E+04   0.112749E+04
   0.393000E+02   0.439178E+04   0.112956E+04
   0.394000E+02   0.439395E+04   0.113161E+04
   0.395000E+02   0.439610E+04   0.113366E+04
   0.396000E+02   0.439825E+04   0.113570E+04
   0.397000E+02   0.440038E+04   0.113773E+04
   0.398000E+02   0.440251E+04   0.113975E+04
   0.399000E+02   0.440462E+04   0.114176E+04
   0.400000E+02   0.440673E+04   0.114377E+04
   0.401000E+02   0.440882E+04   0.114576E+04
   0.402000E+02   0.441091E+04   0.114775E+04
   0.403000E+02   0.441299E+04   0.114973E+04
   0.404000E+02   0.441505E+04   0.115170E+04
   0.405000E+02   0.441711E+04   0.115367E+04
   0.406000E+02   0.441916E+04   0.115562E+04
   0.407000E+02   0.442120E+04   0.115757E+04
   0.408000E+02   0.442323E+04   0.115951E+04
   0.409000E+02   0.442525E+04   0.116145E+04
   0.410000E+02   0.442726E+04   0.116337E+04
   0.411000E+02   0.442926E+04   0.116529E+04
   0.412000E+02   0.443125E+04   0.116719E+04
   0.413000E+02   0.443324E+04   0.116910E+04
   0.414000E+02   0.443521E+04   0.117099E+04
   0.415000E+02   0.443717E+04   0.117287E+04
   0.416000E+02   0.443913E+04   0.117475E+04
   0.417000E+02   0.444108E+04   0.117662E+04
   0.418000E+02   0.444302E+04   0.117848E+04
   0.419000E+02   0.444494E+04   0.118034E+04
   0.420000E+02   0.444686E+04   0.118218E+04
   0.421000E+02   0.444878E+04   0.118402E+04
   0.422000E+02   0.445068E+04   0.118585E+04
   0.423000E+02   0.445257E+04   0.118768E+04
   0.424000E+02   0.445446E+04   0.118949E+04
   0.425000E+02   0.445634E+04   0.119130E+04
   0.426000E+02   0.445820E+04   0.119310E+04
   0.427000E+02   0.446006E+04   0.119489E+04
   0.428000E+02   0.446191E+04   0.119668E+04
   0.429000E+02   0.446376E+04   0.119846E+04
   0.430000E+02   0.446559E+04   0.120023E+04
   0.431000E+02   0.446742E+04   0.120199E+04
   0.432000E+02   0.446924E+04   0.120375E+04
   0.433000E+02   0.447105E+04   0.120550E+04
   0.434000E+02   0.447285E+04   0.120724E+04
   0.435000E+02   0.447464E+04   0.120897E+04
   0.436000E+02   0.447642E+04   0.121070E+04
   0.437000E+02   0.447820E+04   0.121242E+04
   0.438000E+02   0.447997E+04   0.121413E+04
   0.439000E+02   0.448173E+04   0.121584E+04
   0.440000E+02   0.448348E+04   0.121754E+04
   0.441000E+02   0.448523E+04   0.121923E+04
   0.442000E+02   0.448697E+04   0.122091E+04
   0.443000E+02   0.448870E+04   0.122259E+04
   0.444000E+02   0.449042E+04   0.122426E+04
   0.445000E+02   0.449213E+04   0.122592E+04
   0.446000E+02   0.449384E+04   0.122758E+04
   0.447000E+02   0.449553E+04   0.122923E+04
   0.448000E+02   0.449722E+04   0.123087E+04
   0.449000E+02   0.449891E+04   0.123251E+04
   0.450000E+02   0.450058E+04   0.123414E+04
   0.451000E+02   0.450225E+04   0.123576E+04
   0.452000E+02   0.450391E+04   0.123737E+04
   0.453000E+02   0.450556E+04   0.123898E+04
   0.454000E+02   0.450721E+04   0.124058E+04
   0.455000E+02   0.450885E+04   0.124218E+04
   0.456000E+02   0.451048E+04   0.124376E+04
   0.457000E+02   0.451210E+04   0.124535E+04
   0.458000E+02   0.451371E+04   0.124692E+04
   0.459000E+02   0.451532E+04   0.124849E+04
   0.460000E+02   0.451692E+04   0.125005E+04
   0.461000E+02   0.451852E+04   0.125160E+04
   0.462000E+02   0.452010E+04   0.125315E+04
   0.463000E+02   0.452168E+04   0.125469E+04
   0.464000E+02   0.452326E+04   0.125623E+04
   0.465000E+02   0.452482E+04   0.125776E+04
   0.466000E+02   0.452638E+04   0.125928E+04
   0.467000E+02   0.452793E+04   0.126079E+04
   0.468000E+02   0.452948E+04   0.126230E+04
   0.469000E+02   0.453101E+04   0.126381E+04
   0.470000E+02   0.453255E+04   0.126530E+04
   0.471000E+02   0.453407E+04   0.126679E+04
   0.472000E+02   0.453559E+04   0.126828E+04
   0.473000E+02   0.453710E+04   0.126975E+04
   0.474000E+02   0.453860E+04   0.127123E+04
   0.475000E+02   0.454010E+04   0.127269E+04
   0.476000E+02   0.454159E+04   0.127415E+04
   0.477000E+02   0.454307E+04   0.127560E+04
   0.478000E+02   0.454455E+04   0.127705E+04
   0.479000E+02   0.454602E+04   0.127849E+04
   0.480000E+02   0.454748E+04   0.127992E+04
   0.481000E+02   0.454894E+04   0.128135E+04
   0.482000E+02   0.455039E+04   0.128277E+04
   0.483000E+02   0.455183E+04   0.128419E+04
   0.484000E+02   0.455327E+04   0.128560E+04
   0.485000E+02   0.455470E+04   0.128700E+04
   0.486000E+02   0.455613E+04   0.128840E+04
   0.487000E+02   0.455754E+04   0.128979E+04
   0.488000E+02   0.455896E+04   0.129118E+04
   0.489000E+02   0.456036E+04   0.129256E+04
   0.490000E+02   0.456176E+04   0.129393E+04
   0.491000E+02   0.456315E+04   0.129530E+04
   0.492000E+02   0.456454E+04   0.129666E+04
   0.493000E+02   0.456592E+04   0.129802E+04
   0.494000E+02   0.456730E+04   0.129937E+04
   0.495000E+02   0.456867E+04   0.130072E+04
   0.496000E+02   0.457003E+04   0.130206E+04
   0.497000E+02   0.457138E+04   0.130339E+04
   0.498000E+02   0.457273E+04   0.130472E+04
   0.499000E+02   0.457408E+04   0.130604E+04
   0.500000E+02   0.457542E+04   0.130736E+04
   0.501000E+02   0.457675E+04   0.130867E+04
   0.502000E+02   0.457808E+04   0.130998E+04
   0.503000E+02   0.457940E+04   0.131128E+04
   0.504000E+02   0.458071E+04   0.131257E+04
   0.505000E+02   0.458202E+04   0.131386E+04
   0.506000E+02   0.458332E+04   0.131514E+04
   0.507000E+02   0.458462E+04   0.131642E+04
   0.508000E+02   0.458591E+04   0.131769E+04
   0.509000E+02   0.458720E+04   0.131896E+04
   0.510000E+02   0.458848E+04   0.132022E+04
   0.511000E+02   0.458975E+04   0.132148E+04
   0.512000E+02   0.459102E+04   0.132273E+04
   0.513000E+02   0.459228E+04   0.132397E+04
   0.514000E+02   0.459354E+04   0.132521E+04
   0.515000E+02   0.459479E+04   0.132645E+04
   0.516000E+02   0.459604E+04   0.132768E+04
   0.517000E+02   0.459728E+04   0.132890E+04
   0.518000E+02   0.459852E+04   0.133012E+04
   0.519000E+02   0.459975E+04   0.133133E+04
   0.520000E+02   0.460097E+04   0.133254E+04
   0.521000E+02   0.460219E+04   0.133375E+04
   0.522000E+02   0.460340E+04   0.133495E+04
   0.523000E+02   0.460461E+04   0.133614E+04
   0.524000E+02   0.460581E+04   0.133733E+04
   0.525000E+02   0.460701E+04   0.133851E+04
   0.526000E+02   0.460820E+04   0.133969E+04
   0.527000E+02   0.460939E+04   0.134086E+04
   0.528000E+02   0.461057E+04   0.134203E+04
   0.529000E+02   0.461175E+04   0.134319E+04
   0.530000E+02   0.461292E+04   0.134435E+04
   0.531000E+02   0.461409E+04   0.134550E+04
   0.532000E+02   0.461525E+04   0.134665E+04
   0.533000E+02   0.461640E+04   0.134779E+04
   0.534000E+02   0.461755E+04   0.134893E+04
   0.535000E+02   0.461870E+04   0.135006E+04
   0.536000E+02   0.461984E+04   0.135119E+04
   0.537000E+02   0.462098E+04   0.135231E+04
   0.538000E+02   0.462211E+04   0.135343E+04
   0.539000E+02   0.462323E+04   0.135455E+04
   0.540000E+02   0.462435E+04   0.135565E+04
   0.541000E+02   0.462547E+04   0.135676E+04
   0.542000E+02   0.462658E+04   0.135786E+04
   0.543000E+02   0.462768E+04   0.135895E+04
   0.544000E+02   0.462878E+04   0.136004E+04
   0.545000E+02   0.462988E+04   0.136113E+04
   0.546000E+02   0.463097E+04   0.136221E+04
   0.547000E+02   0.463206E+04   0.136328E+04
   0.548000E+02   0.463314E+04   0.136435E+04
   0.549000E+02   0.463422E+04   0.136542E+04
   0.550000E+02   0.463529E+04   0.136648E+04
   0.551000E+02   0.463636E+04   0.136754E+04
   0.552000E+02   0.463742E+04   0.136859E+04
   0.553000E+02   0.463848E+04   0.136964E+04
   0.554000E+02   0.463953E+04   0.137069E+04
   0.555000E+02   0.464058E+04   0.137172E+04
   0.556000E+02   0.464162E+04   0.137276E+04
   0.557000E+02   0.464266E+04   0.137379E+04
   0.558000E+02   0.464370E+04   0.137482E+04
   0.559000E+02   0.464473E+04   0.137584E+04
   0.560000E+02   0.464575E+04   0.137685E+04
   0.561000E+02   0.464677E+04   0.137787E+04
   0.562000E+02   0.464779E+04   0.137888E+04
   0.563000E+02   0.464880E+04   0.137988E+04
   0.564000E+02   0.464981E+04   0.138088E+04
   0.565000E+02   0.465081E+04   0.138187E+04
   0.566000E+02   0.465181E+04   0.138287E+04
   0.567000E+02   0.465281E+04   0.138385E+04
   0.568000E+02   0.465380E+04   0.138483E+04
   0.569000E+02   0.465478E+04   0.138581E+04
   0.570000E+02   0.465576E+04   0.138679E+04
   0.571000E+02   0.465674E+04   0.138776E+04
   0.572000E+02   0.465771E+04   0.138872E+04
   0.573000E+02   0.465868E+04   0.138968E+04
   0.574000E+02   0.465965E+04   0.139064E+04
   0.575000E+02   0.466061E+04   0.139159E+04
   0.576000E+02   0.466156E+04   0.139254E+04
   0.577000E+02   0.466251E+04   0.139349E+04
   0.578000E+02   0.466346E+04   0.139443E+04
   0.579000E+02   0.466440E+04   0.139537E+04
   0.580000E+02   0.466534E+04   0.139630E+04
   0.581000E+02   0.466628E+04   0.139723E+04
   0.582000E+02   0.466721E+04   0.139815E+04
   0.583000E+02   0.466813E+04   0.139907E+04
   0.584000E+02   0.466906E+04   0.139999E+04
   0.585000E+02   0.466998E+04   0.140090E+04
   0.586000E+02   0.467089E+04   0.140181E+04
   0.587000E+02   0.467180E+04   0.140272E+04
   0.588000E+02   0.467271E+04   0.140362E+04
   0.589000E+02   0.467361E+04   0.140451E+04
   0.590000E+02   0.467451E+04   0.140541E+04
   0.591000E+02   0.467540E+04   0.140630E+04
   0.592000E+02   0.467629E+04   0.140718E+04
   0.593000E+02   0.467718E+04   0.140806E+04
   0.594000E+02   0.467806E+04   0.140894E+04
   0.595000E+02   0.467894E+04   0.140982E+04
   0.596000E+02   0.467982E+04   0.141069E+04
   0.597000E+02   0.468069E+04   0.141155E+04
   0.598000E+02   0.468156E+04   0.141242E+04
   0.599000E+02   0.468242E+04   0.141327E+04
   0.600000E+02   0.468328E+04   0.141413E+04
   0.601000E+02   0.468414E+04   0.141498E+04
   0.602000E+02   0.468499E+04   0.141583E+04
   0.603000E+02   0.468584E+04   0.141667E+04
   0.604000E+02   0.468668E+04   0.141751E+04
   0.605000E+02   0.468752E+04   0.141835E+04
   0.606000E+02   0.468836E+04   0.141918E+04
   0.607000E+02   0.468919E+04   0.142001E+04
   0.608000E+02   0.469002E+04   0.142084E+04
   0.609000E+02   0.469085E+04   0.142166E+04
   0.610000E+02   0.469167E+04   0.142248E+04
   0.611000E+02   0.469249E+04   0.142330E+04
   0.612000E+02   0.469331E+04   0.142411E+04
   0.613000E+02   0.469412E+04   0.142492E+04
   0.614000E+02   0.469493E+04   0.142572E+04
   0.615000E+02   0.469573E+04   0.142652E+04
   0.616000E+02   0.469654E+04   0.142732E+04
   0.617000E+02   0.469733E+04   0.142811E+04
   0.618000E+02   0.469813E+04   0.142891E+04
   0.619000E+02   0.469892E+04   0.142969E+04
   0.620000E+02   0.469971E+04   0.143048E+04
   0.621000E+02   0.470049E+04   0.143126E+04
   0.622000E+02   0.470127E+04   0.143204E+04
   0.623000E+02   0.470205E+04   0.143281E+04
   0.624000E+02   0.470282E+04   0.143358E+04
   0.625000E+02   0.470359E+04   0.143435E+04
   0.626000E+02   0.470436E+04   0.143511E+04
   0.627000E+02   0.470512E+04   0.143587E+04
   0.628000E+02   0.470588E+04   0.143663E+04
   0.629000E+02   0.470664E+04   0.143738E+04
   0.630000E+02   0.470739E+04   0.143813E+04
   0.631000E+02   0.470814E+04   0.143888E+04
   0.632000E+02   0.470889E+04   0.143963E+04
   0.633000E+02   0.470964E+04   0.144037E+04
   0.634000E+02   0.471038E+04   0.144110E+04
   0.635000E+02   0.471111E+04   0.144184E+04
   0.636000E+02   0.471185E+04   0.144257E+04
   0.637000E+02   0.471258E+04   0.144330E+04
   0.638000E+02   0.471331E+04   0.144402E+04
   0.639000E+02   0.471403E+04   0.144475E+04
   0.640000E+02   0.471475E+04   0.144546E+04
   0.641000E+02   0.471547E+04   0.144618E+04
   0.642000E+02   0.471618E+04   0.144689E+04
   0.643000E+02   0.471690E+04   0.144760E+04
   0.644000E+02   0.471761E+04   0.144831E+04
   0.645000E+02   0.471831E+04   0.144901E+04
   0.646000E+02   0.471901E+04   0.144971E+04
   0.647000E+02   0.471971E+04   0.145041E+04
   0.648000E+02   0.472041E+04   0.145110E+04
   0.649000E+02   0.472110E+04   0.145179E+04
   0.650000E+02   0.472179E+04   0.145248E+04
   0.651000E+02   0.472248E+04   0.145317E+04
   0.652000E+02   0.472316E+04   0.145385E+04
   0.653000E+02   0.472385E+04   0.145453E+04
   0.654000E+02   0.472452E+04   0.145521E+04
   0.655000E+02   0.472520E+04   0.145588E+04
   0.656000E+02   0.472587E+04   0.145655E+04
   0.657000E+02   0.472654E+04   0.145722E+04
   0.658000E+02   0.472721E+04   0.145788E+04
   0.659000E+02   0.472787E+04   0.145854E+04
   0.660000E+02   0.472853E+04   0.145920E+04
   0.661000E+02   0.472919E+04   0.145986E+04
   0.662000E+02   0.472985E+04   0.146051E+04
   0.663000E+02   0.473050E+04   0.146116E+04
   0.664000E+02   0.473115E+04   0.146181E+04
   0.665000E+02   0.473179E+04   0.146245E+04
   0.666000E+02   0.473244E+04   0.146310E+04
   0.667000E+02   0.473308E+04   0.146373E+04
   0.668000E+02   0.473371E+04   0.146437E+04
   0.669000E+02   0.473435E+04   0.146500E+04
   0.670000E+02   0.473498E+04   0.146564E+04
   0.671000E+02   0.473561E+04   0.146626E+04
   0.672000E+02   0.473624E+04   0.146689E+04
   0.673000E+02   0.473686E+04   0.146751E+04
   0.674000E+02   0.473748E+04   0.146813E+04
   0.675000E+02   0.473810E+04   0.146875E+04
   0.676000E+02   0.473872E+04   0.146936E+04
   0.677000E+02   0.473933E+04   0.146997E+04
   0.678000E+02   0.473994E+04   0.147058E+04
   0.679000E+02   0.474055E+04   0.147119E+04
   0.680000E+02   0.474116E+04   0.147179E+04
   0.681000E+02   0.474176E+04   0.147240E+04
   0.682000E+02   0.474236E+04   0.147299E+04
   0.683000E+02   0.474296E+04   0.147359E+04
   0.684000E+02   0.474355E+04   0.147418E+04
   0.685000E+02   0.474414E+04   0.147477E+04
   0.686000E+02   0.474473E+04   0.147536E+04
   0.687000E+02   0.474532E+04   0.147595E+04
   0.688000E+02   0.474590E+04   0.147653E+04
   0.689000E+02   0.474649E+04   0.147711E+04
   0.690000E+02   0.474706E+04   0.147769E+04
   0.691000E+02   0.474764E+04   0.147827E+04
   0.692000E+02   0.474822E+04   0.147884E+04
   0.693000E+02   0.474879E+04   0.147941E+04
   0.694000E+02   0.474936E+04   0.147998E+04
   0.695000E+02   0.474992E+04   0.148054E+04
   0.696000E+02   0.475049E+04   0.148111E+04
   0.697000E+02   0.475105E+04   0.148167E+04
   0.698000E+02   0.475161E+04   0.148223E+04
   0.699000E+02   0.475217E+04   0.148278E+04
   0.700000E+02   0.475272E+04   0.148334E+04
   0.701000E+02   0.475327E+04   0.148389E+04
   0.702000E+02   0.475382E+04   0.148444E+04
   0.703000E+02   0.475437E+04   0.148498E+04
   0.704000E+02   0.475491E+04   0.148553E+04
   0.705000E+02   0.475546E+04   0.148607E+04
   0.706000E+02   0.475600E+04   0.148661E+04
   0.707000E+02   0.475653E+04   0.148714E+04
   0.708000E+02   0.475707E+04   0.148768E+04
   0.709000E+02   0.475760E+04   0.148821E+04
   0.710000E+02   0.475813E+04   0.148874E+04
   0.711000E+02   0.475866E+04   0.148927E+04
   0.712000E+02   0.475919E+04   0.148979E+04
   0.713000E+02   0.475971E+04   0.149032E+04
   0.714000E+02   0.476023E+04   0.149084E+04
   0.715000E+02   0.476075E+04   0.149135E+04
   0.716000E+02   0.476127E+04   0.149187E+04
   0.717000E+02   0.476178E+04   0.149238E+04
   0.718000E+02   0.476230E+04   0.149290E+04
   0.719000E+02   0.476281E+04   0.149341E+04
   0.720000E+02   0.476331E+04   0.149391E+04
   0.721000E+02   0.476382E+04   0.149442E+04
   0.722000E+02   0.476432E+04   0.149492E+04
   0.723000E+02   0.476482E+04   0.149542E+04
   0.724000E+02   0.476532E+04   0.149592E+04
   0.725000E+02   0.476582E+04   0.149642E+04
   0.726000E+02   0.476632E+04   0.149691E+04
   0.727000E+02   0.476681E+04   0.149740E+04
   0.728000E+02   0.476730E+04   0.149789E+04
   0.729000E+02   0.476779E+04   0.149838E+04
   0.730000E+02   0.476827E+04   0.149887E+04
   0.731000E+02   0.476876E+04   0.149935E+04
   0.732000E+02   0.476924E+04   0.149983E+04
   0.733000E+02   0.476972E+04   0.150031E+04
   0.734000E+02   0.477020E+04   0.150079E+04
   0.735000E+02   0.477067E+04   0.150126E+04
   0.736000E+02   0.477115E+04   0.150173E+04
   0.737000E+02   0.477162E+04   0.150221E+04
   0.738000E+02   0.477209E+04   0.150267E+04
   0.739000E+02   0.477255E+04   0.150314E+04
   0.740000E+02   0.477302E+04   0.150361E+04
   0.741000E+02   0.477348E+04   0.150407E+04
   0.742000E+02   0.477394E+04   0.150453E+04
   0.743000E+02   0.477440E+04   0.150499E+04
   0.744000E+02   0.477486E+04   0.150545E+04
   0.745000E+02   0.477532E+04   0.150590E+04
   0.746000E+02   0.477577E+04   0.150635E+04
   0.747000E+02   0.477622E+04   0.150680E+04
   0.748000E+02   0.477667E+04   0.150725E+04
   0.749000E+02   0.477712E+04   0.150770E+04
   0.750000E+02   0.477756E+04   0.150815E+04
   0.751000E+02   0.477801E+04   0.150859E+04
   0.752000E+02   0.477845E+04   0.150903E+04
   0.753000E+02   0.477889E+04   0.150947E+04
   0.754000E+02   0.477933E+04   0.150991E+04
   0.755000E+02   0.477976E+04   0.151034E+04
   0.756000E+02   0.478020E+04   0.151077E+04
   0.757000E+02   0.478063E+04   0.151121E+04
   0.758000E+02   0.478106E+04   0.151164E+04
   0.759000E+02   0.478149E+04   0.151206E+04
   0.760000E+02   0.478191E+04   0.151249E+04
   0.761000E+02   0.478234E+04   0.151291E+04
   0.762000E+02   0.478276E+04   0.151334E+04
   0.763000E+02   0.478318E+04   0.151376E+04
   0.764000E+02   0.478360E+04   0.151418E+04
   0.765000E+02   0.478402E+04   0.151459E+04
   0.766000E+02   0.478443E+04   0.151501E+04
   0.767000E+02   0.478485E+04   0.151542E+04
   0.768000E+02   0.478526E+04   0.151583E+04
   0.769000E+02   0.478567E+04   0.151624E+04
   0.770000E+02   0.478608E+04   0.151665E+04
   0.771000E+02   0.478648E+04   0.151706E+04
   0.772000E+02   0.478689E+04   0.151746E+04
   0.773000E+02   0.478729E+04   0.151786E+04
   0.774000E+02   0.478769E+04   0.151826E+04
   0.775000E+02   0.478809E+04   0.151866E+04
   0.776000E+02   0.478849E+04   0.151906E+04
   0.777000E+02   0.478888E+04   0.151945E+04
   0.778000E+02   0.478928E+04   0.151985E+04
   0.779000E+02   0.478967E+04   0.152024E+04
   0.780000E+02   0.479006E+04   0.152063E+04
   0.781000E+02   0.479045E+04   0.152102E+04
   0.782000E+02   0.479084E+04   0.152141E+04
   0.783000E+02   0.479122E+04   0.152179E+04
   0.784000E+02   0.479161E+04   0.152218E+04
   0.785000E+02   0.479199E+04   0.152256E+04
   0.786000E+02   0.479237E+04   0.152294E+04
   0.787000E+02   0.479275E+04   0.152332E+04
   0.788000E+02   0.479312E+04   0.152369E+04
   0.789000E+02   0.479350E+04   0.152407E+04
   0.790000E+02   0.479387E+04   0.152444E+04
   0.791000E+02   0.479425E+04   0.152481E+04
   0.792000E+02   0.479462E+04   0.152518E+04
   0.793000E+02   0.479499E+04   0.152555E+04
   0.794000E+02   0.479535E+04   0.152592E+04
   0.795000E+02   0.479572E+04   0.152629E+04
   0.796000E+02   0.479608E+04   0.152665E+04
   0.797000E+02   0.479645E+04   0.152701E+04
   0.798000E+02   0.479681E+04   0.152737E+04
   0.799000E+02   0.479717E+04   0.152773E+04
   0.800000E+02   0.479753E+04   0.152809E+04
   0.801000E+02   0.479788E+04   0.152845E+04
   0.802000E+02   0.479824E+04   0.152880E+04
   0.803000E+02   0.479859E+04   0.152915E+04
   0.804000E+02   0.479894E+04   0.152951E+04
   0.805000E+02   0.479929E+04   0.152986E+04
   0.806000E+02   0.479964E+04   0.153020E+04
   0.807000E+02   0.479999E+04   0.153055E+04
   0.808000E+02   0.480033E+04   0.153090E+04
   0.809000E+02   0.480068E+04   0.153124E+04
   0.810000E+02   0.480102E+04   0.153158E+04
   0.811000E+02   0.480136E+04   0.153192E+04
   0.812000E+02   0.480170E+04   0.153226E+04
   0.813000E+02   0.480204E+04   0.153260E+04
   0.814000E+02   0.480238E+04   0.153294E+04
   0.815000E+02   0.480271E+04   0.153327E+04
   0.816000E+02   0.480304E+04   0.153361E+04
   0.817000E+02   0.480338E+04   0.153394E+04
   0.818000E+02   0.480371E+04   0.153427E+04
   0.819000E+02   0.480404E+04   0.153460E+04
   0.820000E+02   0.480437E+04   0.153493E+04
   0.821000E+02   0.480469E+04   0.153525E+04
   0.822000E+02   0.480502E+04   0.153558E+04
   0.823000E+02   0.480534E+04   0.153590E+04
   0.824000E+02   0.480566E+04   0.153622E+04
   0.825000E+02   0.480598E+04   0.153654E+04
   0.826000E+02   0.480630E+04   0.153686E+04
   0.827000E+02   0.480662E+04   0.153718E+04
   0.828000E+02   0.480694E+04   0.153750E+04
   0.829000E+02   0.480725E+04   0.153781E+04
   0.830000E+02   0.480757E+04   0.153813E+04
   0.831000E+02   0.480788E+04   0.153844E+04
   0.832000E+02   0.480819E+04   0.153875E+04
   0.833000E+02   0.480850E+04   0.153906E+04
   0.834000E+02   0.480881E+04   0.153937E+04
   0.835000E+02   0.480912E+04   0.153968E+04
   0.836000E+02   0.480942E+04   0.153998E+04
   0.837000E+02   0.480973E+04   0.154029E+04
   0.838000E+02   0.481003E+04   0.154059E+04
   0.839000E+02   0.481033E+04   0.154089E+04
   0.840000E+02   0.481063E+04   0.154119E+04
   0.841000E+02   0.481093E+04   0.154149E+04
   0.842000E+02   0.481123E+04   0.154179E+04
   0.843000E+02   0.481153E+04   0.154208E+04
   0.844000E+02   0.481182E+04   0.154238E+04
   0.845000E+02   0.481212E+04   0.154267E+04
   0.846000E+02   0.481241E+04   0.154297E+04
   0.847000E+02   0.481270E+04   0.154326E+04
   0.848000E+02   0.481299E+04   0.154355E+04
   0.849000E+02   0.481328E+04   0.154384E+04
   0.850000E+02   0.481357E+04   0.154412E+04
   0.851000E+02   0.481385E+04   0.154441E+04
   0.852000E+02   0.481414E+04   0.154470E+04
   0.853000E+02   0.481442E+04   0.154498E+04
   0.854000E+02   0.481470E+04   0.154526E+04
   0.855000E+02   0.481499E+04   0.154554E+04
   0.856000E+02   0.481527E+04   0.154582E+04
   0.857000E+02   0.481555E+04   0.154610E+04
   0.858000E+02   0.481582E+04   0.154638E+04
   0.859000E+02   0.481610E+04   0.154666E+04
   0.860000E+02   0.481637E+04   0.154693E+04
   0.861000E+02   0.481665E+04   0.154721E+04
   0.862000E+02   0.481692E+04   0.154748E+04
   0.863000E+02   0.481719E+04   0.154775E+04
   0.864000E+02   0.481746E+04   0.154802E+04
   0.865000E+02   0.481773E+04   0.154829E+04
   0.866000E+02   0.481800E+04   0.154856E+04
   0.867000E+02   0.481827E+04   0.154883E+04
   0.868000E+02   0.481853E+04   0.154909E+04
   0.869000E+02   0.481880E+04   0.154936E+04
   0.870000E+02   0.481906E+04   0.154962E+04
   0.871000E+02   0.481933E+04   0.154988E+04
   0.872000E+02   0.481959E+04   0.155014E+04
   0.873000E+02   0.481985E+04   0.155040E+04
   0.874000E+02   0.482011E+04   0.155066E+04
   0.875000E+02   0.482036E+04   0.155092E+04
   0.876000E+02   0.482062E+04   0.155118E+04
   0.877000E+02   0.482088E+04   0.155143E+04
   0.878000E+02   0.482113E+04   0.155169E+04
   0.879000E+02   0.482138E+04   0.155194E+04
   0.880000E+02   0.482164E+04   0.155219E+04
   0.881000E+02   0.482189E+04   0.155244E+04
   0.882000E+02   0.482214E+04   0.155269E+04
   0.883000E+02   0.482239E+04   0.155294E+04
   0.884000E+02   0.482263E+04   0.155319E+04
   0.885000E+02   0.482288E+04   0.155344E+04
   0.886000E+02   0.482313E+04   0.155368E+04
   0.887000E+02   0.482337E+04   0.155393E+04
   0.888000E+02   0.482362E+04   0.155417E+04
   0.889000E+02   0.482386E+04   0.155441E+04
   0.890000E+02   0.482410E+04   0.155465E+04
   0.891000E+02   0.482434E+04   0.155490E+04
   0.892000E+02   0.482458E+04   0.155513E+04
   0.893000E+02   0.482482E+04   0.155537E+04
   0.894000E+02   0.482506E+04   0.155561E+04
   0.895000E+02   0.482529E+04   0.155585E+04
   0.896000E+02   0.482553E+04   0.155608E+04
   0.897000E+02   0.482576E+04   0.155632E+04
   0.898000E+02   0.482599E+04   0.155655E+04
   0.899000E+02   0.482623E+04   0.155678E+04
   0.900000E+02   0.482646E+04   0.155701E+04
   0.901000E+02   0.482669E+04   0.155724E+04
   0.902000E+02   0.482692E+04   0.155747E+04
   0.903000E+02   0.482715E+04   0.155770E+04
   0.904000E+02   0.482737E+04   0.155793E+04
   0.905000E+02   0.482760E+04   0.155815E+04
   0.906000E+02   0.482782E+04   0.155838E+04
   0.907000E+02   0.482805E+04   0.155860E+04
   0.908000E+02   0.482827E+04   0.155883E+04
   0.909000E+02   0.482849E+04   0.155905E+04
   0.910000E+02   0.482871E+04   0.155927E+04
   0.911000E+02   0.482893E+04   0.155949E+04
   0.912000E+02   0.482915E+04   0.155971E+04
   0.913000E+02   0.482937E+04   0.155993E+04
   0.914000E+02   0.482959E+04   0.156014E+04
   0.915000E+02   0.482981E+04   0.156036E+04
   0.916000E+02   0.483002E+04   0.156058E+04
   0.917000E+02   0.483024E+04   0.156079E+04
   0.918000E+02   0.483045E+04   0.156100E+04
   0.919000E+02   0.483066E+04   0.156122E+04
   0.920000E+02   0.483088E+04   0.156143E+04
   0.921000E+02   0.483109E+04   0.156164E+04
   0.922000E+02   0.483130E+04   0.156185E+04
   0.923000E+02   0.483151E+04   0.156206E+04
   0.924000E+02   0.483171E+04   0.156227E+04
   0.925000E+02   0.483192E+04   0.156247E+04
   0.926000E+02   0.483213E+04   0.156268E+04
   0.927000E+02   0.483233E+04   0.156289E+04
   0.928000E+02   0.483254E+04   0.156309E+04
   0.929000E+02   0.483274E+04   0.156329E+04
   0.930000E+02   0.483294E+04   0.156350E+04
   0.931000E+02   0.483315E+04   0.156370E+04
   0.932000E+02   0.483335E+04   0.156390E+04
   0.933000E+02   0.483355E+04   0.156410E+04
   0.934000E+02   0.483375E+04   0.156430E+04
   0.935000E+02   0.483394E+04   0.156450E+04
   0.936000E+02   0.483414E+04   0.156469E+04
   0.937000E+02   0.483434E+04   0.156489E+04
   0.938000E+02   0.483453E+04   0.156509E+04
   0.939000E+02   0.483473E+04   0.156528E+04
   0.940000E+02   0.483492E+04   0.156548E+04
   0.941000E+02   0.483512E+04   0.156567E+04
   0.942000E+02   0.483531E+04   0.156586E+04
   0.943000E+02   0.483550E+04   0.156605E+04
   0.944000E+02   0.483569E+04   0.156624E+04
   0.945000E+02   0.483588E+04   0.156643E+04
   0.946000E+02   0.483607E+04   0.156662E+04
   0.947000E+02   0.483626E+04   0.156681E+04
   0.948000E+02   0.483645E+04   0.156700E+04
   0.949000E+02   0.483663E+04   0.156719E+04
   0.950000E+02   0.483682E+04   0.156737E+04
   0.951000E+02   0.483700E+04   0.156756E+04
   0.952000E+02   0.483719E+04   0.156774E+04
   0.953000E+02   0.483737E+04   0.156792E+04
   0.954000E+02   0.483755E+04   0.156811E+04
   0.955000E+02   0.483773E+04   0.156829E+04
   0.956000E+02   0.483792E+04   0.156847E+04
   0.957000E+02   0.483810E+04   0.156865E+04
   0.958000E+02   0.483828E+04   0.156883E+04
   0.959000E+02   0.483845E+04   0.156901E+04
   0.960000E+02   0.483863E+04   0.156918E+04
   0.961000E+02   0.483881E+04   0.156936E+04
   0.962000E+02   0.483899E+04   0.156954E+04
   0.963000E+02   0.483916E+04   0.156971E+04
   0.964000E+02   0.483934E+04   0.156989E+04
   0.965000E+02   0.483951E+04   0.157006E+04
   0.966000E+02   0.483968E+04   0.157024E+04
   0.967000E+02   0.483986E+04   0.157041E+04
   0.968000E+02   0.484003E+04   0.157058E+04
   0.969000E+02   0.484020E+04   0.157075E+04
   0.970000E+02   0.484037E+04   0.157092E+04
   0.971000E+02   0.484054E+04   0.157109E+04
   0.972000E+02   0.484071E+04   0.157126E+04
   0.973000E+02   0.484087E+04   0.157143E+04
   0.974000E+02   0.484104E+04   0.157159E+04
   0.975000E+02   0.484121E+04   0.157176E+04
   0.976000E+02   0.484137E+04   0.157193E+04
   0.977000E+02   0.484154E+04   0.157209E+04
   0.978000E+02   0.484170E+04   0.157226E+04
   0.979000E+02   0.484187E+04   0.157242E+04
   0.980000E+02   0.484203E+04   0.157258E+04
   0.981000E+02   0.484219E+04   0.157275E+04
   0.982000E+02   0.484235E+04   0.157291E+04
   0.983000E+02   0.484252E+04   0.157307E+04
   0.984000E+02   0.484268E+04   0.157323E+04
   0.985000E+02   0.484283E+04   0.157339E+04
   0.986000E+02   0.484299E+04   0.157355E+04
   0.987000E+02   0.484315E+04   0.157370E+04
   0.988000E+02   0.484331E+04   0.157386E+04
   0.989000E+02   0.484347E+04   0.157402E+04
   0.990000E+02   0.484362E+04   0.157417E+04
   0.991000E+02   0.484378E+04   0.157433E+04
   0.992000E+02   0.484393E+04   0.157448E+04
   0.993000E+02   0.484409E+04   0.157464E+04
   0.994000E+02   0.484424E+04   0.157479E+04
   0.995000E+02   0.484439E+04   0.157494E+04
   0.996000E+02   0.484454E+04   0.157510E+04
   0.997000E+02   0.484469E+04   0.157525E+04
   0.998000E+02   0.484485E+04   0.157540E+04
   0.999000E+02   0.484500E+04   0.157555E+04
   0.100000E+03   0.484514E+04   0.157570E+04
   0.100100E+03   0.484529E+04   0.157585E+04
   0.100200E+03   0.484544E+04   0.157599E+04
   0.100300E+03   0.484559E+04   0.157614E+04
   0.100400E+03   0.484574E+04   0.157629E+04
   0.100500E+03   0.484588E+04   0.157643E+04
   0.100600E+03   0.484603E+04   0.157658E+04
   0.100700E+03   0.484617E+04   0.157672E+04
   0.100800E+03   0.484632E+04   0.157687E+04
   0.100900E+03   0.484646E+04   0.157701E+04
   0.101000E+03   0.484660E+04   0.157715E+04
   0.101100E+03   0.484674E+04   0.157730E+04
   0.101200E+03   0.484689E+04   0.157744E+04
   0.101300E+03   0.484703E+04   0.157758E+04
   0.101400E+03   0.484717E+04   0.157772E+04
   0.101500E+03   0.484731E+04   0.157786E+04
   0.101600E+03   0.484745E+04   0.157800E+04
   0.101700E+03   0.484759E+04   0.157814E+04
   0.101800E+03   0.484772E+04   0.157828E+04
   0.101900E+03   0.484786E+04   0.157841E+04
   0.102000E+03   0.484800E+04   0.157855E+04
   0.102100E+03   0.484813E+04   0.157869E+04
   0.102200E+03   0.484827E+04   0.157882E+04
   0.102300E+03   0.484840E+04   0.157896E+04
   0.102400E+03   0.484854E+04   0.157909E+04
   0.102500E+03   0.484867E+04   0.157923E+04
   0.102600E+03   0.484881E+04   0.157936E+04
   0.102700E+03   0.484894E+04   0.157949E+04
   0.102800E+03   0.484907E+04   0.157962E+04
   0.102900E+03   0.484920E+04   0.157976E+04
   0.103000E+03   0.484933E+04   0.157989E+04
   0.103100E+03   0.484946E+04   0.158002E+04
   0.103200E+03   0.484959E+04   0.158015E+04
   0.103300E+03   0.484972E+04   0.158028E+04
   0.103400E+03   0.484985E+04   0.158040E+04
   0.103500E+03   0.484998E+04   0.158053E+04
   0.103600E+03   0.485011E+04   0.158066E+04
   0.103700E+03   0.485023E+04   0.158079E+04
   0.103800E+03   0.485036E+04   0.158091E+04
   0.103900E+03   0.485049E+04   0.158104E+04
   0.104000E+03   0.485061E+04   0.158116E+04
   0.104100E+03   0.485074E+04   0.158129E+04
   0.104200E+03   0.485086E+04   0.158141E+04
   0.104300E+03   0.485099E+04   0.158154E+04
   0.104400E+03   0.485111E+04   0.158166E+04
   0.104500E+03   0.485123E+04   0.158178E+04
   0.104600E+03   0.485135E+04   0.158191E+04
   0.104700E+03   0.485147E+04   0.158203E+04
   0.104800E+03   0.485160E+04   0.158215E+04
   0.104900E+03   0.485172E+04   0.158227E+04
   0.105000E+03   0.485184E+04   0.158239E+04
   0.105100E+03   0.485196E+04   0.158251E+04
   0.105200E+03   0.485208E+04   0.158263E+04
   0.105300E+03   0.485219E+04   0.158275E+04
   0.105400E+03   0.485231E+04   0.158286E+04
   0.105500E+03   0.485243E+04   0.158298E+04
   0.105600E+03   0.485255E+04   0.158310E+04
   0.105700E+03   0.485266E+04   0.158321E+04
   0.105800E+03   0.485278E+04   0.158333E+04
   0.105900E+03   0.485289E+04   0.158345E+04
   0.106000E+03   0.485301E+04   0.158356E+04
   0.106100E+03   0.485312E+04   0.158367E+04
   0.106200E+03   0.485324E+04   0.158379E+04
   0.106300E+03   0.485335E+04   0.158390E+04
   0.106400E+03   0.485346E+04   0.158401E+04
   0.106500E+03   0.485358E+04   0.158413E+04
   0.106600E+03   0.485369E+04   0.158424E+04
   0.106700E+03   0.485380E+04   0.158435E+04
   0.106800E+03   0.485391E+04   0.158446E+04
   0.106900E+03   0.485402E+04   0.158457E+04
   0.107000E+03   0.485413E+04   0.158468E+04
   0.107100E+03   0.485424E+04   0.158479E+04
   0.107200E+03   0.485435E+04   0.158490E+04
   0.107300E+03   0.485446E+04   0.158501E+04
   0.107400E+03   0.485457E+04   0.158512E+04
   0.107500E+03   0.485467E+04   0.158522E+04
   0.107600E+03   0.485478E+04   0.158533E+04
   0.107700E+03   0.485489E+04   0.158544E+04
   0.107800E+03   0.485499E+04   0.158554E+04
   0.107900E+03   0.485510E+04   0.158565E+04
   0.108000E+03   0.485520E+04   0.158576E+04
   0.108100E+03   0.485531E+04   0.158586E+04
   0.108200E+03   0.485541E+04   0.158596E+04
   0.108300E+03   0.485552E+04   0.158607E+04
   0.108400E+03   0.485562E+04   0.158617E+04
   0.108500E+03   0.485572E+04   0.158628E+04
   0.108600E+03   0.485583E+04   0.158638E+04
   0.108700E+03   0.485593E+04   0.158648E+04
   0.108800E+03   0.485603E+04   0.158658E+04
   0.108900E+03   0.485613E+04   0.158668E+04
   0.109000E+03   0.485623E+04   0.158678E+04
   0.109100E+03   0.485633E+04   0.158688E+04
   0.109200E+03   0.485643E+04   0.158698E+04
   0.109300E+03   0.485653E+04   0.158708E+04
   0.109400E+03   0.485663E+04   0.158718E+04
   0.109500E+03   0.485673E+04   0.158728E+04
   0.109600E+03   0.485683E+04   0.158738E+04
   0.109700E+03   0.485692E+04   0.158748E+04
   0.109800E+03   0.485702E+04   0.158757E+04
   0.109900E+03   0.485712E+04   0.158767E+04
   0.110000E+03   0.485722E+04   0.158777E+04
   0.110100E+03   0.485731E+04   0.158786E+04
   0.110200E+03   0.485741E+04   0.158796E+04
   0.110300E+03   0.485750E+04   0.158805E+04
   0.110400E+03   0.485760E+04   0.158815E+04
   0.110500E+03   0.485769E+04   0.158824E+04
   0.110600E+03   0.485779E+04   0.158834E+04
   0.110700E+03   0.485788E+04   0.158843E+04
   0.110800E+03   0.485797E+04   0.158852E+04
   0.110900E+03   0.485806E+04   0.158862E+04
   0.111000E+03   0.485816E+04   0.158871E+04
   0.111100E+03   0.485825E+04   0.158880E+04
   0.111200E+03   0.485834E+04   0.158889E+04
   0.111300E+03   0.485843E+04   0.158898E+04
   0.111400E+03   0.485852E+04   0.158907E+04
   0.111500E+03   0.485861E+04   0.158916E+04
   0.111600E+03   0.485870E+04   0.158925E+04
   0.111700E+03   0.485879E+04   0.158934E+04
   0.111800E+03   0.485888E+04   0.158943E+04
   0.111900E+03   0.485897E+04   0.158952E+04
   0.112000E+03   0.485906E+04   0.158961E+04
   0.112100E+03   0.485915E+04   0.158970E+04
   0.112200E+03   0.485923E+04   0.158979E+04
   0.112300E+03   0.485932E+04   0.158987E+04
   0.112400E+03   0.485941E+04   0.158996E+04
   0.112500E+03   0.485949E+04   0.159005E+04
   0.112600E+03   0.485958E+04   0.159013E+04
   0.112700E+03   0.485967E+04   0.159022E+04
   0.112800E+03   0.485975E+04   0.159030E+04
   0.112900E+03   0.485984E+04   0.159039E+04
   0.113000E+03   0.485992E+04   0.159047E+04
   0.113100E+03   0.486001E+04   0.159056E+04
   0.113200E+03   0.486009E+04   0.159064E+04
   0.113300E+03   0.486017E+04   0.159072E+04
   0.113400E+03   0.486026E+04   0.159081E+04
   0.113500E+03   0.486034E+04   0.159089E+04
   0.113600E+03   0.486042E+04   0.159097E+04
   0.113700E+03   0.486050E+04   0.159106E+04
   0.113800E+03   0.486058E+04   0.159114E+04
   0.113900E+03   0.486067E+04   0.159122E+04
   0.114000E+03   0.486075E+04   0.159130E+04
   0.114100E+03   0.486083E+04   0.159138E+04
   0.114200E+03   0.486091E+04   0.159146E+04
   0.114300E+03   0.486099E+04   0.159154E+04
   0.114400E+03   0.486107E+04   0.159162E+04
   0.114500E+03   0.486115E+04   0.159170E+04
   0.114600E+03   0.486123E+04   0.159178E+04
   0.114700E+03   0.486130E+04   0.159186E+04
   0.114800E+03   0.486138E+04   0.159193E+04
   0.114900E+03   0.486146E+04   0.159201E+04
   0.115000E+03   0.486154E+04   0.159209E+04
   0.115100E+03   0.486162E+04   0.159217E+04
   0.115200E+03   0.486169E+04   0.159224E+04
   0.115300E+03   0.486177E+04   0.159232E+04
   0.115400E+03   0.486184E+04   0.159240E+04
   0.115500E+03   0.486192E+04   0.159247E+04
   0.115600E+03   0.486200E+04   0.159255E+04
   0.115700E+03   0.486207E+04   0.159262E+04
   0.115800E+03   0.486215E+04   0.159270E+04
   0.115900E+03   0.486222E+04   0.159277E+04
   0.116000E+03   0.486229E+04   0.159285E+04
   0.116100E+03   0.486237E+04   0.159292E+04
   0.116200E+03   0.486244E+04   0.159299E+04
   0.116300E+03   0.486252E+04   0.159307E+04
   0.116400E+03   0.486259E+04   0.159314E+04
   0.116500E+03   0.486266E+04   0.159321E+04
   0.116600E+03   0.486273E+04   0.159329E+04
   0.116700E+03   0.486281E+04   0.159336E+04
   0.116800E+03   0.486288E+04   0.159343E+04
   0.116900E+03   0.486295E+04   0.159350E+04
   0.117000E+03   0.486302E+04   0.159357E+04
   0.117100E+03   0.486309E+04   0.159364E+04
   0.117200E+03   0.486316E+04   0.159371E+04
   0.117300E+03   0.486323E+04   0.159378E+04
   0.117400E+03   0.486330E+04   0.159385E+04
   0.117500E+03   0.486337E+04   0.159392E+04
   0.117600E+03   0.486344E+04   0.159399E+04
   0.117700E+03   0.486351E+04   0.159406E+04
   0.117800E+03   0.486358E+04   0.159413E+04
   0.117900E+03   0.486364E+04   0.159420E+04
   0.118000E+03   0.486371E+04   0.159426E+04
   0.118100E+03   0.486378E+04   0.159433E+04
   0.118200E+03   0.486385E+04   0.159440E+04
   0.118300E+03   0.486392E+04   0.159447E+04
   0.118400E+03   0.486398E+04   0.159453E+04
   0.118500E+03   0.486405E+04   0.159460E+04
   0.118600E+03   0.486411E+04   0.159467E+04
   0.118700E+03   0.486418E+04   0.159473E+04
   0.118800E+03   0.486425E+04   0.159480E+04
   0.118900E+03   0.486431E+04   0.159486E+04
   0.119000E+03   0.486438E+04   0.159493E+04
   0.119100E+03   0.486444E+04   0.159499E+04
   0.119200E+03   0.486451E+04   0.159506E+04
   0.119300E+03   0.486457E+04   0.159512E+04
   0.119400E+03   0.486463E+04   0.159519E+04
   0.119500E+03   0.486470E+04   0.159525E+04
   0.119600E+03   0.486476E+04   0.159531E+04
   0.119700E+03   0.486482E+04   0.159538E+04
   0.119800E+03   0.486489E+04   0.159544E+04
   0.119900E+03   0.486495E+04   0.159550E+04
   0.120000E+03   0.486501E+04   0.159556E+04
   0.120100E+03   0.486507E+04   0.159563E+04
   0.120200E+03   0.486514E+04   0.159569E+04
   0.120300E+03   0.486520E+04   0.159575E+04
   0.120400E+03   0.486526E+04   0.159581E+04
   0.120500E+03   0.486532E+04   0.159587E+04
   0.120600E+03   0.486538E+04   0.159593E+04
   0.120700E+03   0.486544E+04   0.159599E+04
   0.120800E+03   0.486550E+04   0.159605E+04
   0.120900E+03   0.486556E+04   0.159611E+04
   0.121000E+03   0.486562E+04   0.159617E+04
   0.121100E+03   0.486568E+04   0.159623E+04
   0.121200E+03   0.486574E+04   0.159629E+04
   0.121300E+03   0.486580E+04   0.159635E+04
   0.121400E+03   0.486586E+04   0.159641E+04
   0.121500E+03   0.486591E+04   0.159647E+04
   0.121600E+03   0.486597E+04   0.159652E+04
   0.121700E+03   0.486603E+04   0.159658E+04
   0.121800E+03   0.486609E+04   0.159664E+04
   0.121900E+03   0.486615E+04   0.159670E+04
   0.122000E+03   0.486620E+04   0.159675E+04
   0.122100E+03   0.486626E+04   0.159681E+04
   0.122200E+03   0.486632E+04   0.159687E+04
   0.122300E+03   0.486637E+04   0.159692E+04
   0.122400E+03   0.486643E+04   0.159698E+04
   0.122500E+03   0.486648E+04   0.159704E+04
   0.122600E+03   0.486654E+04   0.159709E+04
   0.122700E+03   0.486660E+04   0.159715E+04
   0.122800E+03   0.486665E+04   0.159720E+04
   0.122900E+03   0.486671E+04   0.159726E+04
   0.123000E+03   0.486676E+04   0.159731E+04
   0.123100E+03   0.486681E+04   0.159737E+04
   0.123200E+03   0.486687E+04   0.159742E+04
   0.123300E+03   0.486692E+04   0.159747E+04
   0.123400E+03   0.486698E+04   0.159753E+04
   0.123500E+03   0.486703E+04   0.159758E+04
   0.123600E+03   0.486708E+04   0.159764E+04
   0.123700E+03   0.486714E+04   0.159769E+04
   0.123800E+03   0.486719E+04   0.159774E+04
   0.123900E+03   0.486724E+04   0.159779E+04
   0.124000E+03   0.486729E+04   0.159785E+04
   0.124100E+03   0.486735E+04   0.159790E+04
   0.124200E+03   0.486740E+04   0.159795E+04
   0.124300E+03   0.486745E+04   0.159800E+04
   0.124400E+03   0.486750E+04   0.159805E+04
   0.124500E+03   0.486755E+04   0.159810E+04
   0.124600E+03   0.486760E+04   0.159815E+04
   0.124700E+03   0.486765E+04   0.159821E+04
   0.124800E+03   0.486770E+04   0.159826E+04
   0.124900E+03   0.486775E+04   0.159831E+04
   0.125000E+03   0.486780E+04   0.159836E+04
   0.125100E+03   0.486785E+04   0.159841E+04
   0.125200E+03   0.486790E+04   0.159846E+04
   0.125300E+03   0.486795E+04   0.159851E+04
   0.125400E+03   0.486800E+04   0.159855E+04
   0.125500E+03   0.486805E+04   0.159860E+04
   0.125600E+03   0.486810E+04   0.159865E+04
   0.125700E+03   0.486815E+04   0.159870E+04
   0.125800E+03   0.486820E+04   0.159875E+04
   0.125900E+03   0.486825E+04   0.159880E+04
   0.126000E+03   0.486829E+04   0.159885E+04
   0.126100E+03   0.486834E+04   0.159889E+04
   0.126200E+03   0.486839E+04   0.159894E+04
   0.126300E+03   0.486844E+04   0.159899E+04
   0.126400E+03   0.486848E+04   0.159904E+04
   0.126500E+03   0.486853E+04   0.159908E+04
   0.126600E+03   0.486858E+04   0.159913E+04
   0.126700E+03   0.486862E+04   0.159918E+04
   0.126800E+03   0.486867E+04   0.159922E+04
   0.126900E+03   0.486872E+04   0.159927E+04
   0.127000E+03   0.486876E+04   0.159931E+04
   0.127100E+03   0.486881E+04   0.159936E+04
   0.127200E+03   0.486885E+04   0.159940E+04
   0.127300E+03   0.486890E+04   0.159945E+04
   0.127400E+03   0.486894E+04   0.159950E+04
   0.127500E+03   0.486899E+04   0.159954E+04
   0.127600E+03   0.486903E+04   0.159958E+04
   0.127700E+03   0.486908E+04   0.159963E+04
   0.127800E+03   0.486912E+04   0.159967E+04
   0.127900E+03   0.486917E+04   0.159972E+04
   0.128000E+03   0.486921E+04   0.159976E+04
   0.128100E+03   0.486925E+04   0.159981E+04
   0.128200E+03   0.486930E+04   0.159985E+04
   0.128300E+03   0.486934E+04   0.159989E+04
   0.128400E+03   0.486938E+04   0.159994E+04
   0.128500E+03   0.486943E+04   0.159998E+04
   0.128600E+03   0.486947E+04   0.160002E+04
   0.128700E+03   0.486951E+04   0.160006E+04
   0.128800E+03   0.486955E+04   0.160011E+04
   0.128900E+03   0.486960E+04   0.160015E+04
   0.129000E+03   0.486964E+04   0.160019E+04
   0.129100E+03   0.486968E+04   0.160023E+04
   0.129200E+03   0.486972E+04   0.160027E+04
   0.129300E+03   0.486976E+04   0.160032E+04
   0.129400E+03   0.486980E+04   0.160036E+04
   0.129500E+03   0.486985E+04   0.160040E+04
   0.129600E+03   0.486989E+04   0.160044E+04
   0.129700E+03   0.486993E+04   0.160048E+04
   0.129800E+03   0.486997E+04   0.160052E+04
   0.129900E+03   0.487001E+04   0.160056E+04
   0.130000E+03   0.487005E+04   0.160060E+04
   0.130100E+03   0.487009E+04   0.160064E+04
   0.130200E+03   0.487013E+04   0.160068E+04
   0.130300E+03   0.487017E+04   0.160072E+04
   0.130400E+03   0.487021E+04   0.160076E+04
   0.130500E+03   0.487025E+04   0.160080E+04
   0.130600E+03   0.487029E+04   0.160084E+04
   0.130700E+03   0.487033E+04   0.160088E+04
   0.130800E+03   0.487036E+04   0.160092E+04
   0.130900E+03   0.487040E+04   0.160096E+04
   0.131000E+03   0.487044E+04   0.160099E+04
   0.131100E+03   0.487048E+04   0.160103E+04
   0.131200E+03   0.487052E+04   0.160107E+04
   0.131300E+03   0.487056E+04   0.160111E+04
   0.131400E+03   0.487059E+04   0.160115E+04
   0.131500E+03   0.487063E+04   0.160118E+04
   0.131600E+03   0.487067E+04   0.160122E+04
   0.131700E+03   0.487071E+04   0.160126E+04
   0.131800E+03   0.487074E+04   0.160130E+04
   0.131900E+03   0.487078E+04   0.160133E+04
   0.132000E+03   0.487082E+04   0.160137E+04
   0.132100E+03   0.487085E+04   0.160141E+04
   0.132200E+03   0.487089E+04   0.160144E+04
   0.132300E+03   0.487093E+04   0.160148E+04
   0.132400E+03   0.487096E+04   0.160152E+04
   0.132500E+03   0.487100E+04   0.160155E+04
   0.132600E+03   0.487104E+04   0.160159E+04
   0.132700E+03   0.487107E+04   0.160162E+04
   0.132800E+03   0.487111E+04   0.160166E+04
   0.132900E+03   0.487114E+04   0.160169E+04
   0.133000E+03   0.487118E+04   0.160173E+04
   0.133100E+03   0.487121E+04   0.160177E+04
   0.133200E+03   0.487125E+04   0.160180E+04
   0.133300E+03   0.487128E+04   0.160184E+04
   0.133400E+03   0.487132E+04   0.160187E+04
   0.133500E+03   0.487135E+04   0.160190E+04
   0.133600E+03   0.487139E+04   0.160194E+04
   0.133700E+03   0.487142E+04   0.160197E+04
   0.133800E+03   0.487146E+04   0.160201E+04
   0.133900E+03   0.487149E+04   0.160204E+04
   0.134000E+03   0.487152E+04   0.160207E+04
   0.134100E+03   0.487156E+04   0.160211E+04
   0.134200E+03   0.487159E+04   0.160214E+04
   0.134300E+03   0.487162E+04   0.160218E+04
   0.134400E+03   0.487166E+04   0.160221E+04
   0.134500E+03   0.487169E+04   0.160224E+04
   0.134600E+03   0.487172E+04   0.160227E+04
   0.134700E+03   0.487176E+04   0.160231E+04
   0.134800E+03   0.487179E+04   0.160234E+04
   0.134900E+03   0.487182E+04   0.160237E+04
   0.135000E+03   0.487185E+04   0.160240E+04
   0.135100E+03   0.487188E+04   0.160244E+04
   0.135200E+03   0.487192E+04   0.160247E+04
   0.135300E+03   0.487195E+04   0.160250E+04
   0.135400E+03   0.487198E+04   0.160253E+04
   0.135500E+03   0.487201E+04   0.160256E+04
   0.135600E+03   0.487204E+04   0.160260E+04
   0.135700E+03   0.487208E+04   0.160263E+04
   0.135800E+03   0.487211E+04   0.160266E+04
   0.135900E+03   0.487214E+04   0.160269E+04
   0.136000E+03   0.487217E+04   0.160272E+04
   0.136100E+03   0.487220E+04   0.160275E+04
   0.136200E+03   0.487223E+04   0.160278E+04
   0.136300E+03   0.487226E+04   0.160281E+04
   0.136400E+03   0.487229E+04   0.160284E+04
   0.136500E+03   0.487232E+04   0.160287E+04
   0.136600E+03   0.487235E+04   0.160290E+04
   0.136700E+03   0.487238E+04   0.160293E+04
   0.136800E+03   0.487241E+04   0.160296E+04
   0.136900E+03   0.487244E+04   0.160299E+04
   0.137000E+03   0.487247E+04   0.160302E+04
   0.137100E+03   0.487250E+04   0.160305E+04
   0.137200E+03   0.487253E+04   0.160308E+04
   0.137300E+03   0.487256E+04   0.160311E+04
   0.137400E+03   0.487259E+04   0.160314E+04
   0.137500E+03   0.487262E+04   0.160317E+04
   0.137600E+03   0.487265E+04   0.160320E+04
   0.137700E+03   0.487267E+04   0.160323E+04
   0.137800E+03   0.487270E+04   0.160326E+04
   0.137900E+03   0.487273E+04   0.160328E+04
   0.138000E+03   0.487276E+04   0.160331E+04
   0.138100E+03   0.487279E+04   0.160334E+04
   0.138200E+03   0.487282E+04   0.160337E+04
   0.138300E+03   0.487284E+04   0.160340E+04
   0.138400E+03   0.487287E+04   0.160342E+04
   0.138500E+03   0.487290E+04   0.160345E+04
   0.138600E+03   0.487293E+04   0.160348E+04
   0.138700E+03   0.487296E+04   0.160351E+04
   0.138800E+03   0.487298E+04   0.160353E+04
   0.138900E+03   0.487301E+04   0.160356E+04
   0.139000E+03   0.487304E+04   0.160359E+04
   0.139100E+03   0.487306E+04   0.160362E+04
   0.139200E+03   0.487309E+04   0.160364E+04
   0.139300E+03   0.487312E+04   0.160367E+04
   0.139400E+03   0.487314E+04   0.160370E+04
   0.139500E+03   0.487317E+04   0.160372E+04
   0.139600E+03   0.487320E+04   0.160375E+04
   0.139700E+03   0.487322E+04   0.160378E+04
   0.139800E+03   0.487325E+04   0.160380E+04
   0.139900E+03   0.487328E+04   0.160383E+04
   0.140000E+03   0.487330E+04   0.160385E+04
   0.140100E+03   0.487333E+04   0.160388E+04
   0.140200E+03   0.487335E+04   0.160391E+04
   0.140300E+03   0.487338E+04   0.160393E+04
   0.140400E+03   0.487341E+04   0.160396E+04
   0.140500E+03   0.487343E+04   0.160398E+04
   0.140600E+03   0.487346E+04   0.160401E+04
   0.140700E+03   0.487348E+04   0.160403E+04
   0.140800E+03   0.487351E+04   0.160406E+04
   0.140900E+03   0.487353E+04   0.160408E+04
   0.141000E+03   0.487356E+04   0.160411E+04
   0.141100E+03   0.487358E+04   0.160413E+04
   0.141200E+03   0.487361E+04   0.160416E+04
   0.141300E+03   0.487363E+04   0.160418E+04
   0.141400E+03   0.487365E+04   0.160421E+04
   0.141500E+03   0.487368E+04   0.160423E+04
   0.141600E+03   0.487370E+04   0.160426E+04
   0.141700E+03   0.487373E+04   0.160428E+04
   0.141800E+03   0.487375E+04   0.160430E+04
   0.141900E+03   0.487378E+04   0.160433E+04
   0.142000E+03   0.487380E+04   0.160435E+04
   0.142100E+03   0.487382E+04   0.160437E+04
   0.142200E+03   0.487385E+04   0.160440E+04
   0.142300E+03   0.487387E+04   0.160442E+04
   0.142400E+03   0.487389E+04   0.160445E+04
   0.142500E+03   0.487392E+04   0.160447E+04
   0.142600E+03   0.487394E+04   0.160449E+04
   0.142700E+03   0.487396E+04   0.160452E+04
   0.142800E+03   0.487399E+04   0.160454E+04
   0.142900E+03   0.487401E+04   0.160456E+04
   0.143000E+03   0.487403E+04   0.160458E+04
   0.143100E+03   0.487405E+04   0.160461E+04
   0.143200E+03   0.487408E+04   0.160463E+04
   0.143300E+03   0.487410E+04   0.160465E+04
   0.143400E+03   0.487412E+04   0.160467E+04
   0.143500E+03   0.487414E+04   0.160470E+04
   0.143600E+03   0.487417E+04   0.160472E+04
   0.143700E+03   0.487419E+04   0.160474E+04
   0.143800E+03   0.487421E+04   0.160476E+04
   0.143900E+03   0.487423E+04   0.160478E+04
   0.144000E+03   0.487425E+04   0.160481E+04
   0.144100E+03   0.487428E+04   0.160483E+04
   0.144200E+03   0.487430E+04   0.160485E+04
   0.144300E+03   0.487432E+04   0.160487E+04
   0.144400E+03   0.487434E+04   0.160489E+04
   0.144500E+03   0.487436E+04   0.160491E+04
   0.144600E+03   0.487438E+04   0.160494E+04
   0.144700E+03   0.487440E+04   0.160496E+04
   0.144800E+03   0.487443E+04   0.160498E+04
   0.144900E+03   0.487445E+04   0.160500E+04
   0.145000E+03   0.487447E+04   0.160502E+04
   0.145100E+03   0.487449E+04   0.160504E+04
   0.145200E+03   0.487451E+04   0.160506E+04
   0.145300E+03   0.487453E+04   0.160508E+04
   0.145400E+03   0.487455E+04   0.160510E+04
   0.145500E+03   0.487457E+04   0.160512E+04
   0.145600E+03   0.487459E+04   0.160514E+04
   0.145700E+03   0.487461E+04   0.160516E+04
   0.145800E+03   0.487463E+04   0.160518E+04
   0.145900E+03   0.487465E+04   0.160520E+04
   0.146000E+03   0.487467E+04   0.160522E+04
   0.146100E+03   0.487469E+04   0.160524E+04
   0.146200E+03   0.487471E+04   0.160526E+04
   0.146300E+03   0.487473E+04   0.160528E+04
   0.146400E+03   0.487475E+04   0.160530E+04
   0.146500E+03   0.487477E+04   0.160532E+04
   0.146600E+03   0.487479E+04   0.160534E+04
   0.146700E+03   0.487481E+04   0.160536E+04
   0.146800E+03   0.487483E+04   0.160538E+04
   0.146900E+03   0.487485E+04   0.160540E+04
   0.147000E+03   0.487487E+04   0.160542E+04
   0.147100E+03   0.487489E+04   0.160544E+04
   0.147200E+03   0.487491E+04   0.160546E+04
   0.147300E+03   0.487492E+04   0.160548E+04
   0.147400E+03   0.487494E+04   0.160549E+04
   0.147500E+03   0.487496E+04   0.160551E+04
   0.147600E+03   0.487498E+04   0.160553E+04
   0.147700E+03   0.487500E+04   0.160555E+04
   0.147800E+03   0.487502E+04   0.160557E+04
   0.147900E+03   0.487504E+04   0.160559E+04
   0.148000E+03   0.487505E+04   0.160561E+04
   0.148100E+03   0.487507E+04   0.160562E+04
   0.148200E+03   0.487509E+04   0.160564E+04
   0.148300E+03   0.487511E+04   0.160566E+04
   0.148400E+03   0.487513E+04   0.160568E+04
   0.148500E+03   0.487514E+04   0.160570E+04
   0.148600E+03   0.487516E+04   0.160571E+04
   0.148700E+03   0.487518E+04   0.160573E+04
   0.148800E+03   0.487520E+04   0.160575E+04
   0.148900E+03   0.487522E+04   0.160577E+04
   0.149000E+03   0.487523E+04   0.160578E+04
   0.149100E+03   0.487525E+04   0.160580E+04
   0.149200E+03   0.487527E+04   0.160582E+04
   0.149300E+03   0.487529E+04   0.160584E+04
   0.149400E+03   0.487530E+04   0.160585E+04
   0.149500E+03   0.487532E+04   0.160587E+04
   0.149600E+03   0.487534E+04   0.160589E+04
   0.149700E+03   0.487535E+04   0.160591E+04
   0.149800E+03   0.487537E+04   0.160592E+04
   0.149900E+03   0.487539E+04   0.160594E+04
   0.150000E+03   0.487540E+04   0.160596E+04
   0.150100E+03   0.487542E+04   0.160597E+04
   0.150200E+03   0.487544E+04   0.160599E+04
   0.150300E+03   0.487545E+04   0.160601E+04
   0.150400E+03   0.487547E+04   0.160602E+04
   0.150500E+03   0.487549E+04   0.160604E+04
   0.150600E+03   0.487550E+04   0.160606E+04
   0.150700E+03   0.487552E+04   0.160607E+04
   0.150800E+03   0.487554E+04   0.160609E+04
   0.150900E+03   0.487555E+04   0.160610E+04
   0.151000E+03   0.487557E+04   0.160612E+04
   0.151100E+03   0.487558E+04   0.160614E+04
   0.151200E+03   0.487560E+04   0.160615E+04
   0.151300E+03   0.487562E+04   0.160617E+04
   0.151400E+03   0.487563E+04   0.160618E+04
   0.151500E+03   0.487565E+04   0.160620E+04
   0.151600E+03   0.487566E+04   0.160622E+04
   0.151700E+03   0.487568E+04   0.160623E+04
   0.151800E+03   0.487569E+04   0.160625E+04
   0.151900E+03   0.487571E+04   0.160626E+04
   0.152000E+03   0.487573E+04   0.160628E+04
   0.152100E+03   0.487574E+04   0.160629E+04
   0.152200E+03   0.487576E+04   0.160631E+04
   0.152300E+03   0.487577E+04   0.160632E+04
   0.152400E+03   0.487579E+04   0.160634E+04
   0.152500E+03   0.487580E+04   0.160635E+04
   0.152600E+03   0.487582E+04   0.160637E+04
   0.152700E+03   0.487583E+04   0.160638E+04
   0.152800E+03   0.487585E+04   0.160640E+04
   0.152900E+03   0.487586E+04   0.160641E+04
   0.153000E+03   0.487588E+04   0.160643E+04
   0.153100E+03   0.487589E+04   0.160644E+04
   0.153200E+03   0.487590E+04   0.160646E+04
   0.153300E+03   0.487592E+04   0.160647E+04
   0.153400E+03   0.487593E+04   0.160649E+04
   0.153500E+03   0.487595E+04   0.160650E+04
   0.153600E+03   0.487596E+04   0.160651E+04
   0.153700E+03   0.487598E+04   0.160653E+04
   0.153800E+03   0.487599E+04   0.160654E+04
   0.153900E+03   0.487601E+04   0.160656E+04
   0.154000E+03   0.487602E+04   0.160657E+04
   0.154100E+03   0.487603E+04   0.160659E+04
   0.154200E+03   0.487605E+04   0.160660E+04
   0.154300E+03   0.487606E+04   0.160661E+04
   0.154400E+03   0.487608E+04   0.160663E+04
   0.154500E+03   0.487609E+04   0.160664E+04
   0.154600E+03   0.487610E+04   0.160665E+04
   0.154700E+03   0.487612E+04   0.160667E+04
   0.154800E+03   0.487613E+04   0.160668E+04
   0.154900E+03   0.487614E+04   0.160670E+04
   0.155000E+03   0.487616E+04   0.160671E+04
   0.155100E+03   0.487617E+04   0.160672E+04
   0.155200E+03   0.487618E+04   0.160674E+04
   0.155300E+03   0.487620E+04   0.160675E+04
   0.155400E+03   0.487621E+04   0.160676E+04
   0.155500E+03   0.487622E+04   0.160678E+04
   0.155600E+03   0.487624E+04   0.160679E+04
   0.155700E+03   0.487625E+04   0.160680E+04
   0.155800E+03   0.487626E+04   0.160681E+04
   0.155900E+03   0.487628E+04   0.160683E+04
   0.156000E+03   0.487629E+04   0.160684E+04
   0.156100E+03   0.487630E+04   0.160685E+04
   0.156200E+03   0.487631E+04   0.160687E+04
   0.156300E+03   0.487633E+04   0.160688E+04
   0.156400E+03   0.487634E+04   0.160689E+04
   0.156500E+03   0.487635E+04   0.160690E+04
   0.156600E+03   0.487637E+04   0.160692E+04
   0.156700E+03   0.487638E+04   0.160693E+04
   0.156800E+03   0.487639E+04   0.160694E+04
   0.156900E+03   0.487640E+04   0.160695E+04
   0.157000E+03   0.487641E+04   0.160697E+04
   0.157100E+03   0.487643E+04   0.160698E+04
   0.157200E+03   0.487644E+04   0.160699E+04
   0.157300E+03   0.487645E+04   0.160700E+04
   0.157400E+03   0.487646E+04   0.160702E+04
   0.157500E+03   0.487648E+04   0.160703E+04
   0.157600E+03   0.487649E+04   0.160704E+04
   0.157700E+03   0.487650E+04   0.160705E+04
   0.157800E+03   0.487651E+04   0.160706E+04
   0.157900E+03   0.487652E+04   0.160708E+04
   0.158000E+03   0.487654E+04   0.160709E+04
   0.158100E+03   0.487655E+04   0.160710E+04
   0.158200E+03   0.487656E+04   0.160711E+04
   0.158300E+03   0.487657E+04   0.160712E+04
   0.158400E+03   0.487658E+04   0.160713E+04
   0.158500E+03   0.487659E+04   0.160715E+04
   0.158600E+03   0.487661E+04   0.160716E+04
   0.158700E+03   0.487662E+04   0.160717E+04
   0.158800E+03   0.487663E+04   0.160718E+04
   0.158900E+03   0.487664E+04   0.160719E+04
   0.159000E+03   0.487665E+04   0.160720E+04
   0.159100E+03   0.487666E+04   0.160721E+04
   0.159200E+03   0.487667E+04   0.160723E+04
   0.159300E+03   0.487668E+04   0.160724E+04
   0.159400E+03   0.487670E+04   0.160725E+04
   0.159500E+03   0.487671E+04   0.160726E+04
   0.159600E+03   0.487672E+04   0.160727E+04
   0.159700E+03   0.487673E+04   0.160728E+04
   0.159800E+03   0.487674E+04   0.160729E+04
   0.159900E+03   0.487675E+04   0.160730E+04
   0.160000E+03   0.487676E+04   0.160731E+04
   0.160100E+03   0.487677E+04   0.160732E+04
   0.160200E+03   0.487678E+04   0.160734E+04
   0.160300E+03   0.487679E+04   0.160735E+04
   0.160400E+03   0.487680E+04   0.160736E+04
   0.160500E+03   0.487682E+04   0.160737E+04
   0.160600E+03   0.487683E+04   0.160738E+04
   0.160700E+03   0.487684E+04   0.160739E+04
   0.160800E+03   0.487685E+04   0.160740E+04
   0.160900E+03   0.487686E+04   0.160741E+04
   0.161000E+03   0.487687E+04   0.160742E+04
   0.161100E+03   0.487688E+04   0.160743E+04
   0.161200E+03   0.487689E+04   0.160744E+04
   0.161300E+03   0.487690E+04   0.160745E+04
   0.161400E+03   0.487691E+04   0.160746E+04
   0.161500E+03   0.487692E+04   0.160747E+04
   0.161600E+03   0.487693E+04   0.160748E+04
   0.161700E+03   0.487694E+04   0.160749E+04
   0.161800E+03   0.487695E+04   0.160750E+04
   0.161900E+03   0.487696E+04   0.160751E+04
   0.162000E+03   0.487697E+04   0.160752E+04
   0.162100E+03   0.487698E+04   0.160753E+04
   0.162200E+03   0.487699E+04   0.160754E+04
   0.162300E+03   0.487700E+04   0.160755E+04
   0.162400E+03   0.487701E+04   0.160756E+04
   0.162500E+03   0.487702E+04   0.160757E+04
   0.162600E+03   0.487703E+04   0.160758E+04
   0.162700E+03   0.487704E+04   0.160759E+04
   0.162800E+03   0.487705E+04   0.160760E+04
   0.162900E+03   0.487706E+04   0.160761E+04
   0.163000E+03   0.487707E+04   0.160762E+04
   0.163100E+03   0.487708E+04   0.160763E+04
   0.163200E+03   0.487709E+04   0.160764E+04
   0.163300E+03   0.487709E+04   0.160765E+04
   0.163400E+03   0.487710E+04   0.160766E+04
   0.163500E+03   0.487711E+04   0.160767E+04
   0.163600E+03   0.487712E+04   0.160767E+04
   0.163700E+03   0.487713E+04   0.160768E+04
   0.163800E+03   0.487714E+04   0.160769E+04
   0.163900E+03   0.487715E+04   0.160770E+04
   0.164000E+03   0.487716E+04   0.160771E+04
   0.164100E+03   0.487717E+04   0.160772E+04
   0.164200E+03   0.487718E+04   0.160773E+04
   0.164300E+03   0.487719E+04   0.160774E+04
   0.164400E+03   0.487720E+04   0.160775E+04
   0.164500E+03   0.487720E+04   0.160776E+04
   0.164600E+03   0.487721E+04   0.160776E+04
   0.164700E+03   0.487722E+04   0.160777E+04
   0.164800E+03   0.487723E+04   0.160778E+04
   0.164900E+03   0.487724E+04   0.160779E+04
   0.165000E+03   0.487725E+04   0.160780E+04
   0.165100E+03   0.487726E+04   0.160781E+04
   0.165200E+03   0.487727E+04   0.160782E+04
   0.165300E+03   0.487727E+04   0.160783E+04
   0.165400E+03   0.487728E+04   0.160783E+04
   0.165500E+03   0.487729E+04   0.160784E+04
   0.165600E+03   0.487730E+04   0.160785E+04
   0.165700E+03   0.487731E+04   0.160786E+04
   0.165800E+03   0.487732E+04   0.160787E+04
   0.165900E+03   0.487732E+04   0.160788E+04
   0.166000E+03   0.487733E+04   0.160789E+04
   0.166100E+03   0.487734E+04   0.160789E+04
   0.166200E+03   0.487735E+04   0.160790E+04
   0.166300E+03   0.487736E+04   0.160791E+04
   0.166400E+03   0.487737E+04   0.160792E+04
   0.166500E+03   0.487737E+04   0.160793E+04
   0.166600E+03   0.487738E+04   0.160793E+04
   0.166700E+03   0.487739E+04   0.160794E+04
   0.166800E+03   0.487740E+04   0.160795E+04
   0.166900E+03   0.487741E+04   0.160796E+04
   0.167000E+03   0.487741E+04   0.160797E+04
   0.167100E+03   0.487742E+04   0.160797E+04
   0.167200E+03   0.487743E+04   0.160798E+04
   0.167300E+03   0.487744E+04   0.160799E+04
   0.167400E+03   0.487745E+04   0.160800E+04
   0.167500E+03   0.487745E+04   0.160801E+04
   0.167600E+03   0.487746E+04   0.160801E+04
   0.167700E+03   0.487747E+04   0.160802E+04
   0.167800E+03   0.487748E+04   0.160803E+04
   0.167900E+03   0.487749E+04   0.160804E+04
   0.168000E+03   0.487749E+04   0.160804E+04
   0.168100E+03   0.487750E+04   0.160805E+04
   0.168200E+03   0.487751E+04   0.160806E+04
   0.168300E+03   0.487752E+04   0.160807E+04
   0.168400E+03   0.487752E+04   0.160807E+04
   0.168500E+03   0.487753E+04   0.160808E+04
   0.168600E+03   0.487754E+04   0.160809E+04
   0.168700E+03   0.487755E+04   0.160810E+04
   0.168800E+03   0.487755E+04   0.160810E+04
   0.168900E+03   0.487756E+04   0.160811E+04
   0.169000E+03   0.487757E+04   0.160812E+04
   0.169100E+03   0.487757E+04   0.160813E+04
   0.169200E+03   0.487758E+04   0.160813E+04
   0.169300E+03   0.487759E+04   0.160814E+04
   0.169400E+03   0.487760E+04   0.160815E+04
   0.169500E+03   0.487760E+04   0.160816E+04
   0.169600E+03   0.487761E+04   0.160816E+04
   0.169700E+03   0.487762E+04   0.160817E+04
   0.169800E+03   0.487762E+04   0.160818E+04
   0.169900E+03   0.487763E+04   0.160818E+04
   0.170000E+03   0.487764E+04   0.160819E+04
   0.170100E+03   0.487765E+04   0.160820E+04
   0.170200E+03   0.487765E+04   0.160820E+04
   0.170300E+03   0.487766E+04   0.160821E+04
   0.170400E+03   0.487767E+04   0.160822E+04
   0.170500E+03   0.487767E+04   0.160823E+04
   0.170600E+03   0.487768E+04   0.160823E+04
   0.170700E+03   0.487769E+04   0.160824E+04
   0.170800E+03   0.487769E+04   0.160825E+04
   0.170900E+03   0.487770E+04   0.160825E+04
   0.171000E+03   0.487771E+04   0.160826E+04
   0.171100E+03   0.487771E+04   0.160827E+04
   0.171200E+03   0.487772E+04   0.160827E+04
   0.171300E+03   0.487773E+04   0.160828E+04
   0.171400E+03   0.487773E+04   0.160829E+04
   0.171500E+03   0.487774E+04   0.160829E+04
   0.171600E+03   0.487775E+04   0.160830E+04
   0.171700E+03   0.487775E+04   0.160831E+04
   0.171800E+03   0.487776E+04   0.160831E+04
   0.171900E+03   0.487777E+04   0.160832E+04
   0.172000E+03   0.487777E+04   0.160832E+04
   0.172100E+03   0.487778E+04   0.160833E+04
   0.172200E+03   0.487779E+04   0.160834E+04
   0.172300E+03   0.487779E+04   0.160834E+04
   0.172400E+03   0.487780E+04   0.160835E+04
   0.172500E+03   0.487780E+04   0.160836E+04
   0.172600E+03   0.487781E+04   0.160836E+04
   0.172700E+03   0.487782E+04   0.160837E+04
   0.172800E+03   0.487782E+04   0.160837E+04
   0.172900E+03   0.487783E+04   0.160838E+04
   0.173000E+03   0.487784E+04   0.160839E+04
   0.173100E+03   0.487784E+04   0.160839E+04
   0.173200E+03   0.487785E+04   0.160840E+04
   0.173300E+03   0.487785E+04   0.160841E+04
   0.173400E+03   0.487786E+04   0.160841E+04
   0.173500E+03   0.487787E+04   0.160842E+04
   0.173600E+03   0.487787E+04   0.160842E+04
   0.173700E+03   0.487788E+04   0.160843E+04
   0.173800E+03   0.487788E+04   0.160844E+04
   0.173900E+03   0.487789E+04   0.160844E+04
   0.174000E+03   0.487790E+04   0.160845E+04
   0.174100E+03   0.487790E+04   0.160845E+04
   0.174200E+03   0.487791E+04   0.160846E+04
   0.174300E+03   0.487791E+04   0.160846E+04
   0.174400E+03   0.487792E+04   0.160847E+04
   0.174500E+03   0.487792E+04   0.160848E+04
   0.174600E+03   0.487793E+04   0.160848E+04
   0.174700E+03   0.487794E+04   0.160849E+04
   0.174800E+03   0.487794E+04   0.160849E+04
   0.174900E+03   0.487795E+04   0.160850E+04
   0.175000E+03   0.487795E+04   0.160850E+04
   0.175100E+03   0.487796E+04   0.160851E+04
   0.175200E+03   0.487796E+04   0.160852E+04
   0.175300E+03   0.487797E+04   0.160852E+04
   0.175400E+03   0.487798E+04   0.160853E+04
   0.175500E+03   0.487798E+04   0.160853E+04
   0.175600E+03   0.487799E+04   0.160854E+04
   0.175700E+03   0.487799E+04   0.160854E+04
   0.175800E+03   0.487800E+04   0.160855E+04
   0.175900E+03   0.487800E+04   0.160855E+04
   0.176000E+03   0.487801E+04   0.160856E+04
   0.176100E+03   0.487801E+04   0.160857E+04
   0.176200E+03   0.487802E+04   0.160857E+04
   0.176300E+03   0.487802E+04   0.160858E+04
   0.176400E+03   0.487803E+04   0.160858E+04
   0.176500E+03   0.487803E+04   0.160859E+04
   0.176600E+03   0.487804E+04   0.160859E+04
   0.176700E+03   0.487804E+04   0.160860E+04
   0.176800E+03   0.487805E+04   0.160860E+04
   0.176900E+03   0.487806E+04   0.160861E+04
   0.177000E+03   0.487806E+04   0.160861E+04
   0.177100E+03   0.487807E+04   0.160862E+04
   0.177200E+03   0.487807E+04   0.160862E+04
   0.177300E+03   0.487808E+04   0.160863E+04
   0.177400E+03   0.487808E+04   0.160863E+04
   0.177500E+03   0.487809E+04   0.160864E+04
   0.177600E+03   0.487809E+04   0.160864E+04
   0.177700E+03   0.487810E+04   0.160865E+04
   0.177800E+03   0.487810E+04   0.160865E+04
   0.177900E+03   0.487811E+04   0.160866E+04
   0.178000E+03   0.487811E+04   0.160866E+04
   0.178100E+03   0.487812E+04   0.160867E+04
   0.178200E+03   0.487812E+04   0.160867E+04
   0.178300E+03   0.487813E+04   0.160868E+04
   0.178400E+03   0.487813E+04   0.160868E+04
   0.178500E+03   0.487814E+04   0.160869E+04
   0.178600E+03   0.487814E+04   0.160869E+04
   0.178700E+03   0.487814E+04   0.160870E+04
   0.178800E+03   0.487815E+04   0.160870E+04
   0.178900E+03   0.487815E+04   0.160871E+04
   0.179000E+03   0.487816E+04   0.160871E+04
   0.179100E+03   0.487816E+04   0.160872E+04
   0.179200E+03   0.487817E+04   0.160872E+04
   0.179300E+03   0.487817E+04   0.160873E+04
   0.179400E+03   0.487818E+04   0.160873E+04
   0.179500E+03   0.487818E+04   0.160873E+04
   0.179600E+03   0.487819E+04   0.160874E+04
   0.179700E+03   0.487819E+04   0.160874E+04
   0.179800E+03   0.487820E+04   0.160875E+04
   0.179900E+03   0.487820E+04   0.160875E+04
   0.180000E+03   0.487821E+04   0.160876E+04
   0.180100E+03   0.487821E+04   0.160876E+04
   0.180200E+03   0.487821E+04   0.160877E+04
   0.180300E+03   0.487822E+04   0.160877E+04
   0.180400E+03   0.487822E+04   0.160878E+04
   0.180500E+03   0.487823E+04   0.160878E+04
   0.180600E+03   0.487823E+04   0.160878E+04
   0.180700E+03   0.487824E+04   0.160879E+04
   0.180800E+03   0.487824E+04   0.160879E+04
   0.180900E+03   0.487825E+04   0.160880E+04
   0.181000E+03   0.487825E+04   0.160880E+04
   0.181100E+03   0.487825E+04   0.160881E+04
   0.181200E+03   0.487826E+04   0.160881E+04
   0.181300E+03   0.487826E+04   0.160881E+04
   0.181400E+03   0.487827E+04   0.160882E+04
   0.181500E+03   0.487827E+04   0.160882E+04
   0.181600E+03   0.487828E+04   0.160883E+04
   0.181700E+03   0.487828E+04   0.160883E+04
   0.181800E+03   0.487828E+04   0.160884E+04
   0.181900E+03   0.487829E+04   0.160884E+04
   0.182000E+03   0.487829E+04   0.160884E+04
   0.182100E+03   0.487830E+04   0.160885E+04
   0.182200E+03   0.487830E+04   0.160885E+04
   0.182300E+03   0.487830E+04   0.160886E+04
   0.182400E+03   0.487831E+04   0.160886E+04
   0.182500E+03   0.487831E+04   0.160886E+04
   0.182600E+03   0.487832E+04   0.160887E+04
   0.182700E+03   0.487832E+04   0.160887E+04
   0.182800E+03   0.487832E+04   0.160888E+04
   0.182900E+03   0.487833E+04   0.160888E+04
   0.183000E+03   0.487833E+04   0.160888E+04
   0.183100E+03   0.487834E+04   0.160889E+04
   0.183200E+03   0.487834E+04   0.160889E+04
   0.183300E+03   0.487834E+04   0.160890E+04
   0.183400E+03   0.487835E+04   0.160890E+04
   0.183500E+03   0.487835E+04   0.160890E+04
   0.183600E+03   0.487836E+04   0.160891E+04
   0.183700E+03   0.487836E+04   0.160891E+04
   0.183800E+03   0.487836E+04   0.160892E+04
   0.183900E+03   0.487837E+04   0.160892E+04
   0.184000E+03   0.487837E+04   0.160892E+04
   0.184100E+03   0.487837E+04   0.160893E+04
   0.184200E+03   0.487838E+04   0.160893E+04
   0.184300E+03   0.487838E+04   0.160893E+04
   0.184400E+03   0.487839E+04   0.160894E+04
   0.184500E+03   0.487839E+04   0.160894E+04
   0.184600E+03   0.487839E+04   0.160895E+04
   0.184700E+03   0.487840E+04   0.160895E+04
   0.184800E+03   0.487840E+04   0.160895E+04
   0.184900E+03   0.487840E+04   0.160896E+04
   0.185000E+03   0.487841E+04   0.160896E+04
   0.185100E+03   0.487841E+04   0.160896E+04
   0.185200E+03   0.487842E+04   0.160897E+04
   0.185300E+03   0.487842E+04   0.160897E+04
   0.185400E+03   0.487842E+04   0.160897E+04
   0.185500E+03   0.487843E+04   0.160898E+04
   0.185600E+03   0.487843E+04   0.160898E+04
   0.185700E+03   0.487843E+04   0.160899E+04
   0.185800E+03   0.487844E+04   0.160899E+04
   0.185900E+03   0.487844E+04   0.160899E+04
   0.186000E+03   0.487844E+04   0.160900E+04
   0.186100E+03   0.487845E+04   0.160900E+04
   0.186200E+03   0.487845E+04   0.160900E+04
   0.186300E+03   0.487845E+04   0.160901E+04
   0.186400E+03   0.487846E+04   0.160901E+04
   0.186500E+03   0.487846E+04   0.160901E+04
   0.186600E+03   0.487846E+04   0.160902E+04
   0.186700E+03   0.487847E+04   0.160902E+04
   0.186800E+03   0.487847E+04   0.160902E+04
   0.186900E+03   0.487847E+04   0.160903E+04
   0.187000E+03   0.487848E+04   0.160903E+04
   0.187100E+03   0.487848E+04   0.160903E+04
   0.187200E+03   0.487848E+04   0.160904E+04
   0.187300E+03   0.487849E+04   0.160904E+04
   0.187400E+03   0.487849E+04   0.160904E+04
   0.187500E+03   0.487849E+04   0.160905E+04
   0.187600E+03   0.487850E+04   0.160905E+04
   0.187700E+03   0.487850E+04   0.160905E+04
   0.187800E+03   0.487850E+04   0.160906E+04
   0.187900E+03   0.487851E+04   0.160906E+04
   0.188000E+03   0.487851E+04   0.160906E+04
   0.188100E+03   0.487851E+04   0.160907E+04
   0.188200E+03   0.487852E+04   0.160907E+04
   0.188300E+03   0.487852E+04   0.160907E+04
   0.188400E+03   0.487852E+04   0.160907E+04
   0.188500E+03   0.487853E+04   0.160908E+04
   0.188600E+03   0.487853E+04   0.160908E+04
   0.188700E+03   0.487853E+04   0.160908E+04
   0.188800E+03   0.487854E+04   0.160909E+04
   0.188900E+03   0.487854E+04   0.160909E+04
   0.189000E+03   0.487854E+04   0.160909E+04
   0.189100E+03   0.487854E+04   0.160910E+04
   0.189200E+03   0.487855E+04   0.160910E+04
   0.189300E+03   0.487855E+04   0.160910E+04
   0.189400E+03   0.487855E+04   0.160911E+04
   0.189500E+03   0.487856E+04   0.160911E+04
   0.189600E+03   0.487856E+04   0.160911E+04
   0.189700E+03   0.487856E+04   0.160911E+04
   0.189800E+03   0.487857E+04   0.160912E+04
   0.189900E+03   0.487857E+04   0.160912E+04
   0.190000E+03   0.487857E+04   0.160912E+04
   0.190100E+03   0.487857E+04   0.160913E+04
   0.190200E+03   0.487858E+04   0.160913E+04
   0.190300E+03   0.487858E+04   0.160913E+04
   0.190400E+03   0.487858E+04   0.160913E+04
   0.190500E+03   0.487859E+04   0.160914E+04
   0.190600E+03   0.487859E+04   0.160914E+04
   0.190700E+03   0.487859E+04   0.160914E+04
   0.190800E+03   0.487859E+04   0.160915E+04
   0.190900E+03   0.487860E+04   0.160915E+04
   0.191000E+03   0.487860E+04   0.160915E+04
   0.191100E+03   0.487860E+04   0.160915E+04
   0.191200E+03   0.487861E+04   0.160916E+04
   0.191300E+03   0.487861E+04   0.160916E+04
   0.191400E+03   0.487861E+04   0.160916E+04
   0.191500E+03   0.487861E+04   0.160917E+04
   0.191600E+03   0.487862E+04   0.160917E+04
   0.191700E+03   0.487862E+04   0.160917E+04
   0.191800E+03   0.487862E+04   0.160917E+04
   0.191900E+03   0.487862E+04   0.160918E+04
   0.192000E+03   0.487863E+04   0.160918E+04
   0.192100E+03   0.487863E+04   0.160918E+04
   0.192200E+03   0.487863E+04   0.160918E+04
   0.192300E+03   0.487864E+04   0.160919E+04
   0.192400E+03   0.487864E+04   0.160919E+04
   0.192500E+03   0.487864E+04   0.160919E+04
   0.192600E+03   0.487864E+04   0.160919E+04
   0.192700E+03   0.487865E+04   0.160920E+04
   0.192800E+03   0.487865E+04   0.160920E+04
   0.192900E+03   0.487865E+04   0.160920E+04
   0.193000E+03   0.487865E+04   0.160921E+04
   0.193100E+03   0.487866E+04   0.160921E+04
   0.193200E+03   0.487866E+04   0.160921E+04
   0.193300E+03   0.487866E+04   0.160921E+04
   0.193400E+03   0.487866E+04   0.160922E+04
   0.193500E+03   0.487867E+04   0.160922E+04
   0.193600E+03   0.487867E+04   0.160922E+04
   0.193700E+03   0.487867E+04   0.160922E+04
   0.193800E+03   0.487867E+04   0.160923E+04
   0.193900E+03   0.487868E+04   0.160923E+04
   0.194000E+03   0.487868E+04   0.160923E+04
   0.194100E+03   0.487868E+04   0.160923E+04
   0.194200E+03   0.487868E+04   0.160924E+04
   0.194300E+03   0.487869E+04   0.160924E+04
   0.194400E+03   0.487869E+04   0.160924E+04
   0.194500E+03   0.487869E+04   0.160924E+04
   0.194600E+03   0.487869E+04   0.160924E+04
   0.194700E+03   0.487870E+04   0.160925E+04
   0.194800E+03   0.487870E+04   0.160925E+04
   0.194900E+03   0.487870E+04   0.160925E+04
   0.195000E+03   0.487870E+04   0.160925E+04
   0.195100E+03   0.487870E+04   0.160926E+04
   0.195200E+03   0.487871E+04   0.160926E+04
   0.195300E+03   0.487871E+04   0.160926E+04
   0.195400E+03   0.487871E+04   0.160926E+04
   0.195500E+03   0.487871E+04   0.160927E+04
   0.195600E+03   0.487872E+04   0.160927E+04
   0.195700E+03   0.487872E+04   0.160927E+04
   0.195800E+03   0.487872E+04   0.160927E+04
   0.195900E+03   0.487872E+04   0.160927E+04
   0.196000E+03   0.487873E+04   0.160928E+04
   0.196100E+03   0.487873E+04   0.160928E+04
   0.196200E+03   0.487873E+04   0.160928E+04
   0.196300E+03   0.487873E+04   0.160928E+04
   0.196400E+03   0.487873E+04   0.160929E+04
   0.196500E+03   0.487874E+04   0.160929E+04
   0.196600E+03   0.487874E+04   0.160929E+04
   0.196700E+03   0.487874E+04   0.160929E+04
   0.196800E+03   0.487874E+04   0.160929E+04
   0.196900E+03   0.487875E+04   0.160930E+04
   0.197000E+03   0.487875E+04   0.160930E+04
   0.197100E+03   0.487875E+04   0.160930E+04
   0.197200E+03   0.487875E+04   0.160930E+04
   0.197300E+03   0.487875E+04   0.160931E+04
   0.197400E+03   0.487876E+04   0.160931E+04
   0.197500E+03   0.487876E+04   0.160931E+04
   0.197600E+03   0.487876E+04   0.160931E+04
   0.197700E+03   0.487876E+04   0.160931E+04
   0.197800E+03   0.487876E+04   0.160932E+04
   0.197900E+03   0.487877E+04   0.160932E+04
   0.198000E+03   0.487877E+04   0.160932E+04
   0.198100E+03   0.487877E+04   0.160932E+04
   0.198200E+03   0.487877E+04   0.160932E+04
   0.198300E+03   0.487877E+04   0.160933E+04
   0.198400E+03   0.487878E+04   0.160933E+04
   0.198500E+03   0.487878E+04   0.160933E+04
   0.198600E+03   0.487878E+04   0.160933E+04
   0.198700E+03   0.487878E+04   0.160933E+04
   0.198800E+03   0.487878E+04   0.160934E+04
   0.198900E+03   0.487879E+04   0.160934E+04
   0.199000E+03   0.487879E+04   0.160934E+04
   0.199100E+03   0.487879E+04   0.160934E+04
   0.199200E+03   0.487879E+04   0.160934E+04
   0.199300E+03   0.487879E+04   0.160935E+04
   0.199400E+03   0.487880E+04   0.160935E+04
   0.199500E+03   0.487880E+04   0.160935E+04
   0.199600E+03   0.487880E+04   0.160935E+04
   0.199700E+03   0.487880E+04   0.160935E+04
   0.199800E+03   0.487880E+04   0.160936E+04
   0.199900E+03   0.487881E+04   0.160936E+04
   0.200000E+03   0.487881E+04   0.160936E+04
   0.200100E+03   0.487881E+04   0.160936E+04
   0.200200E+03   0.487881E+04   0.160936E+04
   0.200300E+03   0.487881E+04   0.160937E+04
   0.200400E+03   0.487882E+04   0.160937E+04
   0.200500E+03   0.487882E+04   0.160937E+04
   0.200600E+03   0.487882E+04   0.160937E+04
   0.200700E+03   0.487882E+04   0.160937E+04
   0.200800E+03   0.487882E+04   0.160937E+04
   0.200900E+03   0.487882E+04   0.160938E+04
   0.201000E+03   0.487883E+04   0.160938E+04
   0.201100E+03   0.487883E+04   0.160938E+04
   0.201200E+03   0.487883E+04   0.160938E+04
   0.201300E+03   0.487883E+04   0.160938E+04
   0.201400E+03   0.487883E+04   0.160939E+04
   0.201500E+03   0.487884E+04   0.160939E+04
   0.201600E+03   0.487884E+04   0.160939E+04
   0.201700E+03   0.487884E+04   0.160939E+04
   0.201800E+03   0.487884E+04   0.160939E+04
   0.201900E+03   0.487884E+04   0.160939E+04
   0.202000E+03   0.487884E+04   0.160940E+04
   0.202100E+03   0.487885E+04   0.160940E+04
   0.202200E+03   0.487885E+04   0.160940E+04
   0.202300E+03   0.487885E+04   0.160940E+04
   0.202400E+03   0.487885E+04   0.160940E+04
   0.202500E+03   0.487885E+04   0.160940E+04
   0.202600E+03   0.487885E+04   0.160941E+04
   0.202700E+03   0.487886E+04   0.160941E+04
   0.202800E+03   0.487886E+04   0.160941E+04
   0.202900E+03   0.487886E+04   0.160941E+04
   0.203000E+03   0.487886E+04   0.160941E+04
   0.203100E+03   0.487886E+04   0.160941E+04
   0.203200E+03   0.487886E+04   0.160942E+04
   0.203300E+03   0.487887E+04   0.160942E+04
   0.203400E+03   0.487887E+04   0.160942E+04
   0.203500E+03   0.487887E+04   0.160942E+04
   0.203600E+03   0.487887E+04   0.160942E+04
   0.203700E+03   0.487887E+04   0.160942E+04
   0.203800E+03   0.487887E+04   0.160943E+04
   0.203900E+03   0.487888E+04   0.160943E+04
   0.204000E+03   0.487888E+04   0.160943E+04
   0.204100E+03   0.487888E+04   0.160943E+04
   0.204200E+03   0.487888E+04   0.160943E+04
   0.204300E+03   0.487888E+04   0.160943E+04
   0.204400E+03   0.487888E+04   0.160943E+04
   0.204500E+03   0.487888E+04   0.160944E+04
   0.204600E+03   0.487889E+04   0.160944E+04
   0.204700E+03   0.487889E+04   0.160944E+04
   0.204800E+03   0.487889E+04   0.160944E+04
   0.204900E+03   0.487889E+04   0.160944E+04
   0.205000E+03   0.487889E+04   0.160944E+04
   0.205100E+03   0.487889E+04   0.160945E+04
   0.205200E+03   0.487890E+04   0.160945E+04
   0.205300E+03   0.487890E+04   0.160945E+04
   0.205400E+03   0.487890E+04   0.160945E+04
   0.205500E+03   0.487890E+04   0.160945E+04
   0.205600E+03   0.487890E+04   0.160945E+04
   0.205700E+03   0.487890E+04   0.160945E+04
   0.205800E+03   0.487890E+04   0.160946E+04
   0.205900E+03   0.487891E+04   0.160946E+04
   0.206000E+03   0.487891E+04   0.160946E+04
   0.206100E+03   0.487891E+04   0.160946E+04
   0.206200E+03   0.487891E+04   0.160946E+04
   0.206300E+03   0.487891E+04   0.160946E+04
   0.206400E+03   0.487891E+04   0.160946E+04
   0.206500E+03   0.487891E+04   0.160947E+04
   0.206600E+03   0.487892E+04   0.160947E+04
   0.206700E+03   0.487892E+04   0.160947E+04
   0.206800E+03   0.487892E+04   0.160947E+04
   0.206900E+03   0.487892E+04   0.160947E+04
   0.207000E+03   0.487892E+04   0.160947E+04
   0.207100E+03   0.487892E+04   0.160947E+04
   0.207200E+03   0.487892E+04   0.160948E+04
   0.207300E+03   0.487893E+04   0.160948E+04
   0.207400E+03   0.487893E+04   0.160948E+04
   0.207500E+03   0.487893E+04   0.160948E+04
   0.207600E+03   0.487893E+04   0.160948E+04
   0.207700E+03   0.487893E+04   0.160948E+04
   0.207800E+03   0.487893E+04   0.160948E+04
   0.207900E+03   0.487893E+04   0.160949E+04
   0.208000E+03   0.487893E+04   0.160949E+04
   0.208100E+03   0.487894E+04   0.160949E+04
   0.208200E+03   0.487894E+04   0.160949E+04
   0.208300E+03   0.487894E+04   0.160949E+04
   0.208400E+03   0.487894E+04   0.160949E+04
   0.208500E+03   0.487894E+04   0.160949E+04
   0.208600E+03   0.487894E+04   0.160949E+04
   0.208700E+03   0.487894E+04   0.160950E+04
   0.208800E+03   0.487895E+04   0.160950E+04
   0.208900E+03   0.487895E+04   0.160950E+04
   0.209000E+03   0.487895E+04   0.160950E+04
   0.209100E+03   0.487895E+04   0.160950E+04
   0.209200E+03   0.487895E+04   0.160950E+04
   0.209300E+03   0.487895E+04   0.160950E+04
   0.209400E+03   0.487895E+04   0.160950E+04
   0.209500E+03   0.487895E+04   0.160951E+04
   0.209600E+03   0.487896E+04   0.160951E+04
   0.209700E+03   0.487896E+04   0.160951E+04
   0.209800E+03   0.487896E+04   0.160951E+04
   0.209900E+03   0.487896E+04   0.160951E+04
   0.210000E+03   0.487896E+04   0.160951E+04
   0.210100E+03   0.487896E+04   0.160951E+04
   0.210200E+03   0.487896E+04   0.160951E+04
   0.210300E+03   0.487896E+04   0.160952E+04
   0.210400E+03   0.487897E+04   0.160952E+04
   0.210500E+03   0.487897E+04   0.160952E+04
   0.210600E+03   0.487897E+04   0.160952E+04
   0.210700E+03   0.487897E+04   0.160952E+04
   0.210800E+03   0.487897E+04   0.160952E+04
   0.210900E+03   0.487897E+04   0.160952E+04
   0.211000E+03   0.487897E+04   0.160952E+04
   0.211100E+03   0.487897E+04   0.160953E+04
   0.211200E+03   0.487897E+04   0.160953E+04
   0.211300E+03   0.487898E+04   0.160953E+04
   0.211400E+03   0.487898E+04   0.160953E+04
   0.211500E+03   0.487898E+04   0.160953E+04
   0.211600E+03   0.487898E+04   0.160953E+04
   0.211700E+03   0.487898E+04   0.160953E+04
   0.211800E+03   0.487898E+04   0.160953E+04
   0.211900E+03   0.487898E+04   0.160953E+04
   0.212000E+03   0.487898E+04   0.160954E+04
   0.212100E+03   0.487898E+04   0.160954E+04
   0.212200E+03   0.487899E+04   0.160954E+04
   0.212300E+03   0.487899E+04   0.160954E+04
   0.212400E+03   0.487899E+04   0.160954E+04
   0.212500E+03   0.487899E+04   0.160954E+04
   0.212600E+03   0.487899E+04   0.160954E+04
   0.212700E+03   0.487899E+04   0.160954E+04
   0.212800E+03   0.487899E+04   0.160954E+04
   0.212900E+03   0.487899E+04   0.160955E+04
   0.213000E+03   0.487899E+04   0.160955E+04
   0.213100E+03   0.487900E+04   0.160955E+04
   0.213200E+03   0.487900E+04   0.160955E+04
   0.213300E+03   0.487900E+04   0.160955E+04
   0.213400E+03   0.487900E+04   0.160955E+04
   0.213500E+03   0.487900E+04   0.160955E+04
   0.213600E+03   0.487900E+04   0.160955E+04
   0.213700E+03   0.487900E+04   0.160955E+04
   0.213800E+03   0.487900E+04   0.160955E+04
   0.213900E+03   0.487900E+04   0.160956E+04
   0.214000E+03   0.487901E+04   0.160956E+04
   0.214100E+03   0.487901E+04   0.160956E+04
   0.214200E+03   0.487901E+04   0.160956E+04
   0.214300E+03   0.487901E+04   0.160956E+04
   0.214400E+03   0.487901E+04   0.160956E+04
   0.214500E+03   0.487901E+04   0.160956E+04
   0.214600E+03   0.487901E+04   0.160956E+04
   0.214700E+03   0.487901E+04   0.160956E+04
   0.214800E+03   0.487901E+04   0.160956E+04
   0.214900E+03   0.487901E+04   0.160957E+04
   0.215000E+03   0.487902E+04   0.160957E+04
   0.215100E+03   0.487902E+04   0.160957E+04
   0.215200E+03   0.487902E+04   0.160957E+04
   0.215300E+03   0.487902E+04   0.160957E+04
   0.215400E+03   0.487902E+04   0.160957E+04
   0.215500E+03   0.487902E+04   0.160957E+04
   0.215600E+03   0.487902E+04   0.160957E+04
   0.215700E+03   0.487902E+04   0.160957E+04
   0.215800E+03   0.487902E+04   0.160957E+04
   0.215900E+03   0.487902E+04   0.160958E+04
   0.216000E+03   0.487902E+04   0.160958E+04
   0.216100E+03   0.487903E+04   0.160958E+04
   0.216200E+03   0.487903E+04   0.160958E+04
   0.216300E+03   0.487903E+04   0.160958E+04
   0.216400E+03   0.487903E+04   0.160958E+04
   0.216500E+03   0.487903E+04   0.160958E+04
   0.216600E+03   0.487903E+04   0.160958E+04
   0.216700E+03   0.487903E+04   0.160958E+04
   0.216800E+03   0.487903E+04   0.160958E+04
   0.216900E+03   0.487903E+04   0.160958E+04
   0.217000E+03   0.487903E+04   0.160959E+04
   0.217100E+03   0.487903E+04   0.160959E+04
   0.217200E+03   0.487904E+04   0.160959E+04
   0.217300E+03   0.487904E+04   0.160959E+04
   0.217400E+03   0.487904E+04   0.160959E+04
   0.217500E+03   0.487904E+04   0.160959E+04
   0.217600E+03   0.487904E+04   0.160959E+04
   0.217700E+03   0.487904E+04   0.160959E+04
   0.217800E+03   0.487904E+04   0.160959E+04
   0.217900E+03   0.487904E+04   0.160959E+04
   0.218000E+03   0.487904E+04   0.160959E+04
   0.218100E+03   0.487904E+04   0.160960E+04
   0.218200E+03   0.487904E+04   0.160960E+04
   0.218300E+03   0.487905E+04   0.160960E+04
   0.218400E+03   0.487905E+04   0.160960E+04
   0.218500E+03   0.487905E+04   0.160960E+04
   0.218600E+03   0.487905E+04   0.160960E+04
   0.218700E+03   0.487905E+04   0.160960E+04
   0.218800E+03   0.487905E+04   0.160960E+04
   0.218900E+03   0.487905E+04   0.160960E+04
   0.219000E+03   0.487905E+04   0.160960E+04
   0.219100E+03   0.487905E+04   0.160960E+04
   0.219200E+03   0.487905E+04   0.160960E+04
   0.219300E+03   0.487905E+04   0.160961E+04
   0.219400E+03   0.487905E+04   0.160961E+04
   0.219500E+03   0.487906E+04   0.160961E+04
   0.219600E+03   0.487906E+04   0.160961E+04
   0.219700E+03   0.487906E+04   0.160961E+04
   0.219800E+03   0.487906E+04   0.160961E+04
   0.219900E+03   0.487906E+04   0.160961E+04
   0.220000E+03   0.487906E+04   0.160961E+04
   0.220100E+03   0.487906E+04   0.160961E+04
   0.220200E+03   0.487906E+04   0.160961E+04
   0.220300E+03   0.487906E+04   0.160961E+04
   0.220400E+03   0.487906E+04   0.160961E+04
   0.220500E+03   0.487906E+04   0.160961E+04
   0.220600E+03   0.487906E+04   0.160962E+04
   0.220700E+03   0.487906E+04   0.160962E+04
   0.220800E+03   0.487907E+04   0.160962E+04
   0.220900E+03   0.487907E+04   0.160962E+04
   0.221000E+03   0.487907E+04   0.160962E+04
   0.221100E+03   0.487907E+04   0.160962E+04
   0.221200E+03   0.487907E+04   0.160962E+04
   0.221300E+03   0.487907E+04   0.160962E+04
   0.221400E+03   0.487907E+04   0.160962E+04
   0.221500E+03   0.487907E+04   0.160962E+04
   0.221600E+03   0.487907E+04   0.160962E+04
   0.221700E+03   0.487907E+04   0.160962E+04
   0.221800E+03   0.487907E+04   0.160962E+04
   0.221900E+03   0.487907E+04   0.160963E+04
   0.222000E+03   0.487907E+04   0.160963E+04
   0.222100E+03   0.487907E+04   0.160963E+04
   0.222200E+03   0.487908E+04   0.160963E+04
   0.222300E+03   0.487908E+04   0.160963E+04
   0.222400E+03   0.487908E+04   0.160963E+04
   0.222500E+03   0.487908E+04   0.160963E+04
   0.222600E+03   0.487908E+04   0.160963E+04
   0.222700E+03   0.487908E+04   0.160963E+04
   0.222800E+03   0.487908E+04   0.160963E+04
   0.222900E+03   0.487908E+04   0.160963E+04
   0.223000E+03   0.487908E+04   0.160963E+04
   0.223100E+03   0.487908E+04   0.160963E+04
   0.223200E+03   0.487908E+04   0.160963E+04
   0.223300E+03   0.487908E+04   0.160964E+04
   0.223400E+03   0.487908E+04   0.160964E+04
   0.223500E+03   0.487908E+04   0.160964E+04
   0.223600E+03   0.487909E+04   0.160964E+04
   0.223700E+03   0.487909E+04   0.160964E+04
   0.223800E+03   0.487909E+04   0.160964E+04
   0.223900E+03   0.487909E+04   0.160964E+04
   0.224000E+03   0.487909E+04   0.160964E+04
   0.224100E+03   0.487909E+04   0.160964E+04
   0.224200E+03   0.487909E+04   0.160964E+04
   0.224300E+03   0.487909E+04   0.160964E+04
   0.224400E+03   0.487909E+04   0.160964E+04
   0.224500E+03   0.487909E+04   0.160964E+04
   0.224600E+03   0.487909E+04   0.160964E+04
   0.224700E+03   0.487909E+04   0.160964E+04
   0.224800E+03   0.487909E+04   0.160964E+04
   0.224900E+03   0.487909E+04   0.160965E+04
   0.225000E+03   0.487909E+04   0.160965E+04
   0.225100E+03   0.487909E+04   0.160965E+04
   0.225200E+03   0.487910E+04   0.160965E+04
   0.225300E+03   0.487910E+04   0.160965E+04
   0.225400E+03   0.487910E+04   0.160965E+04
   0.225500E+03   0.487910E+04   0.160965E+04
   0.225600E+03   0.487910E+04   0.160965E+04
   0.225700E+03   0.487910E+04   0.160965E+04
   0.225800E+03   0.487910E+04   0.160965E+04
   0.225900E+03   0.487910E+04   0.160965E+04
   0.226000E+03   0.487910E+04   0.160965E+04
   0.226100E+03   0.487910E+04   0.160965E+04
   0.226200E+03   0.487910E+04   0.160965E+04
   0.226300E+03   0.487910E+04   0.160965E+04
   0.226400E+03   0.487910E+04   0.160965E+04
   0.226500E+03   0.487910E+04   0.160966E+04
   0.226600E+03   0.487910E+04   0.160966E+04
   0.226700E+03   0.487910E+04   0.160966E+04
   0.226800E+03   0.487911E+04   0.160966E+04
   0.226900E+03   0.487911E+04   0.160966E+04
   0.227000E+03   0.487911E+04   0.160966E+04
   0.227100E+03   0.487911E+04   0.160966E+04
   0.227200E+03   0.487911E+04   0.160966E+04
   0.227300E+03   0.487911E+04   0.160966E+04
   0.227400E+03   0.487911E+04   0.160966E+04
   0.227500E+03   0.487911E+04   0.160966E+04
   0.227600E+03   0.487911E+04   0.160966E+04
   0.227700E+03   0.487911E+04   0.160966E+04
   0.227800E+03   0.487911E+04   0.160966E+04
   0.227900E+03   0.487911E+04   0.160966E+04
   0.228000E+03   0.487911E+04   0.160966E+04
   0.228100E+03   0.487911E+04   0.160966E+04
   0.228200E+03   0.487911E+04   0.160967E+04
   0.228300E+03   0.487911E+04   0.160967E+04
   0.228400E+03   0.487911E+04   0.160967E+04
   0.228500E+03   0.487911E+04   0.160967E+04
   0.228600E+03   0.487912E+04   0.160967E+04
   0.228700E+03   0.487912E+04   0.160967E+04
   0.228800E+03   0.487912E+04   0.160967E+04
   0.228900E+03   0.487912E+04   0.160967E+04
   0.229000E+03   0.487912E+04   0.160967E+04
   0.229100E+03   0.487912E+04   0.160967E+04
   0.229200E+03   0.487912E+04   0.160967E+04
   0.229300E+03   0.487912E+04   0.160967E+04
   0.229400E+03   0.487912E+04   0.160967E+04
   0.229500E+03   0.487912E+04   0.160967E+04
   0.229600E+03   0.487912E+04   0.160967E+04
   0.229700E+03   0.487912E+04   0.160967E+04
   0.229800E+03   0.487912E+04   0.160967E+04
   0.229900E+03   0.487912E+04   0.160967E+04
   0.230000E+03   0.487912E+04   0.160967E+04
   0.230100E+03   0.487912E+04   0.160968E+04
   0.230200E+03   0.487912E+04   0.160968E+04
   0.230300E+03   0.487912E+04   0.160968E+04
   0.230400E+03   0.487912E+04   0.160968E+04
   0.230500E+03   0.487913E+04   0.160968E+04
   0.230600E+03   0.487913E+04   0.160968E+04
   0.230700E+03   0.487913E+04   0.160968E+04
   0.230800E+03   0.487913E+04   0.160968E+04
   0.230900E+03   0.487913E+04   0.160968E+04
   0.231000E+03   0.487913E+04   0.160968E+04
   0.231100E+03   0.487913E+04   0.160968E+04
   0.231200E+03   0.487913E+04   0.160968E+04
   0.231300E+03   0.487913E+04   0.160968E+04
   0.231400E+03   0.487913E+04   0.160968E+04
   0.231500E+03   0.487913E+04   0.160968E+04
   0.231600E+03   0.487913E+04   0.160968E+04
   0.231700E+03   0.487913E+04   0.160968E+04
   0.231800E+03   0.487913E+04   0.160968E+04
   0.231900E+03   0.487913E+04   0.160968E+04
   0.232000E+03   0.487913E+04   0.160968E+04
   0.232100E+03   0.487913E+04   0.160968E+04
   0.232200E+03   0.487913E+04   0.160969E+04
   0.232300E+03   0.487913E+04   0.160969E+04
   0.232400E+03   0.487913E+04   0.160969E+04
   0.232500E+03   0.487913E+04   0.160969E+04
   0.232600E+03   0.487914E+04   0.160969E+04
   0.232700E+03   0.487914E+04   0.160969E+04
   0.232800E+03   0.487914E+04   0.160969E+04
   0.232900E+03   0.487914E+04   0.160969E+04
   0.233000E+03   0.487914E+04   0.160969E+04
   0.233100E+03   0.487914E+04   0.160969E+04
   0.233200E+03   0.487914E+04   0.160969E+04
   0.233300E+03   0.487914E+04   0.160969E+04
   0.233400E+03   0.487914E+04   0.160969E+04
   0.233500E+03   0.487914E+04   0.160969E+04
   0.233600E+03   0.487914E+04   0.160969E+04
   0.233700E+03   0.487914E+04   0.160969E+04
   0.233800E+03   0.487914E+04   0.160969E+04
   0.233900E+03   0.487914E+04   0.160969E+04
   0.234000E+03   0.487914E+04   0.160969E+04
   0.234100E+03   0.487914E+04   0.160969E+04
   0.234200E+03   0.487914E+04   0.160969E+04
   0.234300E+03   0.487914E+04   0.160969E+04
   0.234400E+03   0.487914E+04   0.160969E+04
   0.234500E+03   0.487914E+04   0.160970E+04
   0.234600E+03   0.487914E+04   0.160970E+04
   0.234700E+03   0.487914E+04   0.160970E+04
   0.234800E+03   0.487914E+04   0.160970E+04
   0.234900E+03   0.487915E+04   0.160970E+04
   0.235000E+03   0.487915E+04   0.160970E+04
   0.235100E+03   0.487915E+04   0.160970E+04
   0.235200E+03   0.487915E+04   0.160970E+04
   0.235300E+03   0.487915E+04   0.160970E+04
   0.235400E+03   0.487915E+04   0.160970E+04
   0.235500E+03   0.487915E+04   0.160970E+04
   0.235600E+03   0.487915E+04   0.160970E+04
   0.235700E+03   0.487915E+04   0.160970E+04
   0.235800E+03   0.487915E+04   0.160970E+04
   0.235900E+03   0.487915E+04   0.160970E+04
   0.236000E+03   0.487915E+04   0.160970E+04
   0.236100E+03   0.487915E+04   0.160970E+04
   0.236200E+03   0.487915E+04   0.160970E+04
   0.236300E+03   0.487915E+04   0.160970E+04
   0.236400E+03   0.487915E+04   0.160970E+04
   0.236500E+03   0.487915E+04   0.160970E+04
   0.236600E+03   0.487915E+04   0.160970E+04
   0.236700E+03   0.487915E+04   0.160970E+04
   0.236800E+03   0.487915E+04   0.160970E+04
   0.236900E+03   0.487915E+04   0.160970E+04
   0.237000E+03   0.487915E+04   0.160971E+04
   0.237100E+03   0.487915E+04   0.160971E+04
   0.237200E+03   0.487915E+04   0.160971E+04
   0.237300E+03   0.487915E+04   0.160971E+04
   0.237400E+03   0.487915E+04   0.160971E+04
   0.237500E+03   0.487916E+04   0.160971E+04
   0.237600E+03   0.487916E+04   0.160971E+04
   0.237700E+03   0.487916E+04   0.160971E+04
   0.237800E+03   0.487916E+04   0.160971E+04
   0.237900E+03   0.487916E+04   0.160971E+04
   0.238000E+03   0.487916E+04   0.160971E+04
   0.238100E+03   0.487916E+04   0.160971E+04
   0.238200E+03   0.487916E+04   0.160971E+04
   0.238300E+03   0.487916E+04   0.160971E+04
   0.238400E+03   0.487916E+04   0.160971E+04
   0.238500E+03   0.487916E+04   0.160971E+04
   0.238600E+03   0.487916E+04   0.160971E+04
   0.238700E+03   0.487916E+04   0.160971E+04
   0.238800E+03   0.487916E+04   0.160971E+04
   0.238900E+03   0.487916E+04   0.160971E+04
   0.239000E+03   0.487916E+04   0.160971E+04
   0.239100E+03   0.487916E+04   0.160971E+04
   0.239200E+03   0.487916E+04   0.160971E+04
   0.239300E+03   0.487916E+04   0.160971E+04
   0.239400E+03   0.487916E+04   0.160971E+04
   0.239500E+03   0.487916E+04   0.160971E+04
   0.239600E+03   0.487916E+04   0.160971E+04
   0.239700E+03   0.487916E+04   0.160971E+04
   0.239800E+03   0.487916E+04   0.160972E+04
   0.239900E+03   0.487916E+04   0.160972E+04
   0.240000E+03   0.487916E+04   0.160972E+04
   0.240100E+03   0.487916E+04   0.160972E+04
   0.240200E+03   0.487916E+04   0.160972E+04
   0.240300E+03   0.487916E+04   0.160972E+04
   0.240400E+03   0.487917E+04   0.160972E+04
   0.240500E+03   0.487917E+04   0.160972E+04
   0.240600E+03   0.487917E+04   0.160972E+04
   0.240700E+03   0.487917E+04   0.160972E+04
   0.240800E+03   0.487917E+04   0.160972E+04
   0.240900E+03   0.487917E+04   0.160972E+04
   0.241000E+03   0.487917E+04   0.160972E+04
   0.241100E+03   0.487917E+04   0.160972E+04
   0.241200E+03   0.487917E+04   0.160972E+04
   0.241300E+03   0.487917E+04   0.160972E+04
   0.241400E+03   0.487917E+04   0.160972E+04
   0.241500E+03   0.487917E+04   0.160972E+04
   0.241600E+03   0.487917E+04   0.160972E+04
   0.241700E+03   0.487917E+04   0.160972E+04
   0.241800E+03   0.487917E+04   0.160972E+04
   0.241900E+03   0.487917E+04   0.160972E+04
   0.242000E+03   0.487917E+04   0.160972E+04
   0.242100E+03   0.487917E+04   0.160972E+04
   0.242200E+03   0.487917E+04   0.160972E+04
   0.242300E+03   0.487917E+04   0.160972E+04
   0.242400E+03   0.487917E+04   0.160972E+04
   0.242500E+03   0.487917E+04   0.160972E+04
   0.242600E+03   0.487917E+04   0.160972E+04
   0.242700E+03   0.487917E+04   0.160972E+04
   0.242800E+03   0.487917E+04   0.160972E+04
   0.242900E+03   0.487917E+04   0.160972E+04
   0.243000E+03   0.487917E+04   0.160972E+04
   0.243100E+03   0.487917E+04   0.160973E+04
   0.243200E+03   0.487917E+04   0.160973E+04
   0.243300E+03   0.487917E+04   0.160973E+04
   0.243400E+03   0.487917E+04   0.160973E+04
   0.243500E+03   0.487917E+04   0.160973E+04
   0.243600E+03   0.487917E+04   0.160973E+04
   0.243700E+03   0.487918E+04   0.160973E+04
   0.243800E+03   0.487918E+04   0.160973E+04
   0.243900E+03   0.487918E+04   0.160973E+04
   0.244000E+03   0.487918E+04   0.160973E+04
   0.244100E+03   0.487918E+04   0.160973E+04
   0.244200E+03   0.487918E+04   0.160973E+04
   0.244300E+03   0.487918E+04   0.160973E+04
   0.244400E+03   0.487918E+04   0.160973E+04
   0.244500E+03   0.487918E+04   0.160973E+04
   0.244600E+03   0.487918E+04   0.160973E+04
   0.244700E+03   0.487918E+04   0.160973E+04
   0.244800E+03   0.487918E+04   0.160973E+04
   0.244900E+03   0.487918E+04   0.160973E+04
   0.245000E+03   0.487918E+04   0.160973E+04
   0.245100E+03   0.487918E+04   0.160973E+04
   0.245200E+03   0.487918E+04   0.160973E+04
   0.245300E+03   0.487918E+04   0.160973E+04
   0.245400E+03   0.487918E+04   0.160973E+04
   0.245500E+03   0.487918E+04   0.160973E+04
   0.245600E+03   0.487918E+04   0.160973E+04
   0.245700E+03   0.487918E+04   0.160973E+04
   0.245800E+03   0.487918E+04   0.160973E+04
   0.245900E+03   0.487918E+04   0.160973E+04
   0.246000E+03   0.487918E+04   0.160973E+04
   0.246100E+03   0.487918E+04   0.160973E+04
   0.246200E+03   0.487918E+04   0.160973E+04
   0.246300E+03   0.487918E+04   0.160973E+04
   0.246400E+03   0.487918E+04   0.160973E+04
   0.246500E+03   0.487918E+04   0.160973E+04
   0.246600E+03   0.487918E+04   0.160973E+04
   0.246700E+03   0.487918E+04   0.160973E+04
   0.246800E+03   0.487918E+04   0.160974E+04
   0.246900E+03   0.487918E+04   0.160974E+04
   0.247000E+03   0.487918E+04   0.160974E+04
   0.247100E+03   0.487918E+04   0.160974E+04
   0.247200E+03   0.487918E+04   0.160974E+04
   0.247300E+03   0.487918E+04   0.160974E+04
   0.247400E+03   0.487918E+04   0.160974E+04
   0.247500E+03   0.487918E+04   0.160974E+04
   0.247600E+03   0.487919E+04   0.160974E+04
   0.247700E+03   0.487919E+04   0.160974E+04
   0.247800E+03   0.487919E+04   0.160974E+04
   0.247900E+03   0.487919E+04   0.160974E+04
   0.248000E+03   0.487919E+04   0.160974E+04
   0.248100E+03   0.487919E+04   0.160974E+04
   0.248200E+03   0.487919E+04   0.160974E+04
   0.248300E+03   0.487919E+04   0.160974E+04
   0.248400E+03   0.487919E+04   0.160974E+04
   0.248500E+03   0.487919E+04   0.160974E+04
   0.248600E+03   0.487919E+04   0.160974E+04
   0.248700E+03   0.487919E+04   0.160974E+04
   0.248800E+03   0.487919E+04   0.160974E+04
   0.248900E+03   0.487919E+04   0.160974E+04
   0.249000E+03   0.487919E+04   0.160974E+04
   0.249100E+03   0.487919E+04   0.160974E+04
   0.249200E+03   0.487919E+04   0.160974E+04
   0.249300E+03   0.487919E+04   0.160974E+04
   0.249400E+03   0.487919E+04   0.160974E+04
   0.249500E+03   0.487919E+04   0.160974E+04
   0.249600E+03   0.487919E+04   0.160974E+04
   0.249700E+03   0.487919E+04   0.160974E+04
   0.249800E+03   0.487919E+04   0.160974E+04
   0.249900E+03   0.487919E+04   0.160974E+04
