#    time(ps)        R(t,x=0)       J(t,x=L)
   0.000000E+00   0.136678E+01   0.648382E-04
   0.100000E+00   0.625185E+01   0.646625E-04
   0.200000E+00   0.162491E+02   0.643451E-04
   0.300000E+00   0.316629E+02   0.639161E-04
   0.400000E+00   0.517891E+02   0.634074E-04
   0.500000E+00   0.754554E+02   0.628434E-04
   0.600000E+00   0.101689E+03   0.622329E-04
   0.700000E+00   0.129788E+03   0.616086E-04
   0.800000E+00   0.159279E+03   0.609833E-04
   0.900000E+00   0.189911E+03   0.603779E-04
   0.100000E+01   0.221603E+03   0.598038E-04
   0.110000E+01   0.254284E+03   0.593163E-04
   0.120000E+01   0.287994E+03   0.590717E-04
   0.130000E+01   0.322879E+03   0.593591E-04
   0.140000E+01   0.359003E+03   0.607799E-04
   0.150000E+01   0.396314E+03   0.648424E-04
   0.160000E+01   0.434800E+03   0.739682E-04
   0.170000E+01   0.474351E+03   0.923927E-04
   0.180000E+01   0.514731E+03   0.130997E-03
   0.190000E+01   0.555694E+03   0.207088E-03
   0.200000E+01   0.597023E+03   0.347739E-03
   0.210000E+01   0.638429E+03   0.598130E-03
   0.220000E+01   0.679592E+03   0.105627E-02
   0.230000E+01   0.720266E+03   0.188453E-02
   0.240000E+01   0.760232E+03   0.336704E-02
   0.250000E+01   0.799352E+03   0.595271E-02
   0.260000E+01   0.837512E+03   0.103628E-01
   0.270000E+01   0.874637E+03   0.180725E-01
   0.280000E+01   0.910727E+03   0.312465E-01
   0.290000E+01   0.945798E+03   0.532704E-01
   0.300000E+01   0.979859E+03   0.890379E-01
   0.310000E+01   0.101294E+04   0.146270E+00
   0.320000E+01   0.104510E+04   0.236355E+00
   0.330000E+01   0.107638E+04   0.374623E+00
   0.340000E+01   0.110684E+04   0.582083E+00
   0.350000E+01   0.113651E+04   0.886333E+00
   0.360000E+01   0.116545E+04   0.132248E+01
   0.370000E+01   0.119372E+04   0.193219E+01
   0.380000E+01   0.122135E+04   0.276683E+01
   0.390000E+01   0.124842E+04   0.388432E+01
   0.400000E+01   0.127496E+04   0.535006E+01
   0.410000E+01   0.130101E+04   0.723439E+01
   0.420000E+01   0.132663E+04   0.960620E+01
   0.430000E+01   0.135188E+04   0.125344E+02
   0.440000E+01   0.137681E+04   0.160828E+02
   0.450000E+01   0.140145E+04   0.202990E+02
   0.460000E+01   0.142583E+04   0.252173E+02
   0.470000E+01   0.144998E+04   0.308560E+02
   0.480000E+01   0.147393E+04   0.372174E+02
   0.490000E+01   0.149770E+04   0.442850E+02
   0.500000E+01   0.152130E+04   0.520218E+02
   0.510000E+01   0.154473E+04   0.603793E+02
   0.520000E+01   0.156799E+04   0.692953E+02
   0.530000E+01   0.159109E+04   0.786923E+02
   0.540000E+01   0.161401E+04   0.884886E+02
   0.550000E+01   0.163677E+04   0.985992E+02
   0.560000E+01   0.165935E+04   0.108936E+03
   0.570000E+01   0.168175E+04   0.119413E+03
   0.580000E+01   0.170398E+04   0.129954E+03
   0.590000E+01   0.172601E+04   0.140483E+03
   0.600000E+01   0.174782E+04   0.150936E+03
   0.610000E+01   0.176941E+04   0.161254E+03
   0.620000E+01   0.179077E+04   0.171391E+03
   0.630000E+01   0.181187E+04   0.181312E+03
   0.640000E+01   0.183271E+04   0.190989E+03
   0.650000E+01   0.185328E+04   0.200404E+03
   0.660000E+01   0.187357E+04   0.209550E+03
   0.670000E+01   0.189359E+04   0.218426E+03
   0.680000E+01   0.191334E+04   0.227037E+03
   0.690000E+01   0.193279E+04   0.235394E+03
   0.700000E+01   0.195196E+04   0.243505E+03
   0.710000E+01   0.197084E+04   0.251382E+03
   0.720000E+01   0.198945E+04   0.259039E+03
   0.730000E+01   0.200777E+04   0.266485E+03
   0.740000E+01   0.202583E+04   0.273730E+03
   0.750000E+01   0.204362E+04   0.280790E+03
   0.760000E+01   0.206116E+04   0.287682E+03
   0.770000E+01   0.207844E+04   0.294418E+03
   0.780000E+01   0.209547E+04   0.301011E+03
   0.790000E+01   0.211226E+04   0.307472E+03
   0.800000E+01   0.212882E+04   0.313806E+03
   0.810000E+01   0.214515E+04   0.320019E+03
   0.820000E+01   0.216127E+04   0.326118E+03
   0.830000E+01   0.217717E+04   0.332106E+03
   0.840000E+01   0.219286E+04   0.337984E+03
   0.850000E+01   0.220836E+04   0.343759E+03
   0.860000E+01   0.222367E+04   0.349434E+03
   0.870000E+01   0.223880E+04   0.355015E+03
   0.880000E+01   0.225374E+04   0.360504E+03
   0.890000E+01   0.226851E+04   0.365914E+03
   0.900000E+01   0.228312E+04   0.371252E+03
   0.910000E+01   0.229756E+04   0.376527E+03
   0.920000E+01   0.231186E+04   0.381748E+03
   0.930000E+01   0.232600E+04   0.386922E+03
   0.940000E+01   0.234000E+04   0.392057E+03
   0.950000E+01   0.235386E+04   0.397159E+03
   0.960000E+01   0.236759E+04   0.402235E+03
   0.970000E+01   0.238118E+04   0.407291E+03
   0.980000E+01   0.239466E+04   0.412331E+03
   0.990000E+01   0.240801E+04   0.417358E+03
   0.100000E+02   0.242124E+04   0.422371E+03
   0.101000E+02   0.243436E+04   0.427372E+03
   0.102000E+02   0.244736E+04   0.432361E+03
   0.103000E+02   0.246025E+04   0.437337E+03
   0.104000E+02   0.247302E+04   0.442299E+03
   0.105000E+02   0.248569E+04   0.447244E+03
   0.106000E+02   0.249825E+04   0.452171E+03
   0.107000E+02   0.251071E+04   0.457077E+03
   0.108000E+02   0.252306E+04   0.461957E+03
   0.109000E+02   0.253532E+04   0.466809E+03
   0.110000E+02   0.254747E+04   0.471629E+03
   0.111000E+02   0.255953E+04   0.476417E+03
   0.112000E+02   0.257150E+04   0.481169E+03
   0.113000E+02   0.258338E+04   0.485883E+03
   0.114000E+02   0.259516E+04   0.490555E+03
   0.115000E+02   0.260686E+04   0.495185E+03
   0.116000E+02   0.261847E+04   0.499772E+03
   0.117000E+02   0.262999E+04   0.504316E+03
   0.118000E+02   0.264143E+04   0.508817E+03
   0.119000E+02   0.265279E+04   0.513275E+03
   0.120000E+02   0.266407E+04   0.517691E+03
   0.121000E+02   0.267526E+04   0.522066E+03
   0.122000E+02   0.268638E+04   0.526399E+03
   0.123000E+02   0.269743E+04   0.530693E+03
   0.124000E+02   0.270840E+04   0.534948E+03
   0.125000E+02   0.271929E+04   0.539169E+03
   0.126000E+02   0.273011E+04   0.543356E+03
   0.127000E+02   0.274085E+04   0.547511E+03
   0.128000E+02   0.275152E+04   0.551635E+03
   0.129000E+02   0.276212E+04   0.555732E+03
   0.130000E+02   0.277266E+04   0.559802E+03
   0.131000E+02   0.278312E+04   0.563848E+03
   0.132000E+02   0.279352E+04   0.567870E+03
   0.133000E+02   0.280385E+04   0.571871E+03
   0.134000E+02   0.281411E+04   0.575850E+03
   0.135000E+02   0.282430E+04   0.579810E+03
   0.136000E+02   0.283443E+04   0.583752E+03
   0.137000E+02   0.284449E+04   0.587678E+03
   0.138000E+02   0.285449E+04   0.591586E+03
   0.139000E+02   0.286442E+04   0.595480E+03
   0.140000E+02   0.287429E+04   0.599359E+03
   0.141000E+02   0.288409E+04   0.603224E+03
   0.142000E+02   0.289383E+04   0.607074E+03
   0.143000E+02   0.290350E+04   0.610911E+03
   0.144000E+02   0.291311E+04   0.614737E+03
   0.145000E+02   0.292265E+04   0.618550E+03
   0.146000E+02   0.293214E+04   0.622352E+03
   0.147000E+02   0.294156E+04   0.626141E+03
   0.148000E+02   0.295092E+04   0.629920E+03
   0.149000E+02   0.296022E+04   0.633689E+03
   0.150000E+02   0.296946E+04   0.637447E+03
   0.151000E+02   0.297864E+04   0.641192E+03
   0.152000E+02   0.298776E+04   0.644927E+03
   0.153000E+02   0.299682E+04   0.648650E+03
   0.154000E+02   0.300582E+04   0.652361E+03
   0.155000E+02   0.301477E+04   0.656062E+03
   0.156000E+02   0.302366E+04   0.659751E+03
   0.157000E+02   0.303249E+04   0.663430E+03
   0.158000E+02   0.304126E+04   0.667098E+03
   0.159000E+02   0.304998E+04   0.670756E+03
   0.160000E+02   0.305864E+04   0.674403E+03
   0.161000E+02   0.306725E+04   0.678040E+03
   0.162000E+02   0.307581E+04   0.681667E+03
   0.163000E+02   0.308431E+04   0.685283E+03
   0.164000E+02   0.309275E+04   0.688889E+03
   0.165000E+02   0.310115E+04   0.692484E+03
   0.166000E+02   0.310949E+04   0.696069E+03
   0.167000E+02   0.311778E+04   0.699644E+03
   0.168000E+02   0.312602E+04   0.703208E+03
   0.169000E+02   0.313421E+04   0.706761E+03
   0.170000E+02   0.314234E+04   0.710304E+03
   0.171000E+02   0.315043E+04   0.713835E+03
   0.172000E+02   0.315846E+04   0.717356E+03
   0.173000E+02   0.316645E+04   0.720866E+03
   0.174000E+02   0.317438E+04   0.724365E+03
   0.175000E+02   0.318227E+04   0.727855E+03
   0.176000E+02   0.319011E+04   0.731335E+03
   0.177000E+02   0.319790E+04   0.734804E+03
   0.178000E+02   0.320565E+04   0.738263E+03
   0.179000E+02   0.321334E+04   0.741713E+03
   0.180000E+02   0.322099E+04   0.745152E+03
   0.181000E+02   0.322860E+04   0.748582E+03
   0.182000E+02   0.323616E+04   0.752001E+03
   0.183000E+02   0.324367E+04   0.755411E+03
   0.184000E+02   0.325114E+04   0.758811E+03
   0.185000E+02   0.325856E+04   0.762201E+03
   0.186000E+02   0.326594E+04   0.765581E+03
   0.187000E+02   0.327328E+04   0.768951E+03
   0.188000E+02   0.328057E+04   0.772311E+03
   0.189000E+02   0.328783E+04   0.775660E+03
   0.190000E+02   0.329503E+04   0.779001E+03
   0.191000E+02   0.330220E+04   0.782332E+03
   0.192000E+02   0.330933E+04   0.785654E+03
   0.193000E+02   0.331641E+04   0.788967E+03
   0.194000E+02   0.332345E+04   0.792271E+03
   0.195000E+02   0.333046E+04   0.795566E+03
   0.196000E+02   0.333742E+04   0.798853E+03
   0.197000E+02   0.334434E+04   0.802132E+03
   0.198000E+02   0.335122E+04   0.805403E+03
   0.199000E+02   0.335806E+04   0.808667E+03
   0.200000E+02   0.336487E+04   0.811923E+03
   0.201000E+02   0.337163E+04   0.815170E+03
   0.202000E+02   0.337836E+04   0.818410E+03
   0.203000E+02   0.338504E+04   0.821641E+03
   0.204000E+02   0.339169E+04   0.824864E+03
   0.205000E+02   0.339831E+04   0.828078E+03
   0.206000E+02   0.340488E+04   0.831284E+03
   0.207000E+02   0.341142E+04   0.834482E+03
   0.208000E+02   0.341792E+04   0.837672E+03
   0.209000E+02   0.342438E+04   0.840853E+03
   0.210000E+02   0.343081E+04   0.844025E+03
   0.211000E+02   0.343720E+04   0.847190E+03
   0.212000E+02   0.344356E+04   0.850346E+03
   0.213000E+02   0.344988E+04   0.853494E+03
   0.214000E+02   0.345617E+04   0.856632E+03
   0.215000E+02   0.346242E+04   0.859762E+03
   0.216000E+02   0.346864E+04   0.862883E+03
   0.217000E+02   0.347483E+04   0.865996E+03
   0.218000E+02   0.348098E+04   0.869099E+03
   0.219000E+02   0.348709E+04   0.872195E+03
   0.220000E+02   0.349318E+04   0.875281E+03
   0.221000E+02   0.349923E+04   0.878359E+03
   0.222000E+02   0.350524E+04   0.881429E+03
   0.223000E+02   0.351123E+04   0.884491E+03
   0.224000E+02   0.351718E+04   0.887543E+03
   0.225000E+02   0.352310E+04   0.890587E+03
   0.226000E+02   0.352898E+04   0.893622E+03
   0.227000E+02   0.353484E+04   0.896649E+03
   0.228000E+02   0.354066E+04   0.899667E+03
   0.229000E+02   0.354645E+04   0.902677E+03
   0.230000E+02   0.355221E+04   0.905677E+03
   0.231000E+02   0.355793E+04   0.908670E+03
   0.232000E+02   0.356363E+04   0.911653E+03
   0.233000E+02   0.356930E+04   0.914628E+03
   0.234000E+02   0.357493E+04   0.917593E+03
   0.235000E+02   0.358054E+04   0.920550E+03
   0.236000E+02   0.358611E+04   0.923498E+03
   0.237000E+02   0.359166E+04   0.926436E+03
   0.238000E+02   0.359717E+04   0.929366E+03
   0.239000E+02   0.360266E+04   0.932286E+03
   0.240000E+02   0.360812E+04   0.935198E+03
   0.241000E+02   0.361355E+04   0.938102E+03
   0.242000E+02   0.361895E+04   0.940997E+03
   0.243000E+02   0.362432E+04   0.943883E+03
   0.244000E+02   0.362966E+04   0.946760E+03
   0.245000E+02   0.363497E+04   0.949629E+03
   0.246000E+02   0.364026E+04   0.952489E+03
   0.247000E+02   0.364552E+04   0.955341E+03
   0.248000E+02   0.365074E+04   0.958183E+03
   0.249000E+02   0.365595E+04   0.961018E+03
   0.250000E+02   0.366112E+04   0.963844E+03
   0.251000E+02   0.366627E+04   0.966662E+03
   0.252000E+02   0.367139E+04   0.969471E+03
   0.253000E+02   0.367648E+04   0.972272E+03
   0.254000E+02   0.368155E+04   0.975064E+03
   0.255000E+02   0.368659E+04   0.977849E+03
   0.256000E+02   0.369160E+04   0.980625E+03
   0.257000E+02   0.369659E+04   0.983393E+03
   0.258000E+02   0.370155E+04   0.986152E+03
   0.259000E+02   0.370649E+04   0.988904E+03
   0.260000E+02   0.371140E+04   0.991647E+03
   0.261000E+02   0.371629E+04   0.994383E+03
   0.262000E+02   0.372115E+04   0.997110E+03
   0.263000E+02   0.372598E+04   0.999828E+03
   0.264000E+02   0.373080E+04   0.100254E+04
   0.265000E+02   0.373558E+04   0.100524E+04
   0.266000E+02   0.374035E+04   0.100793E+04
   0.267000E+02   0.374508E+04   0.101062E+04
   0.268000E+02   0.374980E+04   0.101329E+04
   0.269000E+02   0.375449E+04   0.101596E+04
   0.270000E+02   0.375915E+04   0.101862E+04
   0.271000E+02   0.376379E+04   0.102127E+04
   0.272000E+02   0.376841E+04   0.102391E+04
   0.273000E+02   0.377301E+04   0.102655E+04
   0.274000E+02   0.377758E+04   0.102918E+04
   0.275000E+02   0.378213E+04   0.103179E+04
   0.276000E+02   0.378665E+04   0.103440E+04
   0.277000E+02   0.379115E+04   0.103700E+04
   0.278000E+02   0.379563E+04   0.103960E+04
   0.279000E+02   0.380008E+04   0.104218E+04
   0.280000E+02   0.380452E+04   0.104476E+04
   0.281000E+02   0.380893E+04   0.104733E+04
   0.282000E+02   0.381331E+04   0.104989E+04
   0.283000E+02   0.381768E+04   0.105244E+04
   0.284000E+02   0.382202E+04   0.105499E+04
   0.285000E+02   0.382634E+04   0.105752E+04
   0.286000E+02   0.383064E+04   0.106005E+04
   0.287000E+02   0.383492E+04   0.106257E+04
   0.288000E+02   0.383918E+04   0.106509E+04
   0.289000E+02   0.384341E+04   0.106759E+04
   0.290000E+02   0.384763E+04   0.107009E+04
   0.291000E+02   0.385182E+04   0.107258E+04
   0.292000E+02   0.385599E+04   0.107506E+04
   0.293000E+02   0.386014E+04   0.107753E+04
   0.294000E+02   0.386427E+04   0.108000E+04
   0.295000E+02   0.386838E+04   0.108246E+04
   0.296000E+02   0.387247E+04   0.108491E+04
   0.297000E+02   0.387654E+04   0.108735E+04
   0.298000E+02   0.388059E+04   0.108979E+04
   0.299000E+02   0.388462E+04   0.109221E+04
   0.300000E+02   0.388863E+04   0.109463E+04
   0.301000E+02   0.389261E+04   0.109704E+04
   0.302000E+02   0.389658E+04   0.109945E+04
   0.303000E+02   0.390053E+04   0.110184E+04
   0.304000E+02   0.390446E+04   0.110423E+04
   0.305000E+02   0.390837E+04   0.110661E+04
   0.306000E+02   0.391226E+04   0.110898E+04
   0.307000E+02   0.391613E+04   0.111135E+04
   0.308000E+02   0.391999E+04   0.111370E+04
   0.309000E+02   0.392382E+04   0.111605E+04
   0.310000E+02   0.392764E+04   0.111839E+04
   0.311000E+02   0.393143E+04   0.112073E+04
   0.312000E+02   0.393521E+04   0.112305E+04
   0.313000E+02   0.393897E+04   0.112537E+04
   0.314000E+02   0.394271E+04   0.112769E+04
   0.315000E+02   0.394643E+04   0.112999E+04
   0.316000E+02   0.395013E+04   0.113229E+04
   0.317000E+02   0.395382E+04   0.113457E+04
   0.318000E+02   0.395749E+04   0.113686E+04
   0.319000E+02   0.396114E+04   0.113913E+04
   0.320000E+02   0.396477E+04   0.114140E+04
   0.321000E+02   0.396839E+04   0.114366E+04
   0.322000E+02   0.397198E+04   0.114591E+04
   0.323000E+02   0.397556E+04   0.114815E+04
   0.324000E+02   0.397912E+04   0.115039E+04
   0.325000E+02   0.398267E+04   0.115262E+04
   0.326000E+02   0.398620E+04   0.115485E+04
   0.327000E+02   0.398971E+04   0.115706E+04
   0.328000E+02   0.399320E+04   0.115927E+04
   0.329000E+02   0.399668E+04   0.116147E+04
   0.330000E+02   0.400014E+04   0.116367E+04
   0.331000E+02   0.400358E+04   0.116585E+04
   0.332000E+02   0.400701E+04   0.116803E+04
   0.333000E+02   0.401042E+04   0.117020E+04
   0.334000E+02   0.401381E+04   0.117237E+04
   0.335000E+02   0.401719E+04   0.117453E+04
   0.336000E+02   0.402055E+04   0.117668E+04
   0.337000E+02   0.402389E+04   0.117882E+04
   0.338000E+02   0.402722E+04   0.118095E+04
   0.339000E+02   0.403054E+04   0.118308E+04
   0.340000E+02   0.403383E+04   0.118520E+04
   0.341000E+02   0.403711E+04   0.118732E+04
   0.342000E+02   0.404038E+04   0.118942E+04
   0.343000E+02   0.404363E+04   0.119152E+04
   0.344000E+02   0.404686E+04   0.119362E+04
   0.345000E+02   0.405008E+04   0.119570E+04
   0.346000E+02   0.405329E+04   0.119778E+04
   0.347000E+02   0.405647E+04   0.119986E+04
   0.348000E+02   0.405965E+04   0.120192E+04
   0.349000E+02   0.406281E+04   0.120398E+04
   0.350000E+02   0.406595E+04   0.120603E+04
   0.351000E+02   0.406908E+04   0.120808E+04
   0.352000E+02   0.407219E+04   0.121012E+04
   0.353000E+02   0.407529E+04   0.121215E+04
   0.354000E+02   0.407837E+04   0.121417E+04
   0.355000E+02   0.408144E+04   0.121619E+04
   0.356000E+02   0.408450E+04   0.121820E+04
   0.357000E+02   0.408754E+04   0.122021E+04
   0.358000E+02   0.409057E+04   0.122220E+04
   0.359000E+02   0.409358E+04   0.122419E+04
   0.360000E+02   0.409658E+04   0.122618E+04
   0.361000E+02   0.409956E+04   0.122815E+04
   0.362000E+02   0.410253E+04   0.123012E+04
   0.363000E+02   0.410548E+04   0.123209E+04
   0.364000E+02   0.410843E+04   0.123404E+04
   0.365000E+02   0.411135E+04   0.123599E+04
   0.366000E+02   0.411427E+04   0.123794E+04
   0.367000E+02   0.411717E+04   0.123987E+04
   0.368000E+02   0.412006E+04   0.124180E+04
   0.369000E+02   0.412293E+04   0.124372E+04
   0.370000E+02   0.412579E+04   0.124564E+04
   0.371000E+02   0.412864E+04   0.124755E+04
   0.372000E+02   0.413147E+04   0.124945E+04
   0.373000E+02   0.413429E+04   0.125135E+04
   0.374000E+02   0.413710E+04   0.125324E+04
   0.375000E+02   0.413989E+04   0.125512E+04
   0.376000E+02   0.414268E+04   0.125700E+04
   0.377000E+02   0.414545E+04   0.125887E+04
   0.378000E+02   0.414820E+04   0.126073E+04
   0.379000E+02   0.415094E+04   0.126259E+04
   0.380000E+02   0.415367E+04   0.126444E+04
   0.381000E+02   0.415639E+04   0.126628E+04
   0.382000E+02   0.415910E+04   0.126812E+04
   0.383000E+02   0.416179E+04   0.126995E+04
   0.384000E+02   0.416447E+04   0.127178E+04
   0.385000E+02   0.416714E+04   0.127359E+04
   0.386000E+02   0.416979E+04   0.127541E+04
   0.387000E+02   0.417244E+04   0.127721E+04
   0.388000E+02   0.417507E+04   0.127901E+04
   0.389000E+02   0.417769E+04   0.128080E+04
   0.390000E+02   0.418029E+04   0.128259E+04
   0.391000E+02   0.418289E+04   0.128437E+04
   0.392000E+02   0.418547E+04   0.128614E+04
   0.393000E+02   0.418804E+04   0.128791E+04
   0.394000E+02   0.419060E+04   0.128967E+04
   0.395000E+02   0.419315E+04   0.129142E+04
   0.396000E+02   0.419569E+04   0.129317E+04
   0.397000E+02   0.419821E+04   0.129491E+04
   0.398000E+02   0.420072E+04   0.129665E+04
   0.399000E+02   0.420322E+04   0.129838E+04
   0.400000E+02   0.420571E+04   0.130010E+04
   0.401000E+02   0.420819E+04   0.130182E+04
   0.402000E+02   0.421066E+04   0.130353E+04
   0.403000E+02   0.421312E+04   0.130523E+04
   0.404000E+02   0.421556E+04   0.130693E+04
   0.405000E+02   0.421799E+04   0.130863E+04
   0.406000E+02   0.422042E+04   0.131031E+04
   0.407000E+02   0.422283E+04   0.131199E+04
   0.408000E+02   0.422523E+04   0.131367E+04
   0.409000E+02   0.422762E+04   0.131534E+04
   0.410000E+02   0.423000E+04   0.131700E+04
   0.411000E+02   0.423236E+04   0.131866E+04
   0.412000E+02   0.423472E+04   0.132031E+04
   0.413000E+02   0.423707E+04   0.132195E+04
   0.414000E+02   0.423940E+04   0.132359E+04
   0.415000E+02   0.424173E+04   0.132522E+04
   0.416000E+02   0.424404E+04   0.132685E+04
   0.417000E+02   0.424635E+04   0.132847E+04
   0.418000E+02   0.424864E+04   0.133009E+04
   0.419000E+02   0.425093E+04   0.133170E+04
   0.420000E+02   0.425320E+04   0.133330E+04
   0.421000E+02   0.425546E+04   0.133490E+04
   0.422000E+02   0.425771E+04   0.133649E+04
   0.423000E+02   0.425996E+04   0.133808E+04
   0.424000E+02   0.426219E+04   0.133966E+04
   0.425000E+02   0.426441E+04   0.134123E+04
   0.426000E+02   0.426662E+04   0.134280E+04
   0.427000E+02   0.426883E+04   0.134436E+04
   0.428000E+02   0.427102E+04   0.134592E+04
   0.429000E+02   0.427320E+04   0.134747E+04
   0.430000E+02   0.427537E+04   0.134902E+04
   0.431000E+02   0.427754E+04   0.135056E+04
   0.432000E+02   0.427969E+04   0.135210E+04
   0.433000E+02   0.428183E+04   0.135363E+04
   0.434000E+02   0.428397E+04   0.135515E+04
   0.435000E+02   0.428609E+04   0.135667E+04
   0.436000E+02   0.428821E+04   0.135818E+04
   0.437000E+02   0.429031E+04   0.135969E+04
   0.438000E+02   0.429241E+04   0.136119E+04
   0.439000E+02   0.429450E+04   0.136269E+04
   0.440000E+02   0.429657E+04   0.136418E+04
   0.441000E+02   0.429864E+04   0.136567E+04
   0.442000E+02   0.430070E+04   0.136715E+04
   0.443000E+02   0.430275E+04   0.136862E+04
   0.444000E+02   0.430479E+04   0.137009E+04
   0.445000E+02   0.430682E+04   0.137156E+04
   0.446000E+02   0.430885E+04   0.137301E+04
   0.447000E+02   0.431086E+04   0.137447E+04
   0.448000E+02   0.431286E+04   0.137592E+04
   0.449000E+02   0.431486E+04   0.137736E+04
   0.450000E+02   0.431685E+04   0.137879E+04
   0.451000E+02   0.431883E+04   0.138023E+04
   0.452000E+02   0.432079E+04   0.138165E+04
   0.453000E+02   0.432276E+04   0.138307E+04
   0.454000E+02   0.432471E+04   0.138449E+04
   0.455000E+02   0.432665E+04   0.138590E+04
   0.456000E+02   0.432859E+04   0.138731E+04
   0.457000E+02   0.433051E+04   0.138871E+04
   0.458000E+02   0.433243E+04   0.139010E+04
   0.459000E+02   0.433434E+04   0.139149E+04
   0.460000E+02   0.433624E+04   0.139288E+04
   0.461000E+02   0.433813E+04   0.139426E+04
   0.462000E+02   0.434002E+04   0.139563E+04
   0.463000E+02   0.434189E+04   0.139700E+04
   0.464000E+02   0.434376E+04   0.139837E+04
   0.465000E+02   0.434562E+04   0.139973E+04
   0.466000E+02   0.434747E+04   0.140108E+04
   0.467000E+02   0.434931E+04   0.140243E+04
   0.468000E+02   0.435115E+04   0.140378E+04
   0.469000E+02   0.435297E+04   0.140512E+04
   0.470000E+02   0.435479E+04   0.140645E+04
   0.471000E+02   0.435660E+04   0.140778E+04
   0.472000E+02   0.435840E+04   0.140911E+04
   0.473000E+02   0.436020E+04   0.141043E+04
   0.474000E+02   0.436199E+04   0.141174E+04
   0.475000E+02   0.436376E+04   0.141305E+04
   0.476000E+02   0.436554E+04   0.141436E+04
   0.477000E+02   0.436730E+04   0.141566E+04
   0.478000E+02   0.436905E+04   0.141695E+04
   0.479000E+02   0.437080E+04   0.141824E+04
   0.480000E+02   0.437254E+04   0.141953E+04
   0.481000E+02   0.437428E+04   0.142081E+04
   0.482000E+02   0.437600E+04   0.142209E+04
   0.483000E+02   0.437772E+04   0.142336E+04
   0.484000E+02   0.437943E+04   0.142463E+04
   0.485000E+02   0.438113E+04   0.142589E+04
   0.486000E+02   0.438283E+04   0.142715E+04
   0.487000E+02   0.438451E+04   0.142840E+04
   0.488000E+02   0.438619E+04   0.142965E+04
   0.489000E+02   0.438787E+04   0.143090E+04
   0.490000E+02   0.438953E+04   0.143214E+04
   0.491000E+02   0.439119E+04   0.143337E+04
   0.492000E+02   0.439284E+04   0.143460E+04
   0.493000E+02   0.439449E+04   0.143583E+04
   0.494000E+02   0.439612E+04   0.143705E+04
   0.495000E+02   0.439775E+04   0.143826E+04
   0.496000E+02   0.439938E+04   0.143948E+04
   0.497000E+02   0.440099E+04   0.144068E+04
   0.498000E+02   0.440260E+04   0.144189E+04
   0.499000E+02   0.440420E+04   0.144309E+04
   0.500000E+02   0.440580E+04   0.144428E+04
   0.501000E+02   0.440739E+04   0.144547E+04
   0.502000E+02   0.440897E+04   0.144666E+04
   0.503000E+02   0.441054E+04   0.144784E+04
   0.504000E+02   0.441211E+04   0.144901E+04
   0.505000E+02   0.441367E+04   0.145018E+04
   0.506000E+02   0.441522E+04   0.145135E+04
   0.507000E+02   0.441677E+04   0.145251E+04
   0.508000E+02   0.441831E+04   0.145367E+04
   0.509000E+02   0.441985E+04   0.145483E+04
   0.510000E+02   0.442137E+04   0.145598E+04
   0.511000E+02   0.442289E+04   0.145712E+04
   0.512000E+02   0.442441E+04   0.145826E+04
   0.513000E+02   0.442592E+04   0.145940E+04
   0.514000E+02   0.442742E+04   0.146053E+04
   0.515000E+02   0.442891E+04   0.146166E+04
   0.516000E+02   0.443040E+04   0.146279E+04
   0.517000E+02   0.443188E+04   0.146391E+04
   0.518000E+02   0.443336E+04   0.146502E+04
   0.519000E+02   0.443482E+04   0.146613E+04
   0.520000E+02   0.443629E+04   0.146724E+04
   0.521000E+02   0.443774E+04   0.146834E+04
   0.522000E+02   0.443919E+04   0.146944E+04
   0.523000E+02   0.444064E+04   0.147054E+04
   0.524000E+02   0.444207E+04   0.147163E+04
   0.525000E+02   0.444351E+04   0.147271E+04
   0.526000E+02   0.444493E+04   0.147379E+04
   0.527000E+02   0.444635E+04   0.147487E+04
   0.528000E+02   0.444776E+04   0.147595E+04
   0.529000E+02   0.444917E+04   0.147702E+04
   0.530000E+02   0.445057E+04   0.147808E+04
   0.531000E+02   0.445196E+04   0.147914E+04
   0.532000E+02   0.445335E+04   0.148020E+04
   0.533000E+02   0.445474E+04   0.148125E+04
   0.534000E+02   0.445611E+04   0.148230E+04
   0.535000E+02   0.445748E+04   0.148335E+04
   0.536000E+02   0.445885E+04   0.148439E+04
   0.537000E+02   0.446021E+04   0.148543E+04
   0.538000E+02   0.446156E+04   0.148646E+04
   0.539000E+02   0.446291E+04   0.148749E+04
   0.540000E+02   0.446425E+04   0.148852E+04
   0.541000E+02   0.446559E+04   0.148954E+04
   0.542000E+02   0.446692E+04   0.149056E+04
   0.543000E+02   0.446824E+04   0.149158E+04
   0.544000E+02   0.446956E+04   0.149259E+04
   0.545000E+02   0.447088E+04   0.149359E+04
   0.546000E+02   0.447218E+04   0.149460E+04
   0.547000E+02   0.447349E+04   0.149560E+04
   0.548000E+02   0.447478E+04   0.149659E+04
   0.549000E+02   0.447607E+04   0.149758E+04
   0.550000E+02   0.447736E+04   0.149857E+04
   0.551000E+02   0.447864E+04   0.149956E+04
   0.552000E+02   0.447991E+04   0.150054E+04
   0.553000E+02   0.448118E+04   0.150151E+04
   0.554000E+02   0.448245E+04   0.150249E+04
   0.555000E+02   0.448371E+04   0.150346E+04
   0.556000E+02   0.448496E+04   0.150442E+04
   0.557000E+02   0.448621E+04   0.150538E+04
   0.558000E+02   0.448745E+04   0.150634E+04
   0.559000E+02   0.448869E+04   0.150730E+04
   0.560000E+02   0.448992E+04   0.150825E+04
   0.561000E+02   0.449114E+04   0.150919E+04
   0.562000E+02   0.449237E+04   0.151014E+04
   0.563000E+02   0.449358E+04   0.151108E+04
   0.564000E+02   0.449479E+04   0.151201E+04
   0.565000E+02   0.449600E+04   0.151295E+04
   0.566000E+02   0.449720E+04   0.151388E+04
   0.567000E+02   0.449840E+04   0.151480E+04
   0.568000E+02   0.449959E+04   0.151572E+04
   0.569000E+02   0.450077E+04   0.151664E+04
   0.570000E+02   0.450195E+04   0.151756E+04
   0.571000E+02   0.450313E+04   0.151847E+04
   0.572000E+02   0.450430E+04   0.151938E+04
   0.573000E+02   0.450547E+04   0.152028E+04
   0.574000E+02   0.450663E+04   0.152118E+04
   0.575000E+02   0.450778E+04   0.152208E+04
   0.576000E+02   0.450893E+04   0.152298E+04
   0.577000E+02   0.451008E+04   0.152387E+04
   0.578000E+02   0.451122E+04   0.152475E+04
   0.579000E+02   0.451236E+04   0.152564E+04
   0.580000E+02   0.451349E+04   0.152652E+04
   0.581000E+02   0.451462E+04   0.152740E+04
   0.582000E+02   0.451574E+04   0.152827E+04
   0.583000E+02   0.451686E+04   0.152914E+04
   0.584000E+02   0.451797E+04   0.153001E+04
   0.585000E+02   0.451908E+04   0.153087E+04
   0.586000E+02   0.452018E+04   0.153173E+04
   0.587000E+02   0.452128E+04   0.153259E+04
   0.588000E+02   0.452237E+04   0.153344E+04
   0.589000E+02   0.452346E+04   0.153429E+04
   0.590000E+02   0.452455E+04   0.153514E+04
   0.591000E+02   0.452563E+04   0.153598E+04
   0.592000E+02   0.452670E+04   0.153682E+04
   0.593000E+02   0.452777E+04   0.153766E+04
   0.594000E+02   0.452884E+04   0.153850E+04
   0.595000E+02   0.452990E+04   0.153933E+04
   0.596000E+02   0.453096E+04   0.154015E+04
   0.597000E+02   0.453201E+04   0.154098E+04
   0.598000E+02   0.453306E+04   0.154180E+04
   0.599000E+02   0.453410E+04   0.154262E+04
   0.600000E+02   0.453514E+04   0.154343E+04
   0.601000E+02   0.453618E+04   0.154424E+04
   0.602000E+02   0.453721E+04   0.154505E+04
   0.603000E+02   0.453824E+04   0.154586E+04
   0.604000E+02   0.453926E+04   0.154666E+04
   0.605000E+02   0.454028E+04   0.154746E+04
   0.606000E+02   0.454129E+04   0.154826E+04
   0.607000E+02   0.454230E+04   0.154905E+04
   0.608000E+02   0.454331E+04   0.154984E+04
   0.609000E+02   0.454431E+04   0.155063E+04
   0.610000E+02   0.454531E+04   0.155141E+04
   0.611000E+02   0.454630E+04   0.155219E+04
   0.612000E+02   0.454729E+04   0.155297E+04
   0.613000E+02   0.454827E+04   0.155374E+04
   0.614000E+02   0.454925E+04   0.155452E+04
   0.615000E+02   0.455023E+04   0.155528E+04
   0.616000E+02   0.455120E+04   0.155605E+04
   0.617000E+02   0.455217E+04   0.155681E+04
   0.618000E+02   0.455313E+04   0.155757E+04
   0.619000E+02   0.455409E+04   0.155833E+04
   0.620000E+02   0.455505E+04   0.155909E+04
   0.621000E+02   0.455600E+04   0.155984E+04
   0.622000E+02   0.455695E+04   0.156058E+04
   0.623000E+02   0.455789E+04   0.156133E+04
   0.624000E+02   0.455883E+04   0.156207E+04
   0.625000E+02   0.455977E+04   0.156281E+04
   0.626000E+02   0.456070E+04   0.156355E+04
   0.627000E+02   0.456163E+04   0.156428E+04
   0.628000E+02   0.456255E+04   0.156501E+04
   0.629000E+02   0.456348E+04   0.156574E+04
   0.630000E+02   0.456439E+04   0.156647E+04
   0.631000E+02   0.456531E+04   0.156719E+04
   0.632000E+02   0.456621E+04   0.156791E+04
   0.633000E+02   0.456712E+04   0.156863E+04
   0.634000E+02   0.456802E+04   0.156934E+04
   0.635000E+02   0.456892E+04   0.157005E+04
   0.636000E+02   0.456981E+04   0.157076E+04
   0.637000E+02   0.457070E+04   0.157147E+04
   0.638000E+02   0.457159E+04   0.157217E+04
   0.639000E+02   0.457247E+04   0.157287E+04
   0.640000E+02   0.457335E+04   0.157357E+04
   0.641000E+02   0.457423E+04   0.157426E+04
   0.642000E+02   0.457510E+04   0.157495E+04
   0.643000E+02   0.457597E+04   0.157564E+04
   0.644000E+02   0.457683E+04   0.157633E+04
   0.645000E+02   0.457769E+04   0.157701E+04
   0.646000E+02   0.457855E+04   0.157770E+04
   0.647000E+02   0.457941E+04   0.157837E+04
   0.648000E+02   0.458026E+04   0.157905E+04
   0.649000E+02   0.458110E+04   0.157972E+04
   0.650000E+02   0.458195E+04   0.158040E+04
   0.651000E+02   0.458279E+04   0.158106E+04
   0.652000E+02   0.458362E+04   0.158173E+04
   0.653000E+02   0.458446E+04   0.158239E+04
   0.654000E+02   0.458528E+04   0.158305E+04
   0.655000E+02   0.458611E+04   0.158371E+04
   0.656000E+02   0.458693E+04   0.158437E+04
   0.657000E+02   0.458775E+04   0.158502E+04
   0.658000E+02   0.458857E+04   0.158567E+04
   0.659000E+02   0.458938E+04   0.158632E+04
   0.660000E+02   0.459019E+04   0.158696E+04
   0.661000E+02   0.459099E+04   0.158761E+04
   0.662000E+02   0.459180E+04   0.158825E+04
   0.663000E+02   0.459260E+04   0.158889E+04
   0.664000E+02   0.459339E+04   0.158952E+04
   0.665000E+02   0.459418E+04   0.159015E+04
   0.666000E+02   0.459497E+04   0.159079E+04
   0.667000E+02   0.459576E+04   0.159141E+04
   0.668000E+02   0.459654E+04   0.159204E+04
   0.669000E+02   0.459732E+04   0.159266E+04
   0.670000E+02   0.459810E+04   0.159328E+04
   0.671000E+02   0.459887E+04   0.159390E+04
   0.672000E+02   0.459964E+04   0.159452E+04
   0.673000E+02   0.460040E+04   0.159513E+04
   0.674000E+02   0.460117E+04   0.159574E+04
   0.675000E+02   0.460193E+04   0.159635E+04
   0.676000E+02   0.460268E+04   0.159696E+04
   0.677000E+02   0.460344E+04   0.159756E+04
   0.678000E+02   0.460419E+04   0.159816E+04
   0.679000E+02   0.460494E+04   0.159876E+04
   0.680000E+02   0.460568E+04   0.159936E+04
   0.681000E+02   0.460642E+04   0.159995E+04
   0.682000E+02   0.460716E+04   0.160055E+04
   0.683000E+02   0.460789E+04   0.160113E+04
   0.684000E+02   0.460863E+04   0.160172E+04
   0.685000E+02   0.460936E+04   0.160231E+04
   0.686000E+02   0.461008E+04   0.160289E+04
   0.687000E+02   0.461080E+04   0.160347E+04
   0.688000E+02   0.461152E+04   0.160405E+04
   0.689000E+02   0.461224E+04   0.160463E+04
   0.690000E+02   0.461296E+04   0.160520E+04
   0.691000E+02   0.461367E+04   0.160577E+04
   0.692000E+02   0.461438E+04   0.160634E+04
   0.693000E+02   0.461508E+04   0.160691E+04
   0.694000E+02   0.461578E+04   0.160747E+04
   0.695000E+02   0.461648E+04   0.160803E+04
   0.696000E+02   0.461718E+04   0.160859E+04
   0.697000E+02   0.461787E+04   0.160915E+04
   0.698000E+02   0.461856E+04   0.160971E+04
   0.699000E+02   0.461925E+04   0.161026E+04
   0.700000E+02   0.461994E+04   0.161081E+04
   0.701000E+02   0.462062E+04   0.161136E+04
   0.702000E+02   0.462130E+04   0.161191E+04
   0.703000E+02   0.462198E+04   0.161246E+04
   0.704000E+02   0.462265E+04   0.161300E+04
   0.705000E+02   0.462332E+04   0.161354E+04
   0.706000E+02   0.462399E+04   0.161408E+04
   0.707000E+02   0.462465E+04   0.161462E+04
   0.708000E+02   0.462532E+04   0.161515E+04
   0.709000E+02   0.462598E+04   0.161568E+04
   0.710000E+02   0.462663E+04   0.161621E+04
   0.711000E+02   0.462729E+04   0.161674E+04
   0.712000E+02   0.462794E+04   0.161727E+04
   0.713000E+02   0.462859E+04   0.161779E+04
   0.714000E+02   0.462924E+04   0.161831E+04
   0.715000E+02   0.462988E+04   0.161884E+04
   0.716000E+02   0.463052E+04   0.161935E+04
   0.717000E+02   0.463116E+04   0.161987E+04
   0.718000E+02   0.463180E+04   0.162038E+04
   0.719000E+02   0.463243E+04   0.162089E+04
   0.720000E+02   0.463306E+04   0.162140E+04
   0.721000E+02   0.463369E+04   0.162191E+04
   0.722000E+02   0.463432E+04   0.162242E+04
   0.723000E+02   0.463494E+04   0.162292E+04
   0.724000E+02   0.463556E+04   0.162342E+04
   0.725000E+02   0.463618E+04   0.162392E+04
   0.726000E+02   0.463679E+04   0.162442E+04
   0.727000E+02   0.463741E+04   0.162492E+04
   0.728000E+02   0.463802E+04   0.162541E+04
   0.729000E+02   0.463862E+04   0.162590E+04
   0.730000E+02   0.463923E+04   0.162639E+04
   0.731000E+02   0.463983E+04   0.162688E+04
   0.732000E+02   0.464043E+04   0.162737E+04
   0.733000E+02   0.464103E+04   0.162785E+04
   0.734000E+02   0.464163E+04   0.162834E+04
   0.735000E+02   0.464222E+04   0.162882E+04
   0.736000E+02   0.464281E+04   0.162929E+04
   0.737000E+02   0.464340E+04   0.162977E+04
   0.738000E+02   0.464398E+04   0.163025E+04
   0.739000E+02   0.464457E+04   0.163072E+04
   0.740000E+02   0.464515E+04   0.163119E+04
   0.741000E+02   0.464573E+04   0.163166E+04
   0.742000E+02   0.464630E+04   0.163213E+04
   0.743000E+02   0.464688E+04   0.163259E+04
   0.744000E+02   0.464745E+04   0.163306E+04
   0.745000E+02   0.464802E+04   0.163352E+04
   0.746000E+02   0.464858E+04   0.163398E+04
   0.747000E+02   0.464915E+04   0.163444E+04
   0.748000E+02   0.464971E+04   0.163489E+04
   0.749000E+02   0.465027E+04   0.163535E+04
   0.750000E+02   0.465083E+04   0.163580E+04
   0.751000E+02   0.465138E+04   0.163625E+04
   0.752000E+02   0.465194E+04   0.163670E+04
   0.753000E+02   0.465249E+04   0.163715E+04
   0.754000E+02   0.465303E+04   0.163759E+04
   0.755000E+02   0.465358E+04   0.163804E+04
   0.756000E+02   0.465412E+04   0.163848E+04
   0.757000E+02   0.465467E+04   0.163892E+04
   0.758000E+02   0.465521E+04   0.163936E+04
   0.759000E+02   0.465574E+04   0.163980E+04
   0.760000E+02   0.465628E+04   0.164023E+04
   0.761000E+02   0.465681E+04   0.164066E+04
   0.762000E+02   0.465734E+04   0.164110E+04
   0.763000E+02   0.465787E+04   0.164153E+04
   0.764000E+02   0.465840E+04   0.164195E+04
   0.765000E+02   0.465892E+04   0.164238E+04
   0.766000E+02   0.465944E+04   0.164281E+04
   0.767000E+02   0.465996E+04   0.164323E+04
   0.768000E+02   0.466048E+04   0.164365E+04
   0.769000E+02   0.466100E+04   0.164407E+04
   0.770000E+02   0.466151E+04   0.164449E+04
   0.771000E+02   0.466202E+04   0.164491E+04
   0.772000E+02   0.466253E+04   0.164532E+04
   0.773000E+02   0.466304E+04   0.164573E+04
   0.774000E+02   0.466354E+04   0.164615E+04
   0.775000E+02   0.466405E+04   0.164656E+04
   0.776000E+02   0.466455E+04   0.164696E+04
   0.777000E+02   0.466505E+04   0.164737E+04
   0.778000E+02   0.466554E+04   0.164778E+04
   0.779000E+02   0.466604E+04   0.164818E+04
   0.780000E+02   0.466653E+04   0.164858E+04
   0.781000E+02   0.466702E+04   0.164898E+04
   0.782000E+02   0.466751E+04   0.164938E+04
   0.783000E+02   0.466800E+04   0.164978E+04
   0.784000E+02   0.466848E+04   0.165018E+04
   0.785000E+02   0.466897E+04   0.165057E+04
   0.786000E+02   0.466945E+04   0.165096E+04
   0.787000E+02   0.466993E+04   0.165135E+04
   0.788000E+02   0.467040E+04   0.165174E+04
   0.789000E+02   0.467088E+04   0.165213E+04
   0.790000E+02   0.467135E+04   0.165252E+04
   0.791000E+02   0.467182E+04   0.165290E+04
   0.792000E+02   0.467229E+04   0.165329E+04
   0.793000E+02   0.467276E+04   0.165367E+04
   0.794000E+02   0.467322E+04   0.165405E+04
   0.795000E+02   0.467369E+04   0.165443E+04
   0.796000E+02   0.467415E+04   0.165480E+04
   0.797000E+02   0.467461E+04   0.165518E+04
   0.798000E+02   0.467507E+04   0.165555E+04
   0.799000E+02   0.467552E+04   0.165593E+04
   0.800000E+02   0.467598E+04   0.165630E+04
   0.801000E+02   0.467643E+04   0.165667E+04
   0.802000E+02   0.467688E+04   0.165704E+04
   0.803000E+02   0.467733E+04   0.165740E+04
   0.804000E+02   0.467777E+04   0.165777E+04
   0.805000E+02   0.467822E+04   0.165813E+04
   0.806000E+02   0.467866E+04   0.165850E+04
   0.807000E+02   0.467910E+04   0.165886E+04
   0.808000E+02   0.467954E+04   0.165922E+04
   0.809000E+02   0.467998E+04   0.165958E+04
   0.810000E+02   0.468042E+04   0.165993E+04
   0.811000E+02   0.468085E+04   0.166029E+04
   0.812000E+02   0.468128E+04   0.166064E+04
   0.813000E+02   0.468171E+04   0.166100E+04
   0.814000E+02   0.468214E+04   0.166135E+04
   0.815000E+02   0.468257E+04   0.166170E+04
   0.816000E+02   0.468300E+04   0.166204E+04
   0.817000E+02   0.468342E+04   0.166239E+04
   0.818000E+02   0.468384E+04   0.166274E+04
   0.819000E+02   0.468426E+04   0.166308E+04
   0.820000E+02   0.468468E+04   0.166343E+04
   0.821000E+02   0.468510E+04   0.166377E+04
   0.822000E+02   0.468551E+04   0.166411E+04
   0.823000E+02   0.468593E+04   0.166445E+04
   0.824000E+02   0.468634E+04   0.166478E+04
   0.825000E+02   0.468675E+04   0.166512E+04
   0.826000E+02   0.468716E+04   0.166545E+04
   0.827000E+02   0.468756E+04   0.166579E+04
   0.828000E+02   0.468797E+04   0.166612E+04
   0.829000E+02   0.468837E+04   0.166645E+04
   0.830000E+02   0.468877E+04   0.166678E+04
   0.831000E+02   0.468917E+04   0.166711E+04
   0.832000E+02   0.468957E+04   0.166744E+04
   0.833000E+02   0.468997E+04   0.166776E+04
   0.834000E+02   0.469036E+04   0.166809E+04
   0.835000E+02   0.469076E+04   0.166841E+04
   0.836000E+02   0.469115E+04   0.166873E+04
   0.837000E+02   0.469154E+04   0.166905E+04
   0.838000E+02   0.469193E+04   0.166937E+04
   0.839000E+02   0.469232E+04   0.166969E+04
   0.840000E+02   0.469270E+04   0.167001E+04
   0.841000E+02   0.469309E+04   0.167032E+04
   0.842000E+02   0.469347E+04   0.167064E+04
   0.843000E+02   0.469385E+04   0.167095E+04
   0.844000E+02   0.469423E+04   0.167126E+04
   0.845000E+02   0.469461E+04   0.167157E+04
   0.846000E+02   0.469498E+04   0.167188E+04
   0.847000E+02   0.469536E+04   0.167219E+04
   0.848000E+02   0.469573E+04   0.167249E+04
   0.849000E+02   0.469610E+04   0.167280E+04
   0.850000E+02   0.469647E+04   0.167310E+04
   0.851000E+02   0.469684E+04   0.167341E+04
   0.852000E+02   0.469721E+04   0.167371E+04
   0.853000E+02   0.469757E+04   0.167401E+04
   0.854000E+02   0.469794E+04   0.167431E+04
   0.855000E+02   0.469830E+04   0.167461E+04
   0.856000E+02   0.469866E+04   0.167490E+04
   0.857000E+02   0.469902E+04   0.167520E+04
   0.858000E+02   0.469938E+04   0.167550E+04
   0.859000E+02   0.469974E+04   0.167579E+04
   0.860000E+02   0.470009E+04   0.167608E+04
   0.861000E+02   0.470045E+04   0.167637E+04
   0.862000E+02   0.470080E+04   0.167666E+04
   0.863000E+02   0.470115E+04   0.167695E+04
   0.864000E+02   0.470150E+04   0.167724E+04
   0.865000E+02   0.470185E+04   0.167753E+04
   0.866000E+02   0.470220E+04   0.167781E+04
   0.867000E+02   0.470254E+04   0.167810E+04
   0.868000E+02   0.470289E+04   0.167838E+04
   0.869000E+02   0.470323E+04   0.167866E+04
   0.870000E+02   0.470357E+04   0.167894E+04
   0.871000E+02   0.470391E+04   0.167922E+04
   0.872000E+02   0.470425E+04   0.167950E+04
   0.873000E+02   0.470459E+04   0.167978E+04
   0.874000E+02   0.470492E+04   0.168006E+04
   0.875000E+02   0.470526E+04   0.168033E+04
   0.876000E+02   0.470559E+04   0.168061E+04
   0.877000E+02   0.470592E+04   0.168088E+04
   0.878000E+02   0.470625E+04   0.168115E+04
   0.879000E+02   0.470658E+04   0.168142E+04
   0.880000E+02   0.470691E+04   0.168169E+04
   0.881000E+02   0.470723E+04   0.168196E+04
   0.882000E+02   0.470756E+04   0.168223E+04
   0.883000E+02   0.470788E+04   0.168250E+04
   0.884000E+02   0.470820E+04   0.168276E+04
   0.885000E+02   0.470853E+04   0.168303E+04
   0.886000E+02   0.470885E+04   0.168329E+04
   0.887000E+02   0.470916E+04   0.168355E+04
   0.888000E+02   0.470948E+04   0.168381E+04
   0.889000E+02   0.470980E+04   0.168407E+04
   0.890000E+02   0.471011E+04   0.168433E+04
   0.891000E+02   0.471042E+04   0.168459E+04
   0.892000E+02   0.471074E+04   0.168485E+04
   0.893000E+02   0.471105E+04   0.168510E+04
   0.894000E+02   0.471136E+04   0.168536E+04
   0.895000E+02   0.471167E+04   0.168561E+04
   0.896000E+02   0.471197E+04   0.168587E+04
   0.897000E+02   0.471228E+04   0.168612E+04
   0.898000E+02   0.471258E+04   0.168637E+04
   0.899000E+02   0.471289E+04   0.168662E+04
   0.900000E+02   0.471319E+04   0.168687E+04
   0.901000E+02   0.471349E+04   0.168712E+04
   0.902000E+02   0.471379E+04   0.168737E+04
   0.903000E+02   0.471409E+04   0.168761E+04
   0.904000E+02   0.471438E+04   0.168786E+04
   0.905000E+02   0.471468E+04   0.168810E+04
   0.906000E+02   0.471498E+04   0.168835E+04
   0.907000E+02   0.471527E+04   0.168859E+04
   0.908000E+02   0.471556E+04   0.168883E+04
   0.909000E+02   0.471585E+04   0.168907E+04
   0.910000E+02   0.471614E+04   0.168931E+04
   0.911000E+02   0.471643E+04   0.168955E+04
   0.912000E+02   0.471672E+04   0.168979E+04
   0.913000E+02   0.471701E+04   0.169002E+04
   0.914000E+02   0.471729E+04   0.169026E+04
   0.915000E+02   0.471758E+04   0.169049E+04
   0.916000E+02   0.471786E+04   0.169073E+04
   0.917000E+02   0.471814E+04   0.169096E+04
   0.918000E+02   0.471842E+04   0.169119E+04
   0.919000E+02   0.471870E+04   0.169142E+04
   0.920000E+02   0.471898E+04   0.169165E+04
   0.921000E+02   0.471926E+04   0.169188E+04
   0.922000E+02   0.471953E+04   0.169211E+04
   0.923000E+02   0.471981E+04   0.169234E+04
   0.924000E+02   0.472008E+04   0.169256E+04
   0.925000E+02   0.472035E+04   0.169279E+04
   0.926000E+02   0.472063E+04   0.169301E+04
   0.927000E+02   0.472090E+04   0.169324E+04
   0.928000E+02   0.472117E+04   0.169346E+04
   0.929000E+02   0.472144E+04   0.169368E+04
   0.930000E+02   0.472170E+04   0.169390E+04
   0.931000E+02   0.472197E+04   0.169412E+04
   0.932000E+02   0.472223E+04   0.169434E+04
   0.933000E+02   0.472250E+04   0.169456E+04
   0.934000E+02   0.472276E+04   0.169478E+04
   0.935000E+02   0.472302E+04   0.169500E+04
   0.936000E+02   0.472328E+04   0.169521E+04
   0.937000E+02   0.472354E+04   0.169543E+04
   0.938000E+02   0.472380E+04   0.169564E+04
   0.939000E+02   0.472406E+04   0.169585E+04
   0.940000E+02   0.472432E+04   0.169607E+04
   0.941000E+02   0.472457E+04   0.169628E+04
   0.942000E+02   0.472483E+04   0.169649E+04
   0.943000E+02   0.472508E+04   0.169670E+04
   0.944000E+02   0.472533E+04   0.169691E+04
   0.945000E+02   0.472559E+04   0.169712E+04
   0.946000E+02   0.472584E+04   0.169732E+04
   0.947000E+02   0.472609E+04   0.169753E+04
   0.948000E+02   0.472633E+04   0.169774E+04
   0.949000E+02   0.472658E+04   0.169794E+04
   0.950000E+02   0.472683E+04   0.169814E+04
   0.951000E+02   0.472707E+04   0.169835E+04
   0.952000E+02   0.472732E+04   0.169855E+04
   0.953000E+02   0.472756E+04   0.169875E+04
   0.954000E+02   0.472781E+04   0.169895E+04
   0.955000E+02   0.472805E+04   0.169915E+04
   0.956000E+02   0.472829E+04   0.169935E+04
   0.957000E+02   0.472853E+04   0.169955E+04
   0.958000E+02   0.472877E+04   0.169975E+04
   0.959000E+02   0.472900E+04   0.169994E+04
   0.960000E+02   0.472924E+04   0.170014E+04
   0.961000E+02   0.472948E+04   0.170034E+04
   0.962000E+02   0.472971E+04   0.170053E+04
   0.963000E+02   0.472994E+04   0.170072E+04
   0.964000E+02   0.473018E+04   0.170092E+04
   0.965000E+02   0.473041E+04   0.170111E+04
   0.966000E+02   0.473064E+04   0.170130E+04
   0.967000E+02   0.473087E+04   0.170149E+04
   0.968000E+02   0.473110E+04   0.170168E+04
   0.969000E+02   0.473133E+04   0.170187E+04
   0.970000E+02   0.473156E+04   0.170206E+04
   0.971000E+02   0.473178E+04   0.170225E+04
   0.972000E+02   0.473201E+04   0.170243E+04
   0.973000E+02   0.473223E+04   0.170262E+04
   0.974000E+02   0.473246E+04   0.170280E+04
   0.975000E+02   0.473268E+04   0.170299E+04
   0.976000E+02   0.473290E+04   0.170317E+04
   0.977000E+02   0.473312E+04   0.170336E+04
   0.978000E+02   0.473334E+04   0.170354E+04
   0.979000E+02   0.473356E+04   0.170372E+04
   0.980000E+02   0.473378E+04   0.170390E+04
   0.981000E+02   0.473400E+04   0.170408E+04
   0.982000E+02   0.473421E+04   0.170426E+04
   0.983000E+02   0.473443E+04   0.170444E+04
   0.984000E+02   0.473464E+04   0.170462E+04
   0.985000E+02   0.473486E+04   0.170480E+04
   0.986000E+02   0.473507E+04   0.170497E+04
   0.987000E+02   0.473528E+04   0.170515E+04
   0.988000E+02   0.473549E+04   0.170532E+04
   0.989000E+02   0.473571E+04   0.170550E+04
   0.990000E+02   0.473591E+04   0.170567E+04
   0.991000E+02   0.473612E+04   0.170584E+04
   0.992000E+02   0.473633E+04   0.170602E+04
   0.993000E+02   0.473654E+04   0.170619E+04
   0.994000E+02   0.473674E+04   0.170636E+04
   0.995000E+02   0.473695E+04   0.170653E+04
   0.996000E+02   0.473716E+04   0.170670E+04
   0.997000E+02   0.473736E+04   0.170687E+04
   0.998000E+02   0.473756E+04   0.170704E+04
   0.999000E+02   0.473776E+04   0.170721E+04
   0.100000E+03   0.473797E+04   0.170737E+04
   0.100100E+03   0.473817E+04   0.170754E+04
   0.100200E+03   0.473837E+04   0.170770E+04
   0.100300E+03   0.473856E+04   0.170787E+04
   0.100400E+03   0.473876E+04   0.170803E+04
   0.100500E+03   0.473896E+04   0.170820E+04
   0.100600E+03   0.473916E+04   0.170836E+04
   0.100700E+03   0.473935E+04   0.170852E+04
   0.100800E+03   0.473955E+04   0.170868E+04
   0.100900E+03   0.473974E+04   0.170885E+04
   0.101000E+03   0.473993E+04   0.170901E+04
   0.101100E+03   0.474013E+04   0.170917E+04
   0.101200E+03   0.474032E+04   0.170933E+04
   0.101300E+03   0.474051E+04   0.170948E+04
   0.101400E+03   0.474070E+04   0.170964E+04
   0.101500E+03   0.474089E+04   0.170980E+04
   0.101600E+03   0.474108E+04   0.170996E+04
   0.101700E+03   0.474127E+04   0.171011E+04
   0.101800E+03   0.474145E+04   0.171027E+04
   0.101900E+03   0.474164E+04   0.171042E+04
   0.102000E+03   0.474183E+04   0.171058E+04
   0.102100E+03   0.474201E+04   0.171073E+04
   0.102200E+03   0.474219E+04   0.171088E+04
   0.102300E+03   0.474238E+04   0.171103E+04
   0.102400E+03   0.474256E+04   0.171119E+04
   0.102500E+03   0.474274E+04   0.171134E+04
   0.102600E+03   0.474292E+04   0.171149E+04
   0.102700E+03   0.474310E+04   0.171164E+04
   0.102800E+03   0.474328E+04   0.171179E+04
   0.102900E+03   0.474346E+04   0.171194E+04
   0.103000E+03   0.474364E+04   0.171208E+04
   0.103100E+03   0.474382E+04   0.171223E+04
   0.103200E+03   0.474400E+04   0.171238E+04
   0.103300E+03   0.474417E+04   0.171252E+04
   0.103400E+03   0.474435E+04   0.171267E+04
   0.103500E+03   0.474452E+04   0.171281E+04
   0.103600E+03   0.474470E+04   0.171296E+04
   0.103700E+03   0.474487E+04   0.171310E+04
   0.103800E+03   0.474504E+04   0.171325E+04
   0.103900E+03   0.474521E+04   0.171339E+04
   0.104000E+03   0.474539E+04   0.171353E+04
   0.104100E+03   0.474556E+04   0.171367E+04
   0.104200E+03   0.474573E+04   0.171381E+04
   0.104300E+03   0.474589E+04   0.171395E+04
   0.104400E+03   0.474606E+04   0.171409E+04
   0.104500E+03   0.474623E+04   0.171423E+04
   0.104600E+03   0.474640E+04   0.171437E+04
   0.104700E+03   0.474656E+04   0.171451E+04
   0.104800E+03   0.474673E+04   0.171465E+04
   0.104900E+03   0.474690E+04   0.171479E+04
   0.105000E+03   0.474706E+04   0.171492E+04
   0.105100E+03   0.474722E+04   0.171506E+04
   0.105200E+03   0.474739E+04   0.171519E+04
   0.105300E+03   0.474755E+04   0.171533E+04
   0.105400E+03   0.474771E+04   0.171546E+04
   0.105500E+03   0.474787E+04   0.171560E+04
   0.105600E+03   0.474803E+04   0.171573E+04
   0.105700E+03   0.474819E+04   0.171586E+04
   0.105800E+03   0.474835E+04   0.171600E+04
   0.105900E+03   0.474851E+04   0.171613E+04
   0.106000E+03   0.474867E+04   0.171626E+04
   0.106100E+03   0.474883E+04   0.171639E+04
   0.106200E+03   0.474898E+04   0.171652E+04
   0.106300E+03   0.474914E+04   0.171665E+04
   0.106400E+03   0.474929E+04   0.171678E+04
   0.106500E+03   0.474945E+04   0.171691E+04
   0.106600E+03   0.474960E+04   0.171704E+04
   0.106700E+03   0.474976E+04   0.171716E+04
   0.106800E+03   0.474991E+04   0.171729E+04
   0.106900E+03   0.475006E+04   0.171742E+04
   0.107000E+03   0.475021E+04   0.171754E+04
   0.107100E+03   0.475036E+04   0.171767E+04
   0.107200E+03   0.475051E+04   0.171779E+04
   0.107300E+03   0.475066E+04   0.171792E+04
   0.107400E+03   0.475081E+04   0.171804E+04
   0.107500E+03   0.475096E+04   0.171817E+04
   0.107600E+03   0.475111E+04   0.171829E+04
   0.107700E+03   0.475126E+04   0.171841E+04
   0.107800E+03   0.475140E+04   0.171853E+04
   0.107900E+03   0.475155E+04   0.171866E+04
   0.108000E+03   0.475170E+04   0.171878E+04
   0.108100E+03   0.475184E+04   0.171890E+04
   0.108200E+03   0.475199E+04   0.171902E+04
   0.108300E+03   0.475213E+04   0.171914E+04
   0.108400E+03   0.475227E+04   0.171926E+04
   0.108500E+03   0.475242E+04   0.171938E+04
   0.108600E+03   0.475256E+04   0.171949E+04
   0.108700E+03   0.475270E+04   0.171961E+04
   0.108800E+03   0.475284E+04   0.171973E+04
   0.108900E+03   0.475298E+04   0.171985E+04
   0.109000E+03   0.475312E+04   0.171996E+04
   0.109100E+03   0.475326E+04   0.172008E+04
   0.109200E+03   0.475340E+04   0.172019E+04
   0.109300E+03   0.475354E+04   0.172031E+04
   0.109400E+03   0.475367E+04   0.172042E+04
   0.109500E+03   0.475381E+04   0.172054E+04
   0.109600E+03   0.475395E+04   0.172065E+04
   0.109700E+03   0.475408E+04   0.172076E+04
   0.109800E+03   0.475422E+04   0.172088E+04
   0.109900E+03   0.475435E+04   0.172099E+04
   0.110000E+03   0.475449E+04   0.172110E+04
   0.110100E+03   0.475462E+04   0.172121E+04
   0.110200E+03   0.475476E+04   0.172132E+04
   0.110300E+03   0.475489E+04   0.172143E+04
   0.110400E+03   0.475502E+04   0.172154E+04
   0.110500E+03   0.475515E+04   0.172165E+04
   0.110600E+03   0.475528E+04   0.172176E+04
   0.110700E+03   0.475541E+04   0.172187E+04
   0.110800E+03   0.475554E+04   0.172198E+04
   0.110900E+03   0.475567E+04   0.172209E+04
   0.111000E+03   0.475580E+04   0.172219E+04
   0.111100E+03   0.475593E+04   0.172230E+04
   0.111200E+03   0.475606E+04   0.172241E+04
   0.111300E+03   0.475619E+04   0.172251E+04
   0.111400E+03   0.475631E+04   0.172262E+04
   0.111500E+03   0.475644E+04   0.172272E+04
   0.111600E+03   0.475657E+04   0.172283E+04
   0.111700E+03   0.475669E+04   0.172293E+04
   0.111800E+03   0.475682E+04   0.172304E+04
   0.111900E+03   0.475694E+04   0.172314E+04
   0.112000E+03   0.475706E+04   0.172324E+04
   0.112100E+03   0.475719E+04   0.172335E+04
   0.112200E+03   0.475731E+04   0.172345E+04
   0.112300E+03   0.475743E+04   0.172355E+04
   0.112400E+03   0.475756E+04   0.172365E+04
   0.112500E+03   0.475768E+04   0.172375E+04
   0.112600E+03   0.475780E+04   0.172385E+04
   0.112700E+03   0.475792E+04   0.172395E+04
   0.112800E+03   0.475804E+04   0.172405E+04
   0.112900E+03   0.475816E+04   0.172415E+04
   0.113000E+03   0.475828E+04   0.172425E+04
   0.113100E+03   0.475839E+04   0.172435E+04
   0.113200E+03   0.475851E+04   0.172445E+04
   0.113300E+03   0.475863E+04   0.172455E+04
   0.113400E+03   0.475875E+04   0.172465E+04
   0.113500E+03   0.475886E+04   0.172474E+04
   0.113600E+03   0.475898E+04   0.172484E+04
   0.113700E+03   0.475910E+04   0.172494E+04
   0.113800E+03   0.475921E+04   0.172503E+04
   0.113900E+03   0.475933E+04   0.172513E+04
   0.114000E+03   0.475944E+04   0.172522E+04
   0.114100E+03   0.475955E+04   0.172532E+04
   0.114200E+03   0.475967E+04   0.172541E+04
   0.114300E+03   0.475978E+04   0.172551E+04
   0.114400E+03   0.475989E+04   0.172560E+04
   0.114500E+03   0.476000E+04   0.172569E+04
   0.114600E+03   0.476012E+04   0.172579E+04
   0.114700E+03   0.476023E+04   0.172588E+04
   0.114800E+03   0.476034E+04   0.172597E+04
   0.114900E+03   0.476045E+04   0.172606E+04
   0.115000E+03   0.476056E+04   0.172615E+04
   0.115100E+03   0.476067E+04   0.172624E+04
   0.115200E+03   0.476078E+04   0.172634E+04
   0.115300E+03   0.476088E+04   0.172643E+04
   0.115400E+03   0.476099E+04   0.172652E+04
   0.115500E+03   0.476110E+04   0.172661E+04
   0.115600E+03   0.476121E+04   0.172669E+04
   0.115700E+03   0.476131E+04   0.172678E+04
   0.115800E+03   0.476142E+04   0.172687E+04
   0.115900E+03   0.476153E+04   0.172696E+04
   0.116000E+03   0.476163E+04   0.172705E+04
   0.116100E+03   0.476174E+04   0.172714E+04
   0.116200E+03   0.476184E+04   0.172722E+04
   0.116300E+03   0.476195E+04   0.172731E+04
   0.116400E+03   0.476205E+04   0.172740E+04
   0.116500E+03   0.476215E+04   0.172748E+04
   0.116600E+03   0.476226E+04   0.172757E+04
   0.116700E+03   0.476236E+04   0.172765E+04
   0.116800E+03   0.476246E+04   0.172774E+04
   0.116900E+03   0.476256E+04   0.172782E+04
   0.117000E+03   0.476266E+04   0.172791E+04
   0.117100E+03   0.476276E+04   0.172799E+04
   0.117200E+03   0.476286E+04   0.172807E+04
   0.117300E+03   0.476296E+04   0.172816E+04
   0.117400E+03   0.476306E+04   0.172824E+04
   0.117500E+03   0.476316E+04   0.172832E+04
   0.117600E+03   0.476326E+04   0.172841E+04
   0.117700E+03   0.476336E+04   0.172849E+04
   0.117800E+03   0.476346E+04   0.172857E+04
   0.117900E+03   0.476356E+04   0.172865E+04
   0.118000E+03   0.476365E+04   0.172873E+04
   0.118100E+03   0.476375E+04   0.172881E+04
   0.118200E+03   0.476385E+04   0.172889E+04
   0.118300E+03   0.476394E+04   0.172897E+04
   0.118400E+03   0.476404E+04   0.172905E+04
   0.118500E+03   0.476413E+04   0.172913E+04
   0.118600E+03   0.476423E+04   0.172921E+04
   0.118700E+03   0.476432E+04   0.172929E+04
   0.118800E+03   0.476442E+04   0.172937E+04
   0.118900E+03   0.476451E+04   0.172945E+04
   0.119000E+03   0.476460E+04   0.172952E+04
   0.119100E+03   0.476470E+04   0.172960E+04
   0.119200E+03   0.476479E+04   0.172968E+04
   0.119300E+03   0.476488E+04   0.172976E+04
   0.119400E+03   0.476497E+04   0.172983E+04
   0.119500E+03   0.476507E+04   0.172991E+04
   0.119600E+03   0.476516E+04   0.172999E+04
   0.119700E+03   0.476525E+04   0.173006E+04
   0.119800E+03   0.476534E+04   0.173014E+04
   0.119900E+03   0.476543E+04   0.173021E+04
   0.120000E+03   0.476552E+04   0.173029E+04
   0.120100E+03   0.476561E+04   0.173036E+04
   0.120200E+03   0.476570E+04   0.173043E+04
   0.120300E+03   0.476578E+04   0.173051E+04
   0.120400E+03   0.476587E+04   0.173058E+04
   0.120500E+03   0.476596E+04   0.173066E+04
   0.120600E+03   0.476605E+04   0.173073E+04
   0.120700E+03   0.476614E+04   0.173080E+04
   0.120800E+03   0.476622E+04   0.173087E+04
   0.120900E+03   0.476631E+04   0.173095E+04
   0.121000E+03   0.476639E+04   0.173102E+04
   0.121100E+03   0.476648E+04   0.173109E+04
   0.121200E+03   0.476657E+04   0.173116E+04
   0.121300E+03   0.476665E+04   0.173123E+04
   0.121400E+03   0.476674E+04   0.173130E+04
   0.121500E+03   0.476682E+04   0.173137E+04
   0.121600E+03   0.476690E+04   0.173144E+04
   0.121700E+03   0.476699E+04   0.173151E+04
   0.121800E+03   0.476707E+04   0.173158E+04
   0.121900E+03   0.476715E+04   0.173165E+04
   0.122000E+03   0.476724E+04   0.173172E+04
   0.122100E+03   0.476732E+04   0.173179E+04
   0.122200E+03   0.476740E+04   0.173186E+04
   0.122300E+03   0.476748E+04   0.173193E+04
   0.122400E+03   0.476757E+04   0.173199E+04
   0.122500E+03   0.476765E+04   0.173206E+04
   0.122600E+03   0.476773E+04   0.173213E+04
   0.122700E+03   0.476781E+04   0.173220E+04
   0.122800E+03   0.476789E+04   0.173226E+04
   0.122900E+03   0.476797E+04   0.173233E+04
   0.123000E+03   0.476805E+04   0.173240E+04
   0.123100E+03   0.476813E+04   0.173246E+04
   0.123200E+03   0.476820E+04   0.173253E+04
   0.123300E+03   0.476828E+04   0.173259E+04
   0.123400E+03   0.476836E+04   0.173266E+04
   0.123500E+03   0.476844E+04   0.173272E+04
   0.123600E+03   0.476852E+04   0.173279E+04
   0.123700E+03   0.476859E+04   0.173285E+04
   0.123800E+03   0.476867E+04   0.173292E+04
   0.123900E+03   0.476875E+04   0.173298E+04
   0.124000E+03   0.476882E+04   0.173304E+04
   0.124100E+03   0.476890E+04   0.173311E+04
   0.124200E+03   0.476898E+04   0.173317E+04
   0.124300E+03   0.476905E+04   0.173323E+04
   0.124400E+03   0.476913E+04   0.173330E+04
   0.124500E+03   0.476920E+04   0.173336E+04
   0.124600E+03   0.476928E+04   0.173342E+04
   0.124700E+03   0.476935E+04   0.173348E+04
   0.124800E+03   0.476942E+04   0.173354E+04
   0.124900E+03   0.476950E+04   0.173361E+04
   0.125000E+03   0.476957E+04   0.173367E+04
   0.125100E+03   0.476964E+04   0.173373E+04
   0.125200E+03   0.476972E+04   0.173379E+04
   0.125300E+03   0.476979E+04   0.173385E+04
   0.125400E+03   0.476986E+04   0.173391E+04
   0.125500E+03   0.476993E+04   0.173397E+04
   0.125600E+03   0.477000E+04   0.173403E+04
   0.125700E+03   0.477008E+04   0.173409E+04
   0.125800E+03   0.477015E+04   0.173415E+04
   0.125900E+03   0.477022E+04   0.173421E+04
   0.126000E+03   0.477029E+04   0.173426E+04
   0.126100E+03   0.477036E+04   0.173432E+04
   0.126200E+03   0.477043E+04   0.173438E+04
   0.126300E+03   0.477050E+04   0.173444E+04
   0.126400E+03   0.477057E+04   0.173450E+04
   0.126500E+03   0.477064E+04   0.173455E+04
   0.126600E+03   0.477070E+04   0.173461E+04
   0.126700E+03   0.477077E+04   0.173467E+04
   0.126800E+03   0.477084E+04   0.173473E+04
   0.126900E+03   0.477091E+04   0.173478E+04
   0.127000E+03   0.477098E+04   0.173484E+04
   0.127100E+03   0.477104E+04   0.173490E+04
   0.127200E+03   0.477111E+04   0.173495E+04
   0.127300E+03   0.477118E+04   0.173501E+04
   0.127400E+03   0.477124E+04   0.173506E+04
   0.127500E+03   0.477131E+04   0.173512E+04
   0.127600E+03   0.477138E+04   0.173517E+04
   0.127700E+03   0.477144E+04   0.173523E+04
   0.127800E+03   0.477151E+04   0.173528E+04
   0.127900E+03   0.477157E+04   0.173534E+04
   0.128000E+03   0.477164E+04   0.173539E+04
   0.128100E+03   0.477170E+04   0.173545E+04
   0.128200E+03   0.477177E+04   0.173550E+04
   0.128300E+03   0.477183E+04   0.173555E+04
   0.128400E+03   0.477189E+04   0.173561E+04
   0.128500E+03   0.477196E+04   0.173566E+04
   0.128600E+03   0.477202E+04   0.173571E+04
   0.128700E+03   0.477208E+04   0.173576E+04
   0.128800E+03   0.477215E+04   0.173582E+04
   0.128900E+03   0.477221E+04   0.173587E+04
   0.129000E+03   0.477227E+04   0.173592E+04
   0.129100E+03   0.477233E+04   0.173597E+04
   0.129200E+03   0.477240E+04   0.173602E+04
   0.129300E+03   0.477246E+04   0.173608E+04
   0.129400E+03   0.477252E+04   0.173613E+04
   0.129500E+03   0.477258E+04   0.173618E+04
   0.129600E+03   0.477264E+04   0.173623E+04
   0.129700E+03   0.477270E+04   0.173628E+04
   0.129800E+03   0.477276E+04   0.173633E+04
   0.129900E+03   0.477282E+04   0.173638E+04
   0.130000E+03   0.477288E+04   0.173643E+04
   0.130100E+03   0.477294E+04   0.173648E+04
   0.130200E+03   0.477300E+04   0.173653E+04
   0.130300E+03   0.477306E+04   0.173658E+04
   0.130400E+03   0.477312E+04   0.173663E+04
   0.130500E+03   0.477318E+04   0.173668E+04
   0.130600E+03   0.477324E+04   0.173673E+04
   0.130700E+03   0.477330E+04   0.173678E+04
   0.130800E+03   0.477335E+04   0.173682E+04
   0.130900E+03   0.477341E+04   0.173687E+04
   0.131000E+03   0.477347E+04   0.173692E+04
   0.131100E+03   0.477353E+04   0.173697E+04
   0.131200E+03   0.477358E+04   0.173702E+04
   0.131300E+03   0.477364E+04   0.173706E+04
   0.131400E+03   0.477370E+04   0.173711E+04
   0.131500E+03   0.477375E+04   0.173716E+04
   0.131600E+03   0.477381E+04   0.173720E+04
   0.131700E+03   0.477387E+04   0.173725E+04
   0.131800E+03   0.477392E+04   0.173730E+04
   0.131900E+03   0.477398E+04   0.173734E+04
   0.132000E+03   0.477403E+04   0.173739E+04
   0.132100E+03   0.477409E+04   0.173744E+04
   0.132200E+03   0.477414E+04   0.173748E+04
   0.132300E+03   0.477420E+04   0.173753E+04
   0.132400E+03   0.477425E+04   0.173757E+04
   0.132500E+03   0.477430E+04   0.173762E+04
   0.132600E+03   0.477436E+04   0.173766E+04
   0.132700E+03   0.477441E+04   0.173771E+04
   0.132800E+03   0.477447E+04   0.173775E+04
   0.132900E+03   0.477452E+04   0.173780E+04
   0.133000E+03   0.477457E+04   0.173784E+04
   0.133100E+03   0.477463E+04   0.173789E+04
   0.133200E+03   0.477468E+04   0.173793E+04
   0.133300E+03   0.477473E+04   0.173797E+04
   0.133400E+03   0.477478E+04   0.173802E+04
   0.133500E+03   0.477483E+04   0.173806E+04
   0.133600E+03   0.477489E+04   0.173810E+04
   0.133700E+03   0.477494E+04   0.173815E+04
   0.133800E+03   0.477499E+04   0.173819E+04
   0.133900E+03   0.477504E+04   0.173823E+04
   0.134000E+03   0.477509E+04   0.173827E+04
   0.134100E+03   0.477514E+04   0.173832E+04
   0.134200E+03   0.477519E+04   0.173836E+04
   0.134300E+03   0.477524E+04   0.173840E+04
   0.134400E+03   0.477529E+04   0.173844E+04
   0.134500E+03   0.477534E+04   0.173848E+04
   0.134600E+03   0.477539E+04   0.173853E+04
   0.134700E+03   0.477544E+04   0.173857E+04
   0.134800E+03   0.477549E+04   0.173861E+04
   0.134900E+03   0.477554E+04   0.173865E+04
   0.135000E+03   0.477559E+04   0.173869E+04
   0.135100E+03   0.477564E+04   0.173873E+04
   0.135200E+03   0.477569E+04   0.173877E+04
   0.135300E+03   0.477574E+04   0.173881E+04
   0.135400E+03   0.477578E+04   0.173885E+04
   0.135500E+03   0.477583E+04   0.173889E+04
   0.135600E+03   0.477588E+04   0.173893E+04
   0.135700E+03   0.477593E+04   0.173897E+04
   0.135800E+03   0.477598E+04   0.173901E+04
   0.135900E+03   0.477602E+04   0.173905E+04
   0.136000E+03   0.477607E+04   0.173909E+04
   0.136100E+03   0.477612E+04   0.173913E+04
   0.136200E+03   0.477616E+04   0.173917E+04
   0.136300E+03   0.477621E+04   0.173921E+04
   0.136400E+03   0.477626E+04   0.173925E+04
   0.136500E+03   0.477630E+04   0.173928E+04
   0.136600E+03   0.477635E+04   0.173932E+04
   0.136700E+03   0.477639E+04   0.173936E+04
   0.136800E+03   0.477644E+04   0.173940E+04
   0.136900E+03   0.477648E+04   0.173944E+04
   0.137000E+03   0.477653E+04   0.173947E+04
   0.137100E+03   0.477657E+04   0.173951E+04
   0.137200E+03   0.477662E+04   0.173955E+04
   0.137300E+03   0.477666E+04   0.173959E+04
   0.137400E+03   0.477671E+04   0.173962E+04
   0.137500E+03   0.477675E+04   0.173966E+04
   0.137600E+03   0.477680E+04   0.173970E+04
   0.137700E+03   0.477684E+04   0.173973E+04
   0.137800E+03   0.477688E+04   0.173977E+04
   0.137900E+03   0.477693E+04   0.173981E+04
   0.138000E+03   0.477697E+04   0.173984E+04
   0.138100E+03   0.477701E+04   0.173988E+04
   0.138200E+03   0.477706E+04   0.173992E+04
   0.138300E+03   0.477710E+04   0.173995E+04
   0.138400E+03   0.477714E+04   0.173999E+04
   0.138500E+03   0.477719E+04   0.174002E+04
   0.138600E+03   0.477723E+04   0.174006E+04
   0.138700E+03   0.477727E+04   0.174009E+04
   0.138800E+03   0.477731E+04   0.174013E+04
   0.138900E+03   0.477735E+04   0.174016E+04
   0.139000E+03   0.477740E+04   0.174020E+04
   0.139100E+03   0.477744E+04   0.174023E+04
   0.139200E+03   0.477748E+04   0.174027E+04
   0.139300E+03   0.477752E+04   0.174030E+04
   0.139400E+03   0.477756E+04   0.174034E+04
   0.139500E+03   0.477760E+04   0.174037E+04
   0.139600E+03   0.477764E+04   0.174040E+04
   0.139700E+03   0.477768E+04   0.174044E+04
   0.139800E+03   0.477772E+04   0.174047E+04
   0.139900E+03   0.477776E+04   0.174051E+04
   0.140000E+03   0.477780E+04   0.174054E+04
   0.140100E+03   0.477784E+04   0.174057E+04
   0.140200E+03   0.477788E+04   0.174061E+04
   0.140300E+03   0.477792E+04   0.174064E+04
   0.140400E+03   0.477796E+04   0.174067E+04
   0.140500E+03   0.477800E+04   0.174070E+04
   0.140600E+03   0.477804E+04   0.174074E+04
   0.140700E+03   0.477808E+04   0.174077E+04
   0.140800E+03   0.477812E+04   0.174080E+04
   0.140900E+03   0.477816E+04   0.174083E+04
   0.141000E+03   0.477820E+04   0.174087E+04
   0.141100E+03   0.477823E+04   0.174090E+04
   0.141200E+03   0.477827E+04   0.174093E+04
   0.141300E+03   0.477831E+04   0.174096E+04
   0.141400E+03   0.477835E+04   0.174099E+04
   0.141500E+03   0.477839E+04   0.174102E+04
   0.141600E+03   0.477842E+04   0.174106E+04
   0.141700E+03   0.477846E+04   0.174109E+04
   0.141800E+03   0.477850E+04   0.174112E+04
   0.141900E+03   0.477853E+04   0.174115E+04
   0.142000E+03   0.477857E+04   0.174118E+04
   0.142100E+03   0.477861E+04   0.174121E+04
   0.142200E+03   0.477864E+04   0.174124E+04
   0.142300E+03   0.477868E+04   0.174127E+04
   0.142400E+03   0.477872E+04   0.174130E+04
   0.142500E+03   0.477875E+04   0.174133E+04
   0.142600E+03   0.477879E+04   0.174136E+04
   0.142700E+03   0.477883E+04   0.174139E+04
   0.142800E+03   0.477886E+04   0.174142E+04
   0.142900E+03   0.477890E+04   0.174145E+04
   0.143000E+03   0.477893E+04   0.174148E+04
   0.143100E+03   0.477897E+04   0.174151E+04
   0.143200E+03   0.477900E+04   0.174154E+04
   0.143300E+03   0.477904E+04   0.174157E+04
   0.143400E+03   0.477907E+04   0.174160E+04
   0.143500E+03   0.477911E+04   0.174163E+04
   0.143600E+03   0.477914E+04   0.174166E+04
   0.143700E+03   0.477918E+04   0.174169E+04
   0.143800E+03   0.477921E+04   0.174171E+04
   0.143900E+03   0.477925E+04   0.174174E+04
   0.144000E+03   0.477928E+04   0.174177E+04
   0.144100E+03   0.477931E+04   0.174180E+04
   0.144200E+03   0.477935E+04   0.174183E+04
   0.144300E+03   0.477938E+04   0.174186E+04
   0.144400E+03   0.477941E+04   0.174188E+04
   0.144500E+03   0.477945E+04   0.174191E+04
   0.144600E+03   0.477948E+04   0.174194E+04
   0.144700E+03   0.477951E+04   0.174197E+04
   0.144800E+03   0.477955E+04   0.174200E+04
   0.144900E+03   0.477958E+04   0.174202E+04
   0.145000E+03   0.477961E+04   0.174205E+04
   0.145100E+03   0.477965E+04   0.174208E+04
   0.145200E+03   0.477968E+04   0.174210E+04
   0.145300E+03   0.477971E+04   0.174213E+04
   0.145400E+03   0.477974E+04   0.174216E+04
   0.145500E+03   0.477977E+04   0.174218E+04
   0.145600E+03   0.477981E+04   0.174221E+04
   0.145700E+03   0.477984E+04   0.174224E+04
   0.145800E+03   0.477987E+04   0.174226E+04
   0.145900E+03   0.477990E+04   0.174229E+04
   0.146000E+03   0.477993E+04   0.174232E+04
   0.146100E+03   0.477996E+04   0.174234E+04
   0.146200E+03   0.478000E+04   0.174237E+04
   0.146300E+03   0.478003E+04   0.174240E+04
   0.146400E+03   0.478006E+04   0.174242E+04
   0.146500E+03   0.478009E+04   0.174245E+04
   0.146600E+03   0.478012E+04   0.174247E+04
   0.146700E+03   0.478015E+04   0.174250E+04
   0.146800E+03   0.478018E+04   0.174252E+04
   0.146900E+03   0.478021E+04   0.174255E+04
   0.147000E+03   0.478024E+04   0.174257E+04
   0.147100E+03   0.478027E+04   0.174260E+04
   0.147200E+03   0.478030E+04   0.174262E+04
   0.147300E+03   0.478033E+04   0.174265E+04
   0.147400E+03   0.478036E+04   0.174267E+04
   0.147500E+03   0.478039E+04   0.174270E+04
   0.147600E+03   0.478042E+04   0.174272E+04
   0.147700E+03   0.478045E+04   0.174275E+04
   0.147800E+03   0.478048E+04   0.174277E+04
   0.147900E+03   0.478051E+04   0.174280E+04
   0.148000E+03   0.478054E+04   0.174282E+04
   0.148100E+03   0.478056E+04   0.174284E+04
   0.148200E+03   0.478059E+04   0.174287E+04
   0.148300E+03   0.478062E+04   0.174289E+04
   0.148400E+03   0.478065E+04   0.174292E+04
   0.148500E+03   0.478068E+04   0.174294E+04
   0.148600E+03   0.478071E+04   0.174296E+04
   0.148700E+03   0.478074E+04   0.174299E+04
   0.148800E+03   0.478076E+04   0.174301E+04
   0.148900E+03   0.478079E+04   0.174303E+04
   0.149000E+03   0.478082E+04   0.174306E+04
   0.149100E+03   0.478085E+04   0.174308E+04
   0.149200E+03   0.478087E+04   0.174310E+04
   0.149300E+03   0.478090E+04   0.174313E+04
   0.149400E+03   0.478093E+04   0.174315E+04
   0.149500E+03   0.478096E+04   0.174317E+04
   0.149600E+03   0.478098E+04   0.174320E+04
   0.149700E+03   0.478101E+04   0.174322E+04
   0.149800E+03   0.478104E+04   0.174324E+04
   0.149900E+03   0.478106E+04   0.174326E+04
   0.150000E+03   0.478109E+04   0.174329E+04
   0.150100E+03   0.478112E+04   0.174331E+04
   0.150200E+03   0.478114E+04   0.174333E+04
   0.150300E+03   0.478117E+04   0.174335E+04
   0.150400E+03   0.478120E+04   0.174337E+04
   0.150500E+03   0.478122E+04   0.174340E+04
   0.150600E+03   0.478125E+04   0.174342E+04
   0.150700E+03   0.478128E+04   0.174344E+04
   0.150800E+03   0.478130E+04   0.174346E+04
   0.150900E+03   0.478133E+04   0.174348E+04
   0.151000E+03   0.478135E+04   0.174350E+04
   0.151100E+03   0.478138E+04   0.174353E+04
   0.151200E+03   0.478140E+04   0.174355E+04
   0.151300E+03   0.478143E+04   0.174357E+04
   0.151400E+03   0.478145E+04   0.174359E+04
   0.151500E+03   0.478148E+04   0.174361E+04
   0.151600E+03   0.478150E+04   0.174363E+04
   0.151700E+03   0.478153E+04   0.174365E+04
   0.151800E+03   0.478155E+04   0.174367E+04
   0.151900E+03   0.478158E+04   0.174369E+04
   0.152000E+03   0.478160E+04   0.174371E+04
   0.152100E+03   0.478163E+04   0.174373E+04
   0.152200E+03   0.478165E+04   0.174375E+04
   0.152300E+03   0.478168E+04   0.174378E+04
   0.152400E+03   0.478170E+04   0.174380E+04
   0.152500E+03   0.478173E+04   0.174382E+04
   0.152600E+03   0.478175E+04   0.174384E+04
   0.152700E+03   0.478177E+04   0.174386E+04
   0.152800E+03   0.478180E+04   0.174388E+04
   0.152900E+03   0.478182E+04   0.174390E+04
   0.153000E+03   0.478185E+04   0.174392E+04
   0.153100E+03   0.478187E+04   0.174394E+04
   0.153200E+03   0.478189E+04   0.174396E+04
   0.153300E+03   0.478192E+04   0.174397E+04
   0.153400E+03   0.478194E+04   0.174399E+04
   0.153500E+03   0.478196E+04   0.174401E+04
   0.153600E+03   0.478199E+04   0.174403E+04
   0.153700E+03   0.478201E+04   0.174405E+04
   0.153800E+03   0.478203E+04   0.174407E+04
   0.153900E+03   0.478205E+04   0.174409E+04
   0.154000E+03   0.478208E+04   0.174411E+04
   0.154100E+03   0.478210E+04   0.174413E+04
   0.154200E+03   0.478212E+04   0.174415E+04
   0.154300E+03   0.478215E+04   0.174417E+04
   0.154400E+03   0.478217E+04   0.174418E+04
   0.154500E+03   0.478219E+04   0.174420E+04
   0.154600E+03   0.478221E+04   0.174422E+04
   0.154700E+03   0.478223E+04   0.174424E+04
   0.154800E+03   0.478226E+04   0.174426E+04
   0.154900E+03   0.478228E+04   0.174428E+04
   0.155000E+03   0.478230E+04   0.174430E+04
   0.155100E+03   0.478232E+04   0.174431E+04
   0.155200E+03   0.478234E+04   0.174433E+04
   0.155300E+03   0.478237E+04   0.174435E+04
   0.155400E+03   0.478239E+04   0.174437E+04
   0.155500E+03   0.478241E+04   0.174439E+04
   0.155600E+03   0.478243E+04   0.174440E+04
   0.155700E+03   0.478245E+04   0.174442E+04
   0.155800E+03   0.478247E+04   0.174444E+04
   0.155900E+03   0.478249E+04   0.174446E+04
   0.156000E+03   0.478251E+04   0.174447E+04
   0.156100E+03   0.478253E+04   0.174449E+04
   0.156200E+03   0.478256E+04   0.174451E+04
   0.156300E+03   0.478258E+04   0.174453E+04
   0.156400E+03   0.478260E+04   0.174454E+04
   0.156500E+03   0.478262E+04   0.174456E+04
   0.156600E+03   0.478264E+04   0.174458E+04
   0.156700E+03   0.478266E+04   0.174460E+04
   0.156800E+03   0.478268E+04   0.174461E+04
   0.156900E+03   0.478270E+04   0.174463E+04
   0.157000E+03   0.478272E+04   0.174465E+04
   0.157100E+03   0.478274E+04   0.174466E+04
   0.157200E+03   0.478276E+04   0.174468E+04
   0.157300E+03   0.478278E+04   0.174470E+04
   0.157400E+03   0.478280E+04   0.174471E+04
   0.157500E+03   0.478282E+04   0.174473E+04
   0.157600E+03   0.478284E+04   0.174475E+04
   0.157700E+03   0.478286E+04   0.174476E+04
   0.157800E+03   0.478288E+04   0.174478E+04
   0.157900E+03   0.478290E+04   0.174479E+04
   0.158000E+03   0.478292E+04   0.174481E+04
   0.158100E+03   0.478294E+04   0.174483E+04
   0.158200E+03   0.478296E+04   0.174484E+04
   0.158300E+03   0.478297E+04   0.174486E+04
   0.158400E+03   0.478299E+04   0.174487E+04
   0.158500E+03   0.478301E+04   0.174489E+04
   0.158600E+03   0.478303E+04   0.174491E+04
   0.158700E+03   0.478305E+04   0.174492E+04
   0.158800E+03   0.478307E+04   0.174494E+04
   0.158900E+03   0.478309E+04   0.174495E+04
   0.159000E+03   0.478311E+04   0.174497E+04
   0.159100E+03   0.478312E+04   0.174498E+04
   0.159200E+03   0.478314E+04   0.174500E+04
   0.159300E+03   0.478316E+04   0.174502E+04
   0.159400E+03   0.478318E+04   0.174503E+04
   0.159500E+03   0.478320E+04   0.174505E+04
   0.159600E+03   0.478322E+04   0.174506E+04
   0.159700E+03   0.478323E+04   0.174508E+04
   0.159800E+03   0.478325E+04   0.174509E+04
   0.159900E+03   0.478327E+04   0.174511E+04
   0.160000E+03   0.478329E+04   0.174512E+04
   0.160100E+03   0.478331E+04   0.174514E+04
   0.160200E+03   0.478332E+04   0.174515E+04
   0.160300E+03   0.478334E+04   0.174517E+04
   0.160400E+03   0.478336E+04   0.174518E+04
   0.160500E+03   0.478338E+04   0.174520E+04
   0.160600E+03   0.478339E+04   0.174521E+04
   0.160700E+03   0.478341E+04   0.174522E+04
   0.160800E+03   0.478343E+04   0.174524E+04
   0.160900E+03   0.478345E+04   0.174525E+04
   0.161000E+03   0.478346E+04   0.174527E+04
   0.161100E+03   0.478348E+04   0.174528E+04
   0.161200E+03   0.478350E+04   0.174530E+04
   0.161300E+03   0.478351E+04   0.174531E+04
   0.161400E+03   0.478353E+04   0.174532E+04
   0.161500E+03   0.478355E+04   0.174534E+04
   0.161600E+03   0.478356E+04   0.174535E+04
   0.161700E+03   0.478358E+04   0.174537E+04
   0.161800E+03   0.478360E+04   0.174538E+04
   0.161900E+03   0.478361E+04   0.174539E+04
   0.162000E+03   0.478363E+04   0.174541E+04
   0.162100E+03   0.478365E+04   0.174542E+04
   0.162200E+03   0.478366E+04   0.174544E+04
   0.162300E+03   0.478368E+04   0.174545E+04
   0.162400E+03   0.478370E+04   0.174546E+04
   0.162500E+03   0.478371E+04   0.174548E+04
   0.162600E+03   0.478373E+04   0.174549E+04
   0.162700E+03   0.478374E+04   0.174550E+04
   0.162800E+03   0.478376E+04   0.174552E+04
   0.162900E+03   0.478378E+04   0.174553E+04
   0.163000E+03   0.478379E+04   0.174554E+04
   0.163100E+03   0.478381E+04   0.174556E+04
   0.163200E+03   0.478382E+04   0.174557E+04
   0.163300E+03   0.478384E+04   0.174558E+04
   0.163400E+03   0.478386E+04   0.174560E+04
   0.163500E+03   0.478387E+04   0.174561E+04
   0.163600E+03   0.478389E+04   0.174562E+04
   0.163700E+03   0.478390E+04   0.174563E+04
   0.163800E+03   0.478392E+04   0.174565E+04
   0.163900E+03   0.478393E+04   0.174566E+04
   0.164000E+03   0.478395E+04   0.174567E+04
   0.164100E+03   0.478396E+04   0.174568E+04
   0.164200E+03   0.478398E+04   0.174570E+04
   0.164300E+03   0.478399E+04   0.174571E+04
   0.164400E+03   0.478401E+04   0.174572E+04
   0.164500E+03   0.478402E+04   0.174574E+04
   0.164600E+03   0.478404E+04   0.174575E+04
   0.164700E+03   0.478405E+04   0.174576E+04
   0.164800E+03   0.478407E+04   0.174577E+04
   0.164900E+03   0.478408E+04   0.174578E+04
   0.165000E+03   0.478410E+04   0.174580E+04
   0.165100E+03   0.478411E+04   0.174581E+04
   0.165200E+03   0.478413E+04   0.174582E+04
   0.165300E+03   0.478414E+04   0.174583E+04
   0.165400E+03   0.478415E+04   0.174585E+04
   0.165500E+03   0.478417E+04   0.174586E+04
   0.165600E+03   0.478418E+04   0.174587E+04
   0.165700E+03   0.478420E+04   0.174588E+04
   0.165800E+03   0.478421E+04   0.174589E+04
   0.165900E+03   0.478423E+04   0.174590E+04
   0.166000E+03   0.478424E+04   0.174592E+04
   0.166100E+03   0.478425E+04   0.174593E+04
   0.166200E+03   0.478427E+04   0.174594E+04
   0.166300E+03   0.478428E+04   0.174595E+04
   0.166400E+03   0.478429E+04   0.174596E+04
   0.166500E+03   0.478431E+04   0.174597E+04
   0.166600E+03   0.478432E+04   0.174599E+04
   0.166700E+03   0.478434E+04   0.174600E+04
   0.166800E+03   0.478435E+04   0.174601E+04
   0.166900E+03   0.478436E+04   0.174602E+04
   0.167000E+03   0.478438E+04   0.174603E+04
   0.167100E+03   0.478439E+04   0.174604E+04
   0.167200E+03   0.478440E+04   0.174605E+04
   0.167300E+03   0.478442E+04   0.174606E+04
   0.167400E+03   0.478443E+04   0.174608E+04
   0.167500E+03   0.478444E+04   0.174609E+04
   0.167600E+03   0.478446E+04   0.174610E+04
   0.167700E+03   0.478447E+04   0.174611E+04
   0.167800E+03   0.478448E+04   0.174612E+04
   0.167900E+03   0.478450E+04   0.174613E+04
   0.168000E+03   0.478451E+04   0.174614E+04
   0.168100E+03   0.478452E+04   0.174615E+04
   0.168200E+03   0.478453E+04   0.174616E+04
   0.168300E+03   0.478455E+04   0.174617E+04
   0.168400E+03   0.478456E+04   0.174618E+04
   0.168500E+03   0.478457E+04   0.174619E+04
   0.168600E+03   0.478458E+04   0.174621E+04
   0.168700E+03   0.478460E+04   0.174622E+04
   0.168800E+03   0.478461E+04   0.174623E+04
   0.168900E+03   0.478462E+04   0.174624E+04
   0.169000E+03   0.478463E+04   0.174625E+04
   0.169100E+03   0.478465E+04   0.174626E+04
   0.169200E+03   0.478466E+04   0.174627E+04
   0.169300E+03   0.478467E+04   0.174628E+04
   0.169400E+03   0.478468E+04   0.174629E+04
   0.169500E+03   0.478470E+04   0.174630E+04
   0.169600E+03   0.478471E+04   0.174631E+04
   0.169700E+03   0.478472E+04   0.174632E+04
   0.169800E+03   0.478473E+04   0.174633E+04
   0.169900E+03   0.478474E+04   0.174634E+04
   0.170000E+03   0.478476E+04   0.174635E+04
   0.170100E+03   0.478477E+04   0.174636E+04
   0.170200E+03   0.478478E+04   0.174637E+04
   0.170300E+03   0.478479E+04   0.174638E+04
   0.170400E+03   0.478480E+04   0.174639E+04
   0.170500E+03   0.478482E+04   0.174640E+04
   0.170600E+03   0.478483E+04   0.174641E+04
   0.170700E+03   0.478484E+04   0.174642E+04
   0.170800E+03   0.478485E+04   0.174643E+04
   0.170900E+03   0.478486E+04   0.174644E+04
   0.171000E+03   0.478487E+04   0.174645E+04
   0.171100E+03   0.478488E+04   0.174646E+04
   0.171200E+03   0.478490E+04   0.174647E+04
   0.171300E+03   0.478491E+04   0.174647E+04
   0.171400E+03   0.478492E+04   0.174648E+04
   0.171500E+03   0.478493E+04   0.174649E+04
   0.171600E+03   0.478494E+04   0.174650E+04
   0.171700E+03   0.478495E+04   0.174651E+04
   0.171800E+03   0.478496E+04   0.174652E+04
   0.171900E+03   0.478497E+04   0.174653E+04
   0.172000E+03   0.478499E+04   0.174654E+04
   0.172100E+03   0.478500E+04   0.174655E+04
   0.172200E+03   0.478501E+04   0.174656E+04
   0.172300E+03   0.478502E+04   0.174657E+04
   0.172400E+03   0.478503E+04   0.174658E+04
   0.172500E+03   0.478504E+04   0.174659E+04
   0.172600E+03   0.478505E+04   0.174659E+04
   0.172700E+03   0.478506E+04   0.174660E+04
   0.172800E+03   0.478507E+04   0.174661E+04
   0.172900E+03   0.478508E+04   0.174662E+04
   0.173000E+03   0.478509E+04   0.174663E+04
   0.173100E+03   0.478510E+04   0.174664E+04
   0.173200E+03   0.478511E+04   0.174665E+04
   0.173300E+03   0.478512E+04   0.174666E+04
   0.173400E+03   0.478514E+04   0.174667E+04
   0.173500E+03   0.478515E+04   0.174667E+04
   0.173600E+03   0.478516E+04   0.174668E+04
   0.173700E+03   0.478517E+04   0.174669E+04
   0.173800E+03   0.478518E+04   0.174670E+04
   0.173900E+03   0.478519E+04   0.174671E+04
   0.174000E+03   0.478520E+04   0.174672E+04
   0.174100E+03   0.478521E+04   0.174673E+04
   0.174200E+03   0.478522E+04   0.174673E+04
   0.174300E+03   0.478523E+04   0.174674E+04
   0.174400E+03   0.478524E+04   0.174675E+04
   0.174500E+03   0.478525E+04   0.174676E+04
   0.174600E+03   0.478526E+04   0.174677E+04
   0.174700E+03   0.478527E+04   0.174678E+04
   0.174800E+03   0.478528E+04   0.174678E+04
   0.174900E+03   0.478529E+04   0.174679E+04
   0.175000E+03   0.478530E+04   0.174680E+04
   0.175100E+03   0.478531E+04   0.174681E+04
   0.175200E+03   0.478532E+04   0.174682E+04
   0.175300E+03   0.478533E+04   0.174682E+04
   0.175400E+03   0.478534E+04   0.174683E+04
   0.175500E+03   0.478534E+04   0.174684E+04
   0.175600E+03   0.478535E+04   0.174685E+04
   0.175700E+03   0.478536E+04   0.174686E+04
   0.175800E+03   0.478537E+04   0.174686E+04
   0.175900E+03   0.478538E+04   0.174687E+04
   0.176000E+03   0.478539E+04   0.174688E+04
   0.176100E+03   0.478540E+04   0.174689E+04
   0.176200E+03   0.478541E+04   0.174690E+04
   0.176300E+03   0.478542E+04   0.174690E+04
   0.176400E+03   0.478543E+04   0.174691E+04
   0.176500E+03   0.478544E+04   0.174692E+04
   0.176600E+03   0.478545E+04   0.174693E+04
   0.176700E+03   0.478546E+04   0.174693E+04
   0.176800E+03   0.478547E+04   0.174694E+04
   0.176900E+03   0.478547E+04   0.174695E+04
   0.177000E+03   0.478548E+04   0.174696E+04
   0.177100E+03   0.478549E+04   0.174696E+04
   0.177200E+03   0.478550E+04   0.174697E+04
   0.177300E+03   0.478551E+04   0.174698E+04
   0.177400E+03   0.478552E+04   0.174699E+04
   0.177500E+03   0.478553E+04   0.174699E+04
   0.177600E+03   0.478554E+04   0.174700E+04
   0.177700E+03   0.478555E+04   0.174701E+04
   0.177800E+03   0.478555E+04   0.174702E+04
   0.177900E+03   0.478556E+04   0.174702E+04
   0.178000E+03   0.478557E+04   0.174703E+04
   0.178100E+03   0.478558E+04   0.174704E+04
   0.178200E+03   0.478559E+04   0.174704E+04
   0.178300E+03   0.478560E+04   0.174705E+04
   0.178400E+03   0.478561E+04   0.174706E+04
   0.178500E+03   0.478561E+04   0.174707E+04
   0.178600E+03   0.478562E+04   0.174707E+04
   0.178700E+03   0.478563E+04   0.174708E+04
   0.178800E+03   0.478564E+04   0.174709E+04
   0.178900E+03   0.478565E+04   0.174709E+04
   0.179000E+03   0.478566E+04   0.174710E+04
   0.179100E+03   0.478566E+04   0.174711E+04
   0.179200E+03   0.478567E+04   0.174711E+04
   0.179300E+03   0.478568E+04   0.174712E+04
   0.179400E+03   0.478569E+04   0.174713E+04
   0.179500E+03   0.478570E+04   0.174714E+04
   0.179600E+03   0.478571E+04   0.174714E+04
   0.179700E+03   0.478571E+04   0.174715E+04
   0.179800E+03   0.478572E+04   0.174716E+04
   0.179900E+03   0.478573E+04   0.174716E+04
   0.180000E+03   0.478574E+04   0.174717E+04
   0.180100E+03   0.478575E+04   0.174718E+04
   0.180200E+03   0.478575E+04   0.174718E+04
   0.180300E+03   0.478576E+04   0.174719E+04
   0.180400E+03   0.478577E+04   0.174720E+04
   0.180500E+03   0.478578E+04   0.174720E+04
   0.180600E+03   0.478579E+04   0.174721E+04
   0.180700E+03   0.478579E+04   0.174721E+04
   0.180800E+03   0.478580E+04   0.174722E+04
   0.180900E+03   0.478581E+04   0.174723E+04
   0.181000E+03   0.478582E+04   0.174723E+04
   0.181100E+03   0.478582E+04   0.174724E+04
   0.181200E+03   0.478583E+04   0.174725E+04
   0.181300E+03   0.478584E+04   0.174725E+04
   0.181400E+03   0.478585E+04   0.174726E+04
   0.181500E+03   0.478585E+04   0.174727E+04
   0.181600E+03   0.478586E+04   0.174727E+04
   0.181700E+03   0.478587E+04   0.174728E+04
   0.181800E+03   0.478588E+04   0.174728E+04
   0.181900E+03   0.478588E+04   0.174729E+04
   0.182000E+03   0.478589E+04   0.174730E+04
   0.182100E+03   0.478590E+04   0.174730E+04
   0.182200E+03   0.478591E+04   0.174731E+04
   0.182300E+03   0.478591E+04   0.174732E+04
   0.182400E+03   0.478592E+04   0.174732E+04
   0.182500E+03   0.478593E+04   0.174733E+04
   0.182600E+03   0.478593E+04   0.174733E+04
   0.182700E+03   0.478594E+04   0.174734E+04
   0.182800E+03   0.478595E+04   0.174735E+04
   0.182900E+03   0.478596E+04   0.174735E+04
   0.183000E+03   0.478596E+04   0.174736E+04
   0.183100E+03   0.478597E+04   0.174736E+04
   0.183200E+03   0.478598E+04   0.174737E+04
   0.183300E+03   0.478598E+04   0.174737E+04
   0.183400E+03   0.478599E+04   0.174738E+04
   0.183500E+03   0.478600E+04   0.174739E+04
   0.183600E+03   0.478600E+04   0.174739E+04
   0.183700E+03   0.478601E+04   0.174740E+04
   0.183800E+03   0.478602E+04   0.174740E+04
   0.183900E+03   0.478603E+04   0.174741E+04
   0.184000E+03   0.478603E+04   0.174742E+04
   0.184100E+03   0.478604E+04   0.174742E+04
   0.184200E+03   0.478605E+04   0.174743E+04
   0.184300E+03   0.478605E+04   0.174743E+04
   0.184400E+03   0.478606E+04   0.174744E+04
   0.184500E+03   0.478607E+04   0.174744E+04
   0.184600E+03   0.478607E+04   0.174745E+04
   0.184700E+03   0.478608E+04   0.174745E+04
   0.184800E+03   0.478609E+04   0.174746E+04
   0.184900E+03   0.478609E+04   0.174747E+04
   0.185000E+03   0.478610E+04   0.174747E+04
   0.185100E+03   0.478611E+04   0.174748E+04
   0.185200E+03   0.478611E+04   0.174748E+04
   0.185300E+03   0.478612E+04   0.174749E+04
   0.185400E+03   0.478612E+04   0.174749E+04
   0.185500E+03   0.478613E+04   0.174750E+04
   0.185600E+03   0.478614E+04   0.174750E+04
   0.185700E+03   0.478614E+04   0.174751E+04
   0.185800E+03   0.478615E+04   0.174751E+04
   0.185900E+03   0.478616E+04   0.174752E+04
   0.186000E+03   0.478616E+04   0.174752E+04
   0.186100E+03   0.478617E+04   0.174753E+04
   0.186200E+03   0.478617E+04   0.174753E+04
   0.186300E+03   0.478618E+04   0.174754E+04
   0.186400E+03   0.478619E+04   0.174754E+04
   0.186500E+03   0.478619E+04   0.174755E+04
   0.186600E+03   0.478620E+04   0.174756E+04
   0.186700E+03   0.478621E+04   0.174756E+04
   0.186800E+03   0.478621E+04   0.174757E+04
   0.186900E+03   0.478622E+04   0.174757E+04
   0.187000E+03   0.478622E+04   0.174758E+04
   0.187100E+03   0.478623E+04   0.174758E+04
   0.187200E+03   0.478624E+04   0.174759E+04
   0.187300E+03   0.478624E+04   0.174759E+04
   0.187400E+03   0.478625E+04   0.174760E+04
   0.187500E+03   0.478625E+04   0.174760E+04
   0.187600E+03   0.478626E+04   0.174761E+04
   0.187700E+03   0.478627E+04   0.174761E+04
   0.187800E+03   0.478627E+04   0.174761E+04
   0.187900E+03   0.478628E+04   0.174762E+04
   0.188000E+03   0.478628E+04   0.174762E+04
   0.188100E+03   0.478629E+04   0.174763E+04
   0.188200E+03   0.478629E+04   0.174763E+04
   0.188300E+03   0.478630E+04   0.174764E+04
   0.188400E+03   0.478631E+04   0.174764E+04
   0.188500E+03   0.478631E+04   0.174765E+04
   0.188600E+03   0.478632E+04   0.174765E+04
   0.188700E+03   0.478632E+04   0.174766E+04
   0.188800E+03   0.478633E+04   0.174766E+04
   0.188900E+03   0.478633E+04   0.174767E+04
   0.189000E+03   0.478634E+04   0.174767E+04
   0.189100E+03   0.478634E+04   0.174768E+04
   0.189200E+03   0.478635E+04   0.174768E+04
   0.189300E+03   0.478636E+04   0.174769E+04
   0.189400E+03   0.478636E+04   0.174769E+04
   0.189500E+03   0.478637E+04   0.174769E+04
   0.189600E+03   0.478637E+04   0.174770E+04
   0.189700E+03   0.478638E+04   0.174770E+04
   0.189800E+03   0.478638E+04   0.174771E+04
   0.189900E+03   0.478639E+04   0.174771E+04
   0.190000E+03   0.478639E+04   0.174772E+04
   0.190100E+03   0.478640E+04   0.174772E+04
   0.190200E+03   0.478640E+04   0.174773E+04
   0.190300E+03   0.478641E+04   0.174773E+04
   0.190400E+03   0.478641E+04   0.174773E+04
   0.190500E+03   0.478642E+04   0.174774E+04
   0.190600E+03   0.478643E+04   0.174774E+04
   0.190700E+03   0.478643E+04   0.174775E+04
   0.190800E+03   0.478644E+04   0.174775E+04
   0.190900E+03   0.478644E+04   0.174776E+04
   0.191000E+03   0.478645E+04   0.174776E+04
   0.191100E+03   0.478645E+04   0.174777E+04
   0.191200E+03   0.478646E+04   0.174777E+04
   0.191300E+03   0.478646E+04   0.174777E+04
   0.191400E+03   0.478647E+04   0.174778E+04
   0.191500E+03   0.478647E+04   0.174778E+04
   0.191600E+03   0.478648E+04   0.174779E+04
   0.191700E+03   0.478648E+04   0.174779E+04
   0.191800E+03   0.478649E+04   0.174779E+04
   0.191900E+03   0.478649E+04   0.174780E+04
   0.192000E+03   0.478650E+04   0.174780E+04
   0.192100E+03   0.478650E+04   0.174781E+04
   0.192200E+03   0.478651E+04   0.174781E+04
   0.192300E+03   0.478651E+04   0.174782E+04
   0.192400E+03   0.478652E+04   0.174782E+04
   0.192500E+03   0.478652E+04   0.174782E+04
   0.192600E+03   0.478653E+04   0.174783E+04
   0.192700E+03   0.478653E+04   0.174783E+04
   0.192800E+03   0.478653E+04   0.174784E+04
   0.192900E+03   0.478654E+04   0.174784E+04
   0.193000E+03   0.478654E+04   0.174784E+04
   0.193100E+03   0.478655E+04   0.174785E+04
   0.193200E+03   0.478655E+04   0.174785E+04
   0.193300E+03   0.478656E+04   0.174785E+04
   0.193400E+03   0.478656E+04   0.174786E+04
   0.193500E+03   0.478657E+04   0.174786E+04
   0.193600E+03   0.478657E+04   0.174787E+04
   0.193700E+03   0.478658E+04   0.174787E+04
   0.193800E+03   0.478658E+04   0.174787E+04
   0.193900E+03   0.478659E+04   0.174788E+04
   0.194000E+03   0.478659E+04   0.174788E+04
   0.194100E+03   0.478659E+04   0.174789E+04
   0.194200E+03   0.478660E+04   0.174789E+04
   0.194300E+03   0.478660E+04   0.174789E+04
   0.194400E+03   0.478661E+04   0.174790E+04
   0.194500E+03   0.478661E+04   0.174790E+04
   0.194600E+03   0.478662E+04   0.174790E+04
   0.194700E+03   0.478662E+04   0.174791E+04
   0.194800E+03   0.478663E+04   0.174791E+04
   0.194900E+03   0.478663E+04   0.174792E+04
   0.195000E+03   0.478663E+04   0.174792E+04
   0.195100E+03   0.478664E+04   0.174792E+04
   0.195200E+03   0.478664E+04   0.174793E+04
   0.195300E+03   0.478665E+04   0.174793E+04
   0.195400E+03   0.478665E+04   0.174793E+04
   0.195500E+03   0.478666E+04   0.174794E+04
   0.195600E+03   0.478666E+04   0.174794E+04
   0.195700E+03   0.478666E+04   0.174794E+04
   0.195800E+03   0.478667E+04   0.174795E+04
   0.195900E+03   0.478667E+04   0.174795E+04
   0.196000E+03   0.478668E+04   0.174795E+04
   0.196100E+03   0.478668E+04   0.174796E+04
   0.196200E+03   0.478669E+04   0.174796E+04
   0.196300E+03   0.478669E+04   0.174797E+04
   0.196400E+03   0.478669E+04   0.174797E+04
   0.196500E+03   0.478670E+04   0.174797E+04
   0.196600E+03   0.478670E+04   0.174798E+04
   0.196700E+03   0.478671E+04   0.174798E+04
   0.196800E+03   0.478671E+04   0.174798E+04
   0.196900E+03   0.478671E+04   0.174799E+04
   0.197000E+03   0.478672E+04   0.174799E+04
   0.197100E+03   0.478672E+04   0.174799E+04
   0.197200E+03   0.478673E+04   0.174800E+04
   0.197300E+03   0.478673E+04   0.174800E+04
   0.197400E+03   0.478673E+04   0.174800E+04
   0.197500E+03   0.478674E+04   0.174801E+04
   0.197600E+03   0.478674E+04   0.174801E+04
   0.197700E+03   0.478675E+04   0.174801E+04
   0.197800E+03   0.478675E+04   0.174802E+04
   0.197900E+03   0.478675E+04   0.174802E+04
   0.198000E+03   0.478676E+04   0.174802E+04
   0.198100E+03   0.478676E+04   0.174802E+04
   0.198200E+03   0.478677E+04   0.174803E+04
   0.198300E+03   0.478677E+04   0.174803E+04
   0.198400E+03   0.478677E+04   0.174803E+04
   0.198500E+03   0.478678E+04   0.174804E+04
   0.198600E+03   0.478678E+04   0.174804E+04
   0.198700E+03   0.478678E+04   0.174804E+04
   0.198800E+03   0.478679E+04   0.174805E+04
   0.198900E+03   0.478679E+04   0.174805E+04
   0.199000E+03   0.478680E+04   0.174805E+04
   0.199100E+03   0.478680E+04   0.174806E+04
   0.199200E+03   0.478680E+04   0.174806E+04
   0.199300E+03   0.478681E+04   0.174806E+04
   0.199400E+03   0.478681E+04   0.174807E+04
   0.199500E+03   0.478681E+04   0.174807E+04
   0.199600E+03   0.478682E+04   0.174807E+04
   0.199700E+03   0.478682E+04   0.174807E+04
   0.199800E+03   0.478682E+04   0.174808E+04
   0.199900E+03   0.478683E+04   0.174808E+04
   0.200000E+03   0.478683E+04   0.174808E+04
   0.200100E+03   0.478684E+04   0.174809E+04
   0.200200E+03   0.478684E+04   0.174809E+04
   0.200300E+03   0.478684E+04   0.174809E+04
   0.200400E+03   0.478685E+04   0.174810E+04
   0.200500E+03   0.478685E+04   0.174810E+04
   0.200600E+03   0.478685E+04   0.174810E+04
   0.200700E+03   0.478686E+04   0.174810E+04
   0.200800E+03   0.478686E+04   0.174811E+04
   0.200900E+03   0.478686E+04   0.174811E+04
   0.201000E+03   0.478687E+04   0.174811E+04
   0.201100E+03   0.478687E+04   0.174812E+04
   0.201200E+03   0.478687E+04   0.174812E+04
   0.201300E+03   0.478688E+04   0.174812E+04
   0.201400E+03   0.478688E+04   0.174812E+04
   0.201500E+03   0.478688E+04   0.174813E+04
   0.201600E+03   0.478689E+04   0.174813E+04
   0.201700E+03   0.478689E+04   0.174813E+04
   0.201800E+03   0.478689E+04   0.174814E+04
   0.201900E+03   0.478690E+04   0.174814E+04
   0.202000E+03   0.478690E+04   0.174814E+04
   0.202100E+03   0.478690E+04   0.174814E+04
   0.202200E+03   0.478691E+04   0.174815E+04
   0.202300E+03   0.478691E+04   0.174815E+04
   0.202400E+03   0.478691E+04   0.174815E+04
   0.202500E+03   0.478692E+04   0.174815E+04
   0.202600E+03   0.478692E+04   0.174816E+04
   0.202700E+03   0.478692E+04   0.174816E+04
   0.202800E+03   0.478693E+04   0.174816E+04
   0.202900E+03   0.478693E+04   0.174817E+04
   0.203000E+03   0.478693E+04   0.174817E+04
   0.203100E+03   0.478694E+04   0.174817E+04
   0.203200E+03   0.478694E+04   0.174817E+04
   0.203300E+03   0.478694E+04   0.174818E+04
   0.203400E+03   0.478695E+04   0.174818E+04
   0.203500E+03   0.478695E+04   0.174818E+04
   0.203600E+03   0.478695E+04   0.174818E+04
   0.203700E+03   0.478695E+04   0.174819E+04
   0.203800E+03   0.478696E+04   0.174819E+04
   0.203900E+03   0.478696E+04   0.174819E+04
   0.204000E+03   0.478696E+04   0.174819E+04
   0.204100E+03   0.478697E+04   0.174820E+04
   0.204200E+03   0.478697E+04   0.174820E+04
   0.204300E+03   0.478697E+04   0.174820E+04
   0.204400E+03   0.478698E+04   0.174820E+04
   0.204500E+03   0.478698E+04   0.174821E+04
   0.204600E+03   0.478698E+04   0.174821E+04
   0.204700E+03   0.478698E+04   0.174821E+04
   0.204800E+03   0.478699E+04   0.174821E+04
   0.204900E+03   0.478699E+04   0.174822E+04
   0.205000E+03   0.478699E+04   0.174822E+04
   0.205100E+03   0.478700E+04   0.174822E+04
   0.205200E+03   0.478700E+04   0.174822E+04
   0.205300E+03   0.478700E+04   0.174823E+04
   0.205400E+03   0.478700E+04   0.174823E+04
   0.205500E+03   0.478701E+04   0.174823E+04
   0.205600E+03   0.478701E+04   0.174823E+04
   0.205700E+03   0.478701E+04   0.174824E+04
   0.205800E+03   0.478702E+04   0.174824E+04
   0.205900E+03   0.478702E+04   0.174824E+04
   0.206000E+03   0.478702E+04   0.174824E+04
   0.206100E+03   0.478702E+04   0.174824E+04
   0.206200E+03   0.478703E+04   0.174825E+04
   0.206300E+03   0.478703E+04   0.174825E+04
   0.206400E+03   0.478703E+04   0.174825E+04
   0.206500E+03   0.478704E+04   0.174825E+04
   0.206600E+03   0.478704E+04   0.174826E+04
   0.206700E+03   0.478704E+04   0.174826E+04
   0.206800E+03   0.478704E+04   0.174826E+04
   0.206900E+03   0.478705E+04   0.174826E+04
   0.207000E+03   0.478705E+04   0.174827E+04
   0.207100E+03   0.478705E+04   0.174827E+04
   0.207200E+03   0.478705E+04   0.174827E+04
   0.207300E+03   0.478706E+04   0.174827E+04
   0.207400E+03   0.478706E+04   0.174827E+04
   0.207500E+03   0.478706E+04   0.174828E+04
   0.207600E+03   0.478707E+04   0.174828E+04
   0.207700E+03   0.478707E+04   0.174828E+04
   0.207800E+03   0.478707E+04   0.174828E+04
   0.207900E+03   0.478707E+04   0.174829E+04
   0.208000E+03   0.478708E+04   0.174829E+04
   0.208100E+03   0.478708E+04   0.174829E+04
   0.208200E+03   0.478708E+04   0.174829E+04
   0.208300E+03   0.478708E+04   0.174829E+04
   0.208400E+03   0.478709E+04   0.174830E+04
   0.208500E+03   0.478709E+04   0.174830E+04
   0.208600E+03   0.478709E+04   0.174830E+04
   0.208700E+03   0.478709E+04   0.174830E+04
   0.208800E+03   0.478710E+04   0.174830E+04
   0.208900E+03   0.478710E+04   0.174831E+04
   0.209000E+03   0.478710E+04   0.174831E+04
   0.209100E+03   0.478710E+04   0.174831E+04
   0.209200E+03   0.478711E+04   0.174831E+04
   0.209300E+03   0.478711E+04   0.174831E+04
   0.209400E+03   0.478711E+04   0.174832E+04
   0.209500E+03   0.478711E+04   0.174832E+04
   0.209600E+03   0.478712E+04   0.174832E+04
   0.209700E+03   0.478712E+04   0.174832E+04
   0.209800E+03   0.478712E+04   0.174832E+04
   0.209900E+03   0.478712E+04   0.174833E+04
   0.210000E+03   0.478712E+04   0.174833E+04
   0.210100E+03   0.478713E+04   0.174833E+04
   0.210200E+03   0.478713E+04   0.174833E+04
   0.210300E+03   0.478713E+04   0.174833E+04
   0.210400E+03   0.478713E+04   0.174834E+04
   0.210500E+03   0.478714E+04   0.174834E+04
   0.210600E+03   0.478714E+04   0.174834E+04
   0.210700E+03   0.478714E+04   0.174834E+04
   0.210800E+03   0.478714E+04   0.174834E+04
   0.210900E+03   0.478715E+04   0.174835E+04
   0.211000E+03   0.478715E+04   0.174835E+04
   0.211100E+03   0.478715E+04   0.174835E+04
   0.211200E+03   0.478715E+04   0.174835E+04
   0.211300E+03   0.478716E+04   0.174835E+04
   0.211400E+03   0.478716E+04   0.174836E+04
   0.211500E+03   0.478716E+04   0.174836E+04
   0.211600E+03   0.478716E+04   0.174836E+04
   0.211700E+03   0.478716E+04   0.174836E+04
   0.211800E+03   0.478717E+04   0.174836E+04
   0.211900E+03   0.478717E+04   0.174837E+04
   0.212000E+03   0.478717E+04   0.174837E+04
   0.212100E+03   0.478717E+04   0.174837E+04
   0.212200E+03   0.478718E+04   0.174837E+04
   0.212300E+03   0.478718E+04   0.174837E+04
   0.212400E+03   0.478718E+04   0.174837E+04
   0.212500E+03   0.478718E+04   0.174838E+04
   0.212600E+03   0.478718E+04   0.174838E+04
   0.212700E+03   0.478719E+04   0.174838E+04
   0.212800E+03   0.478719E+04   0.174838E+04
   0.212900E+03   0.478719E+04   0.174838E+04
   0.213000E+03   0.478719E+04   0.174838E+04
   0.213100E+03   0.478719E+04   0.174839E+04
   0.213200E+03   0.478720E+04   0.174839E+04
   0.213300E+03   0.478720E+04   0.174839E+04
   0.213400E+03   0.478720E+04   0.174839E+04
   0.213500E+03   0.478720E+04   0.174839E+04
   0.213600E+03   0.478720E+04   0.174840E+04
   0.213700E+03   0.478721E+04   0.174840E+04
   0.213800E+03   0.478721E+04   0.174840E+04
   0.213900E+03   0.478721E+04   0.174840E+04
   0.214000E+03   0.478721E+04   0.174840E+04
   0.214100E+03   0.478721E+04   0.174840E+04
   0.214200E+03   0.478722E+04   0.174841E+04
   0.214300E+03   0.478722E+04   0.174841E+04
   0.214400E+03   0.478722E+04   0.174841E+04
   0.214500E+03   0.478722E+04   0.174841E+04
   0.214600E+03   0.478722E+04   0.174841E+04
   0.214700E+03   0.478723E+04   0.174841E+04
   0.214800E+03   0.478723E+04   0.174842E+04
   0.214900E+03   0.478723E+04   0.174842E+04
   0.215000E+03   0.478723E+04   0.174842E+04
   0.215100E+03   0.478723E+04   0.174842E+04
   0.215200E+03   0.478724E+04   0.174842E+04
   0.215300E+03   0.478724E+04   0.174842E+04
   0.215400E+03   0.478724E+04   0.174843E+04
   0.215500E+03   0.478724E+04   0.174843E+04
   0.215600E+03   0.478724E+04   0.174843E+04
   0.215700E+03   0.478725E+04   0.174843E+04
   0.215800E+03   0.478725E+04   0.174843E+04
   0.215900E+03   0.478725E+04   0.174843E+04
   0.216000E+03   0.478725E+04   0.174843E+04
   0.216100E+03   0.478725E+04   0.174844E+04
   0.216200E+03   0.478726E+04   0.174844E+04
   0.216300E+03   0.478726E+04   0.174844E+04
   0.216400E+03   0.478726E+04   0.174844E+04
   0.216500E+03   0.478726E+04   0.174844E+04
   0.216600E+03   0.478726E+04   0.174844E+04
   0.216700E+03   0.478726E+04   0.174845E+04
   0.216800E+03   0.478727E+04   0.174845E+04
   0.216900E+03   0.478727E+04   0.174845E+04
   0.217000E+03   0.478727E+04   0.174845E+04
   0.217100E+03   0.478727E+04   0.174845E+04
   0.217200E+03   0.478727E+04   0.174845E+04
   0.217300E+03   0.478728E+04   0.174845E+04
   0.217400E+03   0.478728E+04   0.174846E+04
   0.217500E+03   0.478728E+04   0.174846E+04
   0.217600E+03   0.478728E+04   0.174846E+04
   0.217700E+03   0.478728E+04   0.174846E+04
   0.217800E+03   0.478728E+04   0.174846E+04
   0.217900E+03   0.478729E+04   0.174846E+04
   0.218000E+03   0.478729E+04   0.174846E+04
   0.218100E+03   0.478729E+04   0.174847E+04
   0.218200E+03   0.478729E+04   0.174847E+04
   0.218300E+03   0.478729E+04   0.174847E+04
   0.218400E+03   0.478729E+04   0.174847E+04
   0.218500E+03   0.478730E+04   0.174847E+04
   0.218600E+03   0.478730E+04   0.174847E+04
   0.218700E+03   0.478730E+04   0.174847E+04
   0.218800E+03   0.478730E+04   0.174848E+04
   0.218900E+03   0.478730E+04   0.174848E+04
   0.219000E+03   0.478730E+04   0.174848E+04
   0.219100E+03   0.478731E+04   0.174848E+04
   0.219200E+03   0.478731E+04   0.174848E+04
   0.219300E+03   0.478731E+04   0.174848E+04
   0.219400E+03   0.478731E+04   0.174848E+04
   0.219500E+03   0.478731E+04   0.174849E+04
   0.219600E+03   0.478731E+04   0.174849E+04
   0.219700E+03   0.478732E+04   0.174849E+04
   0.219800E+03   0.478732E+04   0.174849E+04
   0.219900E+03   0.478732E+04   0.174849E+04
   0.220000E+03   0.478732E+04   0.174849E+04
   0.220100E+03   0.478732E+04   0.174849E+04
   0.220200E+03   0.478732E+04   0.174850E+04
   0.220300E+03   0.478733E+04   0.174850E+04
   0.220400E+03   0.478733E+04   0.174850E+04
   0.220500E+03   0.478733E+04   0.174850E+04
   0.220600E+03   0.478733E+04   0.174850E+04
   0.220700E+03   0.478733E+04   0.174850E+04
   0.220800E+03   0.478733E+04   0.174850E+04
   0.220900E+03   0.478733E+04   0.174850E+04
   0.221000E+03   0.478734E+04   0.174851E+04
   0.221100E+03   0.478734E+04   0.174851E+04
   0.221200E+03   0.478734E+04   0.174851E+04
   0.221300E+03   0.478734E+04   0.174851E+04
   0.221400E+03   0.478734E+04   0.174851E+04
   0.221500E+03   0.478734E+04   0.174851E+04
   0.221600E+03   0.478735E+04   0.174851E+04
   0.221700E+03   0.478735E+04   0.174851E+04
   0.221800E+03   0.478735E+04   0.174852E+04
   0.221900E+03   0.478735E+04   0.174852E+04
   0.222000E+03   0.478735E+04   0.174852E+04
   0.222100E+03   0.478735E+04   0.174852E+04
   0.222200E+03   0.478735E+04   0.174852E+04
   0.222300E+03   0.478736E+04   0.174852E+04
   0.222400E+03   0.478736E+04   0.174852E+04
   0.222500E+03   0.478736E+04   0.174852E+04
   0.222600E+03   0.478736E+04   0.174853E+04
   0.222700E+03   0.478736E+04   0.174853E+04
   0.222800E+03   0.478736E+04   0.174853E+04
   0.222900E+03   0.478736E+04   0.174853E+04
   0.223000E+03   0.478737E+04   0.174853E+04
   0.223100E+03   0.478737E+04   0.174853E+04
   0.223200E+03   0.478737E+04   0.174853E+04
   0.223300E+03   0.478737E+04   0.174853E+04
   0.223400E+03   0.478737E+04   0.174853E+04
   0.223500E+03   0.478737E+04   0.174854E+04
   0.223600E+03   0.478737E+04   0.174854E+04
   0.223700E+03   0.478738E+04   0.174854E+04
   0.223800E+03   0.478738E+04   0.174854E+04
   0.223900E+03   0.478738E+04   0.174854E+04
   0.224000E+03   0.478738E+04   0.174854E+04
   0.224100E+03   0.478738E+04   0.174854E+04
   0.224200E+03   0.478738E+04   0.174854E+04
   0.224300E+03   0.478738E+04   0.174854E+04
   0.224400E+03   0.478738E+04   0.174855E+04
   0.224500E+03   0.478739E+04   0.174855E+04
   0.224600E+03   0.478739E+04   0.174855E+04
   0.224700E+03   0.478739E+04   0.174855E+04
   0.224800E+03   0.478739E+04   0.174855E+04
   0.224900E+03   0.478739E+04   0.174855E+04
   0.225000E+03   0.478739E+04   0.174855E+04
   0.225100E+03   0.478739E+04   0.174855E+04
   0.225200E+03   0.478740E+04   0.174855E+04
   0.225300E+03   0.478740E+04   0.174856E+04
   0.225400E+03   0.478740E+04   0.174856E+04
   0.225500E+03   0.478740E+04   0.174856E+04
   0.225600E+03   0.478740E+04   0.174856E+04
   0.225700E+03   0.478740E+04   0.174856E+04
   0.225800E+03   0.478740E+04   0.174856E+04
   0.225900E+03   0.478740E+04   0.174856E+04
   0.226000E+03   0.478741E+04   0.174856E+04
   0.226100E+03   0.478741E+04   0.174856E+04
   0.226200E+03   0.478741E+04   0.174857E+04
   0.226300E+03   0.478741E+04   0.174857E+04
   0.226400E+03   0.478741E+04   0.174857E+04
   0.226500E+03   0.478741E+04   0.174857E+04
   0.226600E+03   0.478741E+04   0.174857E+04
   0.226700E+03   0.478741E+04   0.174857E+04
   0.226800E+03   0.478742E+04   0.174857E+04
   0.226900E+03   0.478742E+04   0.174857E+04
   0.227000E+03   0.478742E+04   0.174857E+04
   0.227100E+03   0.478742E+04   0.174857E+04
   0.227200E+03   0.478742E+04   0.174858E+04
   0.227300E+03   0.478742E+04   0.174858E+04
   0.227400E+03   0.478742E+04   0.174858E+04
   0.227500E+03   0.478742E+04   0.174858E+04
   0.227600E+03   0.478742E+04   0.174858E+04
   0.227700E+03   0.478743E+04   0.174858E+04
   0.227800E+03   0.478743E+04   0.174858E+04
   0.227900E+03   0.478743E+04   0.174858E+04
   0.228000E+03   0.478743E+04   0.174858E+04
   0.228100E+03   0.478743E+04   0.174858E+04
   0.228200E+03   0.478743E+04   0.174859E+04
   0.228300E+03   0.478743E+04   0.174859E+04
   0.228400E+03   0.478743E+04   0.174859E+04
   0.228500E+03   0.478744E+04   0.174859E+04
   0.228600E+03   0.478744E+04   0.174859E+04
   0.228700E+03   0.478744E+04   0.174859E+04
   0.228800E+03   0.478744E+04   0.174859E+04
   0.228900E+03   0.478744E+04   0.174859E+04
   0.229000E+03   0.478744E+04   0.174859E+04
   0.229100E+03   0.478744E+04   0.174859E+04
   0.229200E+03   0.478744E+04   0.174859E+04
   0.229300E+03   0.478744E+04   0.174860E+04
   0.229400E+03   0.478745E+04   0.174860E+04
   0.229500E+03   0.478745E+04   0.174860E+04
   0.229600E+03   0.478745E+04   0.174860E+04
   0.229700E+03   0.478745E+04   0.174860E+04
   0.229800E+03   0.478745E+04   0.174860E+04
   0.229900E+03   0.478745E+04   0.174860E+04
   0.230000E+03   0.478745E+04   0.174860E+04
   0.230100E+03   0.478745E+04   0.174860E+04
   0.230200E+03   0.478745E+04   0.174860E+04
   0.230300E+03   0.478745E+04   0.174860E+04
   0.230400E+03   0.478746E+04   0.174861E+04
   0.230500E+03   0.478746E+04   0.174861E+04
   0.230600E+03   0.478746E+04   0.174861E+04
   0.230700E+03   0.478746E+04   0.174861E+04
   0.230800E+03   0.478746E+04   0.174861E+04
   0.230900E+03   0.478746E+04   0.174861E+04
   0.231000E+03   0.478746E+04   0.174861E+04
   0.231100E+03   0.478746E+04   0.174861E+04
   0.231200E+03   0.478746E+04   0.174861E+04
   0.231300E+03   0.478747E+04   0.174861E+04
   0.231400E+03   0.478747E+04   0.174861E+04
   0.231500E+03   0.478747E+04   0.174861E+04
   0.231600E+03   0.478747E+04   0.174862E+04
   0.231700E+03   0.478747E+04   0.174862E+04
   0.231800E+03   0.478747E+04   0.174862E+04
   0.231900E+03   0.478747E+04   0.174862E+04
   0.232000E+03   0.478747E+04   0.174862E+04
   0.232100E+03   0.478747E+04   0.174862E+04
   0.232200E+03   0.478747E+04   0.174862E+04
   0.232300E+03   0.478747E+04   0.174862E+04
   0.232400E+03   0.478748E+04   0.174862E+04
   0.232500E+03   0.478748E+04   0.174862E+04
   0.232600E+03   0.478748E+04   0.174862E+04
   0.232700E+03   0.478748E+04   0.174862E+04
   0.232800E+03   0.478748E+04   0.174863E+04
   0.232900E+03   0.478748E+04   0.174863E+04
   0.233000E+03   0.478748E+04   0.174863E+04
   0.233100E+03   0.478748E+04   0.174863E+04
   0.233200E+03   0.478748E+04   0.174863E+04
   0.233300E+03   0.478748E+04   0.174863E+04
   0.233400E+03   0.478749E+04   0.174863E+04
   0.233500E+03   0.478749E+04   0.174863E+04
   0.233600E+03   0.478749E+04   0.174863E+04
   0.233700E+03   0.478749E+04   0.174863E+04
   0.233800E+03   0.478749E+04   0.174863E+04
   0.233900E+03   0.478749E+04   0.174863E+04
   0.234000E+03   0.478749E+04   0.174863E+04
   0.234100E+03   0.478749E+04   0.174864E+04
   0.234200E+03   0.478749E+04   0.174864E+04
   0.234300E+03   0.478749E+04   0.174864E+04
   0.234400E+03   0.478749E+04   0.174864E+04
   0.234500E+03   0.478750E+04   0.174864E+04
   0.234600E+03   0.478750E+04   0.174864E+04
   0.234700E+03   0.478750E+04   0.174864E+04
   0.234800E+03   0.478750E+04   0.174864E+04
   0.234900E+03   0.478750E+04   0.174864E+04
   0.235000E+03   0.478750E+04   0.174864E+04
   0.235100E+03   0.478750E+04   0.174864E+04
   0.235200E+03   0.478750E+04   0.174864E+04
   0.235300E+03   0.478750E+04   0.174864E+04
   0.235400E+03   0.478750E+04   0.174864E+04
   0.235500E+03   0.478750E+04   0.174865E+04
   0.235600E+03   0.478750E+04   0.174865E+04
   0.235700E+03   0.478751E+04   0.174865E+04
   0.235800E+03   0.478751E+04   0.174865E+04
   0.235900E+03   0.478751E+04   0.174865E+04
   0.236000E+03   0.478751E+04   0.174865E+04
   0.236100E+03   0.478751E+04   0.174865E+04
   0.236200E+03   0.478751E+04   0.174865E+04
   0.236300E+03   0.478751E+04   0.174865E+04
   0.236400E+03   0.478751E+04   0.174865E+04
   0.236500E+03   0.478751E+04   0.174865E+04
   0.236600E+03   0.478751E+04   0.174865E+04
   0.236700E+03   0.478751E+04   0.174865E+04
   0.236800E+03   0.478751E+04   0.174865E+04
   0.236900E+03   0.478752E+04   0.174866E+04
   0.237000E+03   0.478752E+04   0.174866E+04
   0.237100E+03   0.478752E+04   0.174866E+04
   0.237200E+03   0.478752E+04   0.174866E+04
   0.237300E+03   0.478752E+04   0.174866E+04
   0.237400E+03   0.478752E+04   0.174866E+04
   0.237500E+03   0.478752E+04   0.174866E+04
   0.237600E+03   0.478752E+04   0.174866E+04
   0.237700E+03   0.478752E+04   0.174866E+04
   0.237800E+03   0.478752E+04   0.174866E+04
   0.237900E+03   0.478752E+04   0.174866E+04
   0.238000E+03   0.478752E+04   0.174866E+04
   0.238100E+03   0.478753E+04   0.174866E+04
   0.238200E+03   0.478753E+04   0.174866E+04
   0.238300E+03   0.478753E+04   0.174866E+04
   0.238400E+03   0.478753E+04   0.174867E+04
   0.238500E+03   0.478753E+04   0.174867E+04
   0.238600E+03   0.478753E+04   0.174867E+04
   0.238700E+03   0.478753E+04   0.174867E+04
   0.238800E+03   0.478753E+04   0.174867E+04
   0.238900E+03   0.478753E+04   0.174867E+04
   0.239000E+03   0.478753E+04   0.174867E+04
   0.239100E+03   0.478753E+04   0.174867E+04
   0.239200E+03   0.478753E+04   0.174867E+04
   0.239300E+03   0.478753E+04   0.174867E+04
   0.239400E+03   0.478753E+04   0.174867E+04
   0.239500E+03   0.478754E+04   0.174867E+04
   0.239600E+03   0.478754E+04   0.174867E+04
   0.239700E+03   0.478754E+04   0.174867E+04
   0.239800E+03   0.478754E+04   0.174867E+04
   0.239900E+03   0.478754E+04   0.174867E+04
   0.240000E+03   0.478754E+04   0.174867E+04
   0.240100E+03   0.478754E+04   0.174868E+04
   0.240200E+03   0.478754E+04   0.174868E+04
   0.240300E+03   0.478754E+04   0.174868E+04
   0.240400E+03   0.478754E+04   0.174868E+04
   0.240500E+03   0.478754E+04   0.174868E+04
   0.240600E+03   0.478754E+04   0.174868E+04
   0.240700E+03   0.478754E+04   0.174868E+04
   0.240800E+03   0.478754E+04   0.174868E+04
   0.240900E+03   0.478755E+04   0.174868E+04
   0.241000E+03   0.478755E+04   0.174868E+04
   0.241100E+03   0.478755E+04   0.174868E+04
   0.241200E+03   0.478755E+04   0.174868E+04
   0.241300E+03   0.478755E+04   0.174868E+04
   0.241400E+03   0.478755E+04   0.174868E+04
   0.241500E+03   0.478755E+04   0.174868E+04
   0.241600E+03   0.478755E+04   0.174868E+04
   0.241700E+03   0.478755E+04   0.174868E+04
   0.241800E+03   0.478755E+04   0.174869E+04
   0.241900E+03   0.478755E+04   0.174869E+04
   0.242000E+03   0.478755E+04   0.174869E+04
   0.242100E+03   0.478755E+04   0.174869E+04
   0.242200E+03   0.478755E+04   0.174869E+04
   0.242300E+03   0.478755E+04   0.174869E+04
   0.242400E+03   0.478756E+04   0.174869E+04
   0.242500E+03   0.478756E+04   0.174869E+04
   0.242600E+03   0.478756E+04   0.174869E+04
   0.242700E+03   0.478756E+04   0.174869E+04
   0.242800E+03   0.478756E+04   0.174869E+04
   0.242900E+03   0.478756E+04   0.174869E+04
   0.243000E+03   0.478756E+04   0.174869E+04
   0.243100E+03   0.478756E+04   0.174869E+04
   0.243200E+03   0.478756E+04   0.174869E+04
   0.243300E+03   0.478756E+04   0.174869E+04
   0.243400E+03   0.478756E+04   0.174869E+04
   0.243500E+03   0.478756E+04   0.174869E+04
   0.243600E+03   0.478756E+04   0.174869E+04
   0.243700E+03   0.478756E+04   0.174870E+04
   0.243800E+03   0.478756E+04   0.174870E+04
   0.243900E+03   0.478756E+04   0.174870E+04
   0.244000E+03   0.478757E+04   0.174870E+04
   0.244100E+03   0.478757E+04   0.174870E+04
   0.244200E+03   0.478757E+04   0.174870E+04
   0.244300E+03   0.478757E+04   0.174870E+04
   0.244400E+03   0.478757E+04   0.174870E+04
   0.244500E+03   0.478757E+04   0.174870E+04
   0.244600E+03   0.478757E+04   0.174870E+04
   0.244700E+03   0.478757E+04   0.174870E+04
   0.244800E+03   0.478757E+04   0.174870E+04
   0.244900E+03   0.478757E+04   0.174870E+04
   0.245000E+03   0.478757E+04   0.174870E+04
   0.245100E+03   0.478757E+04   0.174870E+04
   0.245200E+03   0.478757E+04   0.174870E+04
   0.245300E+03   0.478757E+04   0.174870E+04
   0.245400E+03   0.478757E+04   0.174870E+04
   0.245500E+03   0.478757E+04   0.174870E+04
   0.245600E+03   0.478757E+04   0.174870E+04
   0.245700E+03   0.478758E+04   0.174871E+04
   0.245800E+03   0.478758E+04   0.174871E+04
   0.245900E+03   0.478758E+04   0.174871E+04
   0.246000E+03   0.478758E+04   0.174871E+04
   0.246100E+03   0.478758E+04   0.174871E+04
   0.246200E+03   0.478758E+04   0.174871E+04
   0.246300E+03   0.478758E+04   0.174871E+04
   0.246400E+03   0.478758E+04   0.174871E+04
   0.246500E+03   0.478758E+04   0.174871E+04
   0.246600E+03   0.478758E+04   0.174871E+04
   0.246700E+03   0.478758E+04   0.174871E+04
   0.246800E+03   0.478758E+04   0.174871E+04
   0.246900E+03   0.478758E+04   0.174871E+04
   0.247000E+03   0.478758E+04   0.174871E+04
   0.247100E+03   0.478758E+04   0.174871E+04
   0.247200E+03   0.478758E+04   0.174871E+04
   0.247300E+03   0.478758E+04   0.174871E+04
   0.247400E+03   0.478758E+04   0.174871E+04
   0.247500E+03   0.478759E+04   0.174871E+04
   0.247600E+03   0.478759E+04   0.174871E+04
   0.247700E+03   0.478759E+04   0.174871E+04
   0.247800E+03   0.478759E+04   0.174871E+04
   0.247900E+03   0.478759E+04   0.174872E+04
   0.248000E+03   0.478759E+04   0.174872E+04
   0.248100E+03   0.478759E+04   0.174872E+04
   0.248200E+03   0.478759E+04   0.174872E+04
   0.248300E+03   0.478759E+04   0.174872E+04
   0.248400E+03   0.478759E+04   0.174872E+04
   0.248500E+03   0.478759E+04   0.174872E+04
   0.248600E+03   0.478759E+04   0.174872E+04
   0.248700E+03   0.478759E+04   0.174872E+04
   0.248800E+03   0.478759E+04   0.174872E+04
   0.248900E+03   0.478759E+04   0.174872E+04
   0.249000E+03   0.478759E+04   0.174872E+04
   0.249100E+03   0.478759E+04   0.174872E+04
   0.249200E+03   0.478759E+04   0.174872E+04
   0.249300E+03   0.478759E+04   0.174872E+04
   0.249400E+03   0.478759E+04   0.174872E+04
   0.249500E+03   0.478760E+04   0.174872E+04
   0.249600E+03   0.478760E+04   0.174872E+04
   0.249700E+03   0.478760E+04   0.174872E+04
   0.249800E+03   0.478760E+04   0.174872E+04
   0.249900E+03   0.478760E+04   0.174872E+04
