#    time(ps)        R(t,x=0)       J(t,x=L)
   0.000000E+00   0.803553E+02   0.640856E-04
   0.100000E+00   0.206731E+03   0.628212E-04
   0.200000E+00   0.357410E+03   0.613140E-04
   0.300000E+00   0.518811E+03   0.596998E-04
   0.400000E+00   0.682587E+03   0.580620E-04
   0.500000E+00   0.843745E+03   0.564504E-04
   0.600000E+00   0.999428E+03   0.548936E-04
   0.700000E+00   0.114813E+04   0.534066E-04
   0.800000E+00   0.128919E+04   0.519961E-04
   0.900000E+00   0.142245E+04   0.506635E-04
   0.100000E+01   0.154807E+04   0.494073E-04
   0.110000E+01   0.166637E+04   0.482243E-04
   0.120000E+01   0.177779E+04   0.471102E-04
   0.130000E+01   0.188276E+04   0.460605E-04
   0.140000E+01   0.198176E+04   0.450706E-04
   0.150000E+01   0.207521E+04   0.441361E-04
   0.160000E+01   0.216355E+04   0.432528E-04
   0.170000E+01   0.224717E+04   0.424166E-04
   0.180000E+01   0.232643E+04   0.416241E-04
   0.190000E+01   0.240166E+04   0.408718E-04
   0.200000E+01   0.247317E+04   0.401568E-04
   0.210000E+01   0.254123E+04   0.394763E-04
   0.220000E+01   0.260610E+04   0.388279E-04
   0.230000E+01   0.266800E+04   0.382095E-04
   0.240000E+01   0.272715E+04   0.376194E-04
   0.250000E+01   0.278373E+04   0.370563E-04
   0.260000E+01   0.283792E+04   0.365200E-04
   0.270000E+01   0.288987E+04   0.360113E-04
   0.280000E+01   0.293973E+04   0.355331E-04
   0.290000E+01   0.298763E+04   0.350915E-04
   0.300000E+01   0.303369E+04   0.346972E-04
   0.310000E+01   0.307803E+04   0.343681E-04
   0.320000E+01   0.312075E+04   0.341321E-04
   0.330000E+01   0.316193E+04   0.340311E-04
   0.340000E+01   0.320168E+04   0.341261E-04
   0.350000E+01   0.324006E+04   0.345030E-04
   0.360000E+01   0.327716E+04   0.352788E-04
   0.370000E+01   0.331303E+04   0.366093E-04
   0.380000E+01   0.334776E+04   0.386968E-04
   0.390000E+01   0.338139E+04   0.417970E-04
   0.400000E+01   0.341398E+04   0.462266E-04
   0.410000E+01   0.344558E+04   0.523699E-04
   0.420000E+01   0.347624E+04   0.606840E-04
   0.430000E+01   0.350600E+04   0.717036E-04
   0.440000E+01   0.353492E+04   0.860446E-04
   0.450000E+01   0.356302E+04   0.104407E-03
   0.460000E+01   0.359034E+04   0.127576E-03
   0.470000E+01   0.361693E+04   0.156426E-03
   0.480000E+01   0.364280E+04   0.191923E-03
   0.490000E+01   0.366800E+04   0.235125E-03
   0.500000E+01   0.369254E+04   0.287192E-03
   0.510000E+01   0.371646E+04   0.349384E-03
   0.520000E+01   0.373979E+04   0.423072E-03
   0.530000E+01   0.376254E+04   0.509747E-03
   0.540000E+01   0.378474E+04   0.611022E-03
   0.550000E+01   0.380642E+04   0.728648E-03
   0.560000E+01   0.382758E+04   0.864517E-03
   0.570000E+01   0.384826E+04   0.102068E-02
   0.580000E+01   0.386847E+04   0.119933E-02
   0.590000E+01   0.388822E+04   0.140287E-02
   0.600000E+01   0.390754E+04   0.163384E-02
   0.610000E+01   0.392644E+04   0.189498E-02
   0.620000E+01   0.394493E+04   0.218925E-02
   0.630000E+01   0.396303E+04   0.251977E-02
   0.640000E+01   0.398075E+04   0.288990E-02
   0.650000E+01   0.399811E+04   0.330319E-02
   0.660000E+01   0.401511E+04   0.376342E-02
   0.670000E+01   0.403177E+04   0.427460E-02
   0.680000E+01   0.404810E+04   0.484096E-02
   0.690000E+01   0.406412E+04   0.546698E-02
   0.700000E+01   0.407982E+04   0.615736E-02
   0.710000E+01   0.409523E+04   0.691708E-02
   0.720000E+01   0.411034E+04   0.775134E-02
   0.730000E+01   0.412517E+04   0.866562E-02
   0.740000E+01   0.413973E+04   0.966564E-02
   0.750000E+01   0.415403E+04   0.107574E-01
   0.760000E+01   0.416807E+04   0.119472E-01
   0.770000E+01   0.418186E+04   0.132416E-01
   0.780000E+01   0.419541E+04   0.146473E-01
   0.790000E+01   0.420873E+04   0.161716E-01
   0.800000E+01   0.422181E+04   0.178218E-01
   0.810000E+01   0.423468E+04   0.196055E-01
   0.820000E+01   0.424733E+04   0.215308E-01
   0.830000E+01   0.425977E+04   0.236060E-01
   0.840000E+01   0.427200E+04   0.258395E-01
   0.850000E+01   0.428404E+04   0.282403E-01
   0.860000E+01   0.429588E+04   0.308176E-01
   0.870000E+01   0.430754E+04   0.335807E-01
   0.880000E+01   0.431901E+04   0.365395E-01
   0.890000E+01   0.433031E+04   0.397040E-01
   0.900000E+01   0.434143E+04   0.430846E-01
   0.910000E+01   0.435238E+04   0.466920E-01
   0.920000E+01   0.436316E+04   0.505371E-01
   0.930000E+01   0.437379E+04   0.546313E-01
   0.940000E+01   0.438426E+04   0.589861E-01
   0.950000E+01   0.439457E+04   0.636133E-01
   0.960000E+01   0.440474E+04   0.685252E-01
   0.970000E+01   0.441475E+04   0.737342E-01
   0.980000E+01   0.442463E+04   0.792530E-01
   0.990000E+01   0.443437E+04   0.850947E-01
   0.100000E+02   0.444397E+04   0.912727E-01
   0.101000E+02   0.445344E+04   0.978006E-01
   0.102000E+02   0.446277E+04   0.104692E+00
   0.103000E+02   0.447198E+04   0.111962E+00
   0.104000E+02   0.448107E+04   0.119623E+00
   0.105000E+02   0.449004E+04   0.127692E+00
   0.106000E+02   0.449888E+04   0.136183E+00
   0.107000E+02   0.450761E+04   0.145112E+00
   0.108000E+02   0.451623E+04   0.154493E+00
   0.109000E+02   0.452474E+04   0.164342E+00
   0.110000E+02   0.453313E+04   0.174676E+00
   0.111000E+02   0.454142E+04   0.185510E+00
   0.112000E+02   0.454961E+04   0.196862E+00
   0.113000E+02   0.455769E+04   0.208747E+00
   0.114000E+02   0.456568E+04   0.221183E+00
   0.115000E+02   0.457356E+04   0.234187E+00
   0.116000E+02   0.458135E+04   0.247776E+00
   0.117000E+02   0.458905E+04   0.261967E+00
   0.118000E+02   0.459665E+04   0.276779E+00
   0.119000E+02   0.460417E+04   0.292228E+00
   0.120000E+02   0.461159E+04   0.308334E+00
   0.121000E+02   0.461893E+04   0.325114E+00
   0.122000E+02   0.462618E+04   0.342587E+00
   0.123000E+02   0.463335E+04   0.360771E+00
   0.124000E+02   0.464044E+04   0.379685E+00
   0.125000E+02   0.464745E+04   0.399347E+00
   0.126000E+02   0.465437E+04   0.419778E+00
   0.127000E+02   0.466122E+04   0.440995E+00
   0.128000E+02   0.466800E+04   0.463018E+00
   0.129000E+02   0.467470E+04   0.485866E+00
   0.130000E+02   0.468132E+04   0.509559E+00
   0.131000E+02   0.468788E+04   0.534116E+00
   0.132000E+02   0.469436E+04   0.559557E+00
   0.133000E+02   0.470078E+04   0.585901E+00
   0.134000E+02   0.470712E+04   0.613168E+00
   0.135000E+02   0.471340E+04   0.641378E+00
   0.136000E+02   0.471962E+04   0.670551E+00
   0.137000E+02   0.472577E+04   0.700706E+00
   0.138000E+02   0.473185E+04   0.731863E+00
   0.139000E+02   0.473787E+04   0.764043E+00
   0.140000E+02   0.474384E+04   0.797265E+00
   0.141000E+02   0.474974E+04   0.831549E+00
   0.142000E+02   0.475558E+04   0.866915E+00
   0.143000E+02   0.476136E+04   0.903383E+00
   0.144000E+02   0.476709E+04   0.940974E+00
   0.145000E+02   0.477276E+04   0.979706E+00
   0.146000E+02   0.477837E+04   0.101960E+01
   0.147000E+02   0.478393E+04   0.106068E+01
   0.148000E+02   0.478944E+04   0.110295E+01
   0.149000E+02   0.479489E+04   0.114645E+01
   0.150000E+02   0.480029E+04   0.119119E+01
   0.151000E+02   0.480564E+04   0.123719E+01
   0.152000E+02   0.481094E+04   0.128447E+01
   0.153000E+02   0.481619E+04   0.133305E+01
   0.154000E+02   0.482139E+04   0.138295E+01
   0.155000E+02   0.482654E+04   0.143419E+01
   0.156000E+02   0.483164E+04   0.148678E+01
   0.157000E+02   0.483670E+04   0.154075E+01
   0.158000E+02   0.484171E+04   0.159612E+01
   0.159000E+02   0.484668E+04   0.165290E+01
   0.160000E+02   0.485160E+04   0.171111E+01
   0.161000E+02   0.485648E+04   0.177078E+01
   0.162000E+02   0.486131E+04   0.183191E+01
   0.163000E+02   0.486611E+04   0.189454E+01
   0.164000E+02   0.487086E+04   0.195867E+01
   0.165000E+02   0.487557E+04   0.202433E+01
   0.166000E+02   0.488023E+04   0.209152E+01
   0.167000E+02   0.488486E+04   0.216028E+01
   0.168000E+02   0.488945E+04   0.223062E+01
   0.169000E+02   0.489400E+04   0.230255E+01
   0.170000E+02   0.489851E+04   0.237609E+01
   0.171000E+02   0.490298E+04   0.245127E+01
   0.172000E+02   0.490742E+04   0.252808E+01
   0.173000E+02   0.491181E+04   0.260657E+01
   0.174000E+02   0.491618E+04   0.268673E+01
   0.175000E+02   0.492050E+04   0.276858E+01
   0.176000E+02   0.492479E+04   0.285215E+01
   0.177000E+02   0.492905E+04   0.293744E+01
   0.178000E+02   0.493327E+04   0.302448E+01
   0.179000E+02   0.493745E+04   0.311327E+01
   0.180000E+02   0.494161E+04   0.320384E+01
   0.181000E+02   0.494573E+04   0.329619E+01
   0.182000E+02   0.494982E+04   0.339035E+01
   0.183000E+02   0.495387E+04   0.348632E+01
   0.184000E+02   0.495789E+04   0.358413E+01
   0.185000E+02   0.496188E+04   0.368378E+01
   0.186000E+02   0.496585E+04   0.378529E+01
   0.187000E+02   0.496978E+04   0.388867E+01
   0.188000E+02   0.497368E+04   0.399394E+01
   0.189000E+02   0.497755E+04   0.410110E+01
   0.190000E+02   0.498139E+04   0.421018E+01
   0.191000E+02   0.498520E+04   0.432118E+01
   0.192000E+02   0.498898E+04   0.443412E+01
   0.193000E+02   0.499273E+04   0.454900E+01
   0.194000E+02   0.499646E+04   0.466585E+01
   0.195000E+02   0.500016E+04   0.478467E+01
   0.196000E+02   0.500383E+04   0.490547E+01
   0.197000E+02   0.500747E+04   0.502826E+01
   0.198000E+02   0.501109E+04   0.515305E+01
   0.199000E+02   0.501468E+04   0.527987E+01
   0.200000E+02   0.501825E+04   0.540870E+01
   0.201000E+02   0.502179E+04   0.553957E+01
   0.202000E+02   0.502530E+04   0.567249E+01
   0.203000E+02   0.502879E+04   0.580746E+01
   0.204000E+02   0.503225E+04   0.594449E+01
   0.205000E+02   0.503569E+04   0.608360E+01
   0.206000E+02   0.503911E+04   0.622478E+01
   0.207000E+02   0.504250E+04   0.636806E+01
   0.208000E+02   0.504587E+04   0.651343E+01
   0.209000E+02   0.504921E+04   0.666091E+01
   0.210000E+02   0.505253E+04   0.681050E+01
   0.211000E+02   0.505583E+04   0.696221E+01
   0.212000E+02   0.505911E+04   0.711604E+01
   0.213000E+02   0.506236E+04   0.727201E+01
   0.214000E+02   0.506559E+04   0.743012E+01
   0.215000E+02   0.506880E+04   0.759037E+01
   0.216000E+02   0.507199E+04   0.775278E+01
   0.217000E+02   0.507516E+04   0.791735E+01
   0.218000E+02   0.507830E+04   0.808408E+01
   0.219000E+02   0.508143E+04   0.825297E+01
   0.220000E+02   0.508453E+04   0.842404E+01
   0.221000E+02   0.508761E+04   0.859729E+01
   0.222000E+02   0.509068E+04   0.877273E+01
   0.223000E+02   0.509372E+04   0.895034E+01
   0.224000E+02   0.509674E+04   0.913015E+01
   0.225000E+02   0.509975E+04   0.931216E+01
   0.226000E+02   0.510273E+04   0.949636E+01
   0.227000E+02   0.510570E+04   0.968277E+01
   0.228000E+02   0.510864E+04   0.987137E+01
   0.229000E+02   0.511157E+04   0.100622E+02
   0.230000E+02   0.511448E+04   0.102552E+02
   0.231000E+02   0.511737E+04   0.104504E+02
   0.232000E+02   0.512024E+04   0.106479E+02
   0.233000E+02   0.512310E+04   0.108476E+02
   0.234000E+02   0.512594E+04   0.110494E+02
   0.235000E+02   0.512876E+04   0.112535E+02
   0.236000E+02   0.513156E+04   0.114599E+02
   0.237000E+02   0.513434E+04   0.116684E+02
   0.238000E+02   0.513711E+04   0.118792E+02
   0.239000E+02   0.513986E+04   0.120921E+02
   0.240000E+02   0.514259E+04   0.123073E+02
   0.241000E+02   0.514531E+04   0.125248E+02
   0.242000E+02   0.514801E+04   0.127444E+02
   0.243000E+02   0.515070E+04   0.129663E+02
   0.244000E+02   0.515337E+04   0.131903E+02
   0.245000E+02   0.515602E+04   0.134166E+02
   0.246000E+02   0.515866E+04   0.136452E+02
   0.247000E+02   0.516128E+04   0.138759E+02
   0.248000E+02   0.516388E+04   0.141088E+02
   0.249000E+02   0.516648E+04   0.143440E+02
   0.250000E+02   0.516905E+04   0.145814E+02
   0.251000E+02   0.517161E+04   0.148209E+02
   0.252000E+02   0.517416E+04   0.150627E+02
   0.253000E+02   0.517669E+04   0.153067E+02
   0.254000E+02   0.517921E+04   0.155529E+02
   0.255000E+02   0.518171E+04   0.158013E+02
   0.256000E+02   0.518420E+04   0.160518E+02
   0.257000E+02   0.518667E+04   0.163046E+02
   0.258000E+02   0.518913E+04   0.165596E+02
   0.259000E+02   0.519158E+04   0.168167E+02
   0.260000E+02   0.519401E+04   0.170760E+02
   0.261000E+02   0.519643E+04   0.173375E+02
   0.262000E+02   0.519883E+04   0.176012E+02
   0.263000E+02   0.520122E+04   0.178670E+02
   0.264000E+02   0.520360E+04   0.181350E+02
   0.265000E+02   0.520597E+04   0.184051E+02
   0.266000E+02   0.520832E+04   0.186774E+02
   0.267000E+02   0.521066E+04   0.189519E+02
   0.268000E+02   0.521299E+04   0.192285E+02
   0.269000E+02   0.521530E+04   0.195072E+02
   0.270000E+02   0.521760E+04   0.197881E+02
   0.271000E+02   0.521989E+04   0.200711E+02
   0.272000E+02   0.522217E+04   0.203562E+02
   0.273000E+02   0.522443E+04   0.206434E+02
   0.274000E+02   0.522669E+04   0.209327E+02
   0.275000E+02   0.522893E+04   0.212241E+02
   0.276000E+02   0.523115E+04   0.215177E+02
   0.277000E+02   0.523337E+04   0.218133E+02
   0.278000E+02   0.523558E+04   0.221110E+02
   0.279000E+02   0.523777E+04   0.224107E+02
   0.280000E+02   0.523995E+04   0.227126E+02
   0.281000E+02   0.524212E+04   0.230165E+02
   0.282000E+02   0.524428E+04   0.233224E+02
   0.283000E+02   0.524643E+04   0.236304E+02
   0.284000E+02   0.524857E+04   0.239404E+02
   0.285000E+02   0.525069E+04   0.242525E+02
   0.286000E+02   0.525281E+04   0.245666E+02
   0.287000E+02   0.525491E+04   0.248827E+02
   0.288000E+02   0.525701E+04   0.252008E+02
   0.289000E+02   0.525909E+04   0.255209E+02
   0.290000E+02   0.526116E+04   0.258430E+02
   0.291000E+02   0.526323E+04   0.261671E+02
   0.292000E+02   0.526528E+04   0.264932E+02
   0.293000E+02   0.526732E+04   0.268212E+02
   0.294000E+02   0.526935E+04   0.271512E+02
   0.295000E+02   0.527137E+04   0.274832E+02
   0.296000E+02   0.527338E+04   0.278170E+02
   0.297000E+02   0.527539E+04   0.281529E+02
   0.298000E+02   0.527738E+04   0.284906E+02
   0.299000E+02   0.527936E+04   0.288302E+02
   0.300000E+02   0.528133E+04   0.291718E+02
   0.301000E+02   0.528329E+04   0.295152E+02
   0.302000E+02   0.528525E+04   0.298606E+02
   0.303000E+02   0.528719E+04   0.302078E+02
   0.304000E+02   0.528912E+04   0.305569E+02
   0.305000E+02   0.529105E+04   0.309078E+02
   0.306000E+02   0.529296E+04   0.312606E+02
   0.307000E+02   0.529487E+04   0.316153E+02
   0.308000E+02   0.529677E+04   0.319717E+02
   0.309000E+02   0.529866E+04   0.323300E+02
   0.310000E+02   0.530054E+04   0.326901E+02
   0.311000E+02   0.530241E+04   0.330520E+02
   0.312000E+02   0.530427E+04   0.334157E+02
   0.313000E+02   0.530612E+04   0.337811E+02
   0.314000E+02   0.530797E+04   0.341484E+02
   0.315000E+02   0.530980E+04   0.345174E+02
   0.316000E+02   0.531163E+04   0.348881E+02
   0.317000E+02   0.531345E+04   0.352606E+02
   0.318000E+02   0.531526E+04   0.356348E+02
   0.319000E+02   0.531706E+04   0.360108E+02
   0.320000E+02   0.531885E+04   0.363884E+02
   0.321000E+02   0.532064E+04   0.367677E+02
   0.322000E+02   0.532242E+04   0.371488E+02
   0.323000E+02   0.532419E+04   0.375315E+02
   0.324000E+02   0.532595E+04   0.379159E+02
   0.325000E+02   0.532770E+04   0.383019E+02
   0.326000E+02   0.532945E+04   0.386896E+02
   0.327000E+02   0.533118E+04   0.390789E+02
   0.328000E+02   0.533291E+04   0.394699E+02
   0.329000E+02   0.533463E+04   0.398624E+02
   0.330000E+02   0.533635E+04   0.402566E+02
   0.331000E+02   0.533806E+04   0.406523E+02
   0.332000E+02   0.533975E+04   0.410497E+02
   0.333000E+02   0.534145E+04   0.414486E+02
   0.334000E+02   0.534313E+04   0.418491E+02
   0.335000E+02   0.534481E+04   0.422511E+02
   0.336000E+02   0.534648E+04   0.426546E+02
   0.337000E+02   0.534814E+04   0.430597E+02
   0.338000E+02   0.534979E+04   0.434663E+02
   0.339000E+02   0.535144E+04   0.438744E+02
   0.340000E+02   0.535308E+04   0.442841E+02
   0.341000E+02   0.535472E+04   0.446951E+02
   0.342000E+02   0.535634E+04   0.451077E+02
   0.343000E+02   0.535796E+04   0.455217E+02
   0.344000E+02   0.535957E+04   0.459372E+02
   0.345000E+02   0.536118E+04   0.463541E+02
   0.346000E+02   0.536278E+04   0.467725E+02
   0.347000E+02   0.536437E+04   0.471923E+02
   0.348000E+02   0.536596E+04   0.476134E+02
   0.349000E+02   0.536754E+04   0.480360E+02
   0.350000E+02   0.536911E+04   0.484600E+02
   0.351000E+02   0.537067E+04   0.488853E+02
   0.352000E+02   0.537223E+04   0.493120E+02
   0.353000E+02   0.537379E+04   0.497401E+02
   0.354000E+02   0.537533E+04   0.501695E+02
   0.355000E+02   0.537687E+04   0.506002E+02
   0.356000E+02   0.537840E+04   0.510322E+02
   0.357000E+02   0.537993E+04   0.514656E+02
   0.358000E+02   0.538145E+04   0.519002E+02
   0.359000E+02   0.538297E+04   0.523362E+02
   0.360000E+02   0.538447E+04   0.527734E+02
   0.361000E+02   0.538598E+04   0.532119E+02
   0.362000E+02   0.538747E+04   0.536516E+02
   0.363000E+02   0.538896E+04   0.540926E+02
   0.364000E+02   0.539045E+04   0.545348E+02
   0.365000E+02   0.539192E+04   0.549782E+02
   0.366000E+02   0.539340E+04   0.554228E+02
   0.367000E+02   0.539486E+04   0.558687E+02
   0.368000E+02   0.539632E+04   0.563157E+02
   0.369000E+02   0.539778E+04   0.567639E+02
   0.370000E+02   0.539922E+04   0.572133E+02
   0.371000E+02   0.540067E+04   0.576638E+02
   0.372000E+02   0.540210E+04   0.581155E+02
   0.373000E+02   0.540354E+04   0.585683E+02
   0.374000E+02   0.540496E+04   0.590222E+02
   0.375000E+02   0.540638E+04   0.594772E+02
   0.376000E+02   0.540780E+04   0.599334E+02
   0.377000E+02   0.540920E+04   0.603906E+02
   0.378000E+02   0.541061E+04   0.608489E+02
   0.379000E+02   0.541201E+04   0.613083E+02
   0.380000E+02   0.541340E+04   0.617687E+02
   0.381000E+02   0.541479E+04   0.622302E+02
   0.382000E+02   0.541617E+04   0.626927E+02
   0.383000E+02   0.541754E+04   0.631563E+02
   0.384000E+02   0.541892E+04   0.636209E+02
   0.385000E+02   0.542028E+04   0.640864E+02
   0.386000E+02   0.542164E+04   0.645530E+02
   0.387000E+02   0.542300E+04   0.650205E+02
   0.388000E+02   0.542435E+04   0.654891E+02
   0.389000E+02   0.542569E+04   0.659586E+02
   0.390000E+02   0.542703E+04   0.664290E+02
   0.391000E+02   0.542837E+04   0.669004E+02
   0.392000E+02   0.542970E+04   0.673727E+02
   0.393000E+02   0.543102E+04   0.678460E+02
   0.394000E+02   0.543235E+04   0.683201E+02
   0.395000E+02   0.543366E+04   0.687952E+02
   0.396000E+02   0.543497E+04   0.692711E+02
   0.397000E+02   0.543628E+04   0.697479E+02
   0.398000E+02   0.543758E+04   0.702256E+02
   0.399000E+02   0.543887E+04   0.707042E+02
   0.400000E+02   0.544016E+04   0.711836E+02
   0.401000E+02   0.544145E+04   0.716639E+02
   0.402000E+02   0.544273E+04   0.721450E+02
   0.403000E+02   0.544401E+04   0.726269E+02
   0.404000E+02   0.544528E+04   0.731096E+02
   0.405000E+02   0.544655E+04   0.735931E+02
   0.406000E+02   0.544781E+04   0.740774E+02
   0.407000E+02   0.544907E+04   0.745625E+02
   0.408000E+02   0.545032E+04   0.750483E+02
   0.409000E+02   0.545157E+04   0.755350E+02
   0.410000E+02   0.545282E+04   0.760223E+02
   0.411000E+02   0.545406E+04   0.765105E+02
   0.412000E+02   0.545529E+04   0.769993E+02
   0.413000E+02   0.545653E+04   0.774889E+02
   0.414000E+02   0.545775E+04   0.779792E+02
   0.415000E+02   0.545897E+04   0.784702E+02
   0.416000E+02   0.546019E+04   0.789618E+02
   0.417000E+02   0.546141E+04   0.794542E+02
   0.418000E+02   0.546262E+04   0.799472E+02
   0.419000E+02   0.546382E+04   0.804410E+02
   0.420000E+02   0.546502E+04   0.809353E+02
   0.421000E+02   0.546622E+04   0.814303E+02
   0.422000E+02   0.546741E+04   0.819260E+02
   0.423000E+02   0.546860E+04   0.824223E+02
   0.424000E+02   0.546979E+04   0.829192E+02
   0.425000E+02   0.547097E+04   0.834167E+02
   0.426000E+02   0.547214E+04   0.839148E+02
   0.427000E+02   0.547332E+04   0.844135E+02
   0.428000E+02   0.547448E+04   0.849128E+02
   0.429000E+02   0.547565E+04   0.854126E+02
   0.430000E+02   0.547681E+04   0.859131E+02
   0.431000E+02   0.547796E+04   0.864141E+02
   0.432000E+02   0.547912E+04   0.869156E+02
   0.433000E+02   0.548026E+04   0.874177E+02
   0.434000E+02   0.548141E+04   0.879203E+02
   0.435000E+02   0.548255E+04   0.884234E+02
   0.436000E+02   0.548369E+04   0.889270E+02
   0.437000E+02   0.548482E+04   0.894311E+02
   0.438000E+02   0.548595E+04   0.899358E+02
   0.439000E+02   0.548707E+04   0.904409E+02
   0.440000E+02   0.548819E+04   0.909465E+02
   0.441000E+02   0.548931E+04   0.914526E+02
   0.442000E+02   0.549042E+04   0.919591E+02
   0.443000E+02   0.549153E+04   0.924661E+02
   0.444000E+02   0.549264E+04   0.929735E+02
   0.445000E+02   0.549374E+04   0.934814E+02
   0.446000E+02   0.549484E+04   0.939897E+02
   0.447000E+02   0.549594E+04   0.944984E+02
   0.448000E+02   0.549703E+04   0.950075E+02
   0.449000E+02   0.549812E+04   0.955170E+02
   0.450000E+02   0.549920E+04   0.960269E+02
   0.451000E+02   0.550028E+04   0.965372E+02
   0.452000E+02   0.550136E+04   0.970479E+02
   0.453000E+02   0.550243E+04   0.975590E+02
   0.454000E+02   0.550351E+04   0.980704E+02
   0.455000E+02   0.550457E+04   0.985822E+02
   0.456000E+02   0.550564E+04   0.990943E+02
   0.457000E+02   0.550670E+04   0.996068E+02
   0.458000E+02   0.550775E+04   0.100120E+03
   0.459000E+02   0.550881E+04   0.100633E+03
   0.460000E+02   0.550986E+04   0.101146E+03
   0.461000E+02   0.551090E+04   0.101660E+03
   0.462000E+02   0.551194E+04   0.102174E+03
   0.463000E+02   0.551298E+04   0.102688E+03
   0.464000E+02   0.551402E+04   0.103203E+03
   0.465000E+02   0.551505E+04   0.103718E+03
   0.466000E+02   0.551608E+04   0.104233E+03
   0.467000E+02   0.551711E+04   0.104748E+03
   0.468000E+02   0.551813E+04   0.105264E+03
   0.469000E+02   0.551915E+04   0.105780E+03
   0.470000E+02   0.552017E+04   0.106296E+03
   0.471000E+02   0.552118E+04   0.106813E+03
   0.472000E+02   0.552219E+04   0.107329E+03
   0.473000E+02   0.552320E+04   0.107846E+03
   0.474000E+02   0.552421E+04   0.108363E+03
   0.475000E+02   0.552521E+04   0.108881E+03
   0.476000E+02   0.552620E+04   0.109398E+03
   0.477000E+02   0.552720E+04   0.109916E+03
   0.478000E+02   0.552819E+04   0.110434E+03
   0.479000E+02   0.552918E+04   0.110952E+03
   0.480000E+02   0.553016E+04   0.111470E+03
   0.481000E+02   0.553115E+04   0.111988E+03
   0.482000E+02   0.553213E+04   0.112507E+03
   0.483000E+02   0.553310E+04   0.113026E+03
   0.484000E+02   0.553408E+04   0.113544E+03
   0.485000E+02   0.553505E+04   0.114063E+03
   0.486000E+02   0.553601E+04   0.114583E+03
   0.487000E+02   0.553698E+04   0.115102E+03
   0.488000E+02   0.553794E+04   0.115621E+03
   0.489000E+02   0.553890E+04   0.116141E+03
   0.490000E+02   0.553985E+04   0.116660E+03
   0.491000E+02   0.554081E+04   0.117180E+03
   0.492000E+02   0.554176E+04   0.117700E+03
   0.493000E+02   0.554270E+04   0.118220E+03
   0.494000E+02   0.554365E+04   0.118740E+03
   0.495000E+02   0.554459E+04   0.119260E+03
   0.496000E+02   0.554553E+04   0.119780E+03
   0.497000E+02   0.554646E+04   0.120300E+03
   0.498000E+02   0.554740E+04   0.120820E+03
   0.499000E+02   0.554833E+04   0.121340E+03
   0.500000E+02   0.554925E+04   0.121861E+03
   0.501000E+02   0.555018E+04   0.122381E+03
   0.502000E+02   0.555110E+04   0.122901E+03
   0.503000E+02   0.555202E+04   0.123422E+03
   0.504000E+02   0.555294E+04   0.123942E+03
   0.505000E+02   0.555385E+04   0.124463E+03
   0.506000E+02   0.555476E+04   0.124983E+03
   0.507000E+02   0.555567E+04   0.125504E+03
   0.508000E+02   0.555658E+04   0.126024E+03
   0.509000E+02   0.555748E+04   0.126545E+03
   0.510000E+02   0.555838E+04   0.127065E+03
   0.511000E+02   0.555928E+04   0.127586E+03
   0.512000E+02   0.556017E+04   0.128106E+03
   0.513000E+02   0.556106E+04   0.128626E+03
   0.514000E+02   0.556195E+04   0.129147E+03
   0.515000E+02   0.556284E+04   0.129667E+03
   0.516000E+02   0.556373E+04   0.130187E+03
   0.517000E+02   0.556461E+04   0.130707E+03
   0.518000E+02   0.556549E+04   0.131228E+03
   0.519000E+02   0.556637E+04   0.131748E+03
   0.520000E+02   0.556724E+04   0.132268E+03
   0.521000E+02   0.556811E+04   0.132788E+03
   0.522000E+02   0.556898E+04   0.133308E+03
   0.523000E+02   0.556985E+04   0.133827E+03
   0.524000E+02   0.557071E+04   0.134347E+03
   0.525000E+02   0.557158E+04   0.134867E+03
   0.526000E+02   0.557244E+04   0.135386E+03
   0.527000E+02   0.557329E+04   0.135906E+03
   0.528000E+02   0.557415E+04   0.136425E+03
   0.529000E+02   0.557500E+04   0.136944E+03
   0.530000E+02   0.557585E+04   0.137463E+03
   0.531000E+02   0.557670E+04   0.137982E+03
   0.532000E+02   0.557754E+04   0.138501E+03
   0.533000E+02   0.557839E+04   0.139020E+03
   0.534000E+02   0.557923E+04   0.139538E+03
   0.535000E+02   0.558007E+04   0.140057E+03
   0.536000E+02   0.558090E+04   0.140575E+03
   0.537000E+02   0.558174E+04   0.141093E+03
   0.538000E+02   0.558257E+04   0.141611E+03
   0.539000E+02   0.558340E+04   0.142129E+03
   0.540000E+02   0.558422E+04   0.142647E+03
   0.541000E+02   0.558505E+04   0.143164E+03
   0.542000E+02   0.558587E+04   0.143682E+03
   0.543000E+02   0.558669E+04   0.144199E+03
   0.544000E+02   0.558751E+04   0.144716E+03
   0.545000E+02   0.558832E+04   0.145233E+03
   0.546000E+02   0.558914E+04   0.145749E+03
   0.547000E+02   0.558995E+04   0.146266E+03
   0.548000E+02   0.559076E+04   0.146782E+03
   0.549000E+02   0.559156E+04   0.147298E+03
   0.550000E+02   0.559237E+04   0.147814E+03
   0.551000E+02   0.559317E+04   0.148329E+03
   0.552000E+02   0.559397E+04   0.148845E+03
   0.553000E+02   0.559477E+04   0.149360E+03
   0.554000E+02   0.559556E+04   0.149875E+03
   0.555000E+02   0.559635E+04   0.150390E+03
   0.556000E+02   0.559715E+04   0.150904E+03
   0.557000E+02   0.559794E+04   0.151419E+03
   0.558000E+02   0.559872E+04   0.151933E+03
   0.559000E+02   0.559951E+04   0.152446E+03
   0.560000E+02   0.560029E+04   0.152960E+03
   0.561000E+02   0.560107E+04   0.153473E+03
   0.562000E+02   0.560185E+04   0.153986E+03
   0.563000E+02   0.560263E+04   0.154499E+03
   0.564000E+02   0.560340E+04   0.155012E+03
   0.565000E+02   0.560417E+04   0.155524E+03
   0.566000E+02   0.560494E+04   0.156036E+03
   0.567000E+02   0.560571E+04   0.156548E+03
   0.568000E+02   0.560648E+04   0.157059E+03
   0.569000E+02   0.560724E+04   0.157570E+03
   0.570000E+02   0.560800E+04   0.158081E+03
   0.571000E+02   0.560876E+04   0.158592E+03
   0.572000E+02   0.560952E+04   0.159102E+03
   0.573000E+02   0.561028E+04   0.159612E+03
   0.574000E+02   0.561103E+04   0.160122E+03
   0.575000E+02   0.561179E+04   0.160631E+03
   0.576000E+02   0.561254E+04   0.161141E+03
   0.577000E+02   0.561328E+04   0.161649E+03
   0.578000E+02   0.561403E+04   0.162158E+03
   0.579000E+02   0.561477E+04   0.162666E+03
   0.580000E+02   0.561552E+04   0.163174E+03
   0.581000E+02   0.561626E+04   0.163682E+03
   0.582000E+02   0.561700E+04   0.164189E+03
   0.583000E+02   0.561773E+04   0.164696E+03
   0.584000E+02   0.561847E+04   0.165203E+03
   0.585000E+02   0.561920E+04   0.165709E+03
   0.586000E+02   0.561993E+04   0.166215E+03
   0.587000E+02   0.562066E+04   0.166721E+03
   0.588000E+02   0.562139E+04   0.167226E+03
   0.589000E+02   0.562211E+04   0.167731E+03
   0.590000E+02   0.562284E+04   0.168235E+03
   0.591000E+02   0.562356E+04   0.168740E+03
   0.592000E+02   0.562428E+04   0.169244E+03
   0.593000E+02   0.562500E+04   0.169747E+03
   0.594000E+02   0.562571E+04   0.170250E+03
   0.595000E+02   0.562643E+04   0.170753E+03
   0.596000E+02   0.562714E+04   0.171256E+03
   0.597000E+02   0.562785E+04   0.171758E+03
   0.598000E+02   0.562856E+04   0.172259E+03
   0.599000E+02   0.562927E+04   0.172761E+03
   0.600000E+02   0.562997E+04   0.173262E+03
   0.601000E+02   0.563068E+04   0.173762E+03
   0.602000E+02   0.563138E+04   0.174263E+03
   0.603000E+02   0.563208E+04   0.174763E+03
   0.604000E+02   0.563278E+04   0.175262E+03
   0.605000E+02   0.563347E+04   0.175761E+03
   0.606000E+02   0.563417E+04   0.176260E+03
   0.607000E+02   0.563486E+04   0.176758E+03
   0.608000E+02   0.563555E+04   0.177256E+03
   0.609000E+02   0.563624E+04   0.177754E+03
   0.610000E+02   0.563693E+04   0.178251E+03
   0.611000E+02   0.563762E+04   0.178747E+03
   0.612000E+02   0.563830E+04   0.179244E+03
   0.613000E+02   0.563898E+04   0.179740E+03
   0.614000E+02   0.563967E+04   0.180235E+03
   0.615000E+02   0.564034E+04   0.180730E+03
   0.616000E+02   0.564102E+04   0.181225E+03
   0.617000E+02   0.564170E+04   0.181719E+03
   0.618000E+02   0.564237E+04   0.182213E+03
   0.619000E+02   0.564305E+04   0.182707E+03
   0.620000E+02   0.564372E+04   0.183200E+03
   0.621000E+02   0.564439E+04   0.183692E+03
   0.622000E+02   0.564505E+04   0.184184E+03
   0.623000E+02   0.564572E+04   0.184676E+03
   0.624000E+02   0.564639E+04   0.185167E+03
   0.625000E+02   0.564705E+04   0.185658E+03
   0.626000E+02   0.564771E+04   0.186149E+03
   0.627000E+02   0.564837E+04   0.186639E+03
   0.628000E+02   0.564903E+04   0.187128E+03
   0.629000E+02   0.564968E+04   0.187618E+03
   0.630000E+02   0.565034E+04   0.188106E+03
   0.631000E+02   0.565099E+04   0.188594E+03
   0.632000E+02   0.565164E+04   0.189082E+03
   0.633000E+02   0.565229E+04   0.189570E+03
   0.634000E+02   0.565294E+04   0.190056E+03
   0.635000E+02   0.565359E+04   0.190543E+03
   0.636000E+02   0.565424E+04   0.191029E+03
   0.637000E+02   0.565488E+04   0.191514E+03
   0.638000E+02   0.565552E+04   0.192000E+03
   0.639000E+02   0.565616E+04   0.192484E+03
   0.640000E+02   0.565680E+04   0.192968E+03
   0.641000E+02   0.565744E+04   0.193452E+03
   0.642000E+02   0.565808E+04   0.193935E+03
   0.643000E+02   0.565871E+04   0.194418E+03
   0.644000E+02   0.565934E+04   0.194900E+03
   0.645000E+02   0.565998E+04   0.195382E+03
   0.646000E+02   0.566061E+04   0.195864E+03
   0.647000E+02   0.566123E+04   0.196344E+03
   0.648000E+02   0.566186E+04   0.196825E+03
   0.649000E+02   0.566249E+04   0.197305E+03
   0.650000E+02   0.566311E+04   0.197784E+03
   0.651000E+02   0.566374E+04   0.198263E+03
   0.652000E+02   0.566436E+04   0.198742E+03
   0.653000E+02   0.566498E+04   0.199220E+03
   0.654000E+02   0.566559E+04   0.199697E+03
   0.655000E+02   0.566621E+04   0.200174E+03
   0.656000E+02   0.566683E+04   0.200651E+03
   0.657000E+02   0.566744E+04   0.201127E+03
   0.658000E+02   0.566805E+04   0.201603E+03
   0.659000E+02   0.566867E+04   0.202078E+03
   0.660000E+02   0.566928E+04   0.202552E+03
   0.661000E+02   0.566988E+04   0.203026E+03
   0.662000E+02   0.567049E+04   0.203500E+03
   0.663000E+02   0.567110E+04   0.203973E+03
   0.664000E+02   0.567170E+04   0.204446E+03
   0.665000E+02   0.567230E+04   0.204918E+03
   0.666000E+02   0.567290E+04   0.205389E+03
   0.667000E+02   0.567350E+04   0.205861E+03
   0.668000E+02   0.567410E+04   0.206331E+03
   0.669000E+02   0.567470E+04   0.206801E+03
   0.670000E+02   0.567530E+04   0.207271E+03
   0.671000E+02   0.567589E+04   0.207740E+03
   0.672000E+02   0.567648E+04   0.208209E+03
   0.673000E+02   0.567708E+04   0.208677E+03
   0.674000E+02   0.567767E+04   0.209144E+03
   0.675000E+02   0.567825E+04   0.209611E+03
   0.676000E+02   0.567884E+04   0.210078E+03
   0.677000E+02   0.567943E+04   0.210544E+03
   0.678000E+02   0.568001E+04   0.211009E+03
   0.679000E+02   0.568060E+04   0.211474E+03
   0.680000E+02   0.568118E+04   0.211939E+03
   0.681000E+02   0.568176E+04   0.212403E+03
   0.682000E+02   0.568234E+04   0.212866E+03
   0.683000E+02   0.568292E+04   0.213329E+03
   0.684000E+02   0.568350E+04   0.213791E+03
   0.685000E+02   0.568407E+04   0.214253E+03
   0.686000E+02   0.568465E+04   0.214715E+03
   0.687000E+02   0.568522E+04   0.215175E+03
   0.688000E+02   0.568579E+04   0.215636E+03
   0.689000E+02   0.568636E+04   0.216096E+03
   0.690000E+02   0.568693E+04   0.216555E+03
   0.691000E+02   0.568750E+04   0.217013E+03
   0.692000E+02   0.568806E+04   0.217472E+03
   0.693000E+02   0.568863E+04   0.217929E+03
   0.694000E+02   0.568919E+04   0.218386E+03
   0.695000E+02   0.568976E+04   0.218843E+03
   0.696000E+02   0.569032E+04   0.219299E+03
   0.697000E+02   0.569088E+04   0.219755E+03
   0.698000E+02   0.569144E+04   0.220210E+03
   0.699000E+02   0.569200E+04   0.220664E+03
   0.700000E+02   0.569255E+04   0.221118E+03
   0.701000E+02   0.569311E+04   0.221571E+03
   0.702000E+02   0.569366E+04   0.222024E+03
   0.703000E+02   0.569421E+04   0.222476E+03
   0.704000E+02   0.569477E+04   0.222928E+03
   0.705000E+02   0.569532E+04   0.223379E+03
   0.706000E+02   0.569587E+04   0.223830E+03
   0.707000E+02   0.569641E+04   0.224280E+03
   0.708000E+02   0.569696E+04   0.224730E+03
   0.709000E+02   0.569751E+04   0.225179E+03
   0.710000E+02   0.569805E+04   0.225627E+03
   0.711000E+02   0.569859E+04   0.226075E+03
   0.712000E+02   0.569914E+04   0.226523E+03
   0.713000E+02   0.569968E+04   0.226970E+03
   0.714000E+02   0.570022E+04   0.227416E+03
   0.715000E+02   0.570075E+04   0.227862E+03
   0.716000E+02   0.570129E+04   0.228307E+03
   0.717000E+02   0.570183E+04   0.228752E+03
   0.718000E+02   0.570236E+04   0.229196E+03
   0.719000E+02   0.570290E+04   0.229639E+03
   0.720000E+02   0.570343E+04   0.230082E+03
   0.721000E+02   0.570396E+04   0.230525E+03
   0.722000E+02   0.570449E+04   0.230967E+03
   0.723000E+02   0.570502E+04   0.231408E+03
   0.724000E+02   0.570555E+04   0.231849E+03
   0.725000E+02   0.570607E+04   0.232289E+03
   0.726000E+02   0.570660E+04   0.232729E+03
   0.727000E+02   0.570712E+04   0.233168E+03
   0.728000E+02   0.570765E+04   0.233607E+03
   0.729000E+02   0.570817E+04   0.234045E+03
   0.730000E+02   0.570869E+04   0.234482E+03
   0.731000E+02   0.570921E+04   0.234919E+03
   0.732000E+02   0.570973E+04   0.235356E+03
   0.733000E+02   0.571025E+04   0.235791E+03
   0.734000E+02   0.571076E+04   0.236227E+03
   0.735000E+02   0.571128E+04   0.236661E+03
   0.736000E+02   0.571179E+04   0.237096E+03
   0.737000E+02   0.571231E+04   0.237529E+03
   0.738000E+02   0.571282E+04   0.237962E+03
   0.739000E+02   0.571333E+04   0.238395E+03
   0.740000E+02   0.571384E+04   0.238827E+03
   0.741000E+02   0.571435E+04   0.239258E+03
   0.742000E+02   0.571485E+04   0.239689E+03
   0.743000E+02   0.571536E+04   0.240119E+03
   0.744000E+02   0.571587E+04   0.240549E+03
   0.745000E+02   0.571637E+04   0.240978E+03
   0.746000E+02   0.571687E+04   0.241406E+03
   0.747000E+02   0.571738E+04   0.241834E+03
   0.748000E+02   0.571788E+04   0.242262E+03
   0.749000E+02   0.571838E+04   0.242689E+03
   0.750000E+02   0.571888E+04   0.243115E+03
   0.751000E+02   0.571938E+04   0.243541E+03
   0.752000E+02   0.571987E+04   0.243966E+03
   0.753000E+02   0.572037E+04   0.244390E+03
   0.754000E+02   0.572086E+04   0.244814E+03
   0.755000E+02   0.572136E+04   0.245238E+03
   0.756000E+02   0.572185E+04   0.245661E+03
   0.757000E+02   0.572234E+04   0.246083E+03
   0.758000E+02   0.572283E+04   0.246505E+03
   0.759000E+02   0.572332E+04   0.246926E+03
   0.760000E+02   0.572381E+04   0.247347E+03
   0.761000E+02   0.572430E+04   0.247767E+03
   0.762000E+02   0.572478E+04   0.248187E+03
   0.763000E+02   0.572527E+04   0.248605E+03
   0.764000E+02   0.572575E+04   0.249024E+03
   0.765000E+02   0.572624E+04   0.249442E+03
   0.766000E+02   0.572672E+04   0.249859E+03
   0.767000E+02   0.572720E+04   0.250276E+03
   0.768000E+02   0.572768E+04   0.250692E+03
   0.769000E+02   0.572816E+04   0.251107E+03
   0.770000E+02   0.572864E+04   0.251522E+03
   0.771000E+02   0.572912E+04   0.251937E+03
   0.772000E+02   0.572959E+04   0.252351E+03
   0.773000E+02   0.573007E+04   0.252764E+03
   0.774000E+02   0.573054E+04   0.253177E+03
   0.775000E+02   0.573102E+04   0.253589E+03
   0.776000E+02   0.573149E+04   0.254000E+03
   0.777000E+02   0.573196E+04   0.254412E+03
   0.778000E+02   0.573243E+04   0.254822E+03
   0.779000E+02   0.573290E+04   0.255232E+03
   0.780000E+02   0.573337E+04   0.255641E+03
   0.781000E+02   0.573384E+04   0.256050E+03
   0.782000E+02   0.573430E+04   0.256458E+03
   0.783000E+02   0.573477E+04   0.256866E+03
   0.784000E+02   0.573523E+04   0.257273E+03
   0.785000E+02   0.573570E+04   0.257679E+03
   0.786000E+02   0.573616E+04   0.258085E+03
   0.787000E+02   0.573662E+04   0.258491E+03
   0.788000E+02   0.573708E+04   0.258895E+03
   0.789000E+02   0.573754E+04   0.259300E+03
   0.790000E+02   0.573800E+04   0.259703E+03
   0.791000E+02   0.573846E+04   0.260106E+03
   0.792000E+02   0.573892E+04   0.260509E+03
   0.793000E+02   0.573937E+04   0.260911E+03
   0.794000E+02   0.573983E+04   0.261312E+03
   0.795000E+02   0.574028E+04   0.261713E+03
   0.796000E+02   0.574073E+04   0.262113E+03
   0.797000E+02   0.574119E+04   0.262513E+03
   0.798000E+02   0.574164E+04   0.262912E+03
   0.799000E+02   0.574209E+04   0.263311E+03
   0.800000E+02   0.574254E+04   0.263709E+03
   0.801000E+02   0.574299E+04   0.264106E+03
   0.802000E+02   0.574343E+04   0.264503E+03
   0.803000E+02   0.574388E+04   0.264899E+03
   0.804000E+02   0.574433E+04   0.265295E+03
   0.805000E+02   0.574477E+04   0.265690E+03
   0.806000E+02   0.574522E+04   0.266085E+03
   0.807000E+02   0.574566E+04   0.266479E+03
   0.808000E+02   0.574610E+04   0.266872E+03
   0.809000E+02   0.574654E+04   0.267265E+03
   0.810000E+02   0.574698E+04   0.267657E+03
   0.811000E+02   0.574742E+04   0.268049E+03
   0.812000E+02   0.574786E+04   0.268440E+03
   0.813000E+02   0.574830E+04   0.268831E+03
   0.814000E+02   0.574874E+04   0.269221E+03
   0.815000E+02   0.574917E+04   0.269611E+03
   0.816000E+02   0.574961E+04   0.270000E+03
   0.817000E+02   0.575004E+04   0.270388E+03
   0.818000E+02   0.575047E+04   0.270776E+03
   0.819000E+02   0.575091E+04   0.271163E+03
   0.820000E+02   0.575134E+04   0.271550E+03
   0.821000E+02   0.575177E+04   0.271936E+03
   0.822000E+02   0.575220E+04   0.272321E+03
   0.823000E+02   0.575263E+04   0.272706E+03
   0.824000E+02   0.575306E+04   0.273091E+03
   0.825000E+02   0.575348E+04   0.273475E+03
   0.826000E+02   0.575391E+04   0.273858E+03
   0.827000E+02   0.575434E+04   0.274241E+03
   0.828000E+02   0.575476E+04   0.274623E+03
   0.829000E+02   0.575518E+04   0.275004E+03
   0.830000E+02   0.575561E+04   0.275386E+03
   0.831000E+02   0.575603E+04   0.275766E+03
   0.832000E+02   0.575645E+04   0.276146E+03
   0.833000E+02   0.575687E+04   0.276525E+03
   0.834000E+02   0.575729E+04   0.276904E+03
   0.835000E+02   0.575771E+04   0.277282E+03
   0.836000E+02   0.575813E+04   0.277660E+03
   0.837000E+02   0.575854E+04   0.278037E+03
   0.838000E+02   0.575896E+04   0.278414E+03
   0.839000E+02   0.575938E+04   0.278790E+03
   0.840000E+02   0.575979E+04   0.279165E+03
   0.841000E+02   0.576020E+04   0.279540E+03
   0.842000E+02   0.576062E+04   0.279915E+03
   0.843000E+02   0.576103E+04   0.280288E+03
   0.844000E+02   0.576144E+04   0.280662E+03
   0.845000E+02   0.576185E+04   0.281034E+03
   0.846000E+02   0.576226E+04   0.281406E+03
   0.847000E+02   0.576267E+04   0.281778E+03
   0.848000E+02   0.576308E+04   0.282149E+03
   0.849000E+02   0.576349E+04   0.282519E+03
   0.850000E+02   0.576389E+04   0.282889E+03
   0.851000E+02   0.576430E+04   0.283259E+03
   0.852000E+02   0.576470E+04   0.283627E+03
   0.853000E+02   0.576511E+04   0.283996E+03
   0.854000E+02   0.576551E+04   0.284363E+03
   0.855000E+02   0.576591E+04   0.284730E+03
   0.856000E+02   0.576631E+04   0.285097E+03
   0.857000E+02   0.576671E+04   0.285463E+03
   0.858000E+02   0.576711E+04   0.285828E+03
   0.859000E+02   0.576751E+04   0.286193E+03
   0.860000E+02   0.576791E+04   0.286558E+03
   0.861000E+02   0.576831E+04   0.286921E+03
   0.862000E+02   0.576871E+04   0.287285E+03
   0.863000E+02   0.576910E+04   0.287647E+03
   0.864000E+02   0.576950E+04   0.288010E+03
   0.865000E+02   0.576989E+04   0.288371E+03
   0.866000E+02   0.577029E+04   0.288732E+03
   0.867000E+02   0.577068E+04   0.289093E+03
   0.868000E+02   0.577107E+04   0.289453E+03
   0.869000E+02   0.577146E+04   0.289812E+03
   0.870000E+02   0.577185E+04   0.290171E+03
   0.871000E+02   0.577224E+04   0.290529E+03
   0.872000E+02   0.577263E+04   0.290887E+03
   0.873000E+02   0.577302E+04   0.291244E+03
   0.874000E+02   0.577341E+04   0.291601E+03
   0.875000E+02   0.577380E+04   0.291957E+03
   0.876000E+02   0.577418E+04   0.292313E+03
   0.877000E+02   0.577457E+04   0.292668E+03
   0.878000E+02   0.577495E+04   0.293022E+03
   0.879000E+02   0.577534E+04   0.293376E+03
   0.880000E+02   0.577572E+04   0.293729E+03
   0.881000E+02   0.577610E+04   0.294082E+03
   0.882000E+02   0.577648E+04   0.294435E+03
   0.883000E+02   0.577686E+04   0.294786E+03
   0.884000E+02   0.577724E+04   0.295138E+03
   0.885000E+02   0.577762E+04   0.295488E+03
   0.886000E+02   0.577800E+04   0.295838E+03
   0.887000E+02   0.577838E+04   0.296188E+03
   0.888000E+02   0.577876E+04   0.296537E+03
   0.889000E+02   0.577913E+04   0.296886E+03
   0.890000E+02   0.577951E+04   0.297234E+03
   0.891000E+02   0.577988E+04   0.297581E+03
   0.892000E+02   0.578026E+04   0.297928E+03
   0.893000E+02   0.578063E+04   0.298274E+03
   0.894000E+02   0.578101E+04   0.298620E+03
   0.895000E+02   0.578138E+04   0.298965E+03
   0.896000E+02   0.578175E+04   0.299310E+03
   0.897000E+02   0.578212E+04   0.299654E+03
   0.898000E+02   0.578249E+04   0.299998E+03
   0.899000E+02   0.578286E+04   0.300341E+03
   0.900000E+02   0.578323E+04   0.300684E+03
   0.901000E+02   0.578359E+04   0.301026E+03
   0.902000E+02   0.578396E+04   0.301367E+03
   0.903000E+02   0.578433E+04   0.301709E+03
   0.904000E+02   0.578469E+04   0.302049E+03
   0.905000E+02   0.578506E+04   0.302389E+03
   0.906000E+02   0.578542E+04   0.302728E+03
   0.907000E+02   0.578579E+04   0.303067E+03
   0.908000E+02   0.578615E+04   0.303406E+03
   0.909000E+02   0.578651E+04   0.303743E+03
   0.910000E+02   0.578687E+04   0.304081E+03
   0.911000E+02   0.578723E+04   0.304417E+03
   0.912000E+02   0.578759E+04   0.304754E+03
   0.913000E+02   0.578795E+04   0.305089E+03
   0.914000E+02   0.578831E+04   0.305425E+03
   0.915000E+02   0.578867E+04   0.305759E+03
   0.916000E+02   0.578903E+04   0.306093E+03
   0.917000E+02   0.578938E+04   0.306427E+03
   0.918000E+02   0.578974E+04   0.306760E+03
   0.919000E+02   0.579010E+04   0.307093E+03
   0.920000E+02   0.579045E+04   0.307425E+03
   0.921000E+02   0.579080E+04   0.307756E+03
   0.922000E+02   0.579116E+04   0.308087E+03
   0.923000E+02   0.579151E+04   0.308417E+03
   0.924000E+02   0.579186E+04   0.308747E+03
   0.925000E+02   0.579221E+04   0.309077E+03
   0.926000E+02   0.579256E+04   0.309406E+03
   0.927000E+02   0.579291E+04   0.309734E+03
   0.928000E+02   0.579326E+04   0.310062E+03
   0.929000E+02   0.579361E+04   0.310389E+03
   0.930000E+02   0.579396E+04   0.310716E+03
   0.931000E+02   0.579431E+04   0.311042E+03
   0.932000E+02   0.579465E+04   0.311368E+03
   0.933000E+02   0.579500E+04   0.311693E+03
   0.934000E+02   0.579534E+04   0.312018E+03
   0.935000E+02   0.579569E+04   0.312342E+03
   0.936000E+02   0.579603E+04   0.312666E+03
   0.937000E+02   0.579638E+04   0.312989E+03
   0.938000E+02   0.579672E+04   0.313312E+03
   0.939000E+02   0.579706E+04   0.313634E+03
   0.940000E+02   0.579740E+04   0.313956E+03
   0.941000E+02   0.579774E+04   0.314277E+03
   0.942000E+02   0.579808E+04   0.314597E+03
   0.943000E+02   0.579842E+04   0.314917E+03
   0.944000E+02   0.579876E+04   0.315237E+03
   0.945000E+02   0.579910E+04   0.315556E+03
   0.946000E+02   0.579944E+04   0.315875E+03
   0.947000E+02   0.579977E+04   0.316193E+03
   0.948000E+02   0.580011E+04   0.316510E+03
   0.949000E+02   0.580044E+04   0.316827E+03
   0.950000E+02   0.580078E+04   0.317144E+03
   0.951000E+02   0.580111E+04   0.317460E+03
   0.952000E+02   0.580145E+04   0.317775E+03
   0.953000E+02   0.580178E+04   0.318090E+03
   0.954000E+02   0.580211E+04   0.318405E+03
   0.955000E+02   0.580244E+04   0.318719E+03
   0.956000E+02   0.580277E+04   0.319032E+03
   0.957000E+02   0.580311E+04   0.319345E+03
   0.958000E+02   0.580343E+04   0.319658E+03
   0.959000E+02   0.580376E+04   0.319970E+03
   0.960000E+02   0.580409E+04   0.320281E+03
   0.961000E+02   0.580442E+04   0.320592E+03
   0.962000E+02   0.580475E+04   0.320903E+03
   0.963000E+02   0.580507E+04   0.321213E+03
   0.964000E+02   0.580540E+04   0.321522E+03
   0.965000E+02   0.580573E+04   0.321831E+03
   0.966000E+02   0.580605E+04   0.322140E+03
   0.967000E+02   0.580638E+04   0.322448E+03
   0.968000E+02   0.580670E+04   0.322755E+03
   0.969000E+02   0.580702E+04   0.323062E+03
   0.970000E+02   0.580735E+04   0.323369E+03
   0.971000E+02   0.580767E+04   0.323675E+03
   0.972000E+02   0.580799E+04   0.323980E+03
   0.973000E+02   0.580831E+04   0.324285E+03
   0.974000E+02   0.580863E+04   0.324590E+03
   0.975000E+02   0.580895E+04   0.324894E+03
   0.976000E+02   0.580927E+04   0.325197E+03
   0.977000E+02   0.580959E+04   0.325500E+03
   0.978000E+02   0.580990E+04   0.325803E+03
   0.979000E+02   0.581022E+04   0.326105E+03
   0.980000E+02   0.581054E+04   0.326406E+03
   0.981000E+02   0.581085E+04   0.326707E+03
   0.982000E+02   0.581117E+04   0.327008E+03
   0.983000E+02   0.581148E+04   0.327308E+03
   0.984000E+02   0.581180E+04   0.327608E+03
   0.985000E+02   0.581211E+04   0.327907E+03
   0.986000E+02   0.581242E+04   0.328205E+03
   0.987000E+02   0.581274E+04   0.328503E+03
   0.988000E+02   0.581305E+04   0.328801E+03
   0.989000E+02   0.581336E+04   0.329098E+03
   0.990000E+02   0.581367E+04   0.329395E+03
   0.991000E+02   0.581398E+04   0.329691E+03
   0.992000E+02   0.581429E+04   0.329987E+03
   0.993000E+02   0.581460E+04   0.330282E+03
   0.994000E+02   0.581491E+04   0.330577E+03
   0.995000E+02   0.581521E+04   0.330871E+03
   0.996000E+02   0.581552E+04   0.331165E+03
   0.997000E+02   0.581583E+04   0.331458E+03
   0.998000E+02   0.581613E+04   0.331751E+03
   0.999000E+02   0.581644E+04   0.332043E+03
   0.100000E+03   0.581674E+04   0.332335E+03
   0.100100E+03   0.581705E+04   0.332626E+03
   0.100200E+03   0.581735E+04   0.332917E+03
   0.100300E+03   0.581765E+04   0.333208E+03
   0.100400E+03   0.581796E+04   0.333498E+03
   0.100500E+03   0.581826E+04   0.333787E+03
   0.100600E+03   0.581856E+04   0.334076E+03
   0.100700E+03   0.581886E+04   0.334365E+03
   0.100800E+03   0.581916E+04   0.334653E+03
   0.100900E+03   0.581946E+04   0.334940E+03
   0.101000E+03   0.581976E+04   0.335227E+03
   0.101100E+03   0.582006E+04   0.335514E+03
   0.101200E+03   0.582036E+04   0.335800E+03
   0.101300E+03   0.582066E+04   0.336086E+03
   0.101400E+03   0.582095E+04   0.336371E+03
   0.101500E+03   0.582125E+04   0.336656E+03
   0.101600E+03   0.582154E+04   0.336940E+03
   0.101700E+03   0.582184E+04   0.337224E+03
   0.101800E+03   0.582214E+04   0.337507E+03
   0.101900E+03   0.582243E+04   0.337790E+03
   0.102000E+03   0.582272E+04   0.338073E+03
   0.102100E+03   0.582302E+04   0.338355E+03
   0.102200E+03   0.582331E+04   0.338636E+03
   0.102300E+03   0.582360E+04   0.338917E+03
   0.102400E+03   0.582389E+04   0.339198E+03
   0.102500E+03   0.582418E+04   0.339478E+03
   0.102600E+03   0.582447E+04   0.339757E+03
   0.102700E+03   0.582476E+04   0.340036E+03
   0.102800E+03   0.582505E+04   0.340315E+03
   0.102900E+03   0.582534E+04   0.340593E+03
   0.103000E+03   0.582563E+04   0.340871E+03
   0.103100E+03   0.582592E+04   0.341148E+03
   0.103200E+03   0.582621E+04   0.341425E+03
   0.103300E+03   0.582649E+04   0.341702E+03
   0.103400E+03   0.582678E+04   0.341978E+03
   0.103500E+03   0.582706E+04   0.342253E+03
   0.103600E+03   0.582735E+04   0.342528E+03
   0.103700E+03   0.582763E+04   0.342803E+03
   0.103800E+03   0.582792E+04   0.343077E+03
   0.103900E+03   0.582820E+04   0.343351E+03
   0.104000E+03   0.582849E+04   0.343624E+03
   0.104100E+03   0.582877E+04   0.343897E+03
   0.104200E+03   0.582905E+04   0.344169E+03
   0.104300E+03   0.582933E+04   0.344441E+03
   0.104400E+03   0.582961E+04   0.344712E+03
   0.104500E+03   0.582989E+04   0.344983E+03
   0.104600E+03   0.583017E+04   0.345254E+03
   0.104700E+03   0.583045E+04   0.345524E+03
   0.104800E+03   0.583073E+04   0.345793E+03
   0.104900E+03   0.583101E+04   0.346062E+03
   0.105000E+03   0.583129E+04   0.346331E+03
   0.105100E+03   0.583157E+04   0.346599E+03
   0.105200E+03   0.583184E+04   0.346867E+03
   0.105300E+03   0.583212E+04   0.347134E+03
   0.105400E+03   0.583239E+04   0.347401E+03
   0.105500E+03   0.583267E+04   0.347668E+03
   0.105600E+03   0.583294E+04   0.347934E+03
   0.105700E+03   0.583322E+04   0.348199E+03
   0.105800E+03   0.583349E+04   0.348465E+03
   0.105900E+03   0.583377E+04   0.348729E+03
   0.106000E+03   0.583404E+04   0.348994E+03
   0.106100E+03   0.583431E+04   0.349257E+03
   0.106200E+03   0.583458E+04   0.349521E+03
   0.106300E+03   0.583485E+04   0.349784E+03
   0.106400E+03   0.583513E+04   0.350046E+03
   0.106500E+03   0.583540E+04   0.350308E+03
   0.106600E+03   0.583567E+04   0.350570E+03
   0.106700E+03   0.583594E+04   0.350831E+03
   0.106800E+03   0.583620E+04   0.351092E+03
   0.106900E+03   0.583647E+04   0.351352E+03
   0.107000E+03   0.583674E+04   0.351612E+03
   0.107100E+03   0.583701E+04   0.351871E+03
   0.107200E+03   0.583727E+04   0.352130E+03
   0.107300E+03   0.583754E+04   0.352389E+03
   0.107400E+03   0.583781E+04   0.352647E+03
   0.107500E+03   0.583807E+04   0.352905E+03
   0.107600E+03   0.583834E+04   0.353162E+03
   0.107700E+03   0.583860E+04   0.353419E+03
   0.107800E+03   0.583887E+04   0.353675E+03
   0.107900E+03   0.583913E+04   0.353931E+03
   0.108000E+03   0.583939E+04   0.354187E+03
   0.108100E+03   0.583966E+04   0.354442E+03
   0.108200E+03   0.583992E+04   0.354697E+03
   0.108300E+03   0.584018E+04   0.354951E+03
   0.108400E+03   0.584044E+04   0.355205E+03
   0.108500E+03   0.584070E+04   0.355458E+03
   0.108600E+03   0.584096E+04   0.355711E+03
   0.108700E+03   0.584122E+04   0.355964E+03
   0.108800E+03   0.584148E+04   0.356216E+03
   0.108900E+03   0.584174E+04   0.356468E+03
   0.109000E+03   0.584200E+04   0.356719E+03
   0.109100E+03   0.584225E+04   0.356970E+03
   0.109200E+03   0.584251E+04   0.357220E+03
   0.109300E+03   0.584277E+04   0.357470E+03
   0.109400E+03   0.584303E+04   0.357720E+03
   0.109500E+03   0.584328E+04   0.357969E+03
   0.109600E+03   0.584354E+04   0.358218E+03
   0.109700E+03   0.584379E+04   0.358466E+03
   0.109800E+03   0.584405E+04   0.358714E+03
   0.109900E+03   0.584430E+04   0.358962E+03
   0.110000E+03   0.584455E+04   0.359209E+03
   0.110100E+03   0.584481E+04   0.359456E+03
   0.110200E+03   0.584506E+04   0.359702E+03
   0.110300E+03   0.584531E+04   0.359948E+03
   0.110400E+03   0.584556E+04   0.360193E+03
   0.110500E+03   0.584582E+04   0.360438E+03
   0.110600E+03   0.584607E+04   0.360683E+03
   0.110700E+03   0.584632E+04   0.360927E+03
   0.110800E+03   0.584657E+04   0.361171E+03
   0.110900E+03   0.584682E+04   0.361414E+03
   0.111000E+03   0.584707E+04   0.361657E+03
   0.111100E+03   0.584731E+04   0.361900E+03
   0.111200E+03   0.584756E+04   0.362142E+03
   0.111300E+03   0.584781E+04   0.362384E+03
   0.111400E+03   0.584806E+04   0.362625E+03
   0.111500E+03   0.584830E+04   0.362866E+03
   0.111600E+03   0.584855E+04   0.363106E+03
   0.111700E+03   0.584880E+04   0.363347E+03
   0.111800E+03   0.584904E+04   0.363586E+03
   0.111900E+03   0.584929E+04   0.363826E+03
   0.112000E+03   0.584953E+04   0.364064E+03
   0.112100E+03   0.584978E+04   0.364303E+03
   0.112200E+03   0.585002E+04   0.364541E+03
   0.112300E+03   0.585026E+04   0.364779E+03
   0.112400E+03   0.585051E+04   0.365016E+03
   0.112500E+03   0.585075E+04   0.365253E+03
   0.112600E+03   0.585099E+04   0.365489E+03
   0.112700E+03   0.585123E+04   0.365725E+03
   0.112800E+03   0.585147E+04   0.365961E+03
   0.112900E+03   0.585171E+04   0.366196E+03
   0.113000E+03   0.585195E+04   0.366431E+03
   0.113100E+03   0.585219E+04   0.366666E+03
   0.113200E+03   0.585243E+04   0.366900E+03
   0.113300E+03   0.585267E+04   0.367133E+03
   0.113400E+03   0.585291E+04   0.367367E+03
   0.113500E+03   0.585315E+04   0.367600E+03
   0.113600E+03   0.585338E+04   0.367832E+03
   0.113700E+03   0.585362E+04   0.368064E+03
   0.113800E+03   0.585386E+04   0.368296E+03
   0.113900E+03   0.585410E+04   0.368527E+03
   0.114000E+03   0.585433E+04   0.368758E+03
   0.114100E+03   0.585457E+04   0.368989E+03
   0.114200E+03   0.585480E+04   0.369219E+03
   0.114300E+03   0.585504E+04   0.369449E+03
   0.114400E+03   0.585527E+04   0.369678E+03
   0.114500E+03   0.585550E+04   0.369907E+03
   0.114600E+03   0.585574E+04   0.370136E+03
   0.114700E+03   0.585597E+04   0.370364E+03
   0.114800E+03   0.585620E+04   0.370592E+03
   0.114900E+03   0.585644E+04   0.370819E+03
   0.115000E+03   0.585667E+04   0.371046E+03
   0.115100E+03   0.585690E+04   0.371273E+03
   0.115200E+03   0.585713E+04   0.371499E+03
   0.115300E+03   0.585736E+04   0.371725E+03
   0.115400E+03   0.585759E+04   0.371950E+03
   0.115500E+03   0.585782E+04   0.372175E+03
   0.115600E+03   0.585805E+04   0.372400E+03
   0.115700E+03   0.585828E+04   0.372625E+03
   0.115800E+03   0.585851E+04   0.372849E+03
   0.115900E+03   0.585873E+04   0.373072E+03
   0.116000E+03   0.585896E+04   0.373295E+03
   0.116100E+03   0.585919E+04   0.373518E+03
   0.116200E+03   0.585941E+04   0.373741E+03
   0.116300E+03   0.585964E+04   0.373963E+03
   0.116400E+03   0.585987E+04   0.374184E+03
   0.116500E+03   0.586009E+04   0.374406E+03
   0.116600E+03   0.586032E+04   0.374627E+03
   0.116700E+03   0.586054E+04   0.374847E+03
   0.116800E+03   0.586077E+04   0.375067E+03
   0.116900E+03   0.586099E+04   0.375287E+03
   0.117000E+03   0.586121E+04   0.375507E+03
   0.117100E+03   0.586144E+04   0.375726E+03
   0.117200E+03   0.586166E+04   0.375944E+03
   0.117300E+03   0.586188E+04   0.376163E+03
   0.117400E+03   0.586210E+04   0.376381E+03
   0.117500E+03   0.586232E+04   0.376598E+03
   0.117600E+03   0.586255E+04   0.376815E+03
   0.117700E+03   0.586277E+04   0.377032E+03
   0.117800E+03   0.586299E+04   0.377249E+03
   0.117900E+03   0.586321E+04   0.377465E+03
   0.118000E+03   0.586343E+04   0.377680E+03
   0.118100E+03   0.586365E+04   0.377896E+03
   0.118200E+03   0.586386E+04   0.378111E+03
   0.118300E+03   0.586408E+04   0.378325E+03
   0.118400E+03   0.586430E+04   0.378540E+03
   0.118500E+03   0.586452E+04   0.378753E+03
   0.118600E+03   0.586473E+04   0.378967E+03
   0.118700E+03   0.586495E+04   0.379180E+03
   0.118800E+03   0.586517E+04   0.379393E+03
   0.118900E+03   0.586538E+04   0.379605E+03
   0.119000E+03   0.586560E+04   0.379817E+03
   0.119100E+03   0.586581E+04   0.380029E+03
   0.119200E+03   0.586603E+04   0.380240E+03
   0.119300E+03   0.586624E+04   0.380451E+03
   0.119400E+03   0.586646E+04   0.380662E+03
   0.119500E+03   0.586667E+04   0.380872E+03
   0.119600E+03   0.586688E+04   0.381082E+03
   0.119700E+03   0.586710E+04   0.381292E+03
   0.119800E+03   0.586731E+04   0.381501E+03
   0.119900E+03   0.586752E+04   0.381710E+03
   0.120000E+03   0.586773E+04   0.381918E+03
   0.120100E+03   0.586795E+04   0.382126E+03
   0.120200E+03   0.586816E+04   0.382334E+03
   0.120300E+03   0.586837E+04   0.382541E+03
   0.120400E+03   0.586858E+04   0.382748E+03
   0.120500E+03   0.586879E+04   0.382955E+03
   0.120600E+03   0.586900E+04   0.383161E+03
   0.120700E+03   0.586921E+04   0.383367E+03
   0.120800E+03   0.586941E+04   0.383573E+03
   0.120900E+03   0.586962E+04   0.383778E+03
   0.121000E+03   0.586983E+04   0.383983E+03
   0.121100E+03   0.587004E+04   0.384188E+03
   0.121200E+03   0.587025E+04   0.384392E+03
   0.121300E+03   0.587045E+04   0.384596E+03
   0.121400E+03   0.587066E+04   0.384799E+03
   0.121500E+03   0.587086E+04   0.385002E+03
   0.121600E+03   0.587107E+04   0.385205E+03
   0.121700E+03   0.587128E+04   0.385408E+03
   0.121800E+03   0.587148E+04   0.385610E+03
   0.121900E+03   0.587169E+04   0.385812E+03
   0.122000E+03   0.587189E+04   0.386013E+03
   0.122100E+03   0.587209E+04   0.386214E+03
   0.122200E+03   0.587230E+04   0.386415E+03
   0.122300E+03   0.587250E+04   0.386615E+03
   0.122400E+03   0.587270E+04   0.386815E+03
   0.122500E+03   0.587291E+04   0.387015E+03
   0.122600E+03   0.587311E+04   0.387214E+03
   0.122700E+03   0.587331E+04   0.387413E+03
   0.122800E+03   0.587351E+04   0.387612E+03
   0.122900E+03   0.587371E+04   0.387810E+03
   0.123000E+03   0.587391E+04   0.388008E+03
   0.123100E+03   0.587411E+04   0.388206E+03
   0.123200E+03   0.587431E+04   0.388403E+03
   0.123300E+03   0.587451E+04   0.388600E+03
   0.123400E+03   0.587471E+04   0.388797E+03
   0.123500E+03   0.587491E+04   0.388993E+03
   0.123600E+03   0.587511E+04   0.389189E+03
   0.123700E+03   0.587531E+04   0.389385E+03
   0.123800E+03   0.587551E+04   0.389580E+03
   0.123900E+03   0.587570E+04   0.389775E+03
   0.124000E+03   0.587590E+04   0.389970E+03
   0.124100E+03   0.587610E+04   0.390164E+03
   0.124200E+03   0.587629E+04   0.390358E+03
   0.124300E+03   0.587649E+04   0.390552E+03
   0.124400E+03   0.587668E+04   0.390745E+03
   0.124500E+03   0.587688E+04   0.390938E+03
   0.124600E+03   0.587708E+04   0.391130E+03
   0.124700E+03   0.587727E+04   0.391323E+03
   0.124800E+03   0.587746E+04   0.391515E+03
   0.124900E+03   0.587766E+04   0.391706E+03
   0.125000E+03   0.587785E+04   0.391898E+03
   0.125100E+03   0.587804E+04   0.392089E+03
   0.125200E+03   0.587824E+04   0.392279E+03
   0.125300E+03   0.587843E+04   0.392470E+03
   0.125400E+03   0.587862E+04   0.392660E+03
   0.125500E+03   0.587881E+04   0.392849E+03
   0.125600E+03   0.587901E+04   0.393039E+03
   0.125700E+03   0.587920E+04   0.393228E+03
   0.125800E+03   0.587939E+04   0.393416E+03
   0.125900E+03   0.587958E+04   0.393605E+03
   0.126000E+03   0.587977E+04   0.393793E+03
   0.126100E+03   0.587996E+04   0.393980E+03
   0.126200E+03   0.588015E+04   0.394168E+03
   0.126300E+03   0.588034E+04   0.394355E+03
   0.126400E+03   0.588053E+04   0.394541E+03
   0.126500E+03   0.588071E+04   0.394728E+03
   0.126600E+03   0.588090E+04   0.394914E+03
   0.126700E+03   0.588109E+04   0.395100E+03
   0.126800E+03   0.588128E+04   0.395285E+03
   0.126900E+03   0.588147E+04   0.395470E+03
   0.127000E+03   0.588165E+04   0.395655E+03
   0.127100E+03   0.588184E+04   0.395840E+03
   0.127200E+03   0.588203E+04   0.396024E+03
   0.127300E+03   0.588221E+04   0.396208E+03
   0.127400E+03   0.588240E+04   0.396391E+03
   0.127500E+03   0.588258E+04   0.396574E+03
   0.127600E+03   0.588277E+04   0.396757E+03
   0.127700E+03   0.588295E+04   0.396940E+03
   0.127800E+03   0.588314E+04   0.397122E+03
   0.127900E+03   0.588332E+04   0.397304E+03
   0.128000E+03   0.588350E+04   0.397486E+03
   0.128100E+03   0.588369E+04   0.397667E+03
   0.128200E+03   0.588387E+04   0.397848E+03
   0.128300E+03   0.588405E+04   0.398029E+03
   0.128400E+03   0.588423E+04   0.398209E+03
   0.128500E+03   0.588442E+04   0.398389E+03
   0.128600E+03   0.588460E+04   0.398569E+03
   0.128700E+03   0.588478E+04   0.398749E+03
   0.128800E+03   0.588496E+04   0.398928E+03
   0.128900E+03   0.588514E+04   0.399107E+03
   0.129000E+03   0.588532E+04   0.399285E+03
   0.129100E+03   0.588550E+04   0.399463E+03
   0.129200E+03   0.588568E+04   0.399641E+03
   0.129300E+03   0.588586E+04   0.399819E+03
   0.129400E+03   0.588604E+04   0.399996E+03
   0.129500E+03   0.588622E+04   0.400173E+03
   0.129600E+03   0.588640E+04   0.400350E+03
   0.129700E+03   0.588657E+04   0.400526E+03
   0.129800E+03   0.588675E+04   0.400703E+03
   0.129900E+03   0.588693E+04   0.400878E+03
   0.130000E+03   0.588711E+04   0.401054E+03
   0.130100E+03   0.588728E+04   0.401229E+03
   0.130200E+03   0.588746E+04   0.401404E+03
   0.130300E+03   0.588764E+04   0.401578E+03
   0.130400E+03   0.588781E+04   0.401753E+03
   0.130500E+03   0.588799E+04   0.401927E+03
   0.130600E+03   0.588816E+04   0.402100E+03
   0.130700E+03   0.588834E+04   0.402274E+03
   0.130800E+03   0.588851E+04   0.402447E+03
   0.130900E+03   0.588869E+04   0.402620E+03
   0.131000E+03   0.588886E+04   0.402792E+03
   0.131100E+03   0.588903E+04   0.402964E+03
   0.131200E+03   0.588921E+04   0.403136E+03
   0.131300E+03   0.588938E+04   0.403308E+03
   0.131400E+03   0.588955E+04   0.403479E+03
   0.131500E+03   0.588973E+04   0.403650E+03
   0.131600E+03   0.588990E+04   0.403821E+03
   0.131700E+03   0.589007E+04   0.403991E+03
   0.131800E+03   0.589024E+04   0.404161E+03
   0.131900E+03   0.589041E+04   0.404331E+03
   0.132000E+03   0.589058E+04   0.404500E+03
   0.132100E+03   0.589075E+04   0.404670E+03
   0.132200E+03   0.589092E+04   0.404839E+03
   0.132300E+03   0.589109E+04   0.405007E+03
   0.132400E+03   0.589126E+04   0.405176E+03
   0.132500E+03   0.589143E+04   0.405344E+03
   0.132600E+03   0.589160E+04   0.405511E+03
   0.132700E+03   0.589177E+04   0.405679E+03
   0.132800E+03   0.589194E+04   0.405846E+03
   0.132900E+03   0.589211E+04   0.406013E+03
   0.133000E+03   0.589228E+04   0.406179E+03
   0.133100E+03   0.589244E+04   0.406346E+03
   0.133200E+03   0.589261E+04   0.406512E+03
   0.133300E+03   0.589278E+04   0.406678E+03
   0.133400E+03   0.589294E+04   0.406843E+03
   0.133500E+03   0.589311E+04   0.407008E+03
   0.133600E+03   0.589328E+04   0.407173E+03
   0.133700E+03   0.589344E+04   0.407338E+03
   0.133800E+03   0.589361E+04   0.407502E+03
   0.133900E+03   0.589377E+04   0.407666E+03
   0.134000E+03   0.589394E+04   0.407830E+03
   0.134100E+03   0.589410E+04   0.407993E+03
   0.134200E+03   0.589427E+04   0.408156E+03
   0.134300E+03   0.589443E+04   0.408319E+03
   0.134400E+03   0.589460E+04   0.408482E+03
   0.134500E+03   0.589476E+04   0.408644E+03
   0.134600E+03   0.589492E+04   0.408806E+03
   0.134700E+03   0.589509E+04   0.408968E+03
   0.134800E+03   0.589525E+04   0.409129E+03
   0.134900E+03   0.589541E+04   0.409291E+03
   0.135000E+03   0.589557E+04   0.409451E+03
   0.135100E+03   0.589573E+04   0.409612E+03
   0.135200E+03   0.589590E+04   0.409772E+03
   0.135300E+03   0.589606E+04   0.409933E+03
   0.135400E+03   0.589622E+04   0.410092E+03
   0.135500E+03   0.589638E+04   0.410252E+03
   0.135600E+03   0.589654E+04   0.410411E+03
   0.135700E+03   0.589670E+04   0.410570E+03
   0.135800E+03   0.589686E+04   0.410729E+03
   0.135900E+03   0.589702E+04   0.410887E+03
   0.136000E+03   0.589718E+04   0.411045E+03
   0.136100E+03   0.589734E+04   0.411203E+03
   0.136200E+03   0.589750E+04   0.411361E+03
   0.136300E+03   0.589765E+04   0.411518E+03
   0.136400E+03   0.589781E+04   0.411675E+03
   0.136500E+03   0.589797E+04   0.411832E+03
   0.136600E+03   0.589813E+04   0.411989E+03
   0.136700E+03   0.589829E+04   0.412145E+03
   0.136800E+03   0.589844E+04   0.412301E+03
   0.136900E+03   0.589860E+04   0.412457E+03
   0.137000E+03   0.589876E+04   0.412612E+03
   0.137100E+03   0.589891E+04   0.412767E+03
   0.137200E+03   0.589907E+04   0.412922E+03
   0.137300E+03   0.589922E+04   0.413077E+03
   0.137400E+03   0.589938E+04   0.413231E+03
   0.137500E+03   0.589953E+04   0.413385E+03
   0.137600E+03   0.589969E+04   0.413539E+03
   0.137700E+03   0.589984E+04   0.413692E+03
   0.137800E+03   0.590000E+04   0.413846E+03
   0.137900E+03   0.590015E+04   0.413999E+03
   0.138000E+03   0.590030E+04   0.414151E+03
   0.138100E+03   0.590046E+04   0.414304E+03
   0.138200E+03   0.590061E+04   0.414456E+03
   0.138300E+03   0.590076E+04   0.414608E+03
   0.138400E+03   0.590092E+04   0.414760E+03
   0.138500E+03   0.590107E+04   0.414911E+03
   0.138600E+03   0.590122E+04   0.415062E+03
   0.138700E+03   0.590137E+04   0.415213E+03
   0.138800E+03   0.590152E+04   0.415364E+03
   0.138900E+03   0.590168E+04   0.415514E+03
   0.139000E+03   0.590183E+04   0.415664E+03
   0.139100E+03   0.590198E+04   0.415814E+03
   0.139200E+03   0.590213E+04   0.415964E+03
   0.139300E+03   0.590228E+04   0.416113E+03
   0.139400E+03   0.590243E+04   0.416262E+03
   0.139500E+03   0.590258E+04   0.416411E+03
   0.139600E+03   0.590273E+04   0.416560E+03
   0.139700E+03   0.590288E+04   0.416708E+03
   0.139800E+03   0.590303E+04   0.416856E+03
   0.139900E+03   0.590317E+04   0.417004E+03
   0.140000E+03   0.590332E+04   0.417151E+03
   0.140100E+03   0.590347E+04   0.417299E+03
   0.140200E+03   0.590362E+04   0.417446E+03
   0.140300E+03   0.590377E+04   0.417593E+03
   0.140400E+03   0.590391E+04   0.417739E+03
   0.140500E+03   0.590406E+04   0.417885E+03
   0.140600E+03   0.590421E+04   0.418031E+03
   0.140700E+03   0.590435E+04   0.418177E+03
   0.140800E+03   0.590450E+04   0.418323E+03
   0.140900E+03   0.590465E+04   0.418468E+03
   0.141000E+03   0.590479E+04   0.418613E+03
   0.141100E+03   0.590494E+04   0.418757E+03
   0.141200E+03   0.590508E+04   0.418902E+03
   0.141300E+03   0.590523E+04   0.419046E+03
   0.141400E+03   0.590537E+04   0.419190E+03
   0.141500E+03   0.590552E+04   0.419334E+03
   0.141600E+03   0.590566E+04   0.419477E+03
   0.141700E+03   0.590580E+04   0.419621E+03
   0.141800E+03   0.590595E+04   0.419764E+03
   0.141900E+03   0.590609E+04   0.419906E+03
   0.142000E+03   0.590624E+04   0.420049E+03
   0.142100E+03   0.590638E+04   0.420191E+03
   0.142200E+03   0.590652E+04   0.420333E+03
   0.142300E+03   0.590666E+04   0.420475E+03
   0.142400E+03   0.590681E+04   0.420616E+03
   0.142500E+03   0.590695E+04   0.420758E+03
   0.142600E+03   0.590709E+04   0.420899E+03
   0.142700E+03   0.590723E+04   0.421039E+03
   0.142800E+03   0.590737E+04   0.421180E+03
   0.142900E+03   0.590751E+04   0.421320E+03
   0.143000E+03   0.590765E+04   0.421460E+03
   0.143100E+03   0.590779E+04   0.421600E+03
   0.143200E+03   0.590793E+04   0.421739E+03
   0.143300E+03   0.590807E+04   0.421879E+03
   0.143400E+03   0.590821E+04   0.422018E+03
   0.143500E+03   0.590835E+04   0.422157E+03
   0.143600E+03   0.590849E+04   0.422295E+03
   0.143700E+03   0.590863E+04   0.422434E+03
   0.143800E+03   0.590877E+04   0.422572E+03
   0.143900E+03   0.590891E+04   0.422709E+03
   0.144000E+03   0.590905E+04   0.422847E+03
   0.144100E+03   0.590918E+04   0.422984E+03
   0.144200E+03   0.590932E+04   0.423122E+03
   0.144300E+03   0.590946E+04   0.423259E+03
   0.144400E+03   0.590960E+04   0.423395E+03
   0.144500E+03   0.590973E+04   0.423532E+03
   0.144600E+03   0.590987E+04   0.423668E+03
   0.144700E+03   0.591001E+04   0.423804E+03
   0.144800E+03   0.591014E+04   0.423939E+03
   0.144900E+03   0.591028E+04   0.424075E+03
   0.145000E+03   0.591042E+04   0.424210E+03
   0.145100E+03   0.591055E+04   0.424345E+03
   0.145200E+03   0.591069E+04   0.424480E+03
   0.145300E+03   0.591082E+04   0.424614E+03
   0.145400E+03   0.591096E+04   0.424749E+03
   0.145500E+03   0.591109E+04   0.424883E+03
   0.145600E+03   0.591123E+04   0.425017E+03
   0.145700E+03   0.591136E+04   0.425150E+03
   0.145800E+03   0.591149E+04   0.425284E+03
   0.145900E+03   0.591163E+04   0.425417E+03
   0.146000E+03   0.591176E+04   0.425550E+03
   0.146100E+03   0.591189E+04   0.425682E+03
   0.146200E+03   0.591203E+04   0.425815E+03
   0.146300E+03   0.591216E+04   0.425947E+03
   0.146400E+03   0.591229E+04   0.426079E+03
   0.146500E+03   0.591242E+04   0.426211E+03
   0.146600E+03   0.591256E+04   0.426342E+03
   0.146700E+03   0.591269E+04   0.426473E+03
   0.146800E+03   0.591282E+04   0.426604E+03
   0.146900E+03   0.591295E+04   0.426735E+03
   0.147000E+03   0.591308E+04   0.426866E+03
   0.147100E+03   0.591321E+04   0.426996E+03
   0.147200E+03   0.591334E+04   0.427126E+03
   0.147300E+03   0.591347E+04   0.427256E+03
   0.147400E+03   0.591360E+04   0.427386E+03
   0.147500E+03   0.591373E+04   0.427515E+03
   0.147600E+03   0.591386E+04   0.427645E+03
   0.147700E+03   0.591399E+04   0.427774E+03
   0.147800E+03   0.591412E+04   0.427903E+03
   0.147900E+03   0.591425E+04   0.428031E+03
   0.148000E+03   0.591438E+04   0.428159E+03
   0.148100E+03   0.591451E+04   0.428288E+03
   0.148200E+03   0.591464E+04   0.428415E+03
   0.148300E+03   0.591477E+04   0.428543E+03
   0.148400E+03   0.591489E+04   0.428671E+03
   0.148500E+03   0.591502E+04   0.428798E+03
   0.148600E+03   0.591515E+04   0.428925E+03
   0.148700E+03   0.591528E+04   0.429052E+03
   0.148800E+03   0.591540E+04   0.429178E+03
   0.148900E+03   0.591553E+04   0.429305E+03
   0.149000E+03   0.591566E+04   0.429431E+03
   0.149100E+03   0.591578E+04   0.429557E+03
   0.149200E+03   0.591591E+04   0.429682E+03
   0.149300E+03   0.591604E+04   0.429808E+03
   0.149400E+03   0.591616E+04   0.429933E+03
   0.149500E+03   0.591629E+04   0.430058E+03
   0.149600E+03   0.591641E+04   0.430183E+03
   0.149700E+03   0.591654E+04   0.430307E+03
   0.149800E+03   0.591666E+04   0.430432E+03
   0.149900E+03   0.591679E+04   0.430556E+03
   0.150000E+03   0.591691E+04   0.430680E+03
   0.150100E+03   0.591703E+04   0.430804E+03
   0.150200E+03   0.591716E+04   0.430927E+03
   0.150300E+03   0.591728E+04   0.431050E+03
   0.150400E+03   0.591741E+04   0.431173E+03
   0.150500E+03   0.591753E+04   0.431296E+03
   0.150600E+03   0.591765E+04   0.431419E+03
   0.150700E+03   0.591777E+04   0.431541E+03
   0.150800E+03   0.591790E+04   0.431664E+03
   0.150900E+03   0.591802E+04   0.431786E+03
   0.151000E+03   0.591814E+04   0.431907E+03
   0.151100E+03   0.591826E+04   0.432029E+03
   0.151200E+03   0.591839E+04   0.432150E+03
   0.151300E+03   0.591851E+04   0.432272E+03
   0.151400E+03   0.591863E+04   0.432393E+03
   0.151500E+03   0.591875E+04   0.432513E+03
   0.151600E+03   0.591887E+04   0.432634E+03
   0.151700E+03   0.591899E+04   0.432754E+03
   0.151800E+03   0.591911E+04   0.432874E+03
   0.151900E+03   0.591923E+04   0.432994E+03
   0.152000E+03   0.591935E+04   0.433114E+03
   0.152100E+03   0.591947E+04   0.433233E+03
   0.152200E+03   0.591959E+04   0.433353E+03
   0.152300E+03   0.591971E+04   0.433472E+03
   0.152400E+03   0.591983E+04   0.433591E+03
   0.152500E+03   0.591995E+04   0.433709E+03
   0.152600E+03   0.592007E+04   0.433828E+03
   0.152700E+03   0.592019E+04   0.433946E+03
   0.152800E+03   0.592030E+04   0.434064E+03
   0.152900E+03   0.592042E+04   0.434182E+03
   0.153000E+03   0.592054E+04   0.434299E+03
   0.153100E+03   0.592066E+04   0.434417E+03
   0.153200E+03   0.592078E+04   0.434534E+03
   0.153300E+03   0.592089E+04   0.434651E+03
   0.153400E+03   0.592101E+04   0.434768E+03
   0.153500E+03   0.592113E+04   0.434884E+03
   0.153600E+03   0.592124E+04   0.435001E+03
   0.153700E+03   0.592136E+04   0.435117E+03
   0.153800E+03   0.592148E+04   0.435233E+03
   0.153900E+03   0.592159E+04   0.435349E+03
   0.154000E+03   0.592171E+04   0.435464E+03
   0.154100E+03   0.592182E+04   0.435580E+03
   0.154200E+03   0.592194E+04   0.435695E+03
   0.154300E+03   0.592206E+04   0.435810E+03
   0.154400E+03   0.592217E+04   0.435925E+03
   0.154500E+03   0.592229E+04   0.436039E+03
   0.154600E+03   0.592240E+04   0.436154E+03
   0.154700E+03   0.592251E+04   0.436268E+03
   0.154800E+03   0.592263E+04   0.436382E+03
   0.154900E+03   0.592274E+04   0.436495E+03
   0.155000E+03   0.592286E+04   0.436609E+03
   0.155100E+03   0.592297E+04   0.436722E+03
   0.155200E+03   0.592308E+04   0.436836E+03
   0.155300E+03   0.592320E+04   0.436949E+03
   0.155400E+03   0.592331E+04   0.437061E+03
   0.155500E+03   0.592342E+04   0.437174E+03
   0.155600E+03   0.592354E+04   0.437286E+03
   0.155700E+03   0.592365E+04   0.437399E+03
   0.155800E+03   0.592376E+04   0.437511E+03
   0.155900E+03   0.592387E+04   0.437622E+03
   0.156000E+03   0.592398E+04   0.437734E+03
   0.156100E+03   0.592410E+04   0.437845E+03
   0.156200E+03   0.592421E+04   0.437957E+03
   0.156300E+03   0.592432E+04   0.438068E+03
   0.156400E+03   0.592443E+04   0.438179E+03
   0.156500E+03   0.592454E+04   0.438289E+03
   0.156600E+03   0.592465E+04   0.438400E+03
   0.156700E+03   0.592476E+04   0.438510E+03
   0.156800E+03   0.592487E+04   0.438620E+03
   0.156900E+03   0.592498E+04   0.438730E+03
   0.157000E+03   0.592509E+04   0.438840E+03
   0.157100E+03   0.592520E+04   0.438949E+03
   0.157200E+03   0.592531E+04   0.439058E+03
   0.157300E+03   0.592542E+04   0.439167E+03
   0.157400E+03   0.592553E+04   0.439276E+03
   0.157500E+03   0.592564E+04   0.439385E+03
   0.157600E+03   0.592575E+04   0.439494E+03
   0.157700E+03   0.592586E+04   0.439602E+03
   0.157800E+03   0.592597E+04   0.439710E+03
   0.157900E+03   0.592607E+04   0.439818E+03
   0.158000E+03   0.592618E+04   0.439926E+03
   0.158100E+03   0.592629E+04   0.440033E+03
   0.158200E+03   0.592640E+04   0.440141E+03
   0.158300E+03   0.592650E+04   0.440248E+03
   0.158400E+03   0.592661E+04   0.440355E+03
   0.158500E+03   0.592672E+04   0.440462E+03
   0.158600E+03   0.592683E+04   0.440569E+03
   0.158700E+03   0.592693E+04   0.440675E+03
   0.158800E+03   0.592704E+04   0.440781E+03
   0.158900E+03   0.592715E+04   0.440887E+03
   0.159000E+03   0.592725E+04   0.440993E+03
   0.159100E+03   0.592736E+04   0.441099E+03
   0.159200E+03   0.592746E+04   0.441205E+03
   0.159300E+03   0.592757E+04   0.441310E+03
   0.159400E+03   0.592767E+04   0.441415E+03
   0.159500E+03   0.592778E+04   0.441520E+03
   0.159600E+03   0.592788E+04   0.441625E+03
   0.159700E+03   0.592799E+04   0.441730E+03
   0.159800E+03   0.592809E+04   0.441834E+03
   0.159900E+03   0.592820E+04   0.441938E+03
   0.160000E+03   0.592830E+04   0.442042E+03
   0.160100E+03   0.592841E+04   0.442146E+03
   0.160200E+03   0.592851E+04   0.442250E+03
   0.160300E+03   0.592861E+04   0.442354E+03
   0.160400E+03   0.592872E+04   0.442457E+03
   0.160500E+03   0.592882E+04   0.442560E+03
   0.160600E+03   0.592892E+04   0.442663E+03
   0.160700E+03   0.592903E+04   0.442766E+03
   0.160800E+03   0.592913E+04   0.442868E+03
   0.160900E+03   0.592923E+04   0.442971E+03
   0.161000E+03   0.592934E+04   0.443073E+03
   0.161100E+03   0.592944E+04   0.443175E+03
   0.161200E+03   0.592954E+04   0.443277E+03
   0.161300E+03   0.592964E+04   0.443379E+03
   0.161400E+03   0.592974E+04   0.443480E+03
   0.161500E+03   0.592985E+04   0.443582E+03
   0.161600E+03   0.592995E+04   0.443683E+03
   0.161700E+03   0.593005E+04   0.443784E+03
   0.161800E+03   0.593015E+04   0.443885E+03
   0.161900E+03   0.593025E+04   0.443986E+03
   0.162000E+03   0.593035E+04   0.444086E+03
   0.162100E+03   0.593045E+04   0.444186E+03
   0.162200E+03   0.593055E+04   0.444287E+03
   0.162300E+03   0.593065E+04   0.444387E+03
   0.162400E+03   0.593075E+04   0.444486E+03
   0.162500E+03   0.593085E+04   0.444586E+03
   0.162600E+03   0.593095E+04   0.444685E+03
   0.162700E+03   0.593105E+04   0.444785E+03
   0.162800E+03   0.593115E+04   0.444884E+03
   0.162900E+03   0.593125E+04   0.444983E+03
   0.163000E+03   0.593135E+04   0.445082E+03
   0.163100E+03   0.593145E+04   0.445180E+03
   0.163200E+03   0.593154E+04   0.445279E+03
   0.163300E+03   0.593164E+04   0.445377E+03
   0.163400E+03   0.593174E+04   0.445475E+03
   0.163500E+03   0.593184E+04   0.445573E+03
   0.163600E+03   0.593194E+04   0.445670E+03
   0.163700E+03   0.593204E+04   0.445768E+03
   0.163800E+03   0.593213E+04   0.445865E+03
   0.163900E+03   0.593223E+04   0.445963E+03
   0.164000E+03   0.593233E+04   0.446060E+03
   0.164100E+03   0.593242E+04   0.446157E+03
   0.164200E+03   0.593252E+04   0.446253E+03
   0.164300E+03   0.593262E+04   0.446350E+03
   0.164400E+03   0.593271E+04   0.446446E+03
   0.164500E+03   0.593281E+04   0.446542E+03
   0.164600E+03   0.593291E+04   0.446638E+03
   0.164700E+03   0.593300E+04   0.446734E+03
   0.164800E+03   0.593310E+04   0.446830E+03
   0.164900E+03   0.593319E+04   0.446925E+03
   0.165000E+03   0.593329E+04   0.447021E+03
   0.165100E+03   0.593339E+04   0.447116E+03
   0.165200E+03   0.593348E+04   0.447211E+03
   0.165300E+03   0.593358E+04   0.447306E+03
   0.165400E+03   0.593367E+04   0.447401E+03
   0.165500E+03   0.593377E+04   0.447495E+03
   0.165600E+03   0.593386E+04   0.447590E+03
   0.165700E+03   0.593395E+04   0.447684E+03
   0.165800E+03   0.593405E+04   0.447778E+03
   0.165900E+03   0.593414E+04   0.447872E+03
   0.166000E+03   0.593424E+04   0.447965E+03
   0.166100E+03   0.593433E+04   0.448059E+03
   0.166200E+03   0.593442E+04   0.448152E+03
   0.166300E+03   0.593452E+04   0.448245E+03
   0.166400E+03   0.593461E+04   0.448339E+03
   0.166500E+03   0.593470E+04   0.448431E+03
   0.166600E+03   0.593480E+04   0.448524E+03
   0.166700E+03   0.593489E+04   0.448617E+03
   0.166800E+03   0.593498E+04   0.448709E+03
   0.166900E+03   0.593507E+04   0.448801E+03
   0.167000E+03   0.593517E+04   0.448893E+03
   0.167100E+03   0.593526E+04   0.448985E+03
   0.167200E+03   0.593535E+04   0.449077E+03
   0.167300E+03   0.593544E+04   0.449169E+03
   0.167400E+03   0.593553E+04   0.449260E+03
   0.167500E+03   0.593562E+04   0.449351E+03
   0.167600E+03   0.593572E+04   0.449443E+03
   0.167700E+03   0.593581E+04   0.449534E+03
   0.167800E+03   0.593590E+04   0.449624E+03
   0.167900E+03   0.593599E+04   0.449715E+03
   0.168000E+03   0.593608E+04   0.449805E+03
   0.168100E+03   0.593617E+04   0.449896E+03
   0.168200E+03   0.593626E+04   0.449986E+03
   0.168300E+03   0.593635E+04   0.450076E+03
   0.168400E+03   0.593644E+04   0.450166E+03
   0.168500E+03   0.593653E+04   0.450256E+03
   0.168600E+03   0.593662E+04   0.450345E+03
   0.168700E+03   0.593671E+04   0.450434E+03
   0.168800E+03   0.593680E+04   0.450524E+03
   0.168900E+03   0.593689E+04   0.450613E+03
   0.169000E+03   0.593698E+04   0.450702E+03
   0.169100E+03   0.593706E+04   0.450790E+03
   0.169200E+03   0.593715E+04   0.450879E+03
   0.169300E+03   0.593724E+04   0.450967E+03
   0.169400E+03   0.593733E+04   0.451056E+03
   0.169500E+03   0.593742E+04   0.451144E+03
   0.169600E+03   0.593751E+04   0.451232E+03
   0.169700E+03   0.593759E+04   0.451320E+03
   0.169800E+03   0.593768E+04   0.451407E+03
   0.169900E+03   0.593777E+04   0.451495E+03
   0.170000E+03   0.593786E+04   0.451582E+03
   0.170100E+03   0.593794E+04   0.451670E+03
   0.170200E+03   0.593803E+04   0.451757E+03
   0.170300E+03   0.593812E+04   0.451844E+03
   0.170400E+03   0.593821E+04   0.451930E+03
   0.170500E+03   0.593829E+04   0.452017E+03
   0.170600E+03   0.593838E+04   0.452103E+03
   0.170700E+03   0.593847E+04   0.452190E+03
   0.170800E+03   0.593855E+04   0.452276E+03
   0.170900E+03   0.593864E+04   0.452362E+03
   0.171000E+03   0.593872E+04   0.452448E+03
   0.171100E+03   0.593881E+04   0.452533E+03
   0.171200E+03   0.593890E+04   0.452619E+03
   0.171300E+03   0.593898E+04   0.452704E+03
   0.171400E+03   0.593907E+04   0.452790E+03
   0.171500E+03   0.593915E+04   0.452875E+03
   0.171600E+03   0.593924E+04   0.452960E+03
   0.171700E+03   0.593932E+04   0.453044E+03
   0.171800E+03   0.593941E+04   0.453129E+03
   0.171900E+03   0.593949E+04   0.453214E+03
   0.172000E+03   0.593958E+04   0.453298E+03
   0.172100E+03   0.593966E+04   0.453382E+03
   0.172200E+03   0.593974E+04   0.453466E+03
   0.172300E+03   0.593983E+04   0.453550E+03
   0.172400E+03   0.593991E+04   0.453634E+03
   0.172500E+03   0.594000E+04   0.453718E+03
   0.172600E+03   0.594008E+04   0.453801E+03
   0.172700E+03   0.594016E+04   0.453884E+03
   0.172800E+03   0.594025E+04   0.453968E+03
   0.172900E+03   0.594033E+04   0.454051E+03
   0.173000E+03   0.594041E+04   0.454134E+03
   0.173100E+03   0.594049E+04   0.454216E+03
   0.173200E+03   0.594058E+04   0.454299E+03
   0.173300E+03   0.594066E+04   0.454381E+03
   0.173400E+03   0.594074E+04   0.454464E+03
   0.173500E+03   0.594082E+04   0.454546E+03
   0.173600E+03   0.594091E+04   0.454628E+03
   0.173700E+03   0.594099E+04   0.454710E+03
   0.173800E+03   0.594107E+04   0.454792E+03
   0.173900E+03   0.594115E+04   0.454873E+03
   0.174000E+03   0.594123E+04   0.454955E+03
   0.174100E+03   0.594132E+04   0.455036E+03
   0.174200E+03   0.594140E+04   0.455117E+03
   0.174300E+03   0.594148E+04   0.455198E+03
   0.174400E+03   0.594156E+04   0.455279E+03
   0.174500E+03   0.594164E+04   0.455360E+03
   0.174600E+03   0.594172E+04   0.455440E+03
   0.174700E+03   0.594180E+04   0.455521E+03
   0.174800E+03   0.594188E+04   0.455601E+03
   0.174900E+03   0.594196E+04   0.455681E+03
   0.175000E+03   0.594204E+04   0.455762E+03
   0.175100E+03   0.594212E+04   0.455841E+03
   0.175200E+03   0.594220E+04   0.455921E+03
   0.175300E+03   0.594228E+04   0.456001E+03
   0.175400E+03   0.594236E+04   0.456080E+03
   0.175500E+03   0.594244E+04   0.456160E+03
   0.175600E+03   0.594252E+04   0.456239E+03
   0.175700E+03   0.594260E+04   0.456318E+03
   0.175800E+03   0.594268E+04   0.456397E+03
   0.175900E+03   0.594276E+04   0.456476E+03
   0.176000E+03   0.594283E+04   0.456554E+03
   0.176100E+03   0.594291E+04   0.456633E+03
   0.176200E+03   0.594299E+04   0.456711E+03
   0.176300E+03   0.594307E+04   0.456789E+03
   0.176400E+03   0.594315E+04   0.456868E+03
   0.176500E+03   0.594323E+04   0.456946E+03
   0.176600E+03   0.594330E+04   0.457023E+03
   0.176700E+03   0.594338E+04   0.457101E+03
   0.176800E+03   0.594346E+04   0.457179E+03
   0.176900E+03   0.594354E+04   0.457256E+03
   0.177000E+03   0.594361E+04   0.457333E+03
   0.177100E+03   0.594369E+04   0.457411E+03
   0.177200E+03   0.594377E+04   0.457488E+03
   0.177300E+03   0.594385E+04   0.457564E+03
   0.177400E+03   0.594392E+04   0.457641E+03
   0.177500E+03   0.594400E+04   0.457718E+03
   0.177600E+03   0.594408E+04   0.457794E+03
   0.177700E+03   0.594415E+04   0.457871E+03
   0.177800E+03   0.594423E+04   0.457947E+03
   0.177900E+03   0.594430E+04   0.458023E+03
   0.178000E+03   0.594438E+04   0.458099E+03
   0.178100E+03   0.594446E+04   0.458175E+03
   0.178200E+03   0.594453E+04   0.458250E+03
   0.178300E+03   0.594461E+04   0.458326E+03
   0.178400E+03   0.594468E+04   0.458401E+03
   0.178500E+03   0.594476E+04   0.458477E+03
   0.178600E+03   0.594483E+04   0.458552E+03
   0.178700E+03   0.594491E+04   0.458627E+03
   0.178800E+03   0.594498E+04   0.458702E+03
   0.178900E+03   0.594506E+04   0.458777E+03
   0.179000E+03   0.594513E+04   0.458851E+03
   0.179100E+03   0.594521E+04   0.458926E+03
   0.179200E+03   0.594528E+04   0.459000E+03
   0.179300E+03   0.594536E+04   0.459074E+03
   0.179400E+03   0.594543E+04   0.459148E+03
   0.179500E+03   0.594551E+04   0.459222E+03
   0.179600E+03   0.594558E+04   0.459296E+03
   0.179700E+03   0.594565E+04   0.459370E+03
   0.179800E+03   0.594573E+04   0.459444E+03
   0.179900E+03   0.594580E+04   0.459517E+03
   0.180000E+03   0.594587E+04   0.459590E+03
   0.180100E+03   0.594595E+04   0.459664E+03
   0.180200E+03   0.594602E+04   0.459737E+03
   0.180300E+03   0.594609E+04   0.459810E+03
   0.180400E+03   0.594617E+04   0.459882E+03
   0.180500E+03   0.594624E+04   0.459955E+03
   0.180600E+03   0.594631E+04   0.460028E+03
   0.180700E+03   0.594638E+04   0.460100E+03
   0.180800E+03   0.594646E+04   0.460172E+03
   0.180900E+03   0.594653E+04   0.460245E+03
   0.181000E+03   0.594660E+04   0.460317E+03
   0.181100E+03   0.594667E+04   0.460389E+03
   0.181200E+03   0.594674E+04   0.460460E+03
   0.181300E+03   0.594682E+04   0.460532E+03
   0.181400E+03   0.594689E+04   0.460604E+03
   0.181500E+03   0.594696E+04   0.460675E+03
   0.181600E+03   0.594703E+04   0.460746E+03
   0.181700E+03   0.594710E+04   0.460818E+03
   0.181800E+03   0.594717E+04   0.460889E+03
   0.181900E+03   0.594724E+04   0.460960E+03
   0.182000E+03   0.594731E+04   0.461030E+03
   0.182100E+03   0.594739E+04   0.461101E+03
   0.182200E+03   0.594746E+04   0.461172E+03
   0.182300E+03   0.594753E+04   0.461242E+03
   0.182400E+03   0.594760E+04   0.461312E+03
   0.182500E+03   0.594767E+04   0.461383E+03
   0.182600E+03   0.594774E+04   0.461453E+03
   0.182700E+03   0.594781E+04   0.461523E+03
   0.182800E+03   0.594788E+04   0.461592E+03
   0.182900E+03   0.594795E+04   0.461662E+03
   0.183000E+03   0.594802E+04   0.461732E+03
   0.183100E+03   0.594809E+04   0.461801E+03
   0.183200E+03   0.594815E+04   0.461871E+03
   0.183300E+03   0.594822E+04   0.461940E+03
   0.183400E+03   0.594829E+04   0.462009E+03
   0.183500E+03   0.594836E+04   0.462078E+03
   0.183600E+03   0.594843E+04   0.462147E+03
   0.183700E+03   0.594850E+04   0.462215E+03
   0.183800E+03   0.594857E+04   0.462284E+03
   0.183900E+03   0.594864E+04   0.462353E+03
   0.184000E+03   0.594871E+04   0.462421E+03
   0.184100E+03   0.594877E+04   0.462489E+03
   0.184200E+03   0.594884E+04   0.462557E+03
   0.184300E+03   0.594891E+04   0.462625E+03
   0.184400E+03   0.594898E+04   0.462693E+03
   0.184500E+03   0.594905E+04   0.462761E+03
   0.184600E+03   0.594911E+04   0.462829E+03
   0.184700E+03   0.594918E+04   0.462896E+03
   0.184800E+03   0.594925E+04   0.462964E+03
   0.184900E+03   0.594932E+04   0.463031E+03
   0.185000E+03   0.594938E+04   0.463098E+03
   0.185100E+03   0.594945E+04   0.463165E+03
   0.185200E+03   0.594952E+04   0.463232E+03
   0.185300E+03   0.594958E+04   0.463299E+03
   0.185400E+03   0.594965E+04   0.463366E+03
   0.185500E+03   0.594972E+04   0.463432E+03
   0.185600E+03   0.594978E+04   0.463499E+03
   0.185700E+03   0.594985E+04   0.463565E+03
   0.185800E+03   0.594992E+04   0.463631E+03
   0.185900E+03   0.594998E+04   0.463697E+03
   0.186000E+03   0.595005E+04   0.463764E+03
   0.186100E+03   0.595011E+04   0.463829E+03
   0.186200E+03   0.595018E+04   0.463895E+03
   0.186300E+03   0.595025E+04   0.463961E+03
   0.186400E+03   0.595031E+04   0.464026E+03
   0.186500E+03   0.595038E+04   0.464092E+03
   0.186600E+03   0.595044E+04   0.464157E+03
   0.186700E+03   0.595051E+04   0.464222E+03
   0.186800E+03   0.595057E+04   0.464288E+03
   0.186900E+03   0.595064E+04   0.464352E+03
   0.187000E+03   0.595070E+04   0.464417E+03
   0.187100E+03   0.595077E+04   0.464482E+03
   0.187200E+03   0.595083E+04   0.464547E+03
   0.187300E+03   0.595090E+04   0.464611E+03
   0.187400E+03   0.595096E+04   0.464676E+03
   0.187500E+03   0.595103E+04   0.464740E+03
   0.187600E+03   0.595109E+04   0.464804E+03
   0.187700E+03   0.595115E+04   0.464868E+03
   0.187800E+03   0.595122E+04   0.464932E+03
   0.187900E+03   0.595128E+04   0.464996E+03
   0.188000E+03   0.595135E+04   0.465060E+03
   0.188100E+03   0.595141E+04   0.465124E+03
   0.188200E+03   0.595147E+04   0.465187E+03
   0.188300E+03   0.595154E+04   0.465250E+03
   0.188400E+03   0.595160E+04   0.465314E+03
   0.188500E+03   0.595166E+04   0.465377E+03
   0.188600E+03   0.595173E+04   0.465440E+03
   0.188700E+03   0.595179E+04   0.465503E+03
   0.188800E+03   0.595185E+04   0.465566E+03
   0.188900E+03   0.595191E+04   0.465629E+03
   0.189000E+03   0.595198E+04   0.465691E+03
   0.189100E+03   0.595204E+04   0.465754E+03
   0.189200E+03   0.595210E+04   0.465816E+03
   0.189300E+03   0.595216E+04   0.465878E+03
   0.189400E+03   0.595223E+04   0.465941E+03
   0.189500E+03   0.595229E+04   0.466003E+03
   0.189600E+03   0.595235E+04   0.466065E+03
   0.189700E+03   0.595241E+04   0.466127E+03
   0.189800E+03   0.595248E+04   0.466188E+03
   0.189900E+03   0.595254E+04   0.466250E+03
   0.190000E+03   0.595260E+04   0.466312E+03
   0.190100E+03   0.595266E+04   0.466373E+03
   0.190200E+03   0.595272E+04   0.466434E+03
   0.190300E+03   0.595278E+04   0.466496E+03
   0.190400E+03   0.595284E+04   0.466557E+03
   0.190500E+03   0.595290E+04   0.466618E+03
   0.190600E+03   0.595297E+04   0.466679E+03
   0.190700E+03   0.595303E+04   0.466739E+03
   0.190800E+03   0.595309E+04   0.466800E+03
   0.190900E+03   0.595315E+04   0.466861E+03
   0.191000E+03   0.595321E+04   0.466921E+03
   0.191100E+03   0.595327E+04   0.466982E+03
   0.191200E+03   0.595333E+04   0.467042E+03
   0.191300E+03   0.595339E+04   0.467102E+03
   0.191400E+03   0.595345E+04   0.467162E+03
   0.191500E+03   0.595351E+04   0.467222E+03
   0.191600E+03   0.595357E+04   0.467282E+03
   0.191700E+03   0.595363E+04   0.467342E+03
   0.191800E+03   0.595369E+04   0.467401E+03
   0.191900E+03   0.595375E+04   0.467461E+03
   0.192000E+03   0.595381E+04   0.467520E+03
   0.192100E+03   0.595387E+04   0.467580E+03
   0.192200E+03   0.595393E+04   0.467639E+03
   0.192300E+03   0.595399E+04   0.467698E+03
   0.192400E+03   0.595404E+04   0.467757E+03
   0.192500E+03   0.595410E+04   0.467816E+03
   0.192600E+03   0.595416E+04   0.467875E+03
   0.192700E+03   0.595422E+04   0.467933E+03
   0.192800E+03   0.595428E+04   0.467992E+03
   0.192900E+03   0.595434E+04   0.468050E+03
   0.193000E+03   0.595440E+04   0.468109E+03
   0.193100E+03   0.595445E+04   0.468167E+03
   0.193200E+03   0.595451E+04   0.468225E+03
   0.193300E+03   0.595457E+04   0.468283E+03
   0.193400E+03   0.595463E+04   0.468341E+03
   0.193500E+03   0.595469E+04   0.468399E+03
   0.193600E+03   0.595474E+04   0.468457E+03
   0.193700E+03   0.595480E+04   0.468515E+03
   0.193800E+03   0.595486E+04   0.468572E+03
   0.193900E+03   0.595492E+04   0.468630E+03
   0.194000E+03   0.595497E+04   0.468687E+03
   0.194100E+03   0.595503E+04   0.468744E+03
   0.194200E+03   0.595509E+04   0.468802E+03
   0.194300E+03   0.595515E+04   0.468859E+03
   0.194400E+03   0.595520E+04   0.468916E+03
   0.194500E+03   0.595526E+04   0.468973E+03
   0.194600E+03   0.595532E+04   0.469029E+03
   0.194700E+03   0.595537E+04   0.469086E+03
   0.194800E+03   0.595543E+04   0.469143E+03
   0.194900E+03   0.595549E+04   0.469199E+03
   0.195000E+03   0.595554E+04   0.469256E+03
   0.195100E+03   0.595560E+04   0.469312E+03
   0.195200E+03   0.595566E+04   0.469368E+03
   0.195300E+03   0.595571E+04   0.469424E+03
   0.195400E+03   0.595577E+04   0.469480E+03
   0.195500E+03   0.595582E+04   0.469536E+03
   0.195600E+03   0.595588E+04   0.469592E+03
   0.195700E+03   0.595594E+04   0.469647E+03
   0.195800E+03   0.595599E+04   0.469703E+03
   0.195900E+03   0.595605E+04   0.469759E+03
   0.196000E+03   0.595610E+04   0.469814E+03
   0.196100E+03   0.595616E+04   0.469869E+03
   0.196200E+03   0.595621E+04   0.469924E+03
   0.196300E+03   0.595627E+04   0.469980E+03
   0.196400E+03   0.595632E+04   0.470035E+03
   0.196500E+03   0.595638E+04   0.470090E+03
   0.196600E+03   0.595643E+04   0.470144E+03
   0.196700E+03   0.595649E+04   0.470199E+03
   0.196800E+03   0.595654E+04   0.470254E+03
   0.196900E+03   0.595660E+04   0.470308E+03
   0.197000E+03   0.595665E+04   0.470363E+03
   0.197100E+03   0.595671E+04   0.470417E+03
   0.197200E+03   0.595676E+04   0.470471E+03
   0.197300E+03   0.595681E+04   0.470525E+03
   0.197400E+03   0.595687E+04   0.470580E+03
   0.197500E+03   0.595692E+04   0.470634E+03
   0.197600E+03   0.595698E+04   0.470687E+03
   0.197700E+03   0.595703E+04   0.470741E+03
   0.197800E+03   0.595708E+04   0.470795E+03
   0.197900E+03   0.595714E+04   0.470848E+03
   0.198000E+03   0.595719E+04   0.470902E+03
   0.198100E+03   0.595724E+04   0.470955E+03
   0.198200E+03   0.595730E+04   0.471009E+03
   0.198300E+03   0.595735E+04   0.471062E+03
   0.198400E+03   0.595740E+04   0.471115E+03
   0.198500E+03   0.595746E+04   0.471168E+03
   0.198600E+03   0.595751E+04   0.471221E+03
   0.198700E+03   0.595756E+04   0.471274E+03
   0.198800E+03   0.595762E+04   0.471327E+03
   0.198900E+03   0.595767E+04   0.471379E+03
   0.199000E+03   0.595772E+04   0.471432E+03
   0.199100E+03   0.595777E+04   0.471484E+03
   0.199200E+03   0.595783E+04   0.471537E+03
   0.199300E+03   0.595788E+04   0.471589E+03
   0.199400E+03   0.595793E+04   0.471641E+03
   0.199500E+03   0.595798E+04   0.471693E+03
   0.199600E+03   0.595803E+04   0.471745E+03
   0.199700E+03   0.595809E+04   0.471797E+03
   0.199800E+03   0.595814E+04   0.471849E+03
   0.199900E+03   0.595819E+04   0.471901E+03
   0.200000E+03   0.595824E+04   0.471952E+03
   0.200100E+03   0.595829E+04   0.472004E+03
   0.200200E+03   0.595834E+04   0.472055E+03
   0.200300E+03   0.595840E+04   0.472107E+03
   0.200400E+03   0.595845E+04   0.472158E+03
   0.200500E+03   0.595850E+04   0.472209E+03
   0.200600E+03   0.595855E+04   0.472260E+03
   0.200700E+03   0.595860E+04   0.472311E+03
   0.200800E+03   0.595865E+04   0.472362E+03
   0.200900E+03   0.595870E+04   0.472413E+03
   0.201000E+03   0.595875E+04   0.472464E+03
   0.201100E+03   0.595880E+04   0.472515E+03
   0.201200E+03   0.595885E+04   0.472565E+03
   0.201300E+03   0.595890E+04   0.472616E+03
   0.201400E+03   0.595895E+04   0.472666E+03
   0.201500E+03   0.595901E+04   0.472716E+03
   0.201600E+03   0.595906E+04   0.472767E+03
   0.201700E+03   0.595911E+04   0.472817E+03
   0.201800E+03   0.595916E+04   0.472867E+03
   0.201900E+03   0.595921E+04   0.472917E+03
   0.202000E+03   0.595926E+04   0.472967E+03
   0.202100E+03   0.595931E+04   0.473016E+03
   0.202200E+03   0.595936E+04   0.473066E+03
   0.202300E+03   0.595940E+04   0.473116E+03
   0.202400E+03   0.595945E+04   0.473165E+03
   0.202500E+03   0.595950E+04   0.473215E+03
   0.202600E+03   0.595955E+04   0.473264E+03
   0.202700E+03   0.595960E+04   0.473313E+03
   0.202800E+03   0.595965E+04   0.473363E+03
   0.202900E+03   0.595970E+04   0.473412E+03
   0.203000E+03   0.595975E+04   0.473461E+03
   0.203100E+03   0.595980E+04   0.473510E+03
   0.203200E+03   0.595985E+04   0.473558E+03
   0.203300E+03   0.595990E+04   0.473607E+03
   0.203400E+03   0.595994E+04   0.473656E+03
   0.203500E+03   0.595999E+04   0.473704E+03
   0.203600E+03   0.596004E+04   0.473753E+03
   0.203700E+03   0.596009E+04   0.473801E+03
   0.203800E+03   0.596014E+04   0.473850E+03
   0.203900E+03   0.596019E+04   0.473898E+03
   0.204000E+03   0.596024E+04   0.473946E+03
   0.204100E+03   0.596028E+04   0.473994E+03
   0.204200E+03   0.596033E+04   0.474042E+03
   0.204300E+03   0.596038E+04   0.474090E+03
   0.204400E+03   0.596043E+04   0.474138E+03
   0.204500E+03   0.596047E+04   0.474186E+03
   0.204600E+03   0.596052E+04   0.474233E+03
   0.204700E+03   0.596057E+04   0.474281E+03
   0.204800E+03   0.596062E+04   0.474328E+03
   0.204900E+03   0.596066E+04   0.474376E+03
   0.205000E+03   0.596071E+04   0.474423E+03
   0.205100E+03   0.596076E+04   0.474470E+03
   0.205200E+03   0.596081E+04   0.474517E+03
   0.205300E+03   0.596085E+04   0.474564E+03
   0.205400E+03   0.596090E+04   0.474611E+03
   0.205500E+03   0.596095E+04   0.474658E+03
   0.205600E+03   0.596099E+04   0.474705E+03
   0.205700E+03   0.596104E+04   0.474752E+03
   0.205800E+03   0.596109E+04   0.474799E+03
   0.205900E+03   0.596113E+04   0.474845E+03
   0.206000E+03   0.596118E+04   0.474892E+03
   0.206100E+03   0.596123E+04   0.474938E+03
   0.206200E+03   0.596127E+04   0.474984E+03
   0.206300E+03   0.596132E+04   0.475031E+03
   0.206400E+03   0.596137E+04   0.475077E+03
   0.206500E+03   0.596141E+04   0.475123E+03
   0.206600E+03   0.596146E+04   0.475169E+03
   0.206700E+03   0.596150E+04   0.475215E+03
   0.206800E+03   0.596155E+04   0.475261E+03
   0.206900E+03   0.596160E+04   0.475306E+03
   0.207000E+03   0.596164E+04   0.475352E+03
   0.207100E+03   0.596169E+04   0.475398E+03
   0.207200E+03   0.596173E+04   0.475443E+03
   0.207300E+03   0.596178E+04   0.475489E+03
   0.207400E+03   0.596182E+04   0.475534E+03
   0.207500E+03   0.596187E+04   0.475579E+03
   0.207600E+03   0.596191E+04   0.475625E+03
   0.207700E+03   0.596196E+04   0.475670E+03
   0.207800E+03   0.596200E+04   0.475715E+03
   0.207900E+03   0.596205E+04   0.475760E+03
   0.208000E+03   0.596209E+04   0.475805E+03
   0.208100E+03   0.596214E+04   0.475850E+03
   0.208200E+03   0.596218E+04   0.475894E+03
   0.208300E+03   0.596223E+04   0.475939E+03
   0.208400E+03   0.596227E+04   0.475983E+03
   0.208500E+03   0.596232E+04   0.476028E+03
   0.208600E+03   0.596236E+04   0.476072E+03
   0.208700E+03   0.596241E+04   0.476117E+03
   0.208800E+03   0.596245E+04   0.476161E+03
   0.208900E+03   0.596249E+04   0.476205E+03
   0.209000E+03   0.596254E+04   0.476249E+03
   0.209100E+03   0.596258E+04   0.476293E+03
   0.209200E+03   0.596263E+04   0.476337E+03
   0.209300E+03   0.596267E+04   0.476381E+03
   0.209400E+03   0.596271E+04   0.476425E+03
   0.209500E+03   0.596276E+04   0.476469E+03
   0.209600E+03   0.596280E+04   0.476512E+03
   0.209700E+03   0.596285E+04   0.476556E+03
   0.209800E+03   0.596289E+04   0.476599E+03
   0.209900E+03   0.596293E+04   0.476643E+03
   0.210000E+03   0.596298E+04   0.476686E+03
   0.210100E+03   0.596302E+04   0.476730E+03
   0.210200E+03   0.596306E+04   0.476773E+03
   0.210300E+03   0.596311E+04   0.476816E+03
   0.210400E+03   0.596315E+04   0.476859E+03
   0.210500E+03   0.596319E+04   0.476902E+03
   0.210600E+03   0.596323E+04   0.476945E+03
   0.210700E+03   0.596328E+04   0.476988E+03
   0.210800E+03   0.596332E+04   0.477030E+03
   0.210900E+03   0.596336E+04   0.477073E+03
   0.211000E+03   0.596341E+04   0.477116E+03
   0.211100E+03   0.596345E+04   0.477158E+03
   0.211200E+03   0.596349E+04   0.477201E+03
   0.211300E+03   0.596353E+04   0.477243E+03
   0.211400E+03   0.596357E+04   0.477285E+03
   0.211500E+03   0.596362E+04   0.477327E+03
   0.211600E+03   0.596366E+04   0.477370E+03
   0.211700E+03   0.596370E+04   0.477412E+03
   0.211800E+03   0.596374E+04   0.477454E+03
   0.211900E+03   0.596379E+04   0.477496E+03
   0.212000E+03   0.596383E+04   0.477537E+03
   0.212100E+03   0.596387E+04   0.477579E+03
   0.212200E+03   0.596391E+04   0.477621E+03
   0.212300E+03   0.596395E+04   0.477663E+03
   0.212400E+03   0.596399E+04   0.477704E+03
   0.212500E+03   0.596404E+04   0.477746E+03
   0.212600E+03   0.596408E+04   0.477787E+03
   0.212700E+03   0.596412E+04   0.477828E+03
   0.212800E+03   0.596416E+04   0.477870E+03
   0.212900E+03   0.596420E+04   0.477911E+03
   0.213000E+03   0.596424E+04   0.477952E+03
   0.213100E+03   0.596428E+04   0.477993E+03
   0.213200E+03   0.596432E+04   0.478034E+03
   0.213300E+03   0.596436E+04   0.478075E+03
   0.213400E+03   0.596441E+04   0.478116E+03
   0.213500E+03   0.596445E+04   0.478157E+03
   0.213600E+03   0.596449E+04   0.478197E+03
   0.213700E+03   0.596453E+04   0.478238E+03
   0.213800E+03   0.596457E+04   0.478278E+03
   0.213900E+03   0.596461E+04   0.478319E+03
   0.214000E+03   0.596465E+04   0.478359E+03
   0.214100E+03   0.596469E+04   0.478400E+03
   0.214200E+03   0.596473E+04   0.478440E+03
   0.214300E+03   0.596477E+04   0.478480E+03
   0.214400E+03   0.596481E+04   0.478520E+03
   0.214500E+03   0.596485E+04   0.478560E+03
   0.214600E+03   0.596489E+04   0.478600E+03
   0.214700E+03   0.596493E+04   0.478640E+03
   0.214800E+03   0.596497E+04   0.478680E+03
   0.214900E+03   0.596501E+04   0.478720E+03
   0.215000E+03   0.596505E+04   0.478760E+03
   0.215100E+03   0.596509E+04   0.478799E+03
   0.215200E+03   0.596513E+04   0.478839E+03
   0.215300E+03   0.596517E+04   0.478878E+03
   0.215400E+03   0.596521E+04   0.478918E+03
   0.215500E+03   0.596525E+04   0.478957E+03
   0.215600E+03   0.596529E+04   0.478996E+03
   0.215700E+03   0.596533E+04   0.479036E+03
   0.215800E+03   0.596536E+04   0.479075E+03
   0.215900E+03   0.596540E+04   0.479114E+03
   0.216000E+03   0.596544E+04   0.479153E+03
   0.216100E+03   0.596548E+04   0.479192E+03
   0.216200E+03   0.596552E+04   0.479231E+03
   0.216300E+03   0.596556E+04   0.479270E+03
   0.216400E+03   0.596560E+04   0.479308E+03
   0.216500E+03   0.596564E+04   0.479347E+03
   0.216600E+03   0.596568E+04   0.479386E+03
   0.216700E+03   0.596571E+04   0.479424E+03
   0.216800E+03   0.596575E+04   0.479463E+03
   0.216900E+03   0.596579E+04   0.479501E+03
   0.217000E+03   0.596583E+04   0.479539E+03
   0.217100E+03   0.596587E+04   0.479578E+03
   0.217200E+03   0.596591E+04   0.479616E+03
   0.217300E+03   0.596594E+04   0.479654E+03
   0.217400E+03   0.596598E+04   0.479692E+03
   0.217500E+03   0.596602E+04   0.479730E+03
   0.217600E+03   0.596606E+04   0.479768E+03
   0.217700E+03   0.596610E+04   0.479806E+03
   0.217800E+03   0.596613E+04   0.479844E+03
   0.217900E+03   0.596617E+04   0.479881E+03
   0.218000E+03   0.596621E+04   0.479919E+03
   0.218100E+03   0.596625E+04   0.479957E+03
   0.218200E+03   0.596628E+04   0.479994E+03
   0.218300E+03   0.596632E+04   0.480032E+03
   0.218400E+03   0.596636E+04   0.480069E+03
   0.218500E+03   0.596640E+04   0.480106E+03
   0.218600E+03   0.596643E+04   0.480144E+03
   0.218700E+03   0.596647E+04   0.480181E+03
   0.218800E+03   0.596651E+04   0.480218E+03
   0.218900E+03   0.596655E+04   0.480255E+03
   0.219000E+03   0.596658E+04   0.480292E+03
   0.219100E+03   0.596662E+04   0.480329E+03
   0.219200E+03   0.596666E+04   0.480366E+03
   0.219300E+03   0.596669E+04   0.480403E+03
   0.219400E+03   0.596673E+04   0.480440E+03
   0.219500E+03   0.596677E+04   0.480476E+03
   0.219600E+03   0.596680E+04   0.480513E+03
   0.219700E+03   0.596684E+04   0.480550E+03
   0.219800E+03   0.596688E+04   0.480586E+03
   0.219900E+03   0.596691E+04   0.480622E+03
   0.220000E+03   0.596695E+04   0.480659E+03
   0.220100E+03   0.596699E+04   0.480695E+03
   0.220200E+03   0.596702E+04   0.480731E+03
   0.220300E+03   0.596706E+04   0.480768E+03
   0.220400E+03   0.596709E+04   0.480804E+03
   0.220500E+03   0.596713E+04   0.480840E+03
   0.220600E+03   0.596717E+04   0.480876E+03
   0.220700E+03   0.596720E+04   0.480912E+03
   0.220800E+03   0.596724E+04   0.480948E+03
   0.220900E+03   0.596727E+04   0.480983E+03
   0.221000E+03   0.596731E+04   0.481019E+03
   0.221100E+03   0.596734E+04   0.481055E+03
   0.221200E+03   0.596738E+04   0.481090E+03
   0.221300E+03   0.596742E+04   0.481126E+03
   0.221400E+03   0.596745E+04   0.481161E+03
   0.221500E+03   0.596749E+04   0.481197E+03
   0.221600E+03   0.596752E+04   0.481232E+03
   0.221700E+03   0.596756E+04   0.481268E+03
   0.221800E+03   0.596759E+04   0.481303E+03
   0.221900E+03   0.596763E+04   0.481338E+03
   0.222000E+03   0.596766E+04   0.481373E+03
   0.222100E+03   0.596770E+04   0.481408E+03
   0.222200E+03   0.596773E+04   0.481443E+03
   0.222300E+03   0.596777E+04   0.481478E+03
   0.222400E+03   0.596780E+04   0.481513E+03
   0.222500E+03   0.596784E+04   0.481548E+03
   0.222600E+03   0.596787E+04   0.481583E+03
   0.222700E+03   0.596791E+04   0.481617E+03
   0.222800E+03   0.596794E+04   0.481652E+03
   0.222900E+03   0.596798E+04   0.481687E+03
   0.223000E+03   0.596801E+04   0.481721E+03
   0.223100E+03   0.596805E+04   0.481755E+03
   0.223200E+03   0.596808E+04   0.481790E+03
   0.223300E+03   0.596811E+04   0.481824E+03
   0.223400E+03   0.596815E+04   0.481858E+03
   0.223500E+03   0.596818E+04   0.481893E+03
   0.223600E+03   0.596822E+04   0.481927E+03
   0.223700E+03   0.596825E+04   0.481961E+03
   0.223800E+03   0.596829E+04   0.481995E+03
   0.223900E+03   0.596832E+04   0.482029E+03
   0.224000E+03   0.596835E+04   0.482063E+03
   0.224100E+03   0.596839E+04   0.482097E+03
   0.224200E+03   0.596842E+04   0.482131E+03
   0.224300E+03   0.596845E+04   0.482164E+03
   0.224400E+03   0.596849E+04   0.482198E+03
   0.224500E+03   0.596852E+04   0.482232E+03
   0.224600E+03   0.596856E+04   0.482265E+03
   0.224700E+03   0.596859E+04   0.482299E+03
   0.224800E+03   0.596862E+04   0.482332E+03
   0.224900E+03   0.596866E+04   0.482365E+03
   0.225000E+03   0.596869E+04   0.482399E+03
   0.225100E+03   0.596872E+04   0.482432E+03
   0.225200E+03   0.596876E+04   0.482465E+03
   0.225300E+03   0.596879E+04   0.482498E+03
   0.225400E+03   0.596882E+04   0.482531E+03
   0.225500E+03   0.596885E+04   0.482564E+03
   0.225600E+03   0.596889E+04   0.482597E+03
   0.225700E+03   0.596892E+04   0.482630E+03
   0.225800E+03   0.596895E+04   0.482663E+03
   0.225900E+03   0.596899E+04   0.482696E+03
   0.226000E+03   0.596902E+04   0.482729E+03
   0.226100E+03   0.596905E+04   0.482761E+03
   0.226200E+03   0.596908E+04   0.482794E+03
   0.226300E+03   0.596912E+04   0.482827E+03
   0.226400E+03   0.596915E+04   0.482859E+03
   0.226500E+03   0.596918E+04   0.482892E+03
   0.226600E+03   0.596921E+04   0.482924E+03
   0.226700E+03   0.596925E+04   0.482956E+03
   0.226800E+03   0.596928E+04   0.482989E+03
   0.226900E+03   0.596931E+04   0.483021E+03
   0.227000E+03   0.596934E+04   0.483053E+03
   0.227100E+03   0.596938E+04   0.483085E+03
   0.227200E+03   0.596941E+04   0.483117E+03
   0.227300E+03   0.596944E+04   0.483149E+03
   0.227400E+03   0.596947E+04   0.483181E+03
   0.227500E+03   0.596950E+04   0.483213E+03
   0.227600E+03   0.596954E+04   0.483245E+03
   0.227700E+03   0.596957E+04   0.483277E+03
   0.227800E+03   0.596960E+04   0.483308E+03
   0.227900E+03   0.596963E+04   0.483340E+03
   0.228000E+03   0.596966E+04   0.483372E+03
   0.228100E+03   0.596969E+04   0.483403E+03
   0.228200E+03   0.596973E+04   0.483435E+03
   0.228300E+03   0.596976E+04   0.483466E+03
   0.228400E+03   0.596979E+04   0.483498E+03
   0.228500E+03   0.596982E+04   0.483529E+03
   0.228600E+03   0.596985E+04   0.483560E+03
   0.228700E+03   0.596988E+04   0.483592E+03
   0.228800E+03   0.596991E+04   0.483623E+03
   0.228900E+03   0.596994E+04   0.483654E+03
   0.229000E+03   0.596998E+04   0.483685E+03
   0.229100E+03   0.597001E+04   0.483716E+03
   0.229200E+03   0.597004E+04   0.483747E+03
   0.229300E+03   0.597007E+04   0.483778E+03
   0.229400E+03   0.597010E+04   0.483809E+03
   0.229500E+03   0.597013E+04   0.483839E+03
   0.229600E+03   0.597016E+04   0.483870E+03
   0.229700E+03   0.597019E+04   0.483901E+03
   0.229800E+03   0.597022E+04   0.483931E+03
   0.229900E+03   0.597025E+04   0.483962E+03
   0.230000E+03   0.597028E+04   0.483993E+03
   0.230100E+03   0.597031E+04   0.484023E+03
   0.230200E+03   0.597034E+04   0.484053E+03
   0.230300E+03   0.597037E+04   0.484084E+03
   0.230400E+03   0.597040E+04   0.484114E+03
   0.230500E+03   0.597043E+04   0.484144E+03
   0.230600E+03   0.597046E+04   0.484175E+03
   0.230700E+03   0.597050E+04   0.484205E+03
   0.230800E+03   0.597053E+04   0.484235E+03
   0.230900E+03   0.597056E+04   0.484265E+03
   0.231000E+03   0.597059E+04   0.484295E+03
   0.231100E+03   0.597062E+04   0.484325E+03
   0.231200E+03   0.597065E+04   0.484355E+03
   0.231300E+03   0.597067E+04   0.484385E+03
   0.231400E+03   0.597070E+04   0.484414E+03
   0.231500E+03   0.597073E+04   0.484444E+03
   0.231600E+03   0.597076E+04   0.484474E+03
   0.231700E+03   0.597079E+04   0.484503E+03
   0.231800E+03   0.597082E+04   0.484533E+03
   0.231900E+03   0.597085E+04   0.484563E+03
   0.232000E+03   0.597088E+04   0.484592E+03
   0.232100E+03   0.597091E+04   0.484621E+03
   0.232200E+03   0.597094E+04   0.484651E+03
   0.232300E+03   0.597097E+04   0.484680E+03
   0.232400E+03   0.597100E+04   0.484709E+03
   0.232500E+03   0.597103E+04   0.484739E+03
   0.232600E+03   0.597106E+04   0.484768E+03
   0.232700E+03   0.597109E+04   0.484797E+03
   0.232800E+03   0.597112E+04   0.484826E+03
   0.232900E+03   0.597115E+04   0.484855E+03
   0.233000E+03   0.597117E+04   0.484884E+03
   0.233100E+03   0.597120E+04   0.484913E+03
   0.233200E+03   0.597123E+04   0.484942E+03
   0.233300E+03   0.597126E+04   0.484970E+03
   0.233400E+03   0.597129E+04   0.484999E+03
   0.233500E+03   0.597132E+04   0.485028E+03
   0.233600E+03   0.597135E+04   0.485057E+03
   0.233700E+03   0.597138E+04   0.485085E+03
   0.233800E+03   0.597140E+04   0.485114E+03
   0.233900E+03   0.597143E+04   0.485142E+03
   0.234000E+03   0.597146E+04   0.485171E+03
   0.234100E+03   0.597149E+04   0.485199E+03
   0.234200E+03   0.597152E+04   0.485228E+03
   0.234300E+03   0.597155E+04   0.485256E+03
   0.234400E+03   0.597157E+04   0.485284E+03
   0.234500E+03   0.597160E+04   0.485312E+03
   0.234600E+03   0.597163E+04   0.485340E+03
   0.234700E+03   0.597166E+04   0.485369E+03
   0.234800E+03   0.597169E+04   0.485397E+03
   0.234900E+03   0.597172E+04   0.485425E+03
   0.235000E+03   0.597174E+04   0.485453E+03
   0.235100E+03   0.597177E+04   0.485481E+03
   0.235200E+03   0.597180E+04   0.485508E+03
   0.235300E+03   0.597183E+04   0.485536E+03
   0.235400E+03   0.597185E+04   0.485564E+03
   0.235500E+03   0.597188E+04   0.485592E+03
   0.235600E+03   0.597191E+04   0.485619E+03
   0.235700E+03   0.597194E+04   0.485647E+03
   0.235800E+03   0.597196E+04   0.485675E+03
   0.235900E+03   0.597199E+04   0.485702E+03
   0.236000E+03   0.597202E+04   0.485730E+03
   0.236100E+03   0.597205E+04   0.485757E+03
   0.236200E+03   0.597207E+04   0.485784E+03
   0.236300E+03   0.597210E+04   0.485812E+03
   0.236400E+03   0.597213E+04   0.485839E+03
   0.236500E+03   0.597216E+04   0.485866E+03
   0.236600E+03   0.597218E+04   0.485893E+03
   0.236700E+03   0.597221E+04   0.485921E+03
   0.236800E+03   0.597224E+04   0.485948E+03
   0.236900E+03   0.597227E+04   0.485975E+03
   0.237000E+03   0.597229E+04   0.486002E+03
   0.237100E+03   0.597232E+04   0.486029E+03
   0.237200E+03   0.597235E+04   0.486056E+03
   0.237300E+03   0.597237E+04   0.486082E+03
   0.237400E+03   0.597240E+04   0.486109E+03
   0.237500E+03   0.597243E+04   0.486136E+03
   0.237600E+03   0.597245E+04   0.486163E+03
   0.237700E+03   0.597248E+04   0.486189E+03
   0.237800E+03   0.597251E+04   0.486216E+03
   0.237900E+03   0.597253E+04   0.486243E+03
   0.238000E+03   0.597256E+04   0.486269E+03
   0.238100E+03   0.597259E+04   0.486296E+03
   0.238200E+03   0.597261E+04   0.486322E+03
   0.238300E+03   0.597264E+04   0.486348E+03
   0.238400E+03   0.597267E+04   0.486375E+03
   0.238500E+03   0.597269E+04   0.486401E+03
   0.238600E+03   0.597272E+04   0.486427E+03
   0.238700E+03   0.597274E+04   0.486454E+03
   0.238800E+03   0.597277E+04   0.486480E+03
   0.238900E+03   0.597280E+04   0.486506E+03
   0.239000E+03   0.597282E+04   0.486532E+03
   0.239100E+03   0.597285E+04   0.486558E+03
   0.239200E+03   0.597287E+04   0.486584E+03
   0.239300E+03   0.597290E+04   0.486610E+03
   0.239400E+03   0.597293E+04   0.486636E+03
   0.239500E+03   0.597295E+04   0.486662E+03
   0.239600E+03   0.597298E+04   0.486687E+03
   0.239700E+03   0.597300E+04   0.486713E+03
   0.239800E+03   0.597303E+04   0.486739E+03
   0.239900E+03   0.597305E+04   0.486764E+03
   0.240000E+03   0.597308E+04   0.486790E+03
   0.240100E+03   0.597311E+04   0.486816E+03
   0.240200E+03   0.597313E+04   0.486841E+03
   0.240300E+03   0.597316E+04   0.486867E+03
   0.240400E+03   0.597318E+04   0.486892E+03
   0.240500E+03   0.597321E+04   0.486918E+03
   0.240600E+03   0.597323E+04   0.486943E+03
   0.240700E+03   0.597326E+04   0.486968E+03
   0.240800E+03   0.597328E+04   0.486993E+03
   0.240900E+03   0.597331E+04   0.487019E+03
   0.241000E+03   0.597333E+04   0.487044E+03
   0.241100E+03   0.597336E+04   0.487069E+03
   0.241200E+03   0.597338E+04   0.487094E+03
   0.241300E+03   0.597341E+04   0.487119E+03
   0.241400E+03   0.597343E+04   0.487144E+03
   0.241500E+03   0.597346E+04   0.487169E+03
   0.241600E+03   0.597348E+04   0.487194E+03
   0.241700E+03   0.597351E+04   0.487219E+03
   0.241800E+03   0.597353E+04   0.487244E+03
   0.241900E+03   0.597356E+04   0.487268E+03
   0.242000E+03   0.597358E+04   0.487293E+03
   0.242100E+03   0.597361E+04   0.487318E+03
   0.242200E+03   0.597363E+04   0.487342E+03
   0.242300E+03   0.597366E+04   0.487367E+03
   0.242400E+03   0.597368E+04   0.487392E+03
   0.242500E+03   0.597371E+04   0.487416E+03
   0.242600E+03   0.597373E+04   0.487441E+03
   0.242700E+03   0.597376E+04   0.487465E+03
   0.242800E+03   0.597378E+04   0.487489E+03
   0.242900E+03   0.597380E+04   0.487514E+03
   0.243000E+03   0.597383E+04   0.487538E+03
   0.243100E+03   0.597385E+04   0.487562E+03
   0.243200E+03   0.597388E+04   0.487587E+03
   0.243300E+03   0.597390E+04   0.487611E+03
   0.243400E+03   0.597393E+04   0.487635E+03
   0.243500E+03   0.597395E+04   0.487659E+03
   0.243600E+03   0.597397E+04   0.487683E+03
   0.243700E+03   0.597400E+04   0.487707E+03
   0.243800E+03   0.597402E+04   0.487731E+03
   0.243900E+03   0.597405E+04   0.487755E+03
   0.244000E+03   0.597407E+04   0.487779E+03
   0.244100E+03   0.597409E+04   0.487803E+03
   0.244200E+03   0.597412E+04   0.487826E+03
   0.244300E+03   0.597414E+04   0.487850E+03
   0.244400E+03   0.597416E+04   0.487874E+03
   0.244500E+03   0.597419E+04   0.487898E+03
   0.244600E+03   0.597421E+04   0.487921E+03
   0.244700E+03   0.597424E+04   0.487945E+03
   0.244800E+03   0.597426E+04   0.487968E+03
   0.244900E+03   0.597428E+04   0.487992E+03
   0.245000E+03   0.597431E+04   0.488015E+03
   0.245100E+03   0.597433E+04   0.488039E+03
   0.245200E+03   0.597435E+04   0.488062E+03
   0.245300E+03   0.597438E+04   0.488085E+03
   0.245400E+03   0.597440E+04   0.488109E+03
   0.245500E+03   0.597442E+04   0.488132E+03
   0.245600E+03   0.597445E+04   0.488155E+03
   0.245700E+03   0.597447E+04   0.488178E+03
   0.245800E+03   0.597449E+04   0.488202E+03
   0.245900E+03   0.597452E+04   0.488225E+03
   0.246000E+03   0.597454E+04   0.488248E+03
   0.246100E+03   0.597456E+04   0.488271E+03
   0.246200E+03   0.597458E+04   0.488294E+03
   0.246300E+03   0.597461E+04   0.488317E+03
   0.246400E+03   0.597463E+04   0.488340E+03
   0.246500E+03   0.597465E+04   0.488362E+03
   0.246600E+03   0.597468E+04   0.488385E+03
   0.246700E+03   0.597470E+04   0.488408E+03
   0.246800E+03   0.597472E+04   0.488431E+03
   0.246900E+03   0.597474E+04   0.488453E+03
   0.247000E+03   0.597477E+04   0.488476E+03
   0.247100E+03   0.597479E+04   0.488499E+03
   0.247200E+03   0.597481E+04   0.488521E+03
   0.247300E+03   0.597483E+04   0.488544E+03
   0.247400E+03   0.597486E+04   0.488566E+03
   0.247500E+03   0.597488E+04   0.488589E+03
   0.247600E+03   0.597490E+04   0.488611E+03
   0.247700E+03   0.597492E+04   0.488634E+03
   0.247800E+03   0.597495E+04   0.488656E+03
   0.247900E+03   0.597497E+04   0.488678E+03
   0.248000E+03   0.597499E+04   0.488701E+03
   0.248100E+03   0.597501E+04   0.488723E+03
   0.248200E+03   0.597504E+04   0.488745E+03
   0.248300E+03   0.597506E+04   0.488767E+03
   0.248400E+03   0.597508E+04   0.488789E+03
   0.248500E+03   0.597510E+04   0.488811E+03
   0.248600E+03   0.597512E+04   0.488833E+03
   0.248700E+03   0.597515E+04   0.488855E+03
   0.248800E+03   0.597517E+04   0.488877E+03
   0.248900E+03   0.597519E+04   0.488899E+03
   0.249000E+03   0.597521E+04   0.488921E+03
   0.249100E+03   0.597523E+04   0.488943E+03
   0.249200E+03   0.597526E+04   0.488965E+03
   0.249300E+03   0.597528E+04   0.488986E+03
   0.249400E+03   0.597530E+04   0.489008E+03
   0.249500E+03   0.597532E+04   0.489030E+03
   0.249600E+03   0.597534E+04   0.489051E+03
   0.249700E+03   0.597536E+04   0.489073E+03
   0.249800E+03   0.597539E+04   0.489095E+03
   0.249900E+03   0.597541E+04   0.489116E+03
