#    time(ps)        R(t,x=0)       J(t,x=L)
   0.000000E+00   0.589945E+01   0.648309E-04
   0.100000E+00   0.169504E+02   0.647200E-04
   0.200000E+00   0.324884E+02   0.645644E-04
   0.300000E+00   0.519233E+02   0.643698E-04
   0.400000E+00   0.747311E+02   0.641415E-04
   0.500000E+00   0.100447E+03   0.638842E-04
   0.600000E+00   0.128658E+03   0.636020E-04
   0.700000E+00   0.158998E+03   0.632984E-04
   0.800000E+00   0.191143E+03   0.629769E-04
   0.900000E+00   0.224807E+03   0.626401E-04
   0.100000E+01   0.259736E+03   0.622908E-04
   0.110000E+01   0.295704E+03   0.619312E-04
   0.120000E+01   0.332514E+03   0.615638E-04
   0.130000E+01   0.369991E+03   0.611921E-04
   0.140000E+01   0.407980E+03   0.608234E-04
   0.150000E+01   0.446346E+03   0.604786E-04
   0.160000E+01   0.484969E+03   0.602177E-04
   0.170000E+01   0.523745E+03   0.602107E-04
   0.180000E+01   0.562583E+03   0.609150E-04
   0.190000E+01   0.601402E+03   0.634984E-04
   0.200000E+01   0.640133E+03   0.707905E-04
   0.210000E+01   0.678715E+03   0.893121E-04
   0.220000E+01   0.717096E+03   0.133382E-03
   0.230000E+01   0.755231E+03   0.233013E-03
   0.240000E+01   0.793080E+03   0.448376E-03
   0.250000E+01   0.830610E+03   0.895007E-03
   0.260000E+01   0.867794E+03   0.178571E-02
   0.270000E+01   0.904608E+03   0.349694E-02
   0.280000E+01   0.941031E+03   0.666913E-02
   0.290000E+01   0.977048E+03   0.123510E-01
   0.300000E+01   0.101265E+04   0.221972E-01
   0.310000E+01   0.104781E+04   0.387254E-01
   0.320000E+01   0.108254E+04   0.656315E-01
   0.330000E+01   0.111683E+04   0.108155E+00
   0.340000E+01   0.115067E+04   0.173468E+00
   0.350000E+01   0.118405E+04   0.271060E+00
   0.360000E+01   0.121699E+04   0.413058E+00
   0.370000E+01   0.124947E+04   0.614437E+00
   0.380000E+01   0.128150E+04   0.893054E+00
   0.390000E+01   0.131309E+04   0.126945E+01
   0.400000E+01   0.134422E+04   0.176640E+01
   0.410000E+01   0.137492E+04   0.240818E+01
   0.420000E+01   0.140518E+04   0.321958E+01
   0.430000E+01   0.143500E+04   0.422471E+01
   0.440000E+01   0.146440E+04   0.544576E+01
   0.450000E+01   0.149337E+04   0.690167E+01
   0.460000E+01   0.152193E+04   0.860695E+01
   0.470000E+01   0.155007E+04   0.105708E+02
   0.480000E+01   0.157781E+04   0.127964E+02
   0.490000E+01   0.160515E+04   0.152807E+02
   0.500000E+01   0.163210E+04   0.180148E+02
   0.510000E+01   0.165867E+04   0.209839E+02
   0.520000E+01   0.168485E+04   0.241688E+02
   0.530000E+01   0.171067E+04   0.275467E+02
   0.540000E+01   0.173611E+04   0.310924E+02
   0.550000E+01   0.176120E+04   0.347793E+02
   0.560000E+01   0.178594E+04   0.385814E+02
   0.570000E+01   0.181033E+04   0.424732E+02
   0.580000E+01   0.183438E+04   0.464314E+02
   0.590000E+01   0.185809E+04   0.504353E+02
   0.600000E+01   0.188148E+04   0.544668E+02
   0.610000E+01   0.190455E+04   0.585111E+02
   0.620000E+01   0.192730E+04   0.625563E+02
   0.630000E+01   0.194975E+04   0.665934E+02
   0.640000E+01   0.197189E+04   0.706159E+02
   0.650000E+01   0.199374E+04   0.746200E+02
   0.660000E+01   0.201529E+04   0.786034E+02
   0.670000E+01   0.203656E+04   0.825657E+02
   0.680000E+01   0.205755E+04   0.865078E+02
   0.690000E+01   0.207826E+04   0.904313E+02
   0.700000E+01   0.209870E+04   0.943390E+02
   0.710000E+01   0.211889E+04   0.982338E+02
   0.720000E+01   0.213881E+04   0.102119E+03
   0.730000E+01   0.215847E+04   0.105998E+03
   0.740000E+01   0.217789E+04   0.109874E+03
   0.750000E+01   0.219707E+04   0.113751E+03
   0.760000E+01   0.221600E+04   0.117631E+03
   0.770000E+01   0.223470E+04   0.121517E+03
   0.780000E+01   0.225317E+04   0.125411E+03
   0.790000E+01   0.227141E+04   0.129315E+03
   0.800000E+01   0.228943E+04   0.133230E+03
   0.810000E+01   0.230723E+04   0.137158E+03
   0.820000E+01   0.232482E+04   0.141098E+03
   0.830000E+01   0.234220E+04   0.145053E+03
   0.840000E+01   0.235937E+04   0.149022E+03
   0.850000E+01   0.237634E+04   0.153005E+03
   0.860000E+01   0.239311E+04   0.157002E+03
   0.870000E+01   0.240969E+04   0.161014E+03
   0.880000E+01   0.242608E+04   0.165041E+03
   0.890000E+01   0.244227E+04   0.169083E+03
   0.900000E+01   0.245829E+04   0.173140E+03
   0.910000E+01   0.247412E+04   0.177213E+03
   0.920000E+01   0.248977E+04   0.181302E+03
   0.930000E+01   0.250525E+04   0.185407E+03
   0.940000E+01   0.252056E+04   0.189528E+03
   0.950000E+01   0.253570E+04   0.193668E+03
   0.960000E+01   0.255067E+04   0.197824E+03
   0.970000E+01   0.256548E+04   0.201999E+03
   0.980000E+01   0.258013E+04   0.206191E+03
   0.990000E+01   0.259462E+04   0.210402E+03
   0.100000E+02   0.260896E+04   0.214631E+03
   0.101000E+02   0.262315E+04   0.218879E+03
   0.102000E+02   0.263718E+04   0.223145E+03
   0.103000E+02   0.265107E+04   0.227428E+03
   0.104000E+02   0.266482E+04   0.231730E+03
   0.105000E+02   0.267842E+04   0.236048E+03
   0.106000E+02   0.269188E+04   0.240383E+03
   0.107000E+02   0.270521E+04   0.244734E+03
   0.108000E+02   0.271840E+04   0.249100E+03
   0.109000E+02   0.273146E+04   0.253481E+03
   0.110000E+02   0.274438E+04   0.257876E+03
   0.111000E+02   0.275718E+04   0.262284E+03
   0.112000E+02   0.276985E+04   0.266704E+03
   0.113000E+02   0.278240E+04   0.271136E+03
   0.114000E+02   0.279482E+04   0.275579E+03
   0.115000E+02   0.280712E+04   0.280033E+03
   0.116000E+02   0.281930E+04   0.284496E+03
   0.117000E+02   0.283137E+04   0.288969E+03
   0.118000E+02   0.284332E+04   0.293449E+03
   0.119000E+02   0.285515E+04   0.297938E+03
   0.120000E+02   0.286688E+04   0.302434E+03
   0.121000E+02   0.287849E+04   0.306937E+03
   0.122000E+02   0.289000E+04   0.311447E+03
   0.123000E+02   0.290140E+04   0.315963E+03
   0.124000E+02   0.291269E+04   0.320484E+03
   0.125000E+02   0.292388E+04   0.325011E+03
   0.126000E+02   0.293497E+04   0.329543E+03
   0.127000E+02   0.294595E+04   0.334080E+03
   0.128000E+02   0.295684E+04   0.338622E+03
   0.129000E+02   0.296763E+04   0.343167E+03
   0.130000E+02   0.297832E+04   0.347717E+03
   0.131000E+02   0.298892E+04   0.352270E+03
   0.132000E+02   0.299942E+04   0.356827E+03
   0.133000E+02   0.300983E+04   0.361386E+03
   0.134000E+02   0.302015E+04   0.365949E+03
   0.135000E+02   0.303038E+04   0.370514E+03
   0.136000E+02   0.304053E+04   0.375082E+03
   0.137000E+02   0.305058E+04   0.379652E+03
   0.138000E+02   0.306055E+04   0.384224E+03
   0.139000E+02   0.307043E+04   0.388797E+03
   0.140000E+02   0.308023E+04   0.393372E+03
   0.141000E+02   0.308995E+04   0.397947E+03
   0.142000E+02   0.309958E+04   0.402524E+03
   0.143000E+02   0.310913E+04   0.407101E+03
   0.144000E+02   0.311861E+04   0.411679E+03
   0.145000E+02   0.312801E+04   0.416256E+03
   0.146000E+02   0.313732E+04   0.420834E+03
   0.147000E+02   0.314657E+04   0.425410E+03
   0.148000E+02   0.315573E+04   0.429987E+03
   0.149000E+02   0.316483E+04   0.434562E+03
   0.150000E+02   0.317384E+04   0.439136E+03
   0.151000E+02   0.318279E+04   0.443709E+03
   0.152000E+02   0.319167E+04   0.448280E+03
   0.153000E+02   0.320047E+04   0.452849E+03
   0.154000E+02   0.320920E+04   0.457416E+03
   0.155000E+02   0.321787E+04   0.461980E+03
   0.156000E+02   0.322647E+04   0.466542E+03
   0.157000E+02   0.323500E+04   0.471101E+03
   0.158000E+02   0.324346E+04   0.475657E+03
   0.159000E+02   0.325186E+04   0.480210E+03
   0.160000E+02   0.326019E+04   0.484759E+03
   0.161000E+02   0.326846E+04   0.489305E+03
   0.162000E+02   0.327667E+04   0.493846E+03
   0.163000E+02   0.328481E+04   0.498384E+03
   0.164000E+02   0.329289E+04   0.502917E+03
   0.165000E+02   0.330091E+04   0.507446E+03
   0.166000E+02   0.330888E+04   0.511970E+03
   0.167000E+02   0.331678E+04   0.516489E+03
   0.168000E+02   0.332462E+04   0.521003E+03
   0.169000E+02   0.333240E+04   0.525512E+03
   0.170000E+02   0.334013E+04   0.530015E+03
   0.171000E+02   0.334780E+04   0.534513E+03
   0.172000E+02   0.335541E+04   0.539005E+03
   0.173000E+02   0.336297E+04   0.543491E+03
   0.174000E+02   0.337047E+04   0.547971E+03
   0.175000E+02   0.337792E+04   0.552444E+03
   0.176000E+02   0.338532E+04   0.556911E+03
   0.177000E+02   0.339266E+04   0.561371E+03
   0.178000E+02   0.339995E+04   0.565825E+03
   0.179000E+02   0.340719E+04   0.570271E+03
   0.180000E+02   0.341437E+04   0.574711E+03
   0.181000E+02   0.342151E+04   0.579143E+03
   0.182000E+02   0.342859E+04   0.583568E+03
   0.183000E+02   0.343563E+04   0.587985E+03
   0.184000E+02   0.344261E+04   0.592395E+03
   0.185000E+02   0.344955E+04   0.596797E+03
   0.186000E+02   0.345644E+04   0.601190E+03
   0.187000E+02   0.346328E+04   0.605576E+03
   0.188000E+02   0.347008E+04   0.609954E+03
   0.189000E+02   0.347683E+04   0.614323E+03
   0.190000E+02   0.348353E+04   0.618683E+03
   0.191000E+02   0.349018E+04   0.623035E+03
   0.192000E+02   0.349680E+04   0.627379E+03
   0.193000E+02   0.350336E+04   0.631713E+03
   0.194000E+02   0.350988E+04   0.636039E+03
   0.195000E+02   0.351636E+04   0.640355E+03
   0.196000E+02   0.352280E+04   0.644663E+03
   0.197000E+02   0.352919E+04   0.648961E+03
   0.198000E+02   0.353554E+04   0.653250E+03
   0.199000E+02   0.354185E+04   0.657529E+03
   0.200000E+02   0.354811E+04   0.661799E+03
   0.201000E+02   0.355434E+04   0.666059E+03
   0.202000E+02   0.356052E+04   0.670309E+03
   0.203000E+02   0.356667E+04   0.674549E+03
   0.204000E+02   0.357277E+04   0.678780E+03
   0.205000E+02   0.357884E+04   0.683000E+03
   0.206000E+02   0.358486E+04   0.687210E+03
   0.207000E+02   0.359085E+04   0.691410E+03
   0.208000E+02   0.359679E+04   0.695600E+03
   0.209000E+02   0.360270E+04   0.699780E+03
   0.210000E+02   0.360858E+04   0.703949E+03
   0.211000E+02   0.361441E+04   0.708107E+03
   0.212000E+02   0.362021E+04   0.712255E+03
   0.213000E+02   0.362597E+04   0.716392E+03
   0.214000E+02   0.363169E+04   0.720518E+03
   0.215000E+02   0.363738E+04   0.724634E+03
   0.216000E+02   0.364303E+04   0.728739E+03
   0.217000E+02   0.364865E+04   0.732833E+03
   0.218000E+02   0.365423E+04   0.736915E+03
   0.219000E+02   0.365978E+04   0.740987E+03
   0.220000E+02   0.366529E+04   0.745048E+03
   0.221000E+02   0.367077E+04   0.749097E+03
   0.222000E+02   0.367622E+04   0.753135E+03
   0.223000E+02   0.368163E+04   0.757162E+03
   0.224000E+02   0.368701E+04   0.761178E+03
   0.225000E+02   0.369235E+04   0.765182E+03
   0.226000E+02   0.369767E+04   0.769175E+03
   0.227000E+02   0.370295E+04   0.773156E+03
   0.228000E+02   0.370820E+04   0.777126E+03
   0.229000E+02   0.371341E+04   0.781084E+03
   0.230000E+02   0.371860E+04   0.785030E+03
   0.231000E+02   0.372375E+04   0.788965E+03
   0.232000E+02   0.372888E+04   0.792888E+03
   0.233000E+02   0.373397E+04   0.796800E+03
   0.234000E+02   0.373903E+04   0.800700E+03
   0.235000E+02   0.374407E+04   0.804587E+03
   0.236000E+02   0.374907E+04   0.808463E+03
   0.237000E+02   0.375404E+04   0.812328E+03
   0.238000E+02   0.375898E+04   0.816180E+03
   0.239000E+02   0.376390E+04   0.820020E+03
   0.240000E+02   0.376878E+04   0.823848E+03
   0.241000E+02   0.377364E+04   0.827665E+03
   0.242000E+02   0.377847E+04   0.831469E+03
   0.243000E+02   0.378327E+04   0.835261E+03
   0.244000E+02   0.378804E+04   0.839041E+03
   0.245000E+02   0.379279E+04   0.842810E+03
   0.246000E+02   0.379751E+04   0.846566E+03
   0.247000E+02   0.380220E+04   0.850309E+03
   0.248000E+02   0.380686E+04   0.854041E+03
   0.249000E+02   0.381149E+04   0.857761E+03
   0.250000E+02   0.381610E+04   0.861468E+03
   0.251000E+02   0.382069E+04   0.865163E+03
   0.252000E+02   0.382524E+04   0.868846E+03
   0.253000E+02   0.382978E+04   0.872517E+03
   0.254000E+02   0.383428E+04   0.876175E+03
   0.255000E+02   0.383876E+04   0.879822E+03
   0.256000E+02   0.384321E+04   0.883456E+03
   0.257000E+02   0.384764E+04   0.887077E+03
   0.258000E+02   0.385205E+04   0.890687E+03
   0.259000E+02   0.385643E+04   0.894284E+03
   0.260000E+02   0.386078E+04   0.897869E+03
   0.261000E+02   0.386511E+04   0.901441E+03
   0.262000E+02   0.386942E+04   0.905002E+03
   0.263000E+02   0.387370E+04   0.908550E+03
   0.264000E+02   0.387796E+04   0.912085E+03
   0.265000E+02   0.388219E+04   0.915609E+03
   0.266000E+02   0.388640E+04   0.919120E+03
   0.267000E+02   0.389059E+04   0.922618E+03
   0.268000E+02   0.389476E+04   0.926105E+03
   0.269000E+02   0.389890E+04   0.929579E+03
   0.270000E+02   0.390302E+04   0.933041E+03
   0.271000E+02   0.390711E+04   0.936490E+03
   0.272000E+02   0.391119E+04   0.939927E+03
   0.273000E+02   0.391524E+04   0.943352E+03
   0.274000E+02   0.391927E+04   0.946765E+03
   0.275000E+02   0.392328E+04   0.950165E+03
   0.276000E+02   0.392726E+04   0.953553E+03
   0.277000E+02   0.393122E+04   0.956929E+03
   0.278000E+02   0.393517E+04   0.960293E+03
   0.279000E+02   0.393909E+04   0.963644E+03
   0.280000E+02   0.394299E+04   0.966983E+03
   0.281000E+02   0.394687E+04   0.970310E+03
   0.282000E+02   0.395072E+04   0.973624E+03
   0.283000E+02   0.395456E+04   0.976927E+03
   0.284000E+02   0.395838E+04   0.980217E+03
   0.285000E+02   0.396217E+04   0.983495E+03
   0.286000E+02   0.396595E+04   0.986761E+03
   0.287000E+02   0.396971E+04   0.990014E+03
   0.288000E+02   0.397344E+04   0.993256E+03
   0.289000E+02   0.397716E+04   0.996485E+03
   0.290000E+02   0.398085E+04   0.999702E+03
   0.291000E+02   0.398453E+04   0.100291E+04
   0.292000E+02   0.398819E+04   0.100610E+04
   0.293000E+02   0.399182E+04   0.100928E+04
   0.294000E+02   0.399544E+04   0.101245E+04
   0.295000E+02   0.399904E+04   0.101561E+04
   0.296000E+02   0.400262E+04   0.101875E+04
   0.297000E+02   0.400618E+04   0.102189E+04
   0.298000E+02   0.400972E+04   0.102501E+04
   0.299000E+02   0.401325E+04   0.102812E+04
   0.300000E+02   0.401675E+04   0.103121E+04
   0.301000E+02   0.402024E+04   0.103430E+04
   0.302000E+02   0.402371E+04   0.103737E+04
   0.303000E+02   0.402716E+04   0.104043E+04
   0.304000E+02   0.403059E+04   0.104348E+04
   0.305000E+02   0.403401E+04   0.104652E+04
   0.306000E+02   0.403740E+04   0.104954E+04
   0.307000E+02   0.404078E+04   0.105256E+04
   0.308000E+02   0.404415E+04   0.105556E+04
   0.309000E+02   0.404749E+04   0.105855E+04
   0.310000E+02   0.405082E+04   0.106153E+04
   0.311000E+02   0.405413E+04   0.106450E+04
   0.312000E+02   0.405742E+04   0.106745E+04
   0.313000E+02   0.406070E+04   0.107040E+04
   0.314000E+02   0.406396E+04   0.107333E+04
   0.315000E+02   0.406720E+04   0.107625E+04
   0.316000E+02   0.407043E+04   0.107916E+04
   0.317000E+02   0.407364E+04   0.108206E+04
   0.318000E+02   0.407683E+04   0.108494E+04
   0.319000E+02   0.408001E+04   0.108782E+04
   0.320000E+02   0.408317E+04   0.109068E+04
   0.321000E+02   0.408631E+04   0.109353E+04
   0.322000E+02   0.408944E+04   0.109637E+04
   0.323000E+02   0.409255E+04   0.109920E+04
   0.324000E+02   0.409565E+04   0.110202E+04
   0.325000E+02   0.409873E+04   0.110482E+04
   0.326000E+02   0.410180E+04   0.110762E+04
   0.327000E+02   0.410485E+04   0.111040E+04
   0.328000E+02   0.410788E+04   0.111318E+04
   0.329000E+02   0.411090E+04   0.111594E+04
   0.330000E+02   0.411390E+04   0.111869E+04
   0.331000E+02   0.411689E+04   0.112143E+04
   0.332000E+02   0.411987E+04   0.112415E+04
   0.333000E+02   0.412282E+04   0.112687E+04
   0.334000E+02   0.412577E+04   0.112958E+04
   0.335000E+02   0.412870E+04   0.113227E+04
   0.336000E+02   0.413161E+04   0.113495E+04
   0.337000E+02   0.413451E+04   0.113763E+04
   0.338000E+02   0.413740E+04   0.114029E+04
   0.339000E+02   0.414027E+04   0.114294E+04
   0.340000E+02   0.414313E+04   0.114558E+04
   0.341000E+02   0.414597E+04   0.114821E+04
   0.342000E+02   0.414880E+04   0.115083E+04
   0.343000E+02   0.415161E+04   0.115343E+04
   0.344000E+02   0.415441E+04   0.115603E+04
   0.345000E+02   0.415720E+04   0.115862E+04
   0.346000E+02   0.415997E+04   0.116119E+04
   0.347000E+02   0.416273E+04   0.116375E+04
   0.348000E+02   0.416547E+04   0.116631E+04
   0.349000E+02   0.416820E+04   0.116885E+04
   0.350000E+02   0.417092E+04   0.117139E+04
   0.351000E+02   0.417363E+04   0.117391E+04
   0.352000E+02   0.417632E+04   0.117642E+04
   0.353000E+02   0.417899E+04   0.117892E+04
   0.354000E+02   0.418166E+04   0.118141E+04
   0.355000E+02   0.418431E+04   0.118389E+04
   0.356000E+02   0.418695E+04   0.118636E+04
   0.357000E+02   0.418957E+04   0.118882E+04
   0.358000E+02   0.419219E+04   0.119127E+04
   0.359000E+02   0.419479E+04   0.119371E+04
   0.360000E+02   0.419737E+04   0.119614E+04
   0.361000E+02   0.419995E+04   0.119856E+04
   0.362000E+02   0.420251E+04   0.120097E+04
   0.363000E+02   0.420506E+04   0.120336E+04
   0.364000E+02   0.420759E+04   0.120575E+04
   0.365000E+02   0.421012E+04   0.120813E+04
   0.366000E+02   0.421263E+04   0.121050E+04
   0.367000E+02   0.421513E+04   0.121286E+04
   0.368000E+02   0.421762E+04   0.121521E+04
   0.369000E+02   0.422009E+04   0.121754E+04
   0.370000E+02   0.422256E+04   0.121987E+04
   0.371000E+02   0.422501E+04   0.122219E+04
   0.372000E+02   0.422745E+04   0.122450E+04
   0.373000E+02   0.422987E+04   0.122680E+04
   0.374000E+02   0.423229E+04   0.122909E+04
   0.375000E+02   0.423469E+04   0.123137E+04
   0.376000E+02   0.423709E+04   0.123364E+04
   0.377000E+02   0.423947E+04   0.123590E+04
   0.378000E+02   0.424184E+04   0.123815E+04
   0.379000E+02   0.424419E+04   0.124039E+04
   0.380000E+02   0.424654E+04   0.124262E+04
   0.381000E+02   0.424887E+04   0.124484E+04
   0.382000E+02   0.425120E+04   0.124705E+04
   0.383000E+02   0.425351E+04   0.124926E+04
   0.384000E+02   0.425581E+04   0.125145E+04
   0.385000E+02   0.425810E+04   0.125363E+04
   0.386000E+02   0.426038E+04   0.125581E+04
   0.387000E+02   0.426265E+04   0.125797E+04
   0.388000E+02   0.426491E+04   0.126013E+04
   0.389000E+02   0.426715E+04   0.126228E+04
   0.390000E+02   0.426939E+04   0.126441E+04
   0.391000E+02   0.427161E+04   0.126654E+04
   0.392000E+02   0.427383E+04   0.126866E+04
   0.393000E+02   0.427603E+04   0.127077E+04
   0.394000E+02   0.427822E+04   0.127287E+04
   0.395000E+02   0.428041E+04   0.127496E+04
   0.396000E+02   0.428258E+04   0.127705E+04
   0.397000E+02   0.428474E+04   0.127912E+04
   0.398000E+02   0.428689E+04   0.128118E+04
   0.399000E+02   0.428903E+04   0.128324E+04
   0.400000E+02   0.429116E+04   0.128529E+04
   0.401000E+02   0.429328E+04   0.128733E+04
   0.402000E+02   0.429539E+04   0.128935E+04
   0.403000E+02   0.429749E+04   0.129138E+04
   0.404000E+02   0.429958E+04   0.129339E+04
   0.405000E+02   0.430166E+04   0.129539E+04
   0.406000E+02   0.430374E+04   0.129738E+04
   0.407000E+02   0.430580E+04   0.129937E+04
   0.408000E+02   0.430785E+04   0.130135E+04
   0.409000E+02   0.430989E+04   0.130331E+04
   0.410000E+02   0.431192E+04   0.130527E+04
   0.411000E+02   0.431394E+04   0.130723E+04
   0.412000E+02   0.431595E+04   0.130917E+04
   0.413000E+02   0.431796E+04   0.131110E+04
   0.414000E+02   0.431995E+04   0.131303E+04
   0.415000E+02   0.432193E+04   0.131495E+04
   0.416000E+02   0.432391E+04   0.131686E+04
   0.417000E+02   0.432587E+04   0.131876E+04
   0.418000E+02   0.432783E+04   0.132065E+04
   0.419000E+02   0.432977E+04   0.132253E+04
   0.420000E+02   0.433171E+04   0.132441E+04
   0.421000E+02   0.433364E+04   0.132628E+04
   0.422000E+02   0.433556E+04   0.132814E+04
   0.423000E+02   0.433747E+04   0.132999E+04
   0.424000E+02   0.433937E+04   0.133183E+04
   0.425000E+02   0.434126E+04   0.133367E+04
   0.426000E+02   0.434314E+04   0.133549E+04
   0.427000E+02   0.434501E+04   0.133731E+04
   0.428000E+02   0.434688E+04   0.133912E+04
   0.429000E+02   0.434873E+04   0.134093E+04
   0.430000E+02   0.435058E+04   0.134272E+04
   0.431000E+02   0.435242E+04   0.134451E+04
   0.432000E+02   0.435425E+04   0.134629E+04
   0.433000E+02   0.435607E+04   0.134806E+04
   0.434000E+02   0.435788E+04   0.134982E+04
   0.435000E+02   0.435969E+04   0.135158E+04
   0.436000E+02   0.436148E+04   0.135333E+04
   0.437000E+02   0.436327E+04   0.135507E+04
   0.438000E+02   0.436505E+04   0.135680E+04
   0.439000E+02   0.436682E+04   0.135853E+04
   0.440000E+02   0.436858E+04   0.136024E+04
   0.441000E+02   0.437034E+04   0.136195E+04
   0.442000E+02   0.437208E+04   0.136366E+04
   0.443000E+02   0.437382E+04   0.136535E+04
   0.444000E+02   0.437555E+04   0.136704E+04
   0.445000E+02   0.437727E+04   0.136872E+04
   0.446000E+02   0.437898E+04   0.137039E+04
   0.447000E+02   0.438069E+04   0.137206E+04
   0.448000E+02   0.438239E+04   0.137372E+04
   0.449000E+02   0.438408E+04   0.137537E+04
   0.450000E+02   0.438576E+04   0.137701E+04
   0.451000E+02   0.438743E+04   0.137865E+04
   0.452000E+02   0.438910E+04   0.138027E+04
   0.453000E+02   0.439075E+04   0.138190E+04
   0.454000E+02   0.439240E+04   0.138351E+04
   0.455000E+02   0.439405E+04   0.138512E+04
   0.456000E+02   0.439568E+04   0.138672E+04
   0.457000E+02   0.439731E+04   0.138831E+04
   0.458000E+02   0.439893E+04   0.138990E+04
   0.459000E+02   0.440054E+04   0.139148E+04
   0.460000E+02   0.440214E+04   0.139305E+04
   0.461000E+02   0.440374E+04   0.139461E+04
   0.462000E+02   0.440533E+04   0.139617E+04
   0.463000E+02   0.440691E+04   0.139772E+04
   0.464000E+02   0.440849E+04   0.139926E+04
   0.465000E+02   0.441005E+04   0.140080E+04
   0.466000E+02   0.441161E+04   0.140233E+04
   0.467000E+02   0.441317E+04   0.140386E+04
   0.468000E+02   0.441471E+04   0.140537E+04
   0.469000E+02   0.441625E+04   0.140688E+04
   0.470000E+02   0.441778E+04   0.140839E+04
   0.471000E+02   0.441930E+04   0.140988E+04
   0.472000E+02   0.442082E+04   0.141137E+04
   0.473000E+02   0.442233E+04   0.141286E+04
   0.474000E+02   0.442383E+04   0.141433E+04
   0.475000E+02   0.442533E+04   0.141580E+04
   0.476000E+02   0.442682E+04   0.141727E+04
   0.477000E+02   0.442830E+04   0.141872E+04
   0.478000E+02   0.442977E+04   0.142017E+04
   0.479000E+02   0.443124E+04   0.142162E+04
   0.480000E+02   0.443270E+04   0.142306E+04
   0.481000E+02   0.443416E+04   0.142449E+04
   0.482000E+02   0.443560E+04   0.142591E+04
   0.483000E+02   0.443705E+04   0.142733E+04
   0.484000E+02   0.443848E+04   0.142874E+04
   0.485000E+02   0.443991E+04   0.143015E+04
   0.486000E+02   0.444133E+04   0.143155E+04
   0.487000E+02   0.444274E+04   0.143294E+04
   0.488000E+02   0.444415E+04   0.143433E+04
   0.489000E+02   0.444555E+04   0.143571E+04
   0.490000E+02   0.444695E+04   0.143708E+04
   0.491000E+02   0.444834E+04   0.143845E+04
   0.492000E+02   0.444972E+04   0.143981E+04
   0.493000E+02   0.445109E+04   0.144117E+04
   0.494000E+02   0.445246E+04   0.144252E+04
   0.495000E+02   0.445382E+04   0.144386E+04
   0.496000E+02   0.445518E+04   0.144520E+04
   0.497000E+02   0.445653E+04   0.144653E+04
   0.498000E+02   0.445787E+04   0.144786E+04
   0.499000E+02   0.445921E+04   0.144918E+04
   0.500000E+02   0.446054E+04   0.145050E+04
   0.501000E+02   0.446187E+04   0.145180E+04
   0.502000E+02   0.446319E+04   0.145311E+04
   0.503000E+02   0.446450E+04   0.145440E+04
   0.504000E+02   0.446581E+04   0.145569E+04
   0.505000E+02   0.446711E+04   0.145698E+04
   0.506000E+02   0.446840E+04   0.145826E+04
   0.507000E+02   0.446969E+04   0.145953E+04
   0.508000E+02   0.447098E+04   0.146080E+04
   0.509000E+02   0.447225E+04   0.146206E+04
   0.510000E+02   0.447352E+04   0.146332E+04
   0.511000E+02   0.447479E+04   0.146457E+04
   0.512000E+02   0.447605E+04   0.146581E+04
   0.513000E+02   0.447730E+04   0.146705E+04
   0.514000E+02   0.447855E+04   0.146829E+04
   0.515000E+02   0.447979E+04   0.146952E+04
   0.516000E+02   0.448103E+04   0.147074E+04
   0.517000E+02   0.448226E+04   0.147196E+04
   0.518000E+02   0.448348E+04   0.147317E+04
   0.519000E+02   0.448470E+04   0.147438E+04
   0.520000E+02   0.448592E+04   0.147558E+04
   0.521000E+02   0.448713E+04   0.147677E+04
   0.522000E+02   0.448833E+04   0.147796E+04
   0.523000E+02   0.448953E+04   0.147915E+04
   0.524000E+02   0.449072E+04   0.148033E+04
   0.525000E+02   0.449190E+04   0.148150E+04
   0.526000E+02   0.449308E+04   0.148267E+04
   0.527000E+02   0.449426E+04   0.148383E+04
   0.528000E+02   0.449543E+04   0.148499E+04
   0.529000E+02   0.449659E+04   0.148615E+04
   0.530000E+02   0.449775E+04   0.148729E+04
   0.531000E+02   0.449890E+04   0.148844E+04
   0.532000E+02   0.450005E+04   0.148958E+04
   0.533000E+02   0.450120E+04   0.149071E+04
   0.534000E+02   0.450233E+04   0.149184E+04
   0.535000E+02   0.450347E+04   0.149296E+04
   0.536000E+02   0.450459E+04   0.149408E+04
   0.537000E+02   0.450571E+04   0.149519E+04
   0.538000E+02   0.450683E+04   0.149630E+04
   0.539000E+02   0.450794E+04   0.149740E+04
   0.540000E+02   0.450905E+04   0.149850E+04
   0.541000E+02   0.451015E+04   0.149959E+04
   0.542000E+02   0.451125E+04   0.150068E+04
   0.543000E+02   0.451234E+04   0.150176E+04
   0.544000E+02   0.451343E+04   0.150284E+04
   0.545000E+02   0.451451E+04   0.150391E+04
   0.546000E+02   0.451558E+04   0.150498E+04
   0.547000E+02   0.451665E+04   0.150604E+04
   0.548000E+02   0.451772E+04   0.150710E+04
   0.549000E+02   0.451878E+04   0.150815E+04
   0.550000E+02   0.451984E+04   0.150920E+04
   0.551000E+02   0.452089E+04   0.151025E+04
   0.552000E+02   0.452194E+04   0.151128E+04
   0.553000E+02   0.452298E+04   0.151232E+04
   0.554000E+02   0.452402E+04   0.151335E+04
   0.555000E+02   0.452505E+04   0.151437E+04
   0.556000E+02   0.452608E+04   0.151540E+04
   0.557000E+02   0.452710E+04   0.151641E+04
   0.558000E+02   0.452812E+04   0.151742E+04
   0.559000E+02   0.452913E+04   0.151843E+04
   0.560000E+02   0.453014E+04   0.151943E+04
   0.561000E+02   0.453115E+04   0.152043E+04
   0.562000E+02   0.453215E+04   0.152142E+04
   0.563000E+02   0.453314E+04   0.152241E+04
   0.564000E+02   0.453413E+04   0.152340E+04
   0.565000E+02   0.453512E+04   0.152438E+04
   0.566000E+02   0.453610E+04   0.152535E+04
   0.567000E+02   0.453708E+04   0.152632E+04
   0.568000E+02   0.453805E+04   0.152729E+04
   0.569000E+02   0.453902E+04   0.152825E+04
   0.570000E+02   0.453998E+04   0.152921E+04
   0.571000E+02   0.454094E+04   0.153017E+04
   0.572000E+02   0.454190E+04   0.153111E+04
   0.573000E+02   0.454285E+04   0.153206E+04
   0.574000E+02   0.454379E+04   0.153300E+04
   0.575000E+02   0.454474E+04   0.153394E+04
   0.576000E+02   0.454567E+04   0.153487E+04
   0.577000E+02   0.454661E+04   0.153580E+04
   0.578000E+02   0.454753E+04   0.153672E+04
   0.579000E+02   0.454846E+04   0.153764E+04
   0.580000E+02   0.454938E+04   0.153856E+04
   0.581000E+02   0.455030E+04   0.153947E+04
   0.582000E+02   0.455121E+04   0.154038E+04
   0.583000E+02   0.455212E+04   0.154128E+04
   0.584000E+02   0.455302E+04   0.154218E+04
   0.585000E+02   0.455392E+04   0.154307E+04
   0.586000E+02   0.455481E+04   0.154396E+04
   0.587000E+02   0.455571E+04   0.154485E+04
   0.588000E+02   0.455659E+04   0.154573E+04
   0.589000E+02   0.455748E+04   0.154661E+04
   0.590000E+02   0.455836E+04   0.154749E+04
   0.591000E+02   0.455923E+04   0.154836E+04
   0.592000E+02   0.456010E+04   0.154923E+04
   0.593000E+02   0.456097E+04   0.155009E+04
   0.594000E+02   0.456183E+04   0.155095E+04
   0.595000E+02   0.456269E+04   0.155180E+04
   0.596000E+02   0.456355E+04   0.155265E+04
   0.597000E+02   0.456440E+04   0.155350E+04
   0.598000E+02   0.456524E+04   0.155435E+04
   0.599000E+02   0.456609E+04   0.155519E+04
   0.600000E+02   0.456693E+04   0.155602E+04
   0.601000E+02   0.456776E+04   0.155685E+04
   0.602000E+02   0.456860E+04   0.155768E+04
   0.603000E+02   0.456942E+04   0.155851E+04
   0.604000E+02   0.457025E+04   0.155933E+04
   0.605000E+02   0.457107E+04   0.156015E+04
   0.606000E+02   0.457189E+04   0.156096E+04
   0.607000E+02   0.457270E+04   0.156177E+04
   0.608000E+02   0.457351E+04   0.156258E+04
   0.609000E+02   0.457431E+04   0.156338E+04
   0.610000E+02   0.457512E+04   0.156418E+04
   0.611000E+02   0.457591E+04   0.156497E+04
   0.612000E+02   0.457671E+04   0.156576E+04
   0.613000E+02   0.457750E+04   0.156655E+04
   0.614000E+02   0.457829E+04   0.156734E+04
   0.615000E+02   0.457907E+04   0.156812E+04
   0.616000E+02   0.457985E+04   0.156890E+04
   0.617000E+02   0.458063E+04   0.156967E+04
   0.618000E+02   0.458140E+04   0.157044E+04
   0.619000E+02   0.458217E+04   0.157121E+04
   0.620000E+02   0.458294E+04   0.157197E+04
   0.621000E+02   0.458370E+04   0.157273E+04
   0.622000E+02   0.458446E+04   0.157349E+04
   0.623000E+02   0.458521E+04   0.157424E+04
   0.624000E+02   0.458596E+04   0.157499E+04
   0.625000E+02   0.458671E+04   0.157574E+04
   0.626000E+02   0.458746E+04   0.157648E+04
   0.627000E+02   0.458820E+04   0.157722E+04
   0.628000E+02   0.458894E+04   0.157795E+04
   0.629000E+02   0.458967E+04   0.157869E+04
   0.630000E+02   0.459041E+04   0.157942E+04
   0.631000E+02   0.459113E+04   0.158014E+04
   0.632000E+02   0.459186E+04   0.158087E+04
   0.633000E+02   0.459258E+04   0.158159E+04
   0.634000E+02   0.459330E+04   0.158230E+04
   0.635000E+02   0.459401E+04   0.158301E+04
   0.636000E+02   0.459473E+04   0.158372E+04
   0.637000E+02   0.459543E+04   0.158443E+04
   0.638000E+02   0.459614E+04   0.158513E+04
   0.639000E+02   0.459684E+04   0.158583E+04
   0.640000E+02   0.459754E+04   0.158653E+04
   0.641000E+02   0.459824E+04   0.158723E+04
   0.642000E+02   0.459893E+04   0.158792E+04
   0.643000E+02   0.459962E+04   0.158860E+04
   0.644000E+02   0.460030E+04   0.158929E+04
   0.645000E+02   0.460099E+04   0.158997E+04
   0.646000E+02   0.460167E+04   0.159065E+04
   0.647000E+02   0.460234E+04   0.159132E+04
   0.648000E+02   0.460302E+04   0.159200E+04
   0.649000E+02   0.460369E+04   0.159266E+04
   0.650000E+02   0.460436E+04   0.159333E+04
   0.651000E+02   0.460502E+04   0.159399E+04
   0.652000E+02   0.460568E+04   0.159465E+04
   0.653000E+02   0.460634E+04   0.159531E+04
   0.654000E+02   0.460700E+04   0.159596E+04
   0.655000E+02   0.460765E+04   0.159662E+04
   0.656000E+02   0.460830E+04   0.159726E+04
   0.657000E+02   0.460895E+04   0.159791E+04
   0.658000E+02   0.460959E+04   0.159855E+04
   0.659000E+02   0.461023E+04   0.159919E+04
   0.660000E+02   0.461087E+04   0.159983E+04
   0.661000E+02   0.461150E+04   0.160046E+04
   0.662000E+02   0.461213E+04   0.160109E+04
   0.663000E+02   0.461276E+04   0.160172E+04
   0.664000E+02   0.461339E+04   0.160234E+04
   0.665000E+02   0.461401E+04   0.160296E+04
   0.666000E+02   0.461463E+04   0.160358E+04
   0.667000E+02   0.461525E+04   0.160420E+04
   0.668000E+02   0.461587E+04   0.160481E+04
   0.669000E+02   0.461648E+04   0.160542E+04
   0.670000E+02   0.461709E+04   0.160603E+04
   0.671000E+02   0.461769E+04   0.160664E+04
   0.672000E+02   0.461830E+04   0.160724E+04
   0.673000E+02   0.461890E+04   0.160784E+04
   0.674000E+02   0.461950E+04   0.160844E+04
   0.675000E+02   0.462009E+04   0.160903E+04
   0.676000E+02   0.462068E+04   0.160962E+04
   0.677000E+02   0.462127E+04   0.161021E+04
   0.678000E+02   0.462186E+04   0.161080E+04
   0.679000E+02   0.462245E+04   0.161138E+04
   0.680000E+02   0.462303E+04   0.161196E+04
   0.681000E+02   0.462361E+04   0.161254E+04
   0.682000E+02   0.462418E+04   0.161312E+04
   0.683000E+02   0.462476E+04   0.161369E+04
   0.684000E+02   0.462533E+04   0.161426E+04
   0.685000E+02   0.462590E+04   0.161483E+04
   0.686000E+02   0.462646E+04   0.161539E+04
   0.687000E+02   0.462703E+04   0.161596E+04
   0.688000E+02   0.462759E+04   0.161652E+04
   0.689000E+02   0.462815E+04   0.161707E+04
   0.690000E+02   0.462870E+04   0.161763E+04
   0.691000E+02   0.462926E+04   0.161818E+04
   0.692000E+02   0.462981E+04   0.161873E+04
   0.693000E+02   0.463035E+04   0.161928E+04
   0.694000E+02   0.463090E+04   0.161982E+04
   0.695000E+02   0.463144E+04   0.162037E+04
   0.696000E+02   0.463198E+04   0.162091E+04
   0.697000E+02   0.463252E+04   0.162144E+04
   0.698000E+02   0.463306E+04   0.162198E+04
   0.699000E+02   0.463359E+04   0.162251E+04
   0.700000E+02   0.463412E+04   0.162304E+04
   0.701000E+02   0.463465E+04   0.162357E+04
   0.702000E+02   0.463518E+04   0.162410E+04
   0.703000E+02   0.463570E+04   0.162462E+04
   0.704000E+02   0.463622E+04   0.162514E+04
   0.705000E+02   0.463674E+04   0.162566E+04
   0.706000E+02   0.463726E+04   0.162617E+04
   0.707000E+02   0.463777E+04   0.162669E+04
   0.708000E+02   0.463829E+04   0.162720E+04
   0.709000E+02   0.463880E+04   0.162771E+04
   0.710000E+02   0.463930E+04   0.162821E+04
   0.711000E+02   0.463981E+04   0.162872E+04
   0.712000E+02   0.464031E+04   0.162922E+04
   0.713000E+02   0.464081E+04   0.162972E+04
   0.714000E+02   0.464131E+04   0.163022E+04
   0.715000E+02   0.464180E+04   0.163071E+04
   0.716000E+02   0.464230E+04   0.163121E+04
   0.717000E+02   0.464279E+04   0.163170E+04
   0.718000E+02   0.464328E+04   0.163219E+04
   0.719000E+02   0.464377E+04   0.163267E+04
   0.720000E+02   0.464425E+04   0.163316E+04
   0.721000E+02   0.464473E+04   0.163364E+04
   0.722000E+02   0.464521E+04   0.163412E+04
   0.723000E+02   0.464569E+04   0.163460E+04
   0.724000E+02   0.464617E+04   0.163507E+04
   0.725000E+02   0.464664E+04   0.163554E+04
   0.726000E+02   0.464711E+04   0.163601E+04
   0.727000E+02   0.464758E+04   0.163648E+04
   0.728000E+02   0.464805E+04   0.163695E+04
   0.729000E+02   0.464851E+04   0.163742E+04
   0.730000E+02   0.464898E+04   0.163788E+04
   0.731000E+02   0.464944E+04   0.163834E+04
   0.732000E+02   0.464990E+04   0.163880E+04
   0.733000E+02   0.465035E+04   0.163925E+04
   0.734000E+02   0.465081E+04   0.163971E+04
   0.735000E+02   0.465126E+04   0.164016E+04
   0.736000E+02   0.465171E+04   0.164061E+04
   0.737000E+02   0.465216E+04   0.164106E+04
   0.738000E+02   0.465260E+04   0.164150E+04
   0.739000E+02   0.465305E+04   0.164195E+04
   0.740000E+02   0.465349E+04   0.164239E+04
   0.741000E+02   0.465393E+04   0.164283E+04
   0.742000E+02   0.465437E+04   0.164327E+04
   0.743000E+02   0.465481E+04   0.164370E+04
   0.744000E+02   0.465524E+04   0.164414E+04
   0.745000E+02   0.465567E+04   0.164457E+04
   0.746000E+02   0.465610E+04   0.164500E+04
   0.747000E+02   0.465653E+04   0.164543E+04
   0.748000E+02   0.465696E+04   0.164585E+04
   0.749000E+02   0.465738E+04   0.164628E+04
   0.750000E+02   0.465780E+04   0.164670E+04
   0.751000E+02   0.465822E+04   0.164712E+04
   0.752000E+02   0.465864E+04   0.164754E+04
   0.753000E+02   0.465906E+04   0.164795E+04
   0.754000E+02   0.465947E+04   0.164837E+04
   0.755000E+02   0.465989E+04   0.164878E+04
   0.756000E+02   0.466030E+04   0.164919E+04
   0.757000E+02   0.466071E+04   0.164960E+04
   0.758000E+02   0.466112E+04   0.165001E+04
   0.759000E+02   0.466152E+04   0.165041E+04
   0.760000E+02   0.466192E+04   0.165082E+04
   0.761000E+02   0.466233E+04   0.165122E+04
   0.762000E+02   0.466273E+04   0.165162E+04
   0.763000E+02   0.466312E+04   0.165201E+04
   0.764000E+02   0.466352E+04   0.165241E+04
   0.765000E+02   0.466392E+04   0.165280E+04
   0.766000E+02   0.466431E+04   0.165320E+04
   0.767000E+02   0.466470E+04   0.165359E+04
   0.768000E+02   0.466509E+04   0.165398E+04
   0.769000E+02   0.466548E+04   0.165436E+04
   0.770000E+02   0.466586E+04   0.165475E+04
   0.771000E+02   0.466624E+04   0.165513E+04
   0.772000E+02   0.466663E+04   0.165551E+04
   0.773000E+02   0.466701E+04   0.165589E+04
   0.774000E+02   0.466739E+04   0.165627E+04
   0.775000E+02   0.466776E+04   0.165665E+04
   0.776000E+02   0.466814E+04   0.165702E+04
   0.777000E+02   0.466851E+04   0.165740E+04
   0.778000E+02   0.466888E+04   0.165777E+04
   0.779000E+02   0.466925E+04   0.165814E+04
   0.780000E+02   0.466962E+04   0.165851E+04
   0.781000E+02   0.466999E+04   0.165887E+04
   0.782000E+02   0.467035E+04   0.165924E+04
   0.783000E+02   0.467072E+04   0.165960E+04
   0.784000E+02   0.467108E+04   0.165996E+04
   0.785000E+02   0.467144E+04   0.166032E+04
   0.786000E+02   0.467180E+04   0.166068E+04
   0.787000E+02   0.467215E+04   0.166104E+04
   0.788000E+02   0.467251E+04   0.166139E+04
   0.789000E+02   0.467286E+04   0.166175E+04
   0.790000E+02   0.467321E+04   0.166210E+04
   0.791000E+02   0.467356E+04   0.166245E+04
   0.792000E+02   0.467391E+04   0.166280E+04
   0.793000E+02   0.467426E+04   0.166314E+04
   0.794000E+02   0.467461E+04   0.166349E+04
   0.795000E+02   0.467495E+04   0.166383E+04
   0.796000E+02   0.467529E+04   0.166418E+04
   0.797000E+02   0.467563E+04   0.166452E+04
   0.798000E+02   0.467597E+04   0.166486E+04
   0.799000E+02   0.467631E+04   0.166519E+04
   0.800000E+02   0.467665E+04   0.166553E+04
   0.801000E+02   0.467698E+04   0.166586E+04
   0.802000E+02   0.467731E+04   0.166620E+04
   0.803000E+02   0.467765E+04   0.166653E+04
   0.804000E+02   0.467798E+04   0.166686E+04
   0.805000E+02   0.467830E+04   0.166719E+04
   0.806000E+02   0.467863E+04   0.166751E+04
   0.807000E+02   0.467896E+04   0.166784E+04
   0.808000E+02   0.467928E+04   0.166816E+04
   0.809000E+02   0.467960E+04   0.166848E+04
   0.810000E+02   0.467992E+04   0.166881E+04
   0.811000E+02   0.468024E+04   0.166913E+04
   0.812000E+02   0.468056E+04   0.166944E+04
   0.813000E+02   0.468088E+04   0.166976E+04
   0.814000E+02   0.468119E+04   0.167008E+04
   0.815000E+02   0.468151E+04   0.167039E+04
   0.816000E+02   0.468182E+04   0.167070E+04
   0.817000E+02   0.468213E+04   0.167101E+04
   0.818000E+02   0.468244E+04   0.167132E+04
   0.819000E+02   0.468275E+04   0.167163E+04
   0.820000E+02   0.468306E+04   0.167194E+04
   0.821000E+02   0.468336E+04   0.167224E+04
   0.822000E+02   0.468367E+04   0.167255E+04
   0.823000E+02   0.468397E+04   0.167285E+04
   0.824000E+02   0.468427E+04   0.167315E+04
   0.825000E+02   0.468457E+04   0.167345E+04
   0.826000E+02   0.468487E+04   0.167375E+04
   0.827000E+02   0.468517E+04   0.167405E+04
   0.828000E+02   0.468546E+04   0.167434E+04
   0.829000E+02   0.468576E+04   0.167464E+04
   0.830000E+02   0.468605E+04   0.167493E+04
   0.831000E+02   0.468634E+04   0.167522E+04
   0.832000E+02   0.468663E+04   0.167551E+04
   0.833000E+02   0.468692E+04   0.167580E+04
   0.834000E+02   0.468721E+04   0.167609E+04
   0.835000E+02   0.468749E+04   0.167637E+04
   0.836000E+02   0.468778E+04   0.167666E+04
   0.837000E+02   0.468806E+04   0.167694E+04
   0.838000E+02   0.468835E+04   0.167723E+04
   0.839000E+02   0.468863E+04   0.167751E+04
   0.840000E+02   0.468891E+04   0.167779E+04
   0.841000E+02   0.468919E+04   0.167807E+04
   0.842000E+02   0.468946E+04   0.167834E+04
   0.843000E+02   0.468974E+04   0.167862E+04
   0.844000E+02   0.469002E+04   0.167889E+04
   0.845000E+02   0.469029E+04   0.167917E+04
   0.846000E+02   0.469056E+04   0.167944E+04
   0.847000E+02   0.469083E+04   0.167971E+04
   0.848000E+02   0.469110E+04   0.167998E+04
   0.849000E+02   0.469137E+04   0.168025E+04
   0.850000E+02   0.469164E+04   0.168052E+04
   0.851000E+02   0.469191E+04   0.168078E+04
   0.852000E+02   0.469217E+04   0.168105E+04
   0.853000E+02   0.469243E+04   0.168131E+04
   0.854000E+02   0.469270E+04   0.168157E+04
   0.855000E+02   0.469296E+04   0.168184E+04
   0.856000E+02   0.469322E+04   0.168210E+04
   0.857000E+02   0.469348E+04   0.168236E+04
   0.858000E+02   0.469374E+04   0.168261E+04
   0.859000E+02   0.469399E+04   0.168287E+04
   0.860000E+02   0.469425E+04   0.168313E+04
   0.861000E+02   0.469450E+04   0.168338E+04
   0.862000E+02   0.469476E+04   0.168363E+04
   0.863000E+02   0.469501E+04   0.168388E+04
   0.864000E+02   0.469526E+04   0.168414E+04
   0.865000E+02   0.469551E+04   0.168439E+04
   0.866000E+02   0.469576E+04   0.168463E+04
   0.867000E+02   0.469600E+04   0.168488E+04
   0.868000E+02   0.469625E+04   0.168513E+04
   0.869000E+02   0.469650E+04   0.168537E+04
   0.870000E+02   0.469674E+04   0.168562E+04
   0.871000E+02   0.469698E+04   0.168586E+04
   0.872000E+02   0.469723E+04   0.168610E+04
   0.873000E+02   0.469747E+04   0.168634E+04
   0.874000E+02   0.469771E+04   0.168658E+04
   0.875000E+02   0.469794E+04   0.168682E+04
   0.876000E+02   0.469818E+04   0.168706E+04
   0.877000E+02   0.469842E+04   0.168730E+04
   0.878000E+02   0.469865E+04   0.168753E+04
   0.879000E+02   0.469889E+04   0.168776E+04
   0.880000E+02   0.469912E+04   0.168800E+04
   0.881000E+02   0.469935E+04   0.168823E+04
   0.882000E+02   0.469959E+04   0.168846E+04
   0.883000E+02   0.469982E+04   0.168869E+04
   0.884000E+02   0.470004E+04   0.168892E+04
   0.885000E+02   0.470027E+04   0.168915E+04
   0.886000E+02   0.470050E+04   0.168938E+04
   0.887000E+02   0.470073E+04   0.168960E+04
   0.888000E+02   0.470095E+04   0.168983E+04
   0.889000E+02   0.470117E+04   0.169005E+04
   0.890000E+02   0.470140E+04   0.169027E+04
   0.891000E+02   0.470162E+04   0.169049E+04
   0.892000E+02   0.470184E+04   0.169072E+04
   0.893000E+02   0.470206E+04   0.169094E+04
   0.894000E+02   0.470228E+04   0.169115E+04
   0.895000E+02   0.470250E+04   0.169137E+04
   0.896000E+02   0.470271E+04   0.169159E+04
   0.897000E+02   0.470293E+04   0.169180E+04
   0.898000E+02   0.470314E+04   0.169202E+04
   0.899000E+02   0.470336E+04   0.169223E+04
   0.900000E+02   0.470357E+04   0.169245E+04
   0.901000E+02   0.470378E+04   0.169266E+04
   0.902000E+02   0.470399E+04   0.169287E+04
   0.903000E+02   0.470420E+04   0.169308E+04
   0.904000E+02   0.470441E+04   0.169329E+04
   0.905000E+02   0.470462E+04   0.169350E+04
   0.906000E+02   0.470483E+04   0.169370E+04
   0.907000E+02   0.470503E+04   0.169391E+04
   0.908000E+02   0.470524E+04   0.169411E+04
   0.909000E+02   0.470544E+04   0.169432E+04
   0.910000E+02   0.470565E+04   0.169452E+04
   0.911000E+02   0.470585E+04   0.169472E+04
   0.912000E+02   0.470605E+04   0.169493E+04
   0.913000E+02   0.470625E+04   0.169513E+04
   0.914000E+02   0.470645E+04   0.169533E+04
   0.915000E+02   0.470665E+04   0.169552E+04
   0.916000E+02   0.470685E+04   0.169572E+04
   0.917000E+02   0.470704E+04   0.169592E+04
   0.918000E+02   0.470724E+04   0.169612E+04
   0.919000E+02   0.470744E+04   0.169631E+04
   0.920000E+02   0.470763E+04   0.169651E+04
   0.921000E+02   0.470782E+04   0.169670E+04
   0.922000E+02   0.470802E+04   0.169689E+04
   0.923000E+02   0.470821E+04   0.169708E+04
   0.924000E+02   0.470840E+04   0.169727E+04
   0.925000E+02   0.470859E+04   0.169746E+04
   0.926000E+02   0.470878E+04   0.169765E+04
   0.927000E+02   0.470897E+04   0.169784E+04
   0.928000E+02   0.470915E+04   0.169803E+04
   0.929000E+02   0.470934E+04   0.169821E+04
   0.930000E+02   0.470953E+04   0.169840E+04
   0.931000E+02   0.470971E+04   0.169858E+04
   0.932000E+02   0.470989E+04   0.169877E+04
   0.933000E+02   0.471008E+04   0.169895E+04
   0.934000E+02   0.471026E+04   0.169913E+04
   0.935000E+02   0.471044E+04   0.169932E+04
   0.936000E+02   0.471062E+04   0.169950E+04
   0.937000E+02   0.471080E+04   0.169968E+04
   0.938000E+02   0.471098E+04   0.169985E+04
   0.939000E+02   0.471116E+04   0.170003E+04
   0.940000E+02   0.471134E+04   0.170021E+04
   0.941000E+02   0.471151E+04   0.170039E+04
   0.942000E+02   0.471169E+04   0.170056E+04
   0.943000E+02   0.471186E+04   0.170074E+04
   0.944000E+02   0.471204E+04   0.170091E+04
   0.945000E+02   0.471221E+04   0.170108E+04
   0.946000E+02   0.471238E+04   0.170126E+04
   0.947000E+02   0.471255E+04   0.170143E+04
   0.948000E+02   0.471273E+04   0.170160E+04
   0.949000E+02   0.471290E+04   0.170177E+04
   0.950000E+02   0.471307E+04   0.170194E+04
   0.951000E+02   0.471323E+04   0.170211E+04
   0.952000E+02   0.471340E+04   0.170228E+04
   0.953000E+02   0.471357E+04   0.170244E+04
   0.954000E+02   0.471374E+04   0.170261E+04
   0.955000E+02   0.471390E+04   0.170278E+04
   0.956000E+02   0.471407E+04   0.170294E+04
   0.957000E+02   0.471423E+04   0.170310E+04
   0.958000E+02   0.471439E+04   0.170327E+04
   0.959000E+02   0.471456E+04   0.170343E+04
   0.960000E+02   0.471472E+04   0.170359E+04
   0.961000E+02   0.471488E+04   0.170375E+04
   0.962000E+02   0.471504E+04   0.170391E+04
   0.963000E+02   0.471520E+04   0.170407E+04
   0.964000E+02   0.471536E+04   0.170423E+04
   0.965000E+02   0.471552E+04   0.170439E+04
   0.966000E+02   0.471567E+04   0.170455E+04
   0.967000E+02   0.471583E+04   0.170470E+04
   0.968000E+02   0.471599E+04   0.170486E+04
   0.969000E+02   0.471614E+04   0.170502E+04
   0.970000E+02   0.471630E+04   0.170517E+04
   0.971000E+02   0.471645E+04   0.170532E+04
   0.972000E+02   0.471660E+04   0.170548E+04
   0.973000E+02   0.471676E+04   0.170563E+04
   0.974000E+02   0.471691E+04   0.170578E+04
   0.975000E+02   0.471706E+04   0.170593E+04
   0.976000E+02   0.471721E+04   0.170608E+04
   0.977000E+02   0.471736E+04   0.170623E+04
   0.978000E+02   0.471751E+04   0.170638E+04
   0.979000E+02   0.471766E+04   0.170653E+04
   0.980000E+02   0.471780E+04   0.170668E+04
   0.981000E+02   0.471795E+04   0.170683E+04
   0.982000E+02   0.471810E+04   0.170697E+04
   0.983000E+02   0.471824E+04   0.170712E+04
   0.984000E+02   0.471839E+04   0.170726E+04
   0.985000E+02   0.471853E+04   0.170741E+04
   0.986000E+02   0.471868E+04   0.170755E+04
   0.987000E+02   0.471882E+04   0.170769E+04
   0.988000E+02   0.471896E+04   0.170784E+04
   0.989000E+02   0.471910E+04   0.170798E+04
   0.990000E+02   0.471925E+04   0.170812E+04
   0.991000E+02   0.471939E+04   0.170826E+04
   0.992000E+02   0.471953E+04   0.170840E+04
   0.993000E+02   0.471966E+04   0.170854E+04
   0.994000E+02   0.471980E+04   0.170868E+04
   0.995000E+02   0.471994E+04   0.170882E+04
   0.996000E+02   0.472008E+04   0.170895E+04
   0.997000E+02   0.472022E+04   0.170909E+04
   0.998000E+02   0.472035E+04   0.170923E+04
   0.999000E+02   0.472049E+04   0.170936E+04
   0.100000E+03   0.472062E+04   0.170950E+04
   0.100100E+03   0.472076E+04   0.170963E+04
   0.100200E+03   0.472089E+04   0.170976E+04
   0.100300E+03   0.472102E+04   0.170990E+04
   0.100400E+03   0.472115E+04   0.171003E+04
   0.100500E+03   0.472129E+04   0.171016E+04
   0.100600E+03   0.472142E+04   0.171029E+04
   0.100700E+03   0.472155E+04   0.171042E+04
   0.100800E+03   0.472168E+04   0.171055E+04
   0.100900E+03   0.472181E+04   0.171068E+04
   0.101000E+03   0.472194E+04   0.171081E+04
   0.101100E+03   0.472207E+04   0.171094E+04
   0.101200E+03   0.472219E+04   0.171107E+04
   0.101300E+03   0.472232E+04   0.171119E+04
   0.101400E+03   0.472245E+04   0.171132E+04
   0.101500E+03   0.472257E+04   0.171145E+04
   0.101600E+03   0.472270E+04   0.171157E+04
   0.101700E+03   0.472282E+04   0.171170E+04
   0.101800E+03   0.472295E+04   0.171182E+04
   0.101900E+03   0.472307E+04   0.171194E+04
   0.102000E+03   0.472319E+04   0.171207E+04
   0.102100E+03   0.472332E+04   0.171219E+04
   0.102200E+03   0.472344E+04   0.171231E+04
   0.102300E+03   0.472356E+04   0.171243E+04
   0.102400E+03   0.472368E+04   0.171255E+04
   0.102500E+03   0.472380E+04   0.171267E+04
   0.102600E+03   0.472392E+04   0.171279E+04
   0.102700E+03   0.472404E+04   0.171291E+04
   0.102800E+03   0.472416E+04   0.171303E+04
   0.102900E+03   0.472428E+04   0.171315E+04
   0.103000E+03   0.472439E+04   0.171327E+04
   0.103100E+03   0.472451E+04   0.171338E+04
   0.103200E+03   0.472463E+04   0.171350E+04
   0.103300E+03   0.472474E+04   0.171362E+04
   0.103400E+03   0.472486E+04   0.171373E+04
   0.103500E+03   0.472497E+04   0.171385E+04
   0.103600E+03   0.472509E+04   0.171396E+04
   0.103700E+03   0.472520E+04   0.171408E+04
   0.103800E+03   0.472531E+04   0.171419E+04
   0.103900E+03   0.472543E+04   0.171430E+04
   0.104000E+03   0.472554E+04   0.171441E+04
   0.104100E+03   0.472565E+04   0.171453E+04
   0.104200E+03   0.472576E+04   0.171464E+04
   0.104300E+03   0.472587E+04   0.171475E+04
   0.104400E+03   0.472598E+04   0.171486E+04
   0.104500E+03   0.472609E+04   0.171497E+04
   0.104600E+03   0.472620E+04   0.171508E+04
   0.104700E+03   0.472631E+04   0.171519E+04
   0.104800E+03   0.472642E+04   0.171529E+04
   0.104900E+03   0.472653E+04   0.171540E+04
   0.105000E+03   0.472664E+04   0.171551E+04
   0.105100E+03   0.472674E+04   0.171562E+04
   0.105200E+03   0.472685E+04   0.171572E+04
   0.105300E+03   0.472695E+04   0.171583E+04
   0.105400E+03   0.472706E+04   0.171593E+04
   0.105500E+03   0.472716E+04   0.171604E+04
   0.105600E+03   0.472727E+04   0.171614E+04
   0.105700E+03   0.472737E+04   0.171625E+04
   0.105800E+03   0.472748E+04   0.171635E+04
   0.105900E+03   0.472758E+04   0.171645E+04
   0.106000E+03   0.472768E+04   0.171656E+04
   0.106100E+03   0.472778E+04   0.171666E+04
   0.106200E+03   0.472789E+04   0.171676E+04
   0.106300E+03   0.472799E+04   0.171686E+04
   0.106400E+03   0.472809E+04   0.171696E+04
   0.106500E+03   0.472819E+04   0.171706E+04
   0.106600E+03   0.472829E+04   0.171716E+04
   0.106700E+03   0.472839E+04   0.171726E+04
   0.106800E+03   0.472849E+04   0.171736E+04
   0.106900E+03   0.472858E+04   0.171746E+04
   0.107000E+03   0.472868E+04   0.171756E+04
   0.107100E+03   0.472878E+04   0.171765E+04
   0.107200E+03   0.472888E+04   0.171775E+04
   0.107300E+03   0.472897E+04   0.171785E+04
   0.107400E+03   0.472907E+04   0.171794E+04
   0.107500E+03   0.472916E+04   0.171804E+04
   0.107600E+03   0.472926E+04   0.171813E+04
   0.107700E+03   0.472935E+04   0.171823E+04
   0.107800E+03   0.472945E+04   0.171832E+04
   0.107900E+03   0.472954E+04   0.171842E+04
   0.108000E+03   0.472964E+04   0.171851E+04
   0.108100E+03   0.472973E+04   0.171860E+04
   0.108200E+03   0.472982E+04   0.171870E+04
   0.108300E+03   0.472992E+04   0.171879E+04
   0.108400E+03   0.473001E+04   0.171888E+04
   0.108500E+03   0.473010E+04   0.171897E+04
   0.108600E+03   0.473019E+04   0.171906E+04
   0.108700E+03   0.473028E+04   0.171915E+04
   0.108800E+03   0.473037E+04   0.171924E+04
   0.108900E+03   0.473046E+04   0.171933E+04
   0.109000E+03   0.473055E+04   0.171942E+04
   0.109100E+03   0.473064E+04   0.171951E+04
   0.109200E+03   0.473073E+04   0.171960E+04
   0.109300E+03   0.473082E+04   0.171969E+04
   0.109400E+03   0.473090E+04   0.171978E+04
   0.109500E+03   0.473099E+04   0.171986E+04
   0.109600E+03   0.473108E+04   0.171995E+04
   0.109700E+03   0.473116E+04   0.172004E+04
   0.109800E+03   0.473125E+04   0.172012E+04
   0.109900E+03   0.473134E+04   0.172021E+04
   0.110000E+03   0.473142E+04   0.172029E+04
   0.110100E+03   0.473151E+04   0.172038E+04
   0.110200E+03   0.473159E+04   0.172046E+04
   0.110300E+03   0.473168E+04   0.172055E+04
   0.110400E+03   0.473176E+04   0.172063E+04
   0.110500E+03   0.473184E+04   0.172072E+04
   0.110600E+03   0.473193E+04   0.172080E+04
   0.110700E+03   0.473201E+04   0.172088E+04
   0.110800E+03   0.473209E+04   0.172096E+04
   0.110900E+03   0.473217E+04   0.172105E+04
   0.111000E+03   0.473225E+04   0.172113E+04
   0.111100E+03   0.473234E+04   0.172121E+04
   0.111200E+03   0.473242E+04   0.172129E+04
   0.111300E+03   0.473250E+04   0.172137E+04
   0.111400E+03   0.473258E+04   0.172145E+04
   0.111500E+03   0.473266E+04   0.172153E+04
   0.111600E+03   0.473274E+04   0.172161E+04
   0.111700E+03   0.473281E+04   0.172169E+04
   0.111800E+03   0.473289E+04   0.172177E+04
   0.111900E+03   0.473297E+04   0.172185E+04
   0.112000E+03   0.473305E+04   0.172192E+04
   0.112100E+03   0.473313E+04   0.172200E+04
   0.112200E+03   0.473320E+04   0.172208E+04
   0.112300E+03   0.473328E+04   0.172216E+04
   0.112400E+03   0.473336E+04   0.172223E+04
   0.112500E+03   0.473343E+04   0.172231E+04
   0.112600E+03   0.473351E+04   0.172238E+04
   0.112700E+03   0.473359E+04   0.172246E+04
   0.112800E+03   0.473366E+04   0.172253E+04
   0.112900E+03   0.473374E+04   0.172261E+04
   0.113000E+03   0.473381E+04   0.172268E+04
   0.113100E+03   0.473388E+04   0.172276E+04
   0.113200E+03   0.473396E+04   0.172283E+04
   0.113300E+03   0.473403E+04   0.172291E+04
   0.113400E+03   0.473410E+04   0.172298E+04
   0.113500E+03   0.473418E+04   0.172305E+04
   0.113600E+03   0.473425E+04   0.172312E+04
   0.113700E+03   0.473432E+04   0.172320E+04
   0.113800E+03   0.473439E+04   0.172327E+04
   0.113900E+03   0.473447E+04   0.172334E+04
   0.114000E+03   0.473454E+04   0.172341E+04
   0.114100E+03   0.473461E+04   0.172348E+04
   0.114200E+03   0.473468E+04   0.172355E+04
   0.114300E+03   0.473475E+04   0.172362E+04
   0.114400E+03   0.473482E+04   0.172369E+04
   0.114500E+03   0.473489E+04   0.172376E+04
   0.114600E+03   0.473496E+04   0.172383E+04
   0.114700E+03   0.473503E+04   0.172390E+04
   0.114800E+03   0.473509E+04   0.172397E+04
   0.114900E+03   0.473516E+04   0.172404E+04
   0.115000E+03   0.473523E+04   0.172410E+04
   0.115100E+03   0.473530E+04   0.172417E+04
   0.115200E+03   0.473537E+04   0.172424E+04
   0.115300E+03   0.473543E+04   0.172431E+04
   0.115400E+03   0.473550E+04   0.172437E+04
   0.115500E+03   0.473557E+04   0.172444E+04
   0.115600E+03   0.473563E+04   0.172451E+04
   0.115700E+03   0.473570E+04   0.172457E+04
   0.115800E+03   0.473576E+04   0.172464E+04
   0.115900E+03   0.473583E+04   0.172470E+04
   0.116000E+03   0.473589E+04   0.172477E+04
   0.116100E+03   0.473596E+04   0.172483E+04
   0.116200E+03   0.473602E+04   0.172490E+04
   0.116300E+03   0.473609E+04   0.172496E+04
   0.116400E+03   0.473615E+04   0.172502E+04
   0.116500E+03   0.473621E+04   0.172509E+04
   0.116600E+03   0.473628E+04   0.172515E+04
   0.116700E+03   0.473634E+04   0.172521E+04
   0.116800E+03   0.473640E+04   0.172528E+04
   0.116900E+03   0.473646E+04   0.172534E+04
   0.117000E+03   0.473653E+04   0.172540E+04
   0.117100E+03   0.473659E+04   0.172546E+04
   0.117200E+03   0.473665E+04   0.172552E+04
   0.117300E+03   0.473671E+04   0.172558E+04
   0.117400E+03   0.473677E+04   0.172565E+04
   0.117500E+03   0.473683E+04   0.172571E+04
   0.117600E+03   0.473689E+04   0.172577E+04
   0.117700E+03   0.473695E+04   0.172583E+04
   0.117800E+03   0.473701E+04   0.172589E+04
   0.117900E+03   0.473707E+04   0.172595E+04
   0.118000E+03   0.473713E+04   0.172600E+04
   0.118100E+03   0.473719E+04   0.172606E+04
   0.118200E+03   0.473725E+04   0.172612E+04
   0.118300E+03   0.473731E+04   0.172618E+04
   0.118400E+03   0.473737E+04   0.172624E+04
   0.118500E+03   0.473742E+04   0.172630E+04
   0.118600E+03   0.473748E+04   0.172635E+04
   0.118700E+03   0.473754E+04   0.172641E+04
   0.118800E+03   0.473760E+04   0.172647E+04
   0.118900E+03   0.473765E+04   0.172653E+04
   0.119000E+03   0.473771E+04   0.172658E+04
   0.119100E+03   0.473777E+04   0.172664E+04
   0.119200E+03   0.473782E+04   0.172670E+04
   0.119300E+03   0.473788E+04   0.172675E+04
   0.119400E+03   0.473793E+04   0.172681E+04
   0.119500E+03   0.473799E+04   0.172686E+04
   0.119600E+03   0.473804E+04   0.172692E+04
   0.119700E+03   0.473810E+04   0.172697E+04
   0.119800E+03   0.473815E+04   0.172703E+04
   0.119900E+03   0.473821E+04   0.172708E+04
   0.120000E+03   0.473826E+04   0.172713E+04
   0.120100E+03   0.473832E+04   0.172719E+04
   0.120200E+03   0.473837E+04   0.172724E+04
   0.120300E+03   0.473842E+04   0.172730E+04
   0.120400E+03   0.473848E+04   0.172735E+04
   0.120500E+03   0.473853E+04   0.172740E+04
   0.120600E+03   0.473858E+04   0.172745E+04
   0.120700E+03   0.473863E+04   0.172751E+04
   0.120800E+03   0.473869E+04   0.172756E+04
   0.120900E+03   0.473874E+04   0.172761E+04
   0.121000E+03   0.473879E+04   0.172766E+04
   0.121100E+03   0.473884E+04   0.172771E+04
   0.121200E+03   0.473889E+04   0.172777E+04
   0.121300E+03   0.473894E+04   0.172782E+04
   0.121400E+03   0.473899E+04   0.172787E+04
   0.121500E+03   0.473904E+04   0.172792E+04
   0.121600E+03   0.473909E+04   0.172797E+04
   0.121700E+03   0.473914E+04   0.172802E+04
   0.121800E+03   0.473919E+04   0.172807E+04
   0.121900E+03   0.473924E+04   0.172812E+04
   0.122000E+03   0.473929E+04   0.172817E+04
   0.122100E+03   0.473934E+04   0.172822E+04
   0.122200E+03   0.473939E+04   0.172826E+04
   0.122300E+03   0.473944E+04   0.172831E+04
   0.122400E+03   0.473949E+04   0.172836E+04
   0.122500E+03   0.473954E+04   0.172841E+04
   0.122600E+03   0.473958E+04   0.172846E+04
   0.122700E+03   0.473963E+04   0.172851E+04
   0.122800E+03   0.473968E+04   0.172855E+04
   0.122900E+03   0.473973E+04   0.172860E+04
   0.123000E+03   0.473977E+04   0.172865E+04
   0.123100E+03   0.473982E+04   0.172869E+04
   0.123200E+03   0.473987E+04   0.172874E+04
   0.123300E+03   0.473991E+04   0.172879E+04
   0.123400E+03   0.473996E+04   0.172883E+04
   0.123500E+03   0.474001E+04   0.172888E+04
   0.123600E+03   0.474005E+04   0.172893E+04
   0.123700E+03   0.474010E+04   0.172897E+04
   0.123800E+03   0.474014E+04   0.172902E+04
   0.123900E+03   0.474019E+04   0.172906E+04
   0.124000E+03   0.474023E+04   0.172911E+04
   0.124100E+03   0.474028E+04   0.172915E+04
   0.124200E+03   0.474032E+04   0.172920E+04
   0.124300E+03   0.474037E+04   0.172924E+04
   0.124400E+03   0.474041E+04   0.172929E+04
   0.124500E+03   0.474046E+04   0.172933E+04
   0.124600E+03   0.474050E+04   0.172937E+04
   0.124700E+03   0.474054E+04   0.172942E+04
   0.124800E+03   0.474059E+04   0.172946E+04
   0.124900E+03   0.474063E+04   0.172950E+04
   0.125000E+03   0.474067E+04   0.172955E+04
   0.125100E+03   0.474072E+04   0.172959E+04
   0.125200E+03   0.474076E+04   0.172963E+04
   0.125300E+03   0.474080E+04   0.172968E+04
   0.125400E+03   0.474084E+04   0.172972E+04
   0.125500E+03   0.474089E+04   0.172976E+04
   0.125600E+03   0.474093E+04   0.172980E+04
   0.125700E+03   0.474097E+04   0.172984E+04
   0.125800E+03   0.474101E+04   0.172988E+04
   0.125900E+03   0.474105E+04   0.172993E+04
   0.126000E+03   0.474109E+04   0.172997E+04
   0.126100E+03   0.474113E+04   0.173001E+04
   0.126200E+03   0.474118E+04   0.173005E+04
   0.126300E+03   0.474122E+04   0.173009E+04
   0.126400E+03   0.474126E+04   0.173013E+04
   0.126500E+03   0.474130E+04   0.173017E+04
   0.126600E+03   0.474134E+04   0.173021E+04
   0.126700E+03   0.474138E+04   0.173025E+04
   0.126800E+03   0.474142E+04   0.173029E+04
   0.126900E+03   0.474146E+04   0.173033E+04
   0.127000E+03   0.474149E+04   0.173037E+04
   0.127100E+03   0.474153E+04   0.173041E+04
   0.127200E+03   0.474157E+04   0.173045E+04
   0.127300E+03   0.474161E+04   0.173048E+04
   0.127400E+03   0.474165E+04   0.173052E+04
   0.127500E+03   0.474169E+04   0.173056E+04
   0.127600E+03   0.474173E+04   0.173060E+04
   0.127700E+03   0.474176E+04   0.173064E+04
   0.127800E+03   0.474180E+04   0.173068E+04
   0.127900E+03   0.474184E+04   0.173071E+04
   0.128000E+03   0.474188E+04   0.173075E+04
   0.128100E+03   0.474192E+04   0.173079E+04
   0.128200E+03   0.474195E+04   0.173083E+04
   0.128300E+03   0.474199E+04   0.173086E+04
   0.128400E+03   0.474203E+04   0.173090E+04
   0.128500E+03   0.474206E+04   0.173094E+04
   0.128600E+03   0.474210E+04   0.173097E+04
   0.128700E+03   0.474214E+04   0.173101E+04
   0.128800E+03   0.474217E+04   0.173105E+04
   0.128900E+03   0.474221E+04   0.173108E+04
   0.129000E+03   0.474224E+04   0.173112E+04
   0.129100E+03   0.474228E+04   0.173115E+04
   0.129200E+03   0.474232E+04   0.173119E+04
   0.129300E+03   0.474235E+04   0.173122E+04
   0.129400E+03   0.474239E+04   0.173126E+04
   0.129500E+03   0.474242E+04   0.173129E+04
   0.129600E+03   0.474246E+04   0.173133E+04
   0.129700E+03   0.474249E+04   0.173136E+04
   0.129800E+03   0.474252E+04   0.173140E+04
   0.129900E+03   0.474256E+04   0.173143E+04
   0.130000E+03   0.474259E+04   0.173147E+04
   0.130100E+03   0.474263E+04   0.173150E+04
   0.130200E+03   0.474266E+04   0.173154E+04
   0.130300E+03   0.474270E+04   0.173157E+04
   0.130400E+03   0.474273E+04   0.173160E+04
   0.130500E+03   0.474276E+04   0.173164E+04
   0.130600E+03   0.474280E+04   0.173167E+04
   0.130700E+03   0.474283E+04   0.173170E+04
   0.130800E+03   0.474286E+04   0.173174E+04
   0.130900E+03   0.474289E+04   0.173177E+04
   0.131000E+03   0.474293E+04   0.173180E+04
   0.131100E+03   0.474296E+04   0.173183E+04
   0.131200E+03   0.474299E+04   0.173187E+04
   0.131300E+03   0.474302E+04   0.173190E+04
   0.131400E+03   0.474306E+04   0.173193E+04
   0.131500E+03   0.474309E+04   0.173196E+04
   0.131600E+03   0.474312E+04   0.173199E+04
   0.131700E+03   0.474315E+04   0.173203E+04
   0.131800E+03   0.474318E+04   0.173206E+04
   0.131900E+03   0.474322E+04   0.173209E+04
   0.132000E+03   0.474325E+04   0.173212E+04
   0.132100E+03   0.474328E+04   0.173215E+04
   0.132200E+03   0.474331E+04   0.173218E+04
   0.132300E+03   0.474334E+04   0.173221E+04
   0.132400E+03   0.474337E+04   0.173224E+04
   0.132500E+03   0.474340E+04   0.173227E+04
   0.132600E+03   0.474343E+04   0.173231E+04
   0.132700E+03   0.474346E+04   0.173234E+04
   0.132800E+03   0.474349E+04   0.173237E+04
   0.132900E+03   0.474352E+04   0.173240E+04
   0.133000E+03   0.474355E+04   0.173243E+04
   0.133100E+03   0.474358E+04   0.173246E+04
   0.133200E+03   0.474361E+04   0.173248E+04
   0.133300E+03   0.474364E+04   0.173251E+04
   0.133400E+03   0.474367E+04   0.173254E+04
   0.133500E+03   0.474370E+04   0.173257E+04
   0.133600E+03   0.474373E+04   0.173260E+04
   0.133700E+03   0.474376E+04   0.173263E+04
   0.133800E+03   0.474379E+04   0.173266E+04
   0.133900E+03   0.474381E+04   0.173269E+04
   0.134000E+03   0.474384E+04   0.173272E+04
   0.134100E+03   0.474387E+04   0.173275E+04
   0.134200E+03   0.474390E+04   0.173277E+04
   0.134300E+03   0.474393E+04   0.173280E+04
   0.134400E+03   0.474396E+04   0.173283E+04
   0.134500E+03   0.474398E+04   0.173286E+04
   0.134600E+03   0.474401E+04   0.173289E+04
   0.134700E+03   0.474404E+04   0.173291E+04
   0.134800E+03   0.474407E+04   0.173294E+04
   0.134900E+03   0.474409E+04   0.173297E+04
   0.135000E+03   0.474412E+04   0.173299E+04
   0.135100E+03   0.474415E+04   0.173302E+04
   0.135200E+03   0.474418E+04   0.173305E+04
   0.135300E+03   0.474420E+04   0.173308E+04
   0.135400E+03   0.474423E+04   0.173310E+04
   0.135500E+03   0.474426E+04   0.173313E+04
   0.135600E+03   0.474428E+04   0.173316E+04
   0.135700E+03   0.474431E+04   0.173318E+04
   0.135800E+03   0.474434E+04   0.173321E+04
   0.135900E+03   0.474436E+04   0.173323E+04
   0.136000E+03   0.474439E+04   0.173326E+04
   0.136100E+03   0.474441E+04   0.173329E+04
   0.136200E+03   0.474444E+04   0.173331E+04
   0.136300E+03   0.474446E+04   0.173334E+04
   0.136400E+03   0.474449E+04   0.173336E+04
   0.136500E+03   0.474452E+04   0.173339E+04
   0.136600E+03   0.474454E+04   0.173341E+04
   0.136700E+03   0.474457E+04   0.173344E+04
   0.136800E+03   0.474459E+04   0.173347E+04
   0.136900E+03   0.474462E+04   0.173349E+04
   0.137000E+03   0.474464E+04   0.173351E+04
   0.137100E+03   0.474467E+04   0.173354E+04
   0.137200E+03   0.474469E+04   0.173356E+04
   0.137300E+03   0.474472E+04   0.173359E+04
   0.137400E+03   0.474474E+04   0.173361E+04
   0.137500E+03   0.474476E+04   0.173364E+04
   0.137600E+03   0.474479E+04   0.173366E+04
   0.137700E+03   0.474481E+04   0.173369E+04
   0.137800E+03   0.474484E+04   0.173371E+04
   0.137900E+03   0.474486E+04   0.173373E+04
   0.138000E+03   0.474488E+04   0.173376E+04
   0.138100E+03   0.474491E+04   0.173378E+04
   0.138200E+03   0.474493E+04   0.173380E+04
   0.138300E+03   0.474495E+04   0.173383E+04
   0.138400E+03   0.474498E+04   0.173385E+04
   0.138500E+03   0.474500E+04   0.173387E+04
   0.138600E+03   0.474502E+04   0.173390E+04
   0.138700E+03   0.474505E+04   0.173392E+04
   0.138800E+03   0.474507E+04   0.173394E+04
   0.138900E+03   0.474509E+04   0.173397E+04
   0.139000E+03   0.474512E+04   0.173399E+04
   0.139100E+03   0.474514E+04   0.173401E+04
   0.139200E+03   0.474516E+04   0.173403E+04
   0.139300E+03   0.474518E+04   0.173406E+04
   0.139400E+03   0.474521E+04   0.173408E+04
   0.139500E+03   0.474523E+04   0.173410E+04
   0.139600E+03   0.474525E+04   0.173412E+04
   0.139700E+03   0.474527E+04   0.173415E+04
   0.139800E+03   0.474529E+04   0.173417E+04
   0.139900E+03   0.474532E+04   0.173419E+04
   0.140000E+03   0.474534E+04   0.173421E+04
   0.140100E+03   0.474536E+04   0.173423E+04
   0.140200E+03   0.474538E+04   0.173425E+04
   0.140300E+03   0.474540E+04   0.173428E+04
   0.140400E+03   0.474542E+04   0.173430E+04
   0.140500E+03   0.474544E+04   0.173432E+04
   0.140600E+03   0.474547E+04   0.173434E+04
   0.140700E+03   0.474549E+04   0.173436E+04
   0.140800E+03   0.474551E+04   0.173438E+04
   0.140900E+03   0.474553E+04   0.173440E+04
   0.141000E+03   0.474555E+04   0.173442E+04
   0.141100E+03   0.474557E+04   0.173444E+04
   0.141200E+03   0.474559E+04   0.173446E+04
   0.141300E+03   0.474561E+04   0.173448E+04
   0.141400E+03   0.474563E+04   0.173450E+04
   0.141500E+03   0.474565E+04   0.173452E+04
   0.141600E+03   0.474567E+04   0.173455E+04
   0.141700E+03   0.474569E+04   0.173457E+04
   0.141800E+03   0.474571E+04   0.173459E+04
   0.141900E+03   0.474573E+04   0.173460E+04
   0.142000E+03   0.474575E+04   0.173462E+04
   0.142100E+03   0.474577E+04   0.173464E+04
   0.142200E+03   0.474579E+04   0.173466E+04
   0.142300E+03   0.474581E+04   0.173468E+04
   0.142400E+03   0.474583E+04   0.173470E+04
   0.142500E+03   0.474585E+04   0.173472E+04
   0.142600E+03   0.474587E+04   0.173474E+04
   0.142700E+03   0.474589E+04   0.173476E+04
   0.142800E+03   0.474591E+04   0.173478E+04
   0.142900E+03   0.474593E+04   0.173480E+04
   0.143000E+03   0.474594E+04   0.173482E+04
   0.143100E+03   0.474596E+04   0.173484E+04
   0.143200E+03   0.474598E+04   0.173486E+04
   0.143300E+03   0.474600E+04   0.173487E+04
   0.143400E+03   0.474602E+04   0.173489E+04
   0.143500E+03   0.474604E+04   0.173491E+04
   0.143600E+03   0.474606E+04   0.173493E+04
   0.143700E+03   0.474607E+04   0.173495E+04
   0.143800E+03   0.474609E+04   0.173497E+04
   0.143900E+03   0.474611E+04   0.173498E+04
   0.144000E+03   0.474613E+04   0.173500E+04
   0.144100E+03   0.474615E+04   0.173502E+04
   0.144200E+03   0.474616E+04   0.173504E+04
   0.144300E+03   0.474618E+04   0.173506E+04
   0.144400E+03   0.474620E+04   0.173507E+04
   0.144500E+03   0.474622E+04   0.173509E+04
   0.144600E+03   0.474624E+04   0.173511E+04
   0.144700E+03   0.474625E+04   0.173513E+04
   0.144800E+03   0.474627E+04   0.173514E+04
   0.144900E+03   0.474629E+04   0.173516E+04
   0.145000E+03   0.474631E+04   0.173518E+04
   0.145100E+03   0.474632E+04   0.173520E+04
   0.145200E+03   0.474634E+04   0.173521E+04
   0.145300E+03   0.474636E+04   0.173523E+04
   0.145400E+03   0.474637E+04   0.173525E+04
   0.145500E+03   0.474639E+04   0.173526E+04
   0.145600E+03   0.474641E+04   0.173528E+04
   0.145700E+03   0.474642E+04   0.173530E+04
   0.145800E+03   0.474644E+04   0.173531E+04
   0.145900E+03   0.474646E+04   0.173533E+04
   0.146000E+03   0.474647E+04   0.173535E+04
   0.146100E+03   0.474649E+04   0.173536E+04
   0.146200E+03   0.474651E+04   0.173538E+04
   0.146300E+03   0.474652E+04   0.173540E+04
   0.146400E+03   0.474654E+04   0.173541E+04
   0.146500E+03   0.474655E+04   0.173543E+04
   0.146600E+03   0.474657E+04   0.173544E+04
   0.146700E+03   0.474659E+04   0.173546E+04
   0.146800E+03   0.474660E+04   0.173548E+04
   0.146900E+03   0.474662E+04   0.173549E+04
   0.147000E+03   0.474663E+04   0.173551E+04
   0.147100E+03   0.474665E+04   0.173552E+04
   0.147200E+03   0.474667E+04   0.173554E+04
   0.147300E+03   0.474668E+04   0.173555E+04
   0.147400E+03   0.474670E+04   0.173557E+04
   0.147500E+03   0.474671E+04   0.173559E+04
   0.147600E+03   0.474673E+04   0.173560E+04
   0.147700E+03   0.474674E+04   0.173562E+04
   0.147800E+03   0.474676E+04   0.173563E+04
   0.147900E+03   0.474677E+04   0.173565E+04
   0.148000E+03   0.474679E+04   0.173566E+04
   0.148100E+03   0.474680E+04   0.173568E+04
   0.148200E+03   0.474682E+04   0.173569E+04
   0.148300E+03   0.474683E+04   0.173571E+04
   0.148400E+03   0.474685E+04   0.173572E+04
   0.148500E+03   0.474686E+04   0.173574E+04
   0.148600E+03   0.474688E+04   0.173575E+04
   0.148700E+03   0.474689E+04   0.173577E+04
   0.148800E+03   0.474691E+04   0.173578E+04
   0.148900E+03   0.474692E+04   0.173579E+04
   0.149000E+03   0.474694E+04   0.173581E+04
   0.149100E+03   0.474695E+04   0.173582E+04
   0.149200E+03   0.474696E+04   0.173584E+04
   0.149300E+03   0.474698E+04   0.173585E+04
   0.149400E+03   0.474699E+04   0.173587E+04
   0.149500E+03   0.474701E+04   0.173588E+04
   0.149600E+03   0.474702E+04   0.173589E+04
   0.149700E+03   0.474703E+04   0.173591E+04
   0.149800E+03   0.474705E+04   0.173592E+04
   0.149900E+03   0.474706E+04   0.173594E+04
   0.150000E+03   0.474708E+04   0.173595E+04
   0.150100E+03   0.474709E+04   0.173596E+04
   0.150200E+03   0.474710E+04   0.173598E+04
   0.150300E+03   0.474712E+04   0.173599E+04
   0.150400E+03   0.474713E+04   0.173600E+04
   0.150500E+03   0.474714E+04   0.173602E+04
   0.150600E+03   0.474716E+04   0.173603E+04
   0.150700E+03   0.474717E+04   0.173604E+04
   0.150800E+03   0.474718E+04   0.173606E+04
   0.150900E+03   0.474720E+04   0.173607E+04
   0.151000E+03   0.474721E+04   0.173608E+04
   0.151100E+03   0.474722E+04   0.173610E+04
   0.151200E+03   0.474724E+04   0.173611E+04
   0.151300E+03   0.474725E+04   0.173612E+04
   0.151400E+03   0.474726E+04   0.173613E+04
   0.151500E+03   0.474727E+04   0.173615E+04
   0.151600E+03   0.474729E+04   0.173616E+04
   0.151700E+03   0.474730E+04   0.173617E+04
   0.151800E+03   0.474731E+04   0.173619E+04
   0.151900E+03   0.474732E+04   0.173620E+04
   0.152000E+03   0.474734E+04   0.173621E+04
   0.152100E+03   0.474735E+04   0.173622E+04
   0.152200E+03   0.474736E+04   0.173624E+04
   0.152300E+03   0.474737E+04   0.173625E+04
   0.152400E+03   0.474739E+04   0.173626E+04
   0.152500E+03   0.474740E+04   0.173627E+04
   0.152600E+03   0.474741E+04   0.173629E+04
   0.152700E+03   0.474742E+04   0.173630E+04
   0.152800E+03   0.474744E+04   0.173631E+04
   0.152900E+03   0.474745E+04   0.173632E+04
   0.153000E+03   0.474746E+04   0.173633E+04
   0.153100E+03   0.474747E+04   0.173635E+04
   0.153200E+03   0.474748E+04   0.173636E+04
   0.153300E+03   0.474750E+04   0.173637E+04
   0.153400E+03   0.474751E+04   0.173638E+04
   0.153500E+03   0.474752E+04   0.173639E+04
   0.153600E+03   0.474753E+04   0.173640E+04
   0.153700E+03   0.474754E+04   0.173642E+04
   0.153800E+03   0.474755E+04   0.173643E+04
   0.153900E+03   0.474757E+04   0.173644E+04
   0.154000E+03   0.474758E+04   0.173645E+04
   0.154100E+03   0.474759E+04   0.173646E+04
   0.154200E+03   0.474760E+04   0.173647E+04
   0.154300E+03   0.474761E+04   0.173648E+04
   0.154400E+03   0.474762E+04   0.173650E+04
   0.154500E+03   0.474763E+04   0.173651E+04
   0.154600E+03   0.474764E+04   0.173652E+04
   0.154700E+03   0.474766E+04   0.173653E+04
   0.154800E+03   0.474767E+04   0.173654E+04
   0.154900E+03   0.474768E+04   0.173655E+04
   0.155000E+03   0.474769E+04   0.173656E+04
   0.155100E+03   0.474770E+04   0.173657E+04
   0.155200E+03   0.474771E+04   0.173658E+04
   0.155300E+03   0.474772E+04   0.173659E+04
   0.155400E+03   0.474773E+04   0.173661E+04
   0.155500E+03   0.474774E+04   0.173662E+04
   0.155600E+03   0.474775E+04   0.173663E+04
   0.155700E+03   0.474776E+04   0.173664E+04
   0.155800E+03   0.474777E+04   0.173665E+04
   0.155900E+03   0.474778E+04   0.173666E+04
   0.156000E+03   0.474779E+04   0.173667E+04
   0.156100E+03   0.474781E+04   0.173668E+04
   0.156200E+03   0.474782E+04   0.173669E+04
   0.156300E+03   0.474783E+04   0.173670E+04
   0.156400E+03   0.474784E+04   0.173671E+04
   0.156500E+03   0.474785E+04   0.173672E+04
   0.156600E+03   0.474786E+04   0.173673E+04
   0.156700E+03   0.474787E+04   0.173674E+04
   0.156800E+03   0.474788E+04   0.173675E+04
   0.156900E+03   0.474789E+04   0.173676E+04
   0.157000E+03   0.474790E+04   0.173677E+04
   0.157100E+03   0.474791E+04   0.173678E+04
   0.157200E+03   0.474792E+04   0.173679E+04
   0.157300E+03   0.474793E+04   0.173680E+04
   0.157400E+03   0.474794E+04   0.173681E+04
   0.157500E+03   0.474795E+04   0.173682E+04
   0.157600E+03   0.474796E+04   0.173683E+04
   0.157700E+03   0.474797E+04   0.173684E+04
   0.157800E+03   0.474798E+04   0.173685E+04
   0.157900E+03   0.474798E+04   0.173686E+04
   0.158000E+03   0.474799E+04   0.173687E+04
   0.158100E+03   0.474800E+04   0.173688E+04
   0.158200E+03   0.474801E+04   0.173689E+04
   0.158300E+03   0.474802E+04   0.173690E+04
   0.158400E+03   0.474803E+04   0.173691E+04
   0.158500E+03   0.474804E+04   0.173691E+04
   0.158600E+03   0.474805E+04   0.173692E+04
   0.158700E+03   0.474806E+04   0.173693E+04
   0.158800E+03   0.474807E+04   0.173694E+04
   0.158900E+03   0.474808E+04   0.173695E+04
   0.159000E+03   0.474809E+04   0.173696E+04
   0.159100E+03   0.474810E+04   0.173697E+04
   0.159200E+03   0.474811E+04   0.173698E+04
   0.159300E+03   0.474811E+04   0.173699E+04
   0.159400E+03   0.474812E+04   0.173700E+04
   0.159500E+03   0.474813E+04   0.173701E+04
   0.159600E+03   0.474814E+04   0.173701E+04
   0.159700E+03   0.474815E+04   0.173702E+04
   0.159800E+03   0.474816E+04   0.173703E+04
   0.159900E+03   0.474817E+04   0.173704E+04
   0.160000E+03   0.474818E+04   0.173705E+04
   0.160100E+03   0.474818E+04   0.173706E+04
   0.160200E+03   0.474819E+04   0.173707E+04
   0.160300E+03   0.474820E+04   0.173708E+04
   0.160400E+03   0.474821E+04   0.173708E+04
   0.160500E+03   0.474822E+04   0.173709E+04
   0.160600E+03   0.474823E+04   0.173710E+04
   0.160700E+03   0.474824E+04   0.173711E+04
   0.160800E+03   0.474824E+04   0.173712E+04
   0.160900E+03   0.474825E+04   0.173713E+04
   0.161000E+03   0.474826E+04   0.173713E+04
   0.161100E+03   0.474827E+04   0.173714E+04
   0.161200E+03   0.474828E+04   0.173715E+04
   0.161300E+03   0.474829E+04   0.173716E+04
   0.161400E+03   0.474829E+04   0.173717E+04
   0.161500E+03   0.474830E+04   0.173718E+04
   0.161600E+03   0.474831E+04   0.173718E+04
   0.161700E+03   0.474832E+04   0.173719E+04
   0.161800E+03   0.474833E+04   0.173720E+04
   0.161900E+03   0.474833E+04   0.173721E+04
   0.162000E+03   0.474834E+04   0.173722E+04
   0.162100E+03   0.474835E+04   0.173722E+04
   0.162200E+03   0.474836E+04   0.173723E+04
   0.162300E+03   0.474837E+04   0.173724E+04
   0.162400E+03   0.474837E+04   0.173725E+04
   0.162500E+03   0.474838E+04   0.173725E+04
   0.162600E+03   0.474839E+04   0.173726E+04
   0.162700E+03   0.474840E+04   0.173727E+04
   0.162800E+03   0.474840E+04   0.173728E+04
   0.162900E+03   0.474841E+04   0.173729E+04
   0.163000E+03   0.474842E+04   0.173729E+04
   0.163100E+03   0.474843E+04   0.173730E+04
   0.163200E+03   0.474843E+04   0.173731E+04
   0.163300E+03   0.474844E+04   0.173732E+04
   0.163400E+03   0.474845E+04   0.173732E+04
   0.163500E+03   0.474846E+04   0.173733E+04
   0.163600E+03   0.474846E+04   0.173734E+04
   0.163700E+03   0.474847E+04   0.173735E+04
   0.163800E+03   0.474848E+04   0.173735E+04
   0.163900E+03   0.474849E+04   0.173736E+04
   0.164000E+03   0.474849E+04   0.173737E+04
   0.164100E+03   0.474850E+04   0.173737E+04
   0.164200E+03   0.474851E+04   0.173738E+04
   0.164300E+03   0.474852E+04   0.173739E+04
   0.164400E+03   0.474852E+04   0.173740E+04
   0.164500E+03   0.474853E+04   0.173740E+04
   0.164600E+03   0.474854E+04   0.173741E+04
   0.164700E+03   0.474854E+04   0.173742E+04
   0.164800E+03   0.474855E+04   0.173742E+04
   0.164900E+03   0.474856E+04   0.173743E+04
   0.165000E+03   0.474856E+04   0.173744E+04
   0.165100E+03   0.474857E+04   0.173744E+04
   0.165200E+03   0.474858E+04   0.173745E+04
   0.165300E+03   0.474858E+04   0.173746E+04
   0.165400E+03   0.474859E+04   0.173747E+04
   0.165500E+03   0.474860E+04   0.173747E+04
   0.165600E+03   0.474861E+04   0.173748E+04
   0.165700E+03   0.474861E+04   0.173749E+04
   0.165800E+03   0.474862E+04   0.173749E+04
   0.165900E+03   0.474863E+04   0.173750E+04
   0.166000E+03   0.474863E+04   0.173751E+04
   0.166100E+03   0.474864E+04   0.173751E+04
   0.166200E+03   0.474864E+04   0.173752E+04
   0.166300E+03   0.474865E+04   0.173753E+04
   0.166400E+03   0.474866E+04   0.173753E+04
   0.166500E+03   0.474866E+04   0.173754E+04
   0.166600E+03   0.474867E+04   0.173754E+04
   0.166700E+03   0.474868E+04   0.173755E+04
   0.166800E+03   0.474868E+04   0.173756E+04
   0.166900E+03   0.474869E+04   0.173756E+04
   0.167000E+03   0.474870E+04   0.173757E+04
   0.167100E+03   0.474870E+04   0.173758E+04
   0.167200E+03   0.474871E+04   0.173758E+04
   0.167300E+03   0.474872E+04   0.173759E+04
   0.167400E+03   0.474872E+04   0.173759E+04
   0.167500E+03   0.474873E+04   0.173760E+04
   0.167600E+03   0.474873E+04   0.173761E+04
   0.167700E+03   0.474874E+04   0.173761E+04
   0.167800E+03   0.474875E+04   0.173762E+04
   0.167900E+03   0.474875E+04   0.173763E+04
   0.168000E+03   0.474876E+04   0.173763E+04
   0.168100E+03   0.474876E+04   0.173764E+04
   0.168200E+03   0.474877E+04   0.173764E+04
   0.168300E+03   0.474878E+04   0.173765E+04
   0.168400E+03   0.474878E+04   0.173766E+04
   0.168500E+03   0.474879E+04   0.173766E+04
   0.168600E+03   0.474879E+04   0.173767E+04
   0.168700E+03   0.474880E+04   0.173767E+04
   0.168800E+03   0.474881E+04   0.173768E+04
   0.168900E+03   0.474881E+04   0.173768E+04
   0.169000E+03   0.474882E+04   0.173769E+04
   0.169100E+03   0.474882E+04   0.173770E+04
   0.169200E+03   0.474883E+04   0.173770E+04
   0.169300E+03   0.474883E+04   0.173771E+04
   0.169400E+03   0.474884E+04   0.173771E+04
   0.169500E+03   0.474885E+04   0.173772E+04
   0.169600E+03   0.474885E+04   0.173772E+04
   0.169700E+03   0.474886E+04   0.173773E+04
   0.169800E+03   0.474886E+04   0.173774E+04
   0.169900E+03   0.474887E+04   0.173774E+04
   0.170000E+03   0.474887E+04   0.173775E+04
   0.170100E+03   0.474888E+04   0.173775E+04
   0.170200E+03   0.474888E+04   0.173776E+04
   0.170300E+03   0.474889E+04   0.173776E+04
   0.170400E+03   0.474890E+04   0.173777E+04
   0.170500E+03   0.474890E+04   0.173777E+04
   0.170600E+03   0.474891E+04   0.173778E+04
   0.170700E+03   0.474891E+04   0.173778E+04
   0.170800E+03   0.474892E+04   0.173779E+04
   0.170900E+03   0.474892E+04   0.173780E+04
   0.171000E+03   0.474893E+04   0.173780E+04
   0.171100E+03   0.474893E+04   0.173781E+04
   0.171200E+03   0.474894E+04   0.173781E+04
   0.171300E+03   0.474894E+04   0.173782E+04
   0.171400E+03   0.474895E+04   0.173782E+04
   0.171500E+03   0.474895E+04   0.173783E+04
   0.171600E+03   0.474896E+04   0.173783E+04
   0.171700E+03   0.474896E+04   0.173784E+04
   0.171800E+03   0.474897E+04   0.173784E+04
   0.171900E+03   0.474897E+04   0.173785E+04
   0.172000E+03   0.474898E+04   0.173785E+04
   0.172100E+03   0.474898E+04   0.173786E+04
   0.172200E+03   0.474899E+04   0.173786E+04
   0.172300E+03   0.474899E+04   0.173787E+04
   0.172400E+03   0.474900E+04   0.173787E+04
   0.172500E+03   0.474900E+04   0.173788E+04
   0.172600E+03   0.474901E+04   0.173788E+04
   0.172700E+03   0.474901E+04   0.173789E+04
   0.172800E+03   0.474902E+04   0.173789E+04
   0.172900E+03   0.474902E+04   0.173790E+04
   0.173000E+03   0.474903E+04   0.173790E+04
   0.173100E+03   0.474903E+04   0.173791E+04
   0.173200E+03   0.474904E+04   0.173791E+04
   0.173300E+03   0.474904E+04   0.173792E+04
   0.173400E+03   0.474905E+04   0.173792E+04
   0.173500E+03   0.474905E+04   0.173792E+04
   0.173600E+03   0.474906E+04   0.173793E+04
   0.173700E+03   0.474906E+04   0.173793E+04
   0.173800E+03   0.474907E+04   0.173794E+04
   0.173900E+03   0.474907E+04   0.173794E+04
   0.174000E+03   0.474907E+04   0.173795E+04
   0.174100E+03   0.474908E+04   0.173795E+04
   0.174200E+03   0.474908E+04   0.173796E+04
   0.174300E+03   0.474909E+04   0.173796E+04
   0.174400E+03   0.474909E+04   0.173797E+04
   0.174500E+03   0.474910E+04   0.173797E+04
   0.174600E+03   0.474910E+04   0.173797E+04
   0.174700E+03   0.474911E+04   0.173798E+04
   0.174800E+03   0.474911E+04   0.173798E+04
   0.174900E+03   0.474911E+04   0.173799E+04
   0.175000E+03   0.474912E+04   0.173799E+04
   0.175100E+03   0.474912E+04   0.173800E+04
   0.175200E+03   0.474913E+04   0.173800E+04
   0.175300E+03   0.474913E+04   0.173801E+04
   0.175400E+03   0.474914E+04   0.173801E+04
   0.175500E+03   0.474914E+04   0.173801E+04
   0.175600E+03   0.474915E+04   0.173802E+04
   0.175700E+03   0.474915E+04   0.173802E+04
   0.175800E+03   0.474915E+04   0.173803E+04
   0.175900E+03   0.474916E+04   0.173803E+04
   0.176000E+03   0.474916E+04   0.173804E+04
   0.176100E+03   0.474917E+04   0.173804E+04
   0.176200E+03   0.474917E+04   0.173804E+04
   0.176300E+03   0.474917E+04   0.173805E+04
   0.176400E+03   0.474918E+04   0.173805E+04
   0.176500E+03   0.474918E+04   0.173806E+04
   0.176600E+03   0.474919E+04   0.173806E+04
   0.176700E+03   0.474919E+04   0.173806E+04
   0.176800E+03   0.474919E+04   0.173807E+04
   0.176900E+03   0.474920E+04   0.173807E+04
   0.177000E+03   0.474920E+04   0.173808E+04
   0.177100E+03   0.474921E+04   0.173808E+04
   0.177200E+03   0.474921E+04   0.173808E+04
   0.177300E+03   0.474921E+04   0.173809E+04
   0.177400E+03   0.474922E+04   0.173809E+04
   0.177500E+03   0.474922E+04   0.173810E+04
   0.177600E+03   0.474923E+04   0.173810E+04
   0.177700E+03   0.474923E+04   0.173810E+04
   0.177800E+03   0.474923E+04   0.173811E+04
   0.177900E+03   0.474924E+04   0.173811E+04
   0.178000E+03   0.474924E+04   0.173812E+04
   0.178100E+03   0.474925E+04   0.173812E+04
   0.178200E+03   0.474925E+04   0.173812E+04
   0.178300E+03   0.474925E+04   0.173813E+04
   0.178400E+03   0.474926E+04   0.173813E+04
   0.178500E+03   0.474926E+04   0.173813E+04
   0.178600E+03   0.474926E+04   0.173814E+04
   0.178700E+03   0.474927E+04   0.173814E+04
   0.178800E+03   0.474927E+04   0.173815E+04
   0.178900E+03   0.474928E+04   0.173815E+04
   0.179000E+03   0.474928E+04   0.173815E+04
   0.179100E+03   0.474928E+04   0.173816E+04
   0.179200E+03   0.474929E+04   0.173816E+04
   0.179300E+03   0.474929E+04   0.173816E+04
   0.179400E+03   0.474929E+04   0.173817E+04
   0.179500E+03   0.474930E+04   0.173817E+04
   0.179600E+03   0.474930E+04   0.173817E+04
   0.179700E+03   0.474930E+04   0.173818E+04
   0.179800E+03   0.474931E+04   0.173818E+04
   0.179900E+03   0.474931E+04   0.173818E+04
   0.180000E+03   0.474931E+04   0.173819E+04
   0.180100E+03   0.474932E+04   0.173819E+04
   0.180200E+03   0.474932E+04   0.173820E+04
   0.180300E+03   0.474933E+04   0.173820E+04
   0.180400E+03   0.474933E+04   0.173820E+04
   0.180500E+03   0.474933E+04   0.173821E+04
   0.180600E+03   0.474934E+04   0.173821E+04
   0.180700E+03   0.474934E+04   0.173821E+04
   0.180800E+03   0.474934E+04   0.173822E+04
   0.180900E+03   0.474935E+04   0.173822E+04
   0.181000E+03   0.474935E+04   0.173822E+04
   0.181100E+03   0.474935E+04   0.173823E+04
   0.181200E+03   0.474936E+04   0.173823E+04
   0.181300E+03   0.474936E+04   0.173823E+04
   0.181400E+03   0.474936E+04   0.173824E+04
   0.181500E+03   0.474937E+04   0.173824E+04
   0.181600E+03   0.474937E+04   0.173824E+04
   0.181700E+03   0.474937E+04   0.173825E+04
   0.181800E+03   0.474937E+04   0.173825E+04
   0.181900E+03   0.474938E+04   0.173825E+04
   0.182000E+03   0.474938E+04   0.173825E+04
   0.182100E+03   0.474938E+04   0.173826E+04
   0.182200E+03   0.474939E+04   0.173826E+04
   0.182300E+03   0.474939E+04   0.173826E+04
   0.182400E+03   0.474939E+04   0.173827E+04
   0.182500E+03   0.474940E+04   0.173827E+04
   0.182600E+03   0.474940E+04   0.173827E+04
   0.182700E+03   0.474940E+04   0.173828E+04
   0.182800E+03   0.474941E+04   0.173828E+04
   0.182900E+03   0.474941E+04   0.173828E+04
   0.183000E+03   0.474941E+04   0.173829E+04
   0.183100E+03   0.474942E+04   0.173829E+04
   0.183200E+03   0.474942E+04   0.173829E+04
   0.183300E+03   0.474942E+04   0.173830E+04
   0.183400E+03   0.474942E+04   0.173830E+04
   0.183500E+03   0.474943E+04   0.173830E+04
   0.183600E+03   0.474943E+04   0.173830E+04
   0.183700E+03   0.474943E+04   0.173831E+04
   0.183800E+03   0.474944E+04   0.173831E+04
   0.183900E+03   0.474944E+04   0.173831E+04
   0.184000E+03   0.474944E+04   0.173832E+04
   0.184100E+03   0.474945E+04   0.173832E+04
   0.184200E+03   0.474945E+04   0.173832E+04
   0.184300E+03   0.474945E+04   0.173832E+04
   0.184400E+03   0.474945E+04   0.173833E+04
   0.184500E+03   0.474946E+04   0.173833E+04
   0.184600E+03   0.474946E+04   0.173833E+04
   0.184700E+03   0.474946E+04   0.173834E+04
   0.184800E+03   0.474946E+04   0.173834E+04
   0.184900E+03   0.474947E+04   0.173834E+04
   0.185000E+03   0.474947E+04   0.173834E+04
   0.185100E+03   0.474947E+04   0.173835E+04
   0.185200E+03   0.474948E+04   0.173835E+04
   0.185300E+03   0.474948E+04   0.173835E+04
   0.185400E+03   0.474948E+04   0.173836E+04
   0.185500E+03   0.474948E+04   0.173836E+04
   0.185600E+03   0.474949E+04   0.173836E+04
   0.185700E+03   0.474949E+04   0.173836E+04
   0.185800E+03   0.474949E+04   0.173837E+04
   0.185900E+03   0.474949E+04   0.173837E+04
   0.186000E+03   0.474950E+04   0.173837E+04
   0.186100E+03   0.474950E+04   0.173837E+04
   0.186200E+03   0.474950E+04   0.173838E+04
   0.186300E+03   0.474951E+04   0.173838E+04
   0.186400E+03   0.474951E+04   0.173838E+04
   0.186500E+03   0.474951E+04   0.173838E+04
   0.186600E+03   0.474951E+04   0.173839E+04
   0.186700E+03   0.474952E+04   0.173839E+04
   0.186800E+03   0.474952E+04   0.173839E+04
   0.186900E+03   0.474952E+04   0.173839E+04
   0.187000E+03   0.474952E+04   0.173840E+04
   0.187100E+03   0.474953E+04   0.173840E+04
   0.187200E+03   0.474953E+04   0.173840E+04
   0.187300E+03   0.474953E+04   0.173840E+04
   0.187400E+03   0.474953E+04   0.173841E+04
   0.187500E+03   0.474954E+04   0.173841E+04
   0.187600E+03   0.474954E+04   0.173841E+04
   0.187700E+03   0.474954E+04   0.173841E+04
   0.187800E+03   0.474954E+04   0.173842E+04
   0.187900E+03   0.474955E+04   0.173842E+04
   0.188000E+03   0.474955E+04   0.173842E+04
   0.188100E+03   0.474955E+04   0.173842E+04
   0.188200E+03   0.474955E+04   0.173843E+04
   0.188300E+03   0.474956E+04   0.173843E+04
   0.188400E+03   0.474956E+04   0.173843E+04
   0.188500E+03   0.474956E+04   0.173843E+04
   0.188600E+03   0.474956E+04   0.173844E+04
   0.188700E+03   0.474956E+04   0.173844E+04
   0.188800E+03   0.474957E+04   0.173844E+04
   0.188900E+03   0.474957E+04   0.173844E+04
   0.189000E+03   0.474957E+04   0.173845E+04
   0.189100E+03   0.474957E+04   0.173845E+04
   0.189200E+03   0.474958E+04   0.173845E+04
   0.189300E+03   0.474958E+04   0.173845E+04
   0.189400E+03   0.474958E+04   0.173845E+04
   0.189500E+03   0.474958E+04   0.173846E+04
   0.189600E+03   0.474959E+04   0.173846E+04
   0.189700E+03   0.474959E+04   0.173846E+04
   0.189800E+03   0.474959E+04   0.173846E+04
   0.189900E+03   0.474959E+04   0.173847E+04
   0.190000E+03   0.474959E+04   0.173847E+04
   0.190100E+03   0.474960E+04   0.173847E+04
   0.190200E+03   0.474960E+04   0.173847E+04
   0.190300E+03   0.474960E+04   0.173847E+04
   0.190400E+03   0.474960E+04   0.173848E+04
   0.190500E+03   0.474961E+04   0.173848E+04
   0.190600E+03   0.474961E+04   0.173848E+04
   0.190700E+03   0.474961E+04   0.173848E+04
   0.190800E+03   0.474961E+04   0.173849E+04
   0.190900E+03   0.474961E+04   0.173849E+04
   0.191000E+03   0.474962E+04   0.173849E+04
   0.191100E+03   0.474962E+04   0.173849E+04
   0.191200E+03   0.474962E+04   0.173849E+04
   0.191300E+03   0.474962E+04   0.173850E+04
   0.191400E+03   0.474962E+04   0.173850E+04
   0.191500E+03   0.474963E+04   0.173850E+04
   0.191600E+03   0.474963E+04   0.173850E+04
   0.191700E+03   0.474963E+04   0.173850E+04
   0.191800E+03   0.474963E+04   0.173851E+04
   0.191900E+03   0.474963E+04   0.173851E+04
   0.192000E+03   0.474964E+04   0.173851E+04
   0.192100E+03   0.474964E+04   0.173851E+04
   0.192200E+03   0.474964E+04   0.173851E+04
   0.192300E+03   0.474964E+04   0.173852E+04
   0.192400E+03   0.474964E+04   0.173852E+04
   0.192500E+03   0.474965E+04   0.173852E+04
   0.192600E+03   0.474965E+04   0.173852E+04
   0.192700E+03   0.474965E+04   0.173852E+04
   0.192800E+03   0.474965E+04   0.173853E+04
   0.192900E+03   0.474965E+04   0.173853E+04
   0.193000E+03   0.474966E+04   0.173853E+04
   0.193100E+03   0.474966E+04   0.173853E+04
   0.193200E+03   0.474966E+04   0.173853E+04
   0.193300E+03   0.474966E+04   0.173854E+04
   0.193400E+03   0.474966E+04   0.173854E+04
   0.193500E+03   0.474967E+04   0.173854E+04
   0.193600E+03   0.474967E+04   0.173854E+04
   0.193700E+03   0.474967E+04   0.173854E+04
   0.193800E+03   0.474967E+04   0.173854E+04
   0.193900E+03   0.474967E+04   0.173855E+04
   0.194000E+03   0.474968E+04   0.173855E+04
   0.194100E+03   0.474968E+04   0.173855E+04
   0.194200E+03   0.474968E+04   0.173855E+04
   0.194300E+03   0.474968E+04   0.173855E+04
   0.194400E+03   0.474968E+04   0.173856E+04
   0.194500E+03   0.474968E+04   0.173856E+04
   0.194600E+03   0.474969E+04   0.173856E+04
   0.194700E+03   0.474969E+04   0.173856E+04
   0.194800E+03   0.474969E+04   0.173856E+04
   0.194900E+03   0.474969E+04   0.173856E+04
   0.195000E+03   0.474969E+04   0.173857E+04
   0.195100E+03   0.474969E+04   0.173857E+04
   0.195200E+03   0.474970E+04   0.173857E+04
   0.195300E+03   0.474970E+04   0.173857E+04
   0.195400E+03   0.474970E+04   0.173857E+04
   0.195500E+03   0.474970E+04   0.173858E+04
   0.195600E+03   0.474970E+04   0.173858E+04
   0.195700E+03   0.474971E+04   0.173858E+04
   0.195800E+03   0.474971E+04   0.173858E+04
   0.195900E+03   0.474971E+04   0.173858E+04
   0.196000E+03   0.474971E+04   0.173858E+04
   0.196100E+03   0.474971E+04   0.173859E+04
   0.196200E+03   0.474971E+04   0.173859E+04
   0.196300E+03   0.474972E+04   0.173859E+04
   0.196400E+03   0.474972E+04   0.173859E+04
   0.196500E+03   0.474972E+04   0.173859E+04
   0.196600E+03   0.474972E+04   0.173859E+04
   0.196700E+03   0.474972E+04   0.173860E+04
   0.196800E+03   0.474972E+04   0.173860E+04
   0.196900E+03   0.474973E+04   0.173860E+04
   0.197000E+03   0.474973E+04   0.173860E+04
   0.197100E+03   0.474973E+04   0.173860E+04
   0.197200E+03   0.474973E+04   0.173860E+04
   0.197300E+03   0.474973E+04   0.173860E+04
   0.197400E+03   0.474973E+04   0.173861E+04
   0.197500E+03   0.474973E+04   0.173861E+04
   0.197600E+03   0.474974E+04   0.173861E+04
   0.197700E+03   0.474974E+04   0.173861E+04
   0.197800E+03   0.474974E+04   0.173861E+04
   0.197900E+03   0.474974E+04   0.173861E+04
   0.198000E+03   0.474974E+04   0.173862E+04
   0.198100E+03   0.474974E+04   0.173862E+04
   0.198200E+03   0.474975E+04   0.173862E+04
   0.198300E+03   0.474975E+04   0.173862E+04
   0.198400E+03   0.474975E+04   0.173862E+04
   0.198500E+03   0.474975E+04   0.173862E+04
   0.198600E+03   0.474975E+04   0.173862E+04
   0.198700E+03   0.474975E+04   0.173863E+04
   0.198800E+03   0.474975E+04   0.173863E+04
   0.198900E+03   0.474976E+04   0.173863E+04
   0.199000E+03   0.474976E+04   0.173863E+04
   0.199100E+03   0.474976E+04   0.173863E+04
   0.199200E+03   0.474976E+04   0.173863E+04
   0.199300E+03   0.474976E+04   0.173864E+04
   0.199400E+03   0.474976E+04   0.173864E+04
   0.199500E+03   0.474976E+04   0.173864E+04
   0.199600E+03   0.474977E+04   0.173864E+04
   0.199700E+03   0.474977E+04   0.173864E+04
   0.199800E+03   0.474977E+04   0.173864E+04
   0.199900E+03   0.474977E+04   0.173864E+04
   0.200000E+03   0.474977E+04   0.173865E+04
   0.200100E+03   0.474977E+04   0.173865E+04
   0.200200E+03   0.474977E+04   0.173865E+04
   0.200300E+03   0.474978E+04   0.173865E+04
   0.200400E+03   0.474978E+04   0.173865E+04
   0.200500E+03   0.474978E+04   0.173865E+04
   0.200600E+03   0.474978E+04   0.173865E+04
   0.200700E+03   0.474978E+04   0.173865E+04
   0.200800E+03   0.474978E+04   0.173866E+04
   0.200900E+03   0.474978E+04   0.173866E+04
   0.201000E+03   0.474979E+04   0.173866E+04
   0.201100E+03   0.474979E+04   0.173866E+04
   0.201200E+03   0.474979E+04   0.173866E+04
   0.201300E+03   0.474979E+04   0.173866E+04
   0.201400E+03   0.474979E+04   0.173866E+04
   0.201500E+03   0.474979E+04   0.173867E+04
   0.201600E+03   0.474979E+04   0.173867E+04
   0.201700E+03   0.474979E+04   0.173867E+04
   0.201800E+03   0.474980E+04   0.173867E+04
   0.201900E+03   0.474980E+04   0.173867E+04
   0.202000E+03   0.474980E+04   0.173867E+04
   0.202100E+03   0.474980E+04   0.173867E+04
   0.202200E+03   0.474980E+04   0.173867E+04
   0.202300E+03   0.474980E+04   0.173868E+04
   0.202400E+03   0.474980E+04   0.173868E+04
   0.202500E+03   0.474980E+04   0.173868E+04
   0.202600E+03   0.474981E+04   0.173868E+04
   0.202700E+03   0.474981E+04   0.173868E+04
   0.202800E+03   0.474981E+04   0.173868E+04
   0.202900E+03   0.474981E+04   0.173868E+04
   0.203000E+03   0.474981E+04   0.173868E+04
   0.203100E+03   0.474981E+04   0.173869E+04
   0.203200E+03   0.474981E+04   0.173869E+04
   0.203300E+03   0.474981E+04   0.173869E+04
   0.203400E+03   0.474982E+04   0.173869E+04
   0.203500E+03   0.474982E+04   0.173869E+04
   0.203600E+03   0.474982E+04   0.173869E+04
   0.203700E+03   0.474982E+04   0.173869E+04
   0.203800E+03   0.474982E+04   0.173869E+04
   0.203900E+03   0.474982E+04   0.173870E+04
   0.204000E+03   0.474982E+04   0.173870E+04
   0.204100E+03   0.474982E+04   0.173870E+04
   0.204200E+03   0.474983E+04   0.173870E+04
   0.204300E+03   0.474983E+04   0.173870E+04
   0.204400E+03   0.474983E+04   0.173870E+04
   0.204500E+03   0.474983E+04   0.173870E+04
   0.204600E+03   0.474983E+04   0.173870E+04
   0.204700E+03   0.474983E+04   0.173870E+04
   0.204800E+03   0.474983E+04   0.173871E+04
   0.204900E+03   0.474983E+04   0.173871E+04
   0.205000E+03   0.474983E+04   0.173871E+04
   0.205100E+03   0.474984E+04   0.173871E+04
   0.205200E+03   0.474984E+04   0.173871E+04
   0.205300E+03   0.474984E+04   0.173871E+04
   0.205400E+03   0.474984E+04   0.173871E+04
   0.205500E+03   0.474984E+04   0.173871E+04
   0.205600E+03   0.474984E+04   0.173871E+04
   0.205700E+03   0.474984E+04   0.173872E+04
   0.205800E+03   0.474984E+04   0.173872E+04
   0.205900E+03   0.474984E+04   0.173872E+04
   0.206000E+03   0.474984E+04   0.173872E+04
   0.206100E+03   0.474985E+04   0.173872E+04
   0.206200E+03   0.474985E+04   0.173872E+04
   0.206300E+03   0.474985E+04   0.173872E+04
   0.206400E+03   0.474985E+04   0.173872E+04
   0.206500E+03   0.474985E+04   0.173872E+04
   0.206600E+03   0.474985E+04   0.173872E+04
   0.206700E+03   0.474985E+04   0.173873E+04
   0.206800E+03   0.474985E+04   0.173873E+04
   0.206900E+03   0.474985E+04   0.173873E+04
   0.207000E+03   0.474986E+04   0.173873E+04
   0.207100E+03   0.474986E+04   0.173873E+04
   0.207200E+03   0.474986E+04   0.173873E+04
   0.207300E+03   0.474986E+04   0.173873E+04
   0.207400E+03   0.474986E+04   0.173873E+04
   0.207500E+03   0.474986E+04   0.173873E+04
   0.207600E+03   0.474986E+04   0.173873E+04
   0.207700E+03   0.474986E+04   0.173874E+04
   0.207800E+03   0.474986E+04   0.173874E+04
   0.207900E+03   0.474986E+04   0.173874E+04
   0.208000E+03   0.474987E+04   0.173874E+04
   0.208100E+03   0.474987E+04   0.173874E+04
   0.208200E+03   0.474987E+04   0.173874E+04
   0.208300E+03   0.474987E+04   0.173874E+04
   0.208400E+03   0.474987E+04   0.173874E+04
   0.208500E+03   0.474987E+04   0.173874E+04
   0.208600E+03   0.474987E+04   0.173874E+04
   0.208700E+03   0.474987E+04   0.173875E+04
   0.208800E+03   0.474987E+04   0.173875E+04
   0.208900E+03   0.474987E+04   0.173875E+04
   0.209000E+03   0.474987E+04   0.173875E+04
   0.209100E+03   0.474988E+04   0.173875E+04
   0.209200E+03   0.474988E+04   0.173875E+04
   0.209300E+03   0.474988E+04   0.173875E+04
   0.209400E+03   0.474988E+04   0.173875E+04
   0.209500E+03   0.474988E+04   0.173875E+04
   0.209600E+03   0.474988E+04   0.173875E+04
   0.209700E+03   0.474988E+04   0.173875E+04
   0.209800E+03   0.474988E+04   0.173876E+04
   0.209900E+03   0.474988E+04   0.173876E+04
   0.210000E+03   0.474988E+04   0.173876E+04
   0.210100E+03   0.474988E+04   0.173876E+04
   0.210200E+03   0.474989E+04   0.173876E+04
   0.210300E+03   0.474989E+04   0.173876E+04
   0.210400E+03   0.474989E+04   0.173876E+04
   0.210500E+03   0.474989E+04   0.173876E+04
   0.210600E+03   0.474989E+04   0.173876E+04
   0.210700E+03   0.474989E+04   0.173876E+04
   0.210800E+03   0.474989E+04   0.173876E+04
   0.210900E+03   0.474989E+04   0.173877E+04
   0.211000E+03   0.474989E+04   0.173877E+04
   0.211100E+03   0.474989E+04   0.173877E+04
   0.211200E+03   0.474989E+04   0.173877E+04
   0.211300E+03   0.474989E+04   0.173877E+04
   0.211400E+03   0.474990E+04   0.173877E+04
   0.211500E+03   0.474990E+04   0.173877E+04
   0.211600E+03   0.474990E+04   0.173877E+04
   0.211700E+03   0.474990E+04   0.173877E+04
   0.211800E+03   0.474990E+04   0.173877E+04
   0.211900E+03   0.474990E+04   0.173877E+04
   0.212000E+03   0.474990E+04   0.173877E+04
   0.212100E+03   0.474990E+04   0.173878E+04
   0.212200E+03   0.474990E+04   0.173878E+04
   0.212300E+03   0.474990E+04   0.173878E+04
   0.212400E+03   0.474990E+04   0.173878E+04
   0.212500E+03   0.474990E+04   0.173878E+04
   0.212600E+03   0.474991E+04   0.173878E+04
   0.212700E+03   0.474991E+04   0.173878E+04
   0.212800E+03   0.474991E+04   0.173878E+04
   0.212900E+03   0.474991E+04   0.173878E+04
   0.213000E+03   0.474991E+04   0.173878E+04
   0.213100E+03   0.474991E+04   0.173878E+04
   0.213200E+03   0.474991E+04   0.173878E+04
   0.213300E+03   0.474991E+04   0.173878E+04
   0.213400E+03   0.474991E+04   0.173879E+04
   0.213500E+03   0.474991E+04   0.173879E+04
   0.213600E+03   0.474991E+04   0.173879E+04
   0.213700E+03   0.474991E+04   0.173879E+04
   0.213800E+03   0.474991E+04   0.173879E+04
   0.213900E+03   0.474992E+04   0.173879E+04
   0.214000E+03   0.474992E+04   0.173879E+04
   0.214100E+03   0.474992E+04   0.173879E+04
   0.214200E+03   0.474992E+04   0.173879E+04
   0.214300E+03   0.474992E+04   0.173879E+04
   0.214400E+03   0.474992E+04   0.173879E+04
   0.214500E+03   0.474992E+04   0.173879E+04
   0.214600E+03   0.474992E+04   0.173879E+04
   0.214700E+03   0.474992E+04   0.173879E+04
   0.214800E+03   0.474992E+04   0.173880E+04
   0.214900E+03   0.474992E+04   0.173880E+04
   0.215000E+03   0.474992E+04   0.173880E+04
   0.215100E+03   0.474992E+04   0.173880E+04
   0.215200E+03   0.474992E+04   0.173880E+04
   0.215300E+03   0.474993E+04   0.173880E+04
   0.215400E+03   0.474993E+04   0.173880E+04
   0.215500E+03   0.474993E+04   0.173880E+04
   0.215600E+03   0.474993E+04   0.173880E+04
   0.215700E+03   0.474993E+04   0.173880E+04
   0.215800E+03   0.474993E+04   0.173880E+04
   0.215900E+03   0.474993E+04   0.173880E+04
   0.216000E+03   0.474993E+04   0.173880E+04
   0.216100E+03   0.474993E+04   0.173880E+04
   0.216200E+03   0.474993E+04   0.173881E+04
   0.216300E+03   0.474993E+04   0.173881E+04
   0.216400E+03   0.474993E+04   0.173881E+04
   0.216500E+03   0.474993E+04   0.173881E+04
   0.216600E+03   0.474993E+04   0.173881E+04
   0.216700E+03   0.474993E+04   0.173881E+04
   0.216800E+03   0.474994E+04   0.173881E+04
   0.216900E+03   0.474994E+04   0.173881E+04
   0.217000E+03   0.474994E+04   0.173881E+04
   0.217100E+03   0.474994E+04   0.173881E+04
   0.217200E+03   0.474994E+04   0.173881E+04
   0.217300E+03   0.474994E+04   0.173881E+04
   0.217400E+03   0.474994E+04   0.173881E+04
   0.217500E+03   0.474994E+04   0.173881E+04
   0.217600E+03   0.474994E+04   0.173881E+04
   0.217700E+03   0.474994E+04   0.173881E+04
   0.217800E+03   0.474994E+04   0.173882E+04
   0.217900E+03   0.474994E+04   0.173882E+04
   0.218000E+03   0.474994E+04   0.173882E+04
   0.218100E+03   0.474994E+04   0.173882E+04
   0.218200E+03   0.474994E+04   0.173882E+04
   0.218300E+03   0.474994E+04   0.173882E+04
   0.218400E+03   0.474995E+04   0.173882E+04
   0.218500E+03   0.474995E+04   0.173882E+04
   0.218600E+03   0.474995E+04   0.173882E+04
   0.218700E+03   0.474995E+04   0.173882E+04
   0.218800E+03   0.474995E+04   0.173882E+04
   0.218900E+03   0.474995E+04   0.173882E+04
   0.219000E+03   0.474995E+04   0.173882E+04
   0.219100E+03   0.474995E+04   0.173882E+04
   0.219200E+03   0.474995E+04   0.173882E+04
   0.219300E+03   0.474995E+04   0.173882E+04
   0.219400E+03   0.474995E+04   0.173882E+04
   0.219500E+03   0.474995E+04   0.173883E+04
   0.219600E+03   0.474995E+04   0.173883E+04
   0.219700E+03   0.474995E+04   0.173883E+04
   0.219800E+03   0.474995E+04   0.173883E+04
   0.219900E+03   0.474995E+04   0.173883E+04
   0.220000E+03   0.474995E+04   0.173883E+04
   0.220100E+03   0.474996E+04   0.173883E+04
   0.220200E+03   0.474996E+04   0.173883E+04
   0.220300E+03   0.474996E+04   0.173883E+04
   0.220400E+03   0.474996E+04   0.173883E+04
   0.220500E+03   0.474996E+04   0.173883E+04
   0.220600E+03   0.474996E+04   0.173883E+04
   0.220700E+03   0.474996E+04   0.173883E+04
   0.220800E+03   0.474996E+04   0.173883E+04
   0.220900E+03   0.474996E+04   0.173883E+04
   0.221000E+03   0.474996E+04   0.173883E+04
   0.221100E+03   0.474996E+04   0.173883E+04
   0.221200E+03   0.474996E+04   0.173883E+04
   0.221300E+03   0.474996E+04   0.173884E+04
   0.221400E+03   0.474996E+04   0.173884E+04
   0.221500E+03   0.474996E+04   0.173884E+04
   0.221600E+03   0.474996E+04   0.173884E+04
   0.221700E+03   0.474996E+04   0.173884E+04
   0.221800E+03   0.474996E+04   0.173884E+04
   0.221900E+03   0.474997E+04   0.173884E+04
   0.222000E+03   0.474997E+04   0.173884E+04
   0.222100E+03   0.474997E+04   0.173884E+04
   0.222200E+03   0.474997E+04   0.173884E+04
   0.222300E+03   0.474997E+04   0.173884E+04
   0.222400E+03   0.474997E+04   0.173884E+04
   0.222500E+03   0.474997E+04   0.173884E+04
   0.222600E+03   0.474997E+04   0.173884E+04
   0.222700E+03   0.474997E+04   0.173884E+04
   0.222800E+03   0.474997E+04   0.173884E+04
   0.222900E+03   0.474997E+04   0.173884E+04
   0.223000E+03   0.474997E+04   0.173884E+04
   0.223100E+03   0.474997E+04   0.173884E+04
   0.223200E+03   0.474997E+04   0.173885E+04
   0.223300E+03   0.474997E+04   0.173885E+04
   0.223400E+03   0.474997E+04   0.173885E+04
   0.223500E+03   0.474997E+04   0.173885E+04
   0.223600E+03   0.474997E+04   0.173885E+04
   0.223700E+03   0.474997E+04   0.173885E+04
   0.223800E+03   0.474997E+04   0.173885E+04
   0.223900E+03   0.474997E+04   0.173885E+04
   0.224000E+03   0.474998E+04   0.173885E+04
   0.224100E+03   0.474998E+04   0.173885E+04
   0.224200E+03   0.474998E+04   0.173885E+04
   0.224300E+03   0.474998E+04   0.173885E+04
   0.224400E+03   0.474998E+04   0.173885E+04
   0.224500E+03   0.474998E+04   0.173885E+04
   0.224600E+03   0.474998E+04   0.173885E+04
   0.224700E+03   0.474998E+04   0.173885E+04
   0.224800E+03   0.474998E+04   0.173885E+04
   0.224900E+03   0.474998E+04   0.173885E+04
   0.225000E+03   0.474998E+04   0.173885E+04
   0.225100E+03   0.474998E+04   0.173885E+04
   0.225200E+03   0.474998E+04   0.173885E+04
   0.225300E+03   0.474998E+04   0.173885E+04
   0.225400E+03   0.474998E+04   0.173886E+04
   0.225500E+03   0.474998E+04   0.173886E+04
   0.225600E+03   0.474998E+04   0.173886E+04
   0.225700E+03   0.474998E+04   0.173886E+04
   0.225800E+03   0.474998E+04   0.173886E+04
   0.225900E+03   0.474998E+04   0.173886E+04
   0.226000E+03   0.474998E+04   0.173886E+04
   0.226100E+03   0.474998E+04   0.173886E+04
   0.226200E+03   0.474999E+04   0.173886E+04
   0.226300E+03   0.474999E+04   0.173886E+04
   0.226400E+03   0.474999E+04   0.173886E+04
   0.226500E+03   0.474999E+04   0.173886E+04
   0.226600E+03   0.474999E+04   0.173886E+04
   0.226700E+03   0.474999E+04   0.173886E+04
   0.226800E+03   0.474999E+04   0.173886E+04
   0.226900E+03   0.474999E+04   0.173886E+04
   0.227000E+03   0.474999E+04   0.173886E+04
   0.227100E+03   0.474999E+04   0.173886E+04
   0.227200E+03   0.474999E+04   0.173886E+04
   0.227300E+03   0.474999E+04   0.173886E+04
   0.227400E+03   0.474999E+04   0.173886E+04
   0.227500E+03   0.474999E+04   0.173886E+04
   0.227600E+03   0.474999E+04   0.173886E+04
   0.227700E+03   0.474999E+04   0.173886E+04
   0.227800E+03   0.474999E+04   0.173887E+04
   0.227900E+03   0.474999E+04   0.173887E+04
   0.228000E+03   0.474999E+04   0.173887E+04
   0.228100E+03   0.474999E+04   0.173887E+04
   0.228200E+03   0.474999E+04   0.173887E+04
   0.228300E+03   0.474999E+04   0.173887E+04
   0.228400E+03   0.474999E+04   0.173887E+04
   0.228500E+03   0.474999E+04   0.173887E+04
   0.228600E+03   0.474999E+04   0.173887E+04
   0.228700E+03   0.475000E+04   0.173887E+04
   0.228800E+03   0.475000E+04   0.173887E+04
   0.228900E+03   0.475000E+04   0.173887E+04
   0.229000E+03   0.475000E+04   0.173887E+04
   0.229100E+03   0.475000E+04   0.173887E+04
   0.229200E+03   0.475000E+04   0.173887E+04
   0.229300E+03   0.475000E+04   0.173887E+04
   0.229400E+03   0.475000E+04   0.173887E+04
   0.229500E+03   0.475000E+04   0.173887E+04
   0.229600E+03   0.475000E+04   0.173887E+04
   0.229700E+03   0.475000E+04   0.173887E+04
   0.229800E+03   0.475000E+04   0.173887E+04
   0.229900E+03   0.475000E+04   0.173887E+04
   0.230000E+03   0.475000E+04   0.173887E+04
   0.230100E+03   0.475000E+04   0.173887E+04
   0.230200E+03   0.475000E+04   0.173887E+04
   0.230300E+03   0.475000E+04   0.173887E+04
   0.230400E+03   0.475000E+04   0.173887E+04
   0.230500E+03   0.475000E+04   0.173888E+04
   0.230600E+03   0.475000E+04   0.173888E+04
   0.230700E+03   0.475000E+04   0.173888E+04
   0.230800E+03   0.475000E+04   0.173888E+04
   0.230900E+03   0.475000E+04   0.173888E+04
   0.231000E+03   0.475000E+04   0.173888E+04
   0.231100E+03   0.475000E+04   0.173888E+04
   0.231200E+03   0.475000E+04   0.173888E+04
   0.231300E+03   0.475000E+04   0.173888E+04
   0.231400E+03   0.475000E+04   0.173888E+04
   0.231500E+03   0.475000E+04   0.173888E+04
   0.231600E+03   0.475001E+04   0.173888E+04
   0.231700E+03   0.475001E+04   0.173888E+04
   0.231800E+03   0.475001E+04   0.173888E+04
   0.231900E+03   0.475001E+04   0.173888E+04
   0.232000E+03   0.475001E+04   0.173888E+04
   0.232100E+03   0.475001E+04   0.173888E+04
   0.232200E+03   0.475001E+04   0.173888E+04
   0.232300E+03   0.475001E+04   0.173888E+04
   0.232400E+03   0.475001E+04   0.173888E+04
   0.232500E+03   0.475001E+04   0.173888E+04
   0.232600E+03   0.475001E+04   0.173888E+04
   0.232700E+03   0.475001E+04   0.173888E+04
   0.232800E+03   0.475001E+04   0.173888E+04
   0.232900E+03   0.475001E+04   0.173888E+04
   0.233000E+03   0.475001E+04   0.173888E+04
   0.233100E+03   0.475001E+04   0.173888E+04
   0.233200E+03   0.475001E+04   0.173888E+04
   0.233300E+03   0.475001E+04   0.173888E+04
   0.233400E+03   0.475001E+04   0.173888E+04
   0.233500E+03   0.475001E+04   0.173888E+04
   0.233600E+03   0.475001E+04   0.173889E+04
   0.233700E+03   0.475001E+04   0.173889E+04
   0.233800E+03   0.475001E+04   0.173889E+04
   0.233900E+03   0.475001E+04   0.173889E+04
   0.234000E+03   0.475001E+04   0.173889E+04
   0.234100E+03   0.475001E+04   0.173889E+04
   0.234200E+03   0.475001E+04   0.173889E+04
   0.234300E+03   0.475001E+04   0.173889E+04
   0.234400E+03   0.475001E+04   0.173889E+04
   0.234500E+03   0.475001E+04   0.173889E+04
   0.234600E+03   0.475001E+04   0.173889E+04
   0.234700E+03   0.475001E+04   0.173889E+04
   0.234800E+03   0.475002E+04   0.173889E+04
   0.234900E+03   0.475002E+04   0.173889E+04
   0.235000E+03   0.475002E+04   0.173889E+04
   0.235100E+03   0.475002E+04   0.173889E+04
   0.235200E+03   0.475002E+04   0.173889E+04
   0.235300E+03   0.475002E+04   0.173889E+04
   0.235400E+03   0.475002E+04   0.173889E+04
   0.235500E+03   0.475002E+04   0.173889E+04
   0.235600E+03   0.475002E+04   0.173889E+04
   0.235700E+03   0.475002E+04   0.173889E+04
   0.235800E+03   0.475002E+04   0.173889E+04
   0.235900E+03   0.475002E+04   0.173889E+04
   0.236000E+03   0.475002E+04   0.173889E+04
   0.236100E+03   0.475002E+04   0.173889E+04
   0.236200E+03   0.475002E+04   0.173889E+04
   0.236300E+03   0.475002E+04   0.173889E+04
   0.236400E+03   0.475002E+04   0.173889E+04
   0.236500E+03   0.475002E+04   0.173889E+04
   0.236600E+03   0.475002E+04   0.173889E+04
   0.236700E+03   0.475002E+04   0.173889E+04
   0.236800E+03   0.475002E+04   0.173889E+04
   0.236900E+03   0.475002E+04   0.173889E+04
   0.237000E+03   0.475002E+04   0.173889E+04
   0.237100E+03   0.475002E+04   0.173889E+04
   0.237200E+03   0.475002E+04   0.173890E+04
   0.237300E+03   0.475002E+04   0.173890E+04
   0.237400E+03   0.475002E+04   0.173890E+04
   0.237500E+03   0.475002E+04   0.173890E+04
   0.237600E+03   0.475002E+04   0.173890E+04
   0.237700E+03   0.475002E+04   0.173890E+04
   0.237800E+03   0.475002E+04   0.173890E+04
   0.237900E+03   0.475002E+04   0.173890E+04
   0.238000E+03   0.475002E+04   0.173890E+04
   0.238100E+03   0.475002E+04   0.173890E+04
   0.238200E+03   0.475002E+04   0.173890E+04
   0.238300E+03   0.475002E+04   0.173890E+04
   0.238400E+03   0.475002E+04   0.173890E+04
   0.238500E+03   0.475002E+04   0.173890E+04
   0.238600E+03   0.475003E+04   0.173890E+04
   0.238700E+03   0.475003E+04   0.173890E+04
   0.238800E+03   0.475003E+04   0.173890E+04
   0.238900E+03   0.475003E+04   0.173890E+04
   0.239000E+03   0.475003E+04   0.173890E+04
   0.239100E+03   0.475003E+04   0.173890E+04
   0.239200E+03   0.475003E+04   0.173890E+04
   0.239300E+03   0.475003E+04   0.173890E+04
   0.239400E+03   0.475003E+04   0.173890E+04
   0.239500E+03   0.475003E+04   0.173890E+04
   0.239600E+03   0.475003E+04   0.173890E+04
   0.239700E+03   0.475003E+04   0.173890E+04
   0.239800E+03   0.475003E+04   0.173890E+04
   0.239900E+03   0.475003E+04   0.173890E+04
   0.240000E+03   0.475003E+04   0.173890E+04
   0.240100E+03   0.475003E+04   0.173890E+04
   0.240200E+03   0.475003E+04   0.173890E+04
   0.240300E+03   0.475003E+04   0.173890E+04
   0.240400E+03   0.475003E+04   0.173890E+04
   0.240500E+03   0.475003E+04   0.173890E+04
   0.240600E+03   0.475003E+04   0.173890E+04
   0.240700E+03   0.475003E+04   0.173890E+04
   0.240800E+03   0.475003E+04   0.173890E+04
   0.240900E+03   0.475003E+04   0.173890E+04
   0.241000E+03   0.475003E+04   0.173890E+04
   0.241100E+03   0.475003E+04   0.173890E+04
   0.241200E+03   0.475003E+04   0.173890E+04
   0.241300E+03   0.475003E+04   0.173890E+04
   0.241400E+03   0.475003E+04   0.173890E+04
   0.241500E+03   0.475003E+04   0.173891E+04
   0.241600E+03   0.475003E+04   0.173891E+04
   0.241700E+03   0.475003E+04   0.173891E+04
   0.241800E+03   0.475003E+04   0.173891E+04
   0.241900E+03   0.475003E+04   0.173891E+04
   0.242000E+03   0.475003E+04   0.173891E+04
   0.242100E+03   0.475003E+04   0.173891E+04
   0.242200E+03   0.475003E+04   0.173891E+04
   0.242300E+03   0.475003E+04   0.173891E+04
   0.242400E+03   0.475003E+04   0.173891E+04
   0.242500E+03   0.475003E+04   0.173891E+04
   0.242600E+03   0.475003E+04   0.173891E+04
   0.242700E+03   0.475003E+04   0.173891E+04
   0.242800E+03   0.475003E+04   0.173891E+04
   0.242900E+03   0.475003E+04   0.173891E+04
   0.243000E+03   0.475003E+04   0.173891E+04
   0.243100E+03   0.475003E+04   0.173891E+04
   0.243200E+03   0.475004E+04   0.173891E+04
   0.243300E+03   0.475004E+04   0.173891E+04
   0.243400E+03   0.475004E+04   0.173891E+04
   0.243500E+03   0.475004E+04   0.173891E+04
   0.243600E+03   0.475004E+04   0.173891E+04
   0.243700E+03   0.475004E+04   0.173891E+04
   0.243800E+03   0.475004E+04   0.173891E+04
   0.243900E+03   0.475004E+04   0.173891E+04
   0.244000E+03   0.475004E+04   0.173891E+04
   0.244100E+03   0.475004E+04   0.173891E+04
   0.244200E+03   0.475004E+04   0.173891E+04
   0.244300E+03   0.475004E+04   0.173891E+04
   0.244400E+03   0.475004E+04   0.173891E+04
   0.244500E+03   0.475004E+04   0.173891E+04
   0.244600E+03   0.475004E+04   0.173891E+04
   0.244700E+03   0.475004E+04   0.173891E+04
   0.244800E+03   0.475004E+04   0.173891E+04
   0.244900E+03   0.475004E+04   0.173891E+04
   0.245000E+03   0.475004E+04   0.173891E+04
   0.245100E+03   0.475004E+04   0.173891E+04
   0.245200E+03   0.475004E+04   0.173891E+04
   0.245300E+03   0.475004E+04   0.173891E+04
   0.245400E+03   0.475004E+04   0.173891E+04
   0.245500E+03   0.475004E+04   0.173891E+04
   0.245600E+03   0.475004E+04   0.173891E+04
   0.245700E+03   0.475004E+04   0.173891E+04
   0.245800E+03   0.475004E+04   0.173891E+04
   0.245900E+03   0.475004E+04   0.173891E+04
   0.246000E+03   0.475004E+04   0.173891E+04
   0.246100E+03   0.475004E+04   0.173891E+04
   0.246200E+03   0.475004E+04   0.173891E+04
   0.246300E+03   0.475004E+04   0.173891E+04
   0.246400E+03   0.475004E+04   0.173891E+04
   0.246500E+03   0.475004E+04   0.173891E+04
   0.246600E+03   0.475004E+04   0.173891E+04
   0.246700E+03   0.475004E+04   0.173891E+04
   0.246800E+03   0.475004E+04   0.173892E+04
   0.246900E+03   0.475004E+04   0.173892E+04
   0.247000E+03   0.475004E+04   0.173892E+04
   0.247100E+03   0.475004E+04   0.173892E+04
   0.247200E+03   0.475004E+04   0.173892E+04
   0.247300E+03   0.475004E+04   0.173892E+04
   0.247400E+03   0.475004E+04   0.173892E+04
   0.247500E+03   0.475004E+04   0.173892E+04
   0.247600E+03   0.475004E+04   0.173892E+04
   0.247700E+03   0.475004E+04   0.173892E+04
   0.247800E+03   0.475004E+04   0.173892E+04
   0.247900E+03   0.475004E+04   0.173892E+04
   0.248000E+03   0.475004E+04   0.173892E+04
   0.248100E+03   0.475004E+04   0.173892E+04
   0.248200E+03   0.475004E+04   0.173892E+04
   0.248300E+03   0.475004E+04   0.173892E+04
   0.248400E+03   0.475004E+04   0.173892E+04
   0.248500E+03   0.475004E+04   0.173892E+04
   0.248600E+03   0.475004E+04   0.173892E+04
   0.248700E+03   0.475004E+04   0.173892E+04
   0.248800E+03   0.475004E+04   0.173892E+04
   0.248900E+03   0.475004E+04   0.173892E+04
   0.249000E+03   0.475004E+04   0.173892E+04
   0.249100E+03   0.475005E+04   0.173892E+04
   0.249200E+03   0.475005E+04   0.173892E+04
   0.249300E+03   0.475005E+04   0.173892E+04
   0.249400E+03   0.475005E+04   0.173892E+04
   0.249500E+03   0.475005E+04   0.173892E+04
   0.249600E+03   0.475005E+04   0.173892E+04
   0.249700E+03   0.475005E+04   0.173892E+04
   0.249800E+03   0.475005E+04   0.173892E+04
   0.249900E+03   0.475005E+04   0.173892E+04
