#    time(ps)        R(t,x=0)       J(t,x=L)
   0.000000E+00   0.128535E+01   0.647966E-04
   0.100000E+00   0.597323E+01   0.645444E-04
   0.200000E+00   0.159259E+02   0.641355E-04
   0.300000E+00   0.316137E+02   0.636067E-04
   0.400000E+00   0.523463E+02   0.629944E-04
   0.500000E+00   0.770639E+02   0.623215E-04
   0.600000E+00   0.104924E+03   0.616121E-04
   0.700000E+00   0.135295E+03   0.608832E-04
   0.800000E+00   0.167745E+03   0.601570E-04
   0.900000E+00   0.201959E+03   0.594590E-04
   0.100000E+01   0.237693E+03   0.587795E-04
   0.110000E+01   0.274827E+03   0.581335E-04
   0.120000E+01   0.313310E+03   0.575200E-04
   0.130000E+01   0.353113E+03   0.569633E-04
   0.140000E+01   0.394196E+03   0.565465E-04
   0.150000E+01   0.436510E+03   0.564481E-04
   0.160000E+01   0.479877E+03   0.570720E-04
   0.170000E+01   0.524073E+03   0.594312E-04
   0.180000E+01   0.568862E+03   0.657448E-04
   0.190000E+01   0.613984E+03   0.809066E-04
   0.200000E+01   0.659098E+03   0.114481E-03
   0.210000E+01   0.703898E+03   0.186643E-03
   0.220000E+01   0.748123E+03   0.339547E-03
   0.230000E+01   0.791574E+03   0.651694E-03
   0.240000E+01   0.834105E+03   0.126535E-02
   0.250000E+01   0.875617E+03   0.245038E-02
   0.260000E+01   0.916060E+03   0.468428E-02
   0.270000E+01   0.955412E+03   0.875407E-02
   0.280000E+01   0.993695E+03   0.159756E-01
   0.290000E+01   0.103094E+04   0.284485E-01
   0.300000E+01   0.106718E+04   0.493992E-01
   0.310000E+01   0.110245E+04   0.836978E-01
   0.320000E+01   0.113680E+04   0.138358E+00
   0.330000E+01   0.117027E+04   0.223265E+00
   0.340000E+01   0.120293E+04   0.351799E+00
   0.350000E+01   0.123480E+04   0.541382E+00
   0.360000E+01   0.126594E+04   0.814086E+00
   0.370000E+01   0.129637E+04   0.119778E+01
   0.380000E+01   0.132613E+04   0.172499E+01
   0.390000E+01   0.135526E+04   0.243278E+01
   0.400000E+01   0.138381E+04   0.336227E+01
   0.410000E+01   0.141181E+04   0.455689E+01
   0.420000E+01   0.143930E+04   0.606021E+01
   0.430000E+01   0.146633E+04   0.791495E+01
   0.440000E+01   0.149294E+04   0.101599E+02
   0.450000E+01   0.151916E+04   0.128280E+02
   0.460000E+01   0.154503E+04   0.159435E+02
   0.470000E+01   0.157058E+04   0.195210E+02
   0.480000E+01   0.159585E+04   0.235646E+02
   0.490000E+01   0.162083E+04   0.280680E+02
   0.500000E+01   0.164556E+04   0.330145E+02
   0.510000E+01   0.167005E+04   0.383777E+02
   0.520000E+01   0.169430E+04   0.441198E+02
   0.530000E+01   0.171833E+04   0.502008E+02
   0.540000E+01   0.174213E+04   0.565724E+02
   0.550000E+01   0.176571E+04   0.631840E+02
   0.560000E+01   0.178907E+04   0.699835E+02
   0.570000E+01   0.181221E+04   0.769204E+02
   0.580000E+01   0.183511E+04   0.839460E+02
   0.590000E+01   0.185777E+04   0.910157E+02
   0.600000E+01   0.188018E+04   0.980883E+02
   0.610000E+01   0.190233E+04   0.105130E+03
   0.620000E+01   0.192422E+04   0.112114E+03
   0.630000E+01   0.194583E+04   0.119014E+03
   0.640000E+01   0.196716E+04   0.125814E+03
   0.650000E+01   0.198820E+04   0.132497E+03
   0.660000E+01   0.200894E+04   0.139054E+03
   0.670000E+01   0.202938E+04   0.145479E+03
   0.680000E+01   0.204952E+04   0.151771E+03
   0.690000E+01   0.206935E+04   0.157929E+03
   0.700000E+01   0.208889E+04   0.163956E+03
   0.710000E+01   0.210813E+04   0.169856E+03
   0.720000E+01   0.212708E+04   0.175635E+03
   0.730000E+01   0.214573E+04   0.181300E+03
   0.740000E+01   0.216411E+04   0.186855E+03
   0.750000E+01   0.218220E+04   0.192306E+03
   0.760000E+01   0.220003E+04   0.197662E+03
   0.770000E+01   0.221759E+04   0.202928E+03
   0.780000E+01   0.223489E+04   0.208108E+03
   0.790000E+01   0.225194E+04   0.213208E+03
   0.800000E+01   0.226874E+04   0.218235E+03
   0.810000E+01   0.228531E+04   0.223191E+03
   0.820000E+01   0.230165E+04   0.228077E+03
   0.830000E+01   0.231777E+04   0.232895E+03
   0.840000E+01   0.233367E+04   0.237647E+03
   0.850000E+01   0.234937E+04   0.242335E+03
   0.860000E+01   0.236487E+04   0.246962E+03
   0.870000E+01   0.238017E+04   0.251530E+03
   0.880000E+01   0.239529E+04   0.256044E+03
   0.890000E+01   0.241024E+04   0.260506E+03
   0.900000E+01   0.242501E+04   0.264917E+03
   0.910000E+01   0.243962E+04   0.269285E+03
   0.920000E+01   0.245407E+04   0.273614E+03
   0.930000E+01   0.246837E+04   0.277908E+03
   0.940000E+01   0.248251E+04   0.282174E+03
   0.950000E+01   0.249651E+04   0.286417E+03
   0.960000E+01   0.251037E+04   0.290641E+03
   0.970000E+01   0.252409E+04   0.294851E+03
   0.980000E+01   0.253768E+04   0.299047E+03
   0.990000E+01   0.255114E+04   0.303235E+03
   0.100000E+02   0.256448E+04   0.307417E+03
   0.101000E+02   0.257769E+04   0.311594E+03
   0.102000E+02   0.259078E+04   0.315766E+03
   0.103000E+02   0.260375E+04   0.319933E+03
   0.104000E+02   0.261660E+04   0.324095E+03
   0.105000E+02   0.262935E+04   0.328250E+03
   0.106000E+02   0.264198E+04   0.332398E+03
   0.107000E+02   0.265450E+04   0.336535E+03
   0.108000E+02   0.266692E+04   0.340660E+03
   0.109000E+02   0.267924E+04   0.344768E+03
   0.110000E+02   0.269145E+04   0.348859E+03
   0.111000E+02   0.270356E+04   0.352929E+03
   0.112000E+02   0.271557E+04   0.356976E+03
   0.113000E+02   0.272748E+04   0.360997E+03
   0.114000E+02   0.273930E+04   0.364991E+03
   0.115000E+02   0.275103E+04   0.368956E+03
   0.116000E+02   0.276267E+04   0.372891E+03
   0.117000E+02   0.277421E+04   0.376795E+03
   0.118000E+02   0.278567E+04   0.380668E+03
   0.119000E+02   0.279705E+04   0.384508E+03
   0.120000E+02   0.280833E+04   0.388317E+03
   0.121000E+02   0.281954E+04   0.392097E+03
   0.122000E+02   0.283066E+04   0.395848E+03
   0.123000E+02   0.284170E+04   0.399569E+03
   0.124000E+02   0.285267E+04   0.403264E+03
   0.125000E+02   0.286355E+04   0.406932E+03
   0.126000E+02   0.287436E+04   0.410575E+03
   0.127000E+02   0.288509E+04   0.414194E+03
   0.128000E+02   0.289575E+04   0.417790E+03
   0.129000E+02   0.290633E+04   0.421364E+03
   0.130000E+02   0.291685E+04   0.424919E+03
   0.131000E+02   0.292729E+04   0.428453E+03
   0.132000E+02   0.293765E+04   0.431971E+03
   0.133000E+02   0.294795E+04   0.435472E+03
   0.134000E+02   0.295818E+04   0.438959E+03
   0.135000E+02   0.296834E+04   0.442433E+03
   0.136000E+02   0.297844E+04   0.445893E+03
   0.137000E+02   0.298846E+04   0.449341E+03
   0.138000E+02   0.299843E+04   0.452776E+03
   0.139000E+02   0.300832E+04   0.456200E+03
   0.140000E+02   0.301815E+04   0.459613E+03
   0.141000E+02   0.302791E+04   0.463015E+03
   0.142000E+02   0.303761E+04   0.466407E+03
   0.143000E+02   0.304725E+04   0.469788E+03
   0.144000E+02   0.305682E+04   0.473159E+03
   0.145000E+02   0.306632E+04   0.476520E+03
   0.146000E+02   0.307577E+04   0.479871E+03
   0.147000E+02   0.308515E+04   0.483213E+03
   0.148000E+02   0.309447E+04   0.486545E+03
   0.149000E+02   0.310374E+04   0.489869E+03
   0.150000E+02   0.311294E+04   0.493183E+03
   0.151000E+02   0.312208E+04   0.496489E+03
   0.152000E+02   0.313116E+04   0.499785E+03
   0.153000E+02   0.314018E+04   0.503073E+03
   0.154000E+02   0.314914E+04   0.506352E+03
   0.155000E+02   0.315804E+04   0.509622E+03
   0.156000E+02   0.316689E+04   0.512884E+03
   0.157000E+02   0.317567E+04   0.516137E+03
   0.158000E+02   0.318440E+04   0.519382E+03
   0.159000E+02   0.319307E+04   0.522620E+03
   0.160000E+02   0.320169E+04   0.525850E+03
   0.161000E+02   0.321025E+04   0.529072E+03
   0.162000E+02   0.321876E+04   0.532287E+03
   0.163000E+02   0.322721E+04   0.535494E+03
   0.164000E+02   0.323561E+04   0.538694E+03
   0.165000E+02   0.324395E+04   0.541886E+03
   0.166000E+02   0.325224E+04   0.545071E+03
   0.167000E+02   0.326048E+04   0.548249E+03
   0.168000E+02   0.326867E+04   0.551420E+03
   0.169000E+02   0.327680E+04   0.554583E+03
   0.170000E+02   0.328488E+04   0.557738E+03
   0.171000E+02   0.329292E+04   0.560886E+03
   0.172000E+02   0.330090E+04   0.564027E+03
   0.173000E+02   0.330883E+04   0.567159E+03
   0.174000E+02   0.331671E+04   0.570284E+03
   0.175000E+02   0.332455E+04   0.573402E+03
   0.176000E+02   0.333233E+04   0.576513E+03
   0.177000E+02   0.334007E+04   0.579616E+03
   0.178000E+02   0.334775E+04   0.582712E+03
   0.179000E+02   0.335540E+04   0.585800E+03
   0.180000E+02   0.336299E+04   0.588881E+03
   0.181000E+02   0.337054E+04   0.591955E+03
   0.182000E+02   0.337804E+04   0.595021E+03
   0.183000E+02   0.338550E+04   0.598080E+03
   0.184000E+02   0.339291E+04   0.601131E+03
   0.185000E+02   0.340028E+04   0.604176E+03
   0.186000E+02   0.340760E+04   0.607213E+03
   0.187000E+02   0.341488E+04   0.610243E+03
   0.188000E+02   0.342211E+04   0.613267E+03
   0.189000E+02   0.342931E+04   0.616284E+03
   0.190000E+02   0.343646E+04   0.619294E+03
   0.191000E+02   0.344357E+04   0.622298E+03
   0.192000E+02   0.345063E+04   0.625296E+03
   0.193000E+02   0.345766E+04   0.628287E+03
   0.194000E+02   0.346464E+04   0.631271E+03
   0.195000E+02   0.347158E+04   0.634249E+03
   0.196000E+02   0.347849E+04   0.637221E+03
   0.197000E+02   0.348535E+04   0.640185E+03
   0.198000E+02   0.349217E+04   0.643144E+03
   0.199000E+02   0.349896E+04   0.646095E+03
   0.200000E+02   0.350570E+04   0.649041E+03
   0.201000E+02   0.351241E+04   0.651979E+03
   0.202000E+02   0.351908E+04   0.654912E+03
   0.203000E+02   0.352571E+04   0.657838E+03
   0.204000E+02   0.353230E+04   0.660758E+03
   0.205000E+02   0.353885E+04   0.663671E+03
   0.206000E+02   0.354537E+04   0.666577E+03
   0.207000E+02   0.355185E+04   0.669477E+03
   0.208000E+02   0.355829E+04   0.672371E+03
   0.209000E+02   0.356470E+04   0.675257E+03
   0.210000E+02   0.357107E+04   0.678137E+03
   0.211000E+02   0.357741E+04   0.681009E+03
   0.212000E+02   0.358370E+04   0.683875E+03
   0.213000E+02   0.358997E+04   0.686733E+03
   0.214000E+02   0.359620E+04   0.689585E+03
   0.215000E+02   0.360239E+04   0.692430E+03
   0.216000E+02   0.360855E+04   0.695267E+03
   0.217000E+02   0.361468E+04   0.698099E+03
   0.218000E+02   0.362077E+04   0.700923E+03
   0.219000E+02   0.362683E+04   0.703741E+03
   0.220000E+02   0.363285E+04   0.706552E+03
   0.221000E+02   0.363885E+04   0.709357E+03
   0.222000E+02   0.364480E+04   0.712155E+03
   0.223000E+02   0.365073E+04   0.714946E+03
   0.224000E+02   0.365662E+04   0.717730E+03
   0.225000E+02   0.366248E+04   0.720508E+03
   0.226000E+02   0.366831E+04   0.723279E+03
   0.227000E+02   0.367411E+04   0.726043E+03
   0.228000E+02   0.367988E+04   0.728800E+03
   0.229000E+02   0.368561E+04   0.731550E+03
   0.230000E+02   0.369132E+04   0.734294E+03
   0.231000E+02   0.369699E+04   0.737030E+03
   0.232000E+02   0.370263E+04   0.739759E+03
   0.233000E+02   0.370825E+04   0.742481E+03
   0.234000E+02   0.371383E+04   0.745196E+03
   0.235000E+02   0.371938E+04   0.747905E+03
   0.236000E+02   0.372490E+04   0.750607E+03
   0.237000E+02   0.373039E+04   0.753302E+03
   0.238000E+02   0.373586E+04   0.755990E+03
   0.239000E+02   0.374129E+04   0.758671E+03
   0.240000E+02   0.374670E+04   0.761346E+03
   0.241000E+02   0.375207E+04   0.764014E+03
   0.242000E+02   0.375742E+04   0.766675E+03
   0.243000E+02   0.376274E+04   0.769330E+03
   0.244000E+02   0.376803E+04   0.771978E+03
   0.245000E+02   0.377329E+04   0.774619E+03
   0.246000E+02   0.377853E+04   0.777254E+03
   0.247000E+02   0.378374E+04   0.779882E+03
   0.248000E+02   0.378892E+04   0.782503E+03
   0.249000E+02   0.379407E+04   0.785118E+03
   0.250000E+02   0.379920E+04   0.787725E+03
   0.251000E+02   0.380430E+04   0.790325E+03
   0.252000E+02   0.380937E+04   0.792919E+03
   0.253000E+02   0.381441E+04   0.795506E+03
   0.254000E+02   0.381943E+04   0.798086E+03
   0.255000E+02   0.382443E+04   0.800659E+03
   0.256000E+02   0.382939E+04   0.803225E+03
   0.257000E+02   0.383434E+04   0.805784E+03
   0.258000E+02   0.383925E+04   0.808336E+03
   0.259000E+02   0.384414E+04   0.810882E+03
   0.260000E+02   0.384901E+04   0.813420E+03
   0.261000E+02   0.385385E+04   0.815952E+03
   0.262000E+02   0.385866E+04   0.818476E+03
   0.263000E+02   0.386345E+04   0.820994E+03
   0.264000E+02   0.386822E+04   0.823505E+03
   0.265000E+02   0.387296E+04   0.826009E+03
   0.266000E+02   0.387767E+04   0.828506E+03
   0.267000E+02   0.388237E+04   0.830996E+03
   0.268000E+02   0.388703E+04   0.833479E+03
   0.269000E+02   0.389168E+04   0.835956E+03
   0.270000E+02   0.389630E+04   0.838426E+03
   0.271000E+02   0.390090E+04   0.840889E+03
   0.272000E+02   0.390547E+04   0.843346E+03
   0.273000E+02   0.391002E+04   0.845796E+03
   0.274000E+02   0.391455E+04   0.848239E+03
   0.275000E+02   0.391905E+04   0.850676E+03
   0.276000E+02   0.392353E+04   0.853106E+03
   0.277000E+02   0.392799E+04   0.855529E+03
   0.278000E+02   0.393243E+04   0.857947E+03
   0.279000E+02   0.393684E+04   0.860357E+03
   0.280000E+02   0.394123E+04   0.862761E+03
   0.281000E+02   0.394560E+04   0.865158E+03
   0.282000E+02   0.394995E+04   0.867548E+03
   0.283000E+02   0.395427E+04   0.869932E+03
   0.284000E+02   0.395858E+04   0.872309E+03
   0.285000E+02   0.396286E+04   0.874679E+03
   0.286000E+02   0.396712E+04   0.877043E+03
   0.287000E+02   0.397136E+04   0.879400E+03
   0.288000E+02   0.397558E+04   0.881751E+03
   0.289000E+02   0.397977E+04   0.884095E+03
   0.290000E+02   0.398395E+04   0.886433E+03
   0.291000E+02   0.398810E+04   0.888764E+03
   0.292000E+02   0.399224E+04   0.891088E+03
   0.293000E+02   0.399635E+04   0.893406E+03
   0.294000E+02   0.400045E+04   0.895717E+03
   0.295000E+02   0.400452E+04   0.898022E+03
   0.296000E+02   0.400857E+04   0.900320E+03
   0.297000E+02   0.401261E+04   0.902612E+03
   0.298000E+02   0.401662E+04   0.904897E+03
   0.299000E+02   0.402061E+04   0.907175E+03
   0.300000E+02   0.402459E+04   0.909447E+03
   0.301000E+02   0.402854E+04   0.911712E+03
   0.302000E+02   0.403248E+04   0.913970E+03
   0.303000E+02   0.403639E+04   0.916222E+03
   0.304000E+02   0.404029E+04   0.918467E+03
   0.305000E+02   0.404417E+04   0.920705E+03
   0.306000E+02   0.404803E+04   0.922938E+03
   0.307000E+02   0.405187E+04   0.925163E+03
   0.308000E+02   0.405569E+04   0.927382E+03
   0.309000E+02   0.405949E+04   0.929595E+03
   0.310000E+02   0.406327E+04   0.931801E+03
   0.311000E+02   0.406704E+04   0.934000E+03
   0.312000E+02   0.407079E+04   0.936193E+03
   0.313000E+02   0.407452E+04   0.938379E+03
   0.314000E+02   0.407823E+04   0.940558E+03
   0.315000E+02   0.408192E+04   0.942732E+03
   0.316000E+02   0.408559E+04   0.944898E+03
   0.317000E+02   0.408925E+04   0.947058E+03
   0.318000E+02   0.409289E+04   0.949212E+03
   0.319000E+02   0.409651E+04   0.951359E+03
   0.320000E+02   0.410012E+04   0.953499E+03
   0.321000E+02   0.410371E+04   0.955633E+03
   0.322000E+02   0.410728E+04   0.957761E+03
   0.323000E+02   0.411083E+04   0.959882E+03
   0.324000E+02   0.411437E+04   0.961997E+03
   0.325000E+02   0.411789E+04   0.964105E+03
   0.326000E+02   0.412139E+04   0.966207E+03
   0.327000E+02   0.412487E+04   0.968303E+03
   0.328000E+02   0.412834E+04   0.970391E+03
   0.329000E+02   0.413180E+04   0.972474E+03
   0.330000E+02   0.413523E+04   0.974550E+03
   0.331000E+02   0.413865E+04   0.976620E+03
   0.332000E+02   0.414206E+04   0.978683E+03
   0.333000E+02   0.414544E+04   0.980740E+03
   0.334000E+02   0.414882E+04   0.982790E+03
   0.335000E+02   0.415217E+04   0.984835E+03
   0.336000E+02   0.415551E+04   0.986873E+03
   0.337000E+02   0.415884E+04   0.988904E+03
   0.338000E+02   0.416214E+04   0.990930E+03
   0.339000E+02   0.416544E+04   0.992949E+03
   0.340000E+02   0.416871E+04   0.994962E+03
   0.341000E+02   0.417198E+04   0.996968E+03
   0.342000E+02   0.417522E+04   0.998968E+03
   0.343000E+02   0.417845E+04   0.100096E+04
   0.344000E+02   0.418167E+04   0.100295E+04
   0.345000E+02   0.418487E+04   0.100493E+04
   0.346000E+02   0.418806E+04   0.100691E+04
   0.347000E+02   0.419123E+04   0.100888E+04
   0.348000E+02   0.419439E+04   0.101084E+04
   0.349000E+02   0.419753E+04   0.101280E+04
   0.350000E+02   0.420065E+04   0.101475E+04
   0.351000E+02   0.420377E+04   0.101669E+04
   0.352000E+02   0.420687E+04   0.101863E+04
   0.353000E+02   0.420995E+04   0.102056E+04
   0.354000E+02   0.421302E+04   0.102249E+04
   0.355000E+02   0.421608E+04   0.102441E+04
   0.356000E+02   0.421912E+04   0.102632E+04
   0.357000E+02   0.422214E+04   0.102823E+04
   0.358000E+02   0.422516E+04   0.103013E+04
   0.359000E+02   0.422816E+04   0.103202E+04
   0.360000E+02   0.423114E+04   0.103391E+04
   0.361000E+02   0.423411E+04   0.103580E+04
   0.362000E+02   0.423707E+04   0.103768E+04
   0.363000E+02   0.424002E+04   0.103955E+04
   0.364000E+02   0.424295E+04   0.104141E+04
   0.365000E+02   0.424586E+04   0.104327E+04
   0.366000E+02   0.424877E+04   0.104513E+04
   0.367000E+02   0.425166E+04   0.104697E+04
   0.368000E+02   0.425454E+04   0.104882E+04
   0.369000E+02   0.425740E+04   0.105065E+04
   0.370000E+02   0.426025E+04   0.105248E+04
   0.371000E+02   0.426309E+04   0.105431E+04
   0.372000E+02   0.426592E+04   0.105612E+04
   0.373000E+02   0.426873E+04   0.105794E+04
   0.374000E+02   0.427153E+04   0.105974E+04
   0.375000E+02   0.427431E+04   0.106154E+04
   0.376000E+02   0.427709E+04   0.106334E+04
   0.377000E+02   0.427985E+04   0.106513E+04
   0.378000E+02   0.428260E+04   0.106691E+04
   0.379000E+02   0.428533E+04   0.106869E+04
   0.380000E+02   0.428806E+04   0.107046E+04
   0.381000E+02   0.429077E+04   0.107223E+04
   0.382000E+02   0.429347E+04   0.107399E+04
   0.383000E+02   0.429616E+04   0.107574E+04
   0.384000E+02   0.429883E+04   0.107749E+04
   0.385000E+02   0.430149E+04   0.107924E+04
   0.386000E+02   0.430415E+04   0.108097E+04
   0.387000E+02   0.430678E+04   0.108271E+04
   0.388000E+02   0.430941E+04   0.108443E+04
   0.389000E+02   0.431203E+04   0.108615E+04
   0.390000E+02   0.431463E+04   0.108787E+04
   0.391000E+02   0.431722E+04   0.108958E+04
   0.392000E+02   0.431980E+04   0.109128E+04
   0.393000E+02   0.432237E+04   0.109298E+04
   0.394000E+02   0.432493E+04   0.109467E+04
   0.395000E+02   0.432747E+04   0.109636E+04
   0.396000E+02   0.433001E+04   0.109804E+04
   0.397000E+02   0.433253E+04   0.109972E+04
   0.398000E+02   0.433504E+04   0.110139E+04
   0.399000E+02   0.433754E+04   0.110305E+04
   0.400000E+02   0.434003E+04   0.110471E+04
   0.401000E+02   0.434251E+04   0.110636E+04
   0.402000E+02   0.434498E+04   0.110801E+04
   0.403000E+02   0.434743E+04   0.110966E+04
   0.404000E+02   0.434988E+04   0.111129E+04
   0.405000E+02   0.435231E+04   0.111292E+04
   0.406000E+02   0.435474E+04   0.111455E+04
   0.407000E+02   0.435715E+04   0.111617E+04
   0.408000E+02   0.435955E+04   0.111779E+04
   0.409000E+02   0.436194E+04   0.111940E+04
   0.410000E+02   0.436432E+04   0.112100E+04
   0.411000E+02   0.436669E+04   0.112260E+04
   0.412000E+02   0.436905E+04   0.112420E+04
   0.413000E+02   0.437140E+04   0.112579E+04
   0.414000E+02   0.437374E+04   0.112737E+04
   0.415000E+02   0.437607E+04   0.112895E+04
   0.416000E+02   0.437839E+04   0.113052E+04
   0.417000E+02   0.438070E+04   0.113209E+04
   0.418000E+02   0.438299E+04   0.113365E+04
   0.419000E+02   0.438528E+04   0.113521E+04
   0.420000E+02   0.438756E+04   0.113676E+04
   0.421000E+02   0.438983E+04   0.113831E+04
   0.422000E+02   0.439209E+04   0.113985E+04
   0.423000E+02   0.439433E+04   0.114139E+04
   0.424000E+02   0.439657E+04   0.114292E+04
   0.425000E+02   0.439880E+04   0.114444E+04
   0.426000E+02   0.440102E+04   0.114596E+04
   0.427000E+02   0.440323E+04   0.114748E+04
   0.428000E+02   0.440543E+04   0.114899E+04
   0.429000E+02   0.440762E+04   0.115050E+04
   0.430000E+02   0.440980E+04   0.115200E+04
   0.431000E+02   0.441197E+04   0.115349E+04
   0.432000E+02   0.441413E+04   0.115498E+04
   0.433000E+02   0.441628E+04   0.115647E+04
   0.434000E+02   0.441842E+04   0.115795E+04
   0.435000E+02   0.442055E+04   0.115942E+04
   0.436000E+02   0.442268E+04   0.116090E+04
   0.437000E+02   0.442479E+04   0.116236E+04
   0.438000E+02   0.442690E+04   0.116382E+04
   0.439000E+02   0.442899E+04   0.116528E+04
   0.440000E+02   0.443108E+04   0.116673E+04
   0.441000E+02   0.443316E+04   0.116817E+04
   0.442000E+02   0.443523E+04   0.116961E+04
   0.443000E+02   0.443729E+04   0.117105E+04
   0.444000E+02   0.443934E+04   0.117248E+04
   0.445000E+02   0.444138E+04   0.117391E+04
   0.446000E+02   0.444342E+04   0.117533E+04
   0.447000E+02   0.444544E+04   0.117674E+04
   0.448000E+02   0.444746E+04   0.117815E+04
   0.449000E+02   0.444946E+04   0.117956E+04
   0.450000E+02   0.445146E+04   0.118096E+04
   0.451000E+02   0.445345E+04   0.118236E+04
   0.452000E+02   0.445543E+04   0.118375E+04
   0.453000E+02   0.445741E+04   0.118514E+04
   0.454000E+02   0.445937E+04   0.118652E+04
   0.455000E+02   0.446133E+04   0.118790E+04
   0.456000E+02   0.446328E+04   0.118927E+04
   0.457000E+02   0.446522E+04   0.119064E+04
   0.458000E+02   0.446715E+04   0.119200E+04
   0.459000E+02   0.446907E+04   0.119336E+04
   0.460000E+02   0.447098E+04   0.119472E+04
   0.461000E+02   0.447289E+04   0.119607E+04
   0.462000E+02   0.447479E+04   0.119741E+04
   0.463000E+02   0.447668E+04   0.119875E+04
   0.464000E+02   0.447856E+04   0.120009E+04
   0.465000E+02   0.448043E+04   0.120142E+04
   0.466000E+02   0.448230E+04   0.120275E+04
   0.467000E+02   0.448416E+04   0.120407E+04
   0.468000E+02   0.448601E+04   0.120539E+04
   0.469000E+02   0.448785E+04   0.120670E+04
   0.470000E+02   0.448969E+04   0.120801E+04
   0.471000E+02   0.449151E+04   0.120931E+04
   0.472000E+02   0.449333E+04   0.121061E+04
   0.473000E+02   0.449514E+04   0.121191E+04
   0.474000E+02   0.449695E+04   0.121320E+04
   0.475000E+02   0.449874E+04   0.121448E+04
   0.476000E+02   0.450053E+04   0.121576E+04
   0.477000E+02   0.450231E+04   0.121704E+04
   0.478000E+02   0.450408E+04   0.121831E+04
   0.479000E+02   0.450585E+04   0.121958E+04
   0.480000E+02   0.450761E+04   0.122085E+04
   0.481000E+02   0.450936E+04   0.122211E+04
   0.482000E+02   0.451110E+04   0.122336E+04
   0.483000E+02   0.451284E+04   0.122461E+04
   0.484000E+02   0.451457E+04   0.122586E+04
   0.485000E+02   0.451629E+04   0.122710E+04
   0.486000E+02   0.451800E+04   0.122834E+04
   0.487000E+02   0.451971E+04   0.122957E+04
   0.488000E+02   0.452141E+04   0.123080E+04
   0.489000E+02   0.452310E+04   0.123203E+04
   0.490000E+02   0.452479E+04   0.123325E+04
   0.491000E+02   0.452646E+04   0.123446E+04
   0.492000E+02   0.452813E+04   0.123568E+04
   0.493000E+02   0.452980E+04   0.123688E+04
   0.494000E+02   0.453146E+04   0.123809E+04
   0.495000E+02   0.453311E+04   0.123929E+04
   0.496000E+02   0.453475E+04   0.124048E+04
   0.497000E+02   0.453639E+04   0.124167E+04
   0.498000E+02   0.453802E+04   0.124286E+04
   0.499000E+02   0.453964E+04   0.124404E+04
   0.500000E+02   0.454125E+04   0.124522E+04
   0.501000E+02   0.454286E+04   0.124640E+04
   0.502000E+02   0.454447E+04   0.124757E+04
   0.503000E+02   0.454606E+04   0.124873E+04
   0.504000E+02   0.454765E+04   0.124990E+04
   0.505000E+02   0.454923E+04   0.125105E+04
   0.506000E+02   0.455081E+04   0.125221E+04
   0.507000E+02   0.455238E+04   0.125336E+04
   0.508000E+02   0.455394E+04   0.125450E+04
   0.509000E+02   0.455550E+04   0.125565E+04
   0.510000E+02   0.455705E+04   0.125678E+04
   0.511000E+02   0.455859E+04   0.125792E+04
   0.512000E+02   0.456013E+04   0.125905E+04
   0.513000E+02   0.456166E+04   0.126017E+04
   0.514000E+02   0.456318E+04   0.126130E+04
   0.515000E+02   0.456470E+04   0.126241E+04
   0.516000E+02   0.456621E+04   0.126353E+04
   0.517000E+02   0.456771E+04   0.126464E+04
   0.518000E+02   0.456921E+04   0.126574E+04
   0.519000E+02   0.457070E+04   0.126685E+04
   0.520000E+02   0.457219E+04   0.126795E+04
   0.521000E+02   0.457367E+04   0.126904E+04
   0.522000E+02   0.457515E+04   0.127013E+04
   0.523000E+02   0.457661E+04   0.127122E+04
   0.524000E+02   0.457808E+04   0.127230E+04
   0.525000E+02   0.457953E+04   0.127338E+04
   0.526000E+02   0.458098E+04   0.127446E+04
   0.527000E+02   0.458242E+04   0.127553E+04
   0.528000E+02   0.458386E+04   0.127659E+04
   0.529000E+02   0.458529E+04   0.127766E+04
   0.530000E+02   0.458672E+04   0.127872E+04
   0.531000E+02   0.458814E+04   0.127978E+04
   0.532000E+02   0.458955E+04   0.128083E+04
   0.533000E+02   0.459096E+04   0.128188E+04
   0.534000E+02   0.459237E+04   0.128292E+04
   0.535000E+02   0.459376E+04   0.128396E+04
   0.536000E+02   0.459515E+04   0.128500E+04
   0.537000E+02   0.459654E+04   0.128604E+04
   0.538000E+02   0.459792E+04   0.128707E+04
   0.539000E+02   0.459929E+04   0.128809E+04
   0.540000E+02   0.460066E+04   0.128912E+04
   0.541000E+02   0.460202E+04   0.129014E+04
   0.542000E+02   0.460338E+04   0.129115E+04
   0.543000E+02   0.460473E+04   0.129216E+04
   0.544000E+02   0.460608E+04   0.129317E+04
   0.545000E+02   0.460742E+04   0.129418E+04
   0.546000E+02   0.460875E+04   0.129518E+04
   0.547000E+02   0.461008E+04   0.129618E+04
   0.548000E+02   0.461141E+04   0.129717E+04
   0.549000E+02   0.461273E+04   0.129816E+04
   0.550000E+02   0.461404E+04   0.129915E+04
   0.551000E+02   0.461535E+04   0.130013E+04
   0.552000E+02   0.461665E+04   0.130111E+04
   0.553000E+02   0.461795E+04   0.130209E+04
   0.554000E+02   0.461924E+04   0.130306E+04
   0.555000E+02   0.462052E+04   0.130403E+04
   0.556000E+02   0.462181E+04   0.130500E+04
   0.557000E+02   0.462308E+04   0.130596E+04
   0.558000E+02   0.462435E+04   0.130692E+04
   0.559000E+02   0.462562E+04   0.130788E+04
   0.560000E+02   0.462688E+04   0.130883E+04
   0.561000E+02   0.462813E+04   0.130978E+04
   0.562000E+02   0.462938E+04   0.131073E+04
   0.563000E+02   0.463063E+04   0.131167E+04
   0.564000E+02   0.463187E+04   0.131261E+04
   0.565000E+02   0.463310E+04   0.131354E+04
   0.566000E+02   0.463433E+04   0.131447E+04
   0.567000E+02   0.463556E+04   0.131540E+04
   0.568000E+02   0.463678E+04   0.131633E+04
   0.569000E+02   0.463799E+04   0.131725E+04
   0.570000E+02   0.463920E+04   0.131817E+04
   0.571000E+02   0.464041E+04   0.131909E+04
   0.572000E+02   0.464161E+04   0.132000E+04
   0.573000E+02   0.464280E+04   0.132091E+04
   0.574000E+02   0.464399E+04   0.132181E+04
   0.575000E+02   0.464518E+04   0.132272E+04
   0.576000E+02   0.464636E+04   0.132361E+04
   0.577000E+02   0.464754E+04   0.132451E+04
   0.578000E+02   0.464871E+04   0.132540E+04
   0.579000E+02   0.464987E+04   0.132629E+04
   0.580000E+02   0.465104E+04   0.132718E+04
   0.581000E+02   0.465219E+04   0.132806E+04
   0.582000E+02   0.465335E+04   0.132894E+04
   0.583000E+02   0.465449E+04   0.132982E+04
   0.584000E+02   0.465564E+04   0.133069E+04
   0.585000E+02   0.465677E+04   0.133156E+04
   0.586000E+02   0.465791E+04   0.133243E+04
   0.587000E+02   0.465904E+04   0.133329E+04
   0.588000E+02   0.466016E+04   0.133415E+04
   0.589000E+02   0.466128E+04   0.133501E+04
   0.590000E+02   0.466240E+04   0.133587E+04
   0.591000E+02   0.466351E+04   0.133672E+04
   0.592000E+02   0.466462E+04   0.133757E+04
   0.593000E+02   0.466572E+04   0.133841E+04
   0.594000E+02   0.466682E+04   0.133926E+04
   0.595000E+02   0.466791E+04   0.134010E+04
   0.596000E+02   0.466900E+04   0.134093E+04
   0.597000E+02   0.467008E+04   0.134176E+04
   0.598000E+02   0.467116E+04   0.134260E+04
   0.599000E+02   0.467224E+04   0.134342E+04
   0.600000E+02   0.467331E+04   0.134425E+04
   0.601000E+02   0.467438E+04   0.134507E+04
   0.602000E+02   0.467544E+04   0.134589E+04
   0.603000E+02   0.467650E+04   0.134670E+04
   0.604000E+02   0.467755E+04   0.134751E+04
   0.605000E+02   0.467860E+04   0.134832E+04
   0.606000E+02   0.467965E+04   0.134913E+04
   0.607000E+02   0.468069E+04   0.134993E+04
   0.608000E+02   0.468173E+04   0.135073E+04
   0.609000E+02   0.468276E+04   0.135153E+04
   0.610000E+02   0.468379E+04   0.135233E+04
   0.611000E+02   0.468481E+04   0.135312E+04
   0.612000E+02   0.468583E+04   0.135391E+04
   0.613000E+02   0.468685E+04   0.135470E+04
   0.614000E+02   0.468786E+04   0.135548E+04
   0.615000E+02   0.468887E+04   0.135626E+04
   0.616000E+02   0.468988E+04   0.135704E+04
   0.617000E+02   0.469088E+04   0.135781E+04
   0.618000E+02   0.469187E+04   0.135858E+04
   0.619000E+02   0.469287E+04   0.135935E+04
   0.620000E+02   0.469385E+04   0.136012E+04
   0.621000E+02   0.469484E+04   0.136088E+04
   0.622000E+02   0.469582E+04   0.136164E+04
   0.623000E+02   0.469680E+04   0.136240E+04
   0.624000E+02   0.469777E+04   0.136316E+04
   0.625000E+02   0.469874E+04   0.136391E+04
   0.626000E+02   0.469970E+04   0.136466E+04
   0.627000E+02   0.470066E+04   0.136541E+04
   0.628000E+02   0.470162E+04   0.136615E+04
   0.629000E+02   0.470257E+04   0.136689E+04
   0.630000E+02   0.470352E+04   0.136763E+04
   0.631000E+02   0.470447E+04   0.136837E+04
   0.632000E+02   0.470541E+04   0.136910E+04
   0.633000E+02   0.470635E+04   0.136983E+04
   0.634000E+02   0.470729E+04   0.137056E+04
   0.635000E+02   0.470822E+04   0.137129E+04
   0.636000E+02   0.470914E+04   0.137201E+04
   0.637000E+02   0.471007E+04   0.137273E+04
   0.638000E+02   0.471099E+04   0.137345E+04
   0.639000E+02   0.471190E+04   0.137416E+04
   0.640000E+02   0.471281E+04   0.137488E+04
   0.641000E+02   0.471372E+04   0.137559E+04
   0.642000E+02   0.471463E+04   0.137629E+04
   0.643000E+02   0.471553E+04   0.137700E+04
   0.644000E+02   0.471643E+04   0.137770E+04
   0.645000E+02   0.471732E+04   0.137840E+04
   0.646000E+02   0.471821E+04   0.137910E+04
   0.647000E+02   0.471910E+04   0.137979E+04
   0.648000E+02   0.471998E+04   0.138048E+04
   0.649000E+02   0.472086E+04   0.138117E+04
   0.650000E+02   0.472174E+04   0.138186E+04
   0.651000E+02   0.472261E+04   0.138254E+04
   0.652000E+02   0.472348E+04   0.138322E+04
   0.653000E+02   0.472435E+04   0.138390E+04
   0.654000E+02   0.472521E+04   0.138458E+04
   0.655000E+02   0.472607E+04   0.138525E+04
   0.656000E+02   0.472693E+04   0.138593E+04
   0.657000E+02   0.472778E+04   0.138660E+04
   0.658000E+02   0.472863E+04   0.138726E+04
   0.659000E+02   0.472948E+04   0.138793E+04
   0.660000E+02   0.473032E+04   0.138859E+04
   0.661000E+02   0.473116E+04   0.138925E+04
   0.662000E+02   0.473199E+04   0.138990E+04
   0.663000E+02   0.473283E+04   0.139056E+04
   0.664000E+02   0.473366E+04   0.139121E+04
   0.665000E+02   0.473448E+04   0.139186E+04
   0.666000E+02   0.473531E+04   0.139251E+04
   0.667000E+02   0.473612E+04   0.139315E+04
   0.668000E+02   0.473694E+04   0.139380E+04
   0.669000E+02   0.473775E+04   0.139444E+04
   0.670000E+02   0.473856E+04   0.139507E+04
   0.671000E+02   0.473937E+04   0.139571E+04
   0.672000E+02   0.474017E+04   0.139634E+04
   0.673000E+02   0.474097E+04   0.139697E+04
   0.674000E+02   0.474177E+04   0.139760E+04
   0.675000E+02   0.474256E+04   0.139823E+04
   0.676000E+02   0.474335E+04   0.139885E+04
   0.677000E+02   0.474414E+04   0.139947E+04
   0.678000E+02   0.474493E+04   0.140009E+04
   0.679000E+02   0.474571E+04   0.140071E+04
   0.680000E+02   0.474649E+04   0.140133E+04
   0.681000E+02   0.474726E+04   0.140194E+04
   0.682000E+02   0.474803E+04   0.140255E+04
   0.683000E+02   0.474880E+04   0.140316E+04
   0.684000E+02   0.474957E+04   0.140376E+04
   0.685000E+02   0.475033E+04   0.140437E+04
   0.686000E+02   0.475109E+04   0.140497E+04
   0.687000E+02   0.475185E+04   0.140557E+04
   0.688000E+02   0.475260E+04   0.140616E+04
   0.689000E+02   0.475335E+04   0.140676E+04
   0.690000E+02   0.475410E+04   0.140735E+04
   0.691000E+02   0.475485E+04   0.140794E+04
   0.692000E+02   0.475559E+04   0.140853E+04
   0.693000E+02   0.475633E+04   0.140911E+04
   0.694000E+02   0.475706E+04   0.140970E+04
   0.695000E+02   0.475780E+04   0.141028E+04
   0.696000E+02   0.475853E+04   0.141086E+04
   0.697000E+02   0.475926E+04   0.141144E+04
   0.698000E+02   0.475998E+04   0.141201E+04
   0.699000E+02   0.476070E+04   0.141258E+04
   0.700000E+02   0.476142E+04   0.141316E+04
   0.701000E+02   0.476214E+04   0.141372E+04
   0.702000E+02   0.476285E+04   0.141429E+04
   0.703000E+02   0.476356E+04   0.141486E+04
   0.704000E+02   0.476427E+04   0.141542E+04
   0.705000E+02   0.476498E+04   0.141598E+04
   0.706000E+02   0.476568E+04   0.141654E+04
   0.707000E+02   0.476638E+04   0.141709E+04
   0.708000E+02   0.476707E+04   0.141765E+04
   0.709000E+02   0.476777E+04   0.141820E+04
   0.710000E+02   0.476846E+04   0.141875E+04
   0.711000E+02   0.476915E+04   0.141930E+04
   0.712000E+02   0.476983E+04   0.141984E+04
   0.713000E+02   0.477052E+04   0.142039E+04
   0.714000E+02   0.477120E+04   0.142093E+04
   0.715000E+02   0.477188E+04   0.142147E+04
   0.716000E+02   0.477255E+04   0.142201E+04
   0.717000E+02   0.477322E+04   0.142254E+04
   0.718000E+02   0.477389E+04   0.142308E+04
   0.719000E+02   0.477456E+04   0.142361E+04
   0.720000E+02   0.477522E+04   0.142414E+04
   0.721000E+02   0.477589E+04   0.142467E+04
   0.722000E+02   0.477655E+04   0.142519E+04
   0.723000E+02   0.477720E+04   0.142572E+04
   0.724000E+02   0.477786E+04   0.142624E+04
   0.725000E+02   0.477851E+04   0.142676E+04
   0.726000E+02   0.477916E+04   0.142728E+04
   0.727000E+02   0.477980E+04   0.142779E+04
   0.728000E+02   0.478045E+04   0.142831E+04
   0.729000E+02   0.478109E+04   0.142882E+04
   0.730000E+02   0.478173E+04   0.142933E+04
   0.731000E+02   0.478237E+04   0.142984E+04
   0.732000E+02   0.478300E+04   0.143035E+04
   0.733000E+02   0.478363E+04   0.143085E+04
   0.734000E+02   0.478426E+04   0.143135E+04
   0.735000E+02   0.478489E+04   0.143185E+04
   0.736000E+02   0.478551E+04   0.143235E+04
   0.737000E+02   0.478613E+04   0.143285E+04
   0.738000E+02   0.478675E+04   0.143335E+04
   0.739000E+02   0.478737E+04   0.143384E+04
   0.740000E+02   0.478798E+04   0.143433E+04
   0.741000E+02   0.478860E+04   0.143482E+04
   0.742000E+02   0.478920E+04   0.143531E+04
   0.743000E+02   0.478981E+04   0.143580E+04
   0.744000E+02   0.479042E+04   0.143628E+04
   0.745000E+02   0.479102E+04   0.143677E+04
   0.746000E+02   0.479162E+04   0.143725E+04
   0.747000E+02   0.479222E+04   0.143773E+04
   0.748000E+02   0.479281E+04   0.143820E+04
   0.749000E+02   0.479341E+04   0.143868E+04
   0.750000E+02   0.479400E+04   0.143915E+04
   0.751000E+02   0.479459E+04   0.143962E+04
   0.752000E+02   0.479517E+04   0.144010E+04
   0.753000E+02   0.479576E+04   0.144056E+04
   0.754000E+02   0.479634E+04   0.144103E+04
   0.755000E+02   0.479692E+04   0.144150E+04
   0.756000E+02   0.479749E+04   0.144196E+04
   0.757000E+02   0.479807E+04   0.144242E+04
   0.758000E+02   0.479864E+04   0.144288E+04
   0.759000E+02   0.479921E+04   0.144334E+04
   0.760000E+02   0.479978E+04   0.144380E+04
   0.761000E+02   0.480035E+04   0.144425E+04
   0.762000E+02   0.480091E+04   0.144470E+04
   0.763000E+02   0.480147E+04   0.144516E+04
   0.764000E+02   0.480203E+04   0.144560E+04
   0.765000E+02   0.480259E+04   0.144605E+04
   0.766000E+02   0.480314E+04   0.144650E+04
   0.767000E+02   0.480370E+04   0.144694E+04
   0.768000E+02   0.480425E+04   0.144739E+04
   0.769000E+02   0.480479E+04   0.144783E+04
   0.770000E+02   0.480534E+04   0.144827E+04
   0.771000E+02   0.480589E+04   0.144871E+04
   0.772000E+02   0.480643E+04   0.144914E+04
   0.773000E+02   0.480697E+04   0.144958E+04
   0.774000E+02   0.480751E+04   0.145001E+04
   0.775000E+02   0.480804E+04   0.145044E+04
   0.776000E+02   0.480857E+04   0.145087E+04
   0.777000E+02   0.480911E+04   0.145130E+04
   0.778000E+02   0.480964E+04   0.145173E+04
   0.779000E+02   0.481016E+04   0.145215E+04
   0.780000E+02   0.481069E+04   0.145258E+04
   0.781000E+02   0.481121E+04   0.145300E+04
   0.782000E+02   0.481173E+04   0.145342E+04
   0.783000E+02   0.481225E+04   0.145384E+04
   0.784000E+02   0.481277E+04   0.145426E+04
   0.785000E+02   0.481329E+04   0.145467E+04
   0.786000E+02   0.481380E+04   0.145509E+04
   0.787000E+02   0.481431E+04   0.145550E+04
   0.788000E+02   0.481482E+04   0.145591E+04
   0.789000E+02   0.481533E+04   0.145632E+04
   0.790000E+02   0.481583E+04   0.145673E+04
   0.791000E+02   0.481634E+04   0.145713E+04
   0.792000E+02   0.481684E+04   0.145754E+04
   0.793000E+02   0.481734E+04   0.145794E+04
   0.794000E+02   0.481783E+04   0.145835E+04
   0.795000E+02   0.481833E+04   0.145875E+04
   0.796000E+02   0.481882E+04   0.145914E+04
   0.797000E+02   0.481932E+04   0.145954E+04
   0.798000E+02   0.481981E+04   0.145994E+04
   0.799000E+02   0.482029E+04   0.146033E+04
   0.800000E+02   0.482078E+04   0.146073E+04
   0.801000E+02   0.482126E+04   0.146112E+04
   0.802000E+02   0.482175E+04   0.146151E+04
   0.803000E+02   0.482223E+04   0.146190E+04
   0.804000E+02   0.482271E+04   0.146228E+04
   0.805000E+02   0.482318E+04   0.146267E+04
   0.806000E+02   0.482366E+04   0.146305E+04
   0.807000E+02   0.482413E+04   0.146344E+04
   0.808000E+02   0.482460E+04   0.146382E+04
   0.809000E+02   0.482507E+04   0.146420E+04
   0.810000E+02   0.482554E+04   0.146458E+04
   0.811000E+02   0.482600E+04   0.146495E+04
   0.812000E+02   0.482647E+04   0.146533E+04
   0.813000E+02   0.482693E+04   0.146570E+04
   0.814000E+02   0.482739E+04   0.146608E+04
   0.815000E+02   0.482785E+04   0.146645E+04
   0.816000E+02   0.482831E+04   0.146682E+04
   0.817000E+02   0.482876E+04   0.146719E+04
   0.818000E+02   0.482921E+04   0.146755E+04
   0.819000E+02   0.482967E+04   0.146792E+04
   0.820000E+02   0.483012E+04   0.146828E+04
   0.821000E+02   0.483056E+04   0.146865E+04
   0.822000E+02   0.483101E+04   0.146901E+04
   0.823000E+02   0.483145E+04   0.146937E+04
   0.824000E+02   0.483190E+04   0.146973E+04
   0.825000E+02   0.483234E+04   0.147009E+04
   0.826000E+02   0.483278E+04   0.147044E+04
   0.827000E+02   0.483322E+04   0.147080E+04
   0.828000E+02   0.483365E+04   0.147115E+04
   0.829000E+02   0.483409E+04   0.147151E+04
   0.830000E+02   0.483452E+04   0.147186E+04
   0.831000E+02   0.483495E+04   0.147221E+04
   0.832000E+02   0.483538E+04   0.147255E+04
   0.833000E+02   0.483581E+04   0.147290E+04
   0.834000E+02   0.483623E+04   0.147325E+04
   0.835000E+02   0.483666E+04   0.147359E+04
   0.836000E+02   0.483708E+04   0.147394E+04
   0.837000E+02   0.483750E+04   0.147428E+04
   0.838000E+02   0.483792E+04   0.147462E+04
   0.839000E+02   0.483834E+04   0.147496E+04
   0.840000E+02   0.483875E+04   0.147530E+04
   0.841000E+02   0.483917E+04   0.147563E+04
   0.842000E+02   0.483958E+04   0.147597E+04
   0.843000E+02   0.483999E+04   0.147630E+04
   0.844000E+02   0.484040E+04   0.147664E+04
   0.845000E+02   0.484081E+04   0.147697E+04
   0.846000E+02   0.484122E+04   0.147730E+04
   0.847000E+02   0.484162E+04   0.147763E+04
   0.848000E+02   0.484203E+04   0.147796E+04
   0.849000E+02   0.484243E+04   0.147828E+04
   0.850000E+02   0.484283E+04   0.147861E+04
   0.851000E+02   0.484323E+04   0.147893E+04
   0.852000E+02   0.484362E+04   0.147926E+04
   0.853000E+02   0.484402E+04   0.147958E+04
   0.854000E+02   0.484441E+04   0.147990E+04
   0.855000E+02   0.484481E+04   0.148022E+04
   0.856000E+02   0.484520E+04   0.148054E+04
   0.857000E+02   0.484559E+04   0.148085E+04
   0.858000E+02   0.484597E+04   0.148117E+04
   0.859000E+02   0.484636E+04   0.148149E+04
   0.860000E+02   0.484675E+04   0.148180E+04
   0.861000E+02   0.484713E+04   0.148211E+04
   0.862000E+02   0.484751E+04   0.148242E+04
   0.863000E+02   0.484789E+04   0.148273E+04
   0.864000E+02   0.484827E+04   0.148304E+04
   0.865000E+02   0.484865E+04   0.148335E+04
   0.866000E+02   0.484903E+04   0.148366E+04
   0.867000E+02   0.484940E+04   0.148396E+04
   0.868000E+02   0.484977E+04   0.148427E+04
   0.869000E+02   0.485015E+04   0.148457E+04
   0.870000E+02   0.485052E+04   0.148487E+04
   0.871000E+02   0.485089E+04   0.148517E+04
   0.872000E+02   0.485125E+04   0.148547E+04
   0.873000E+02   0.485162E+04   0.148577E+04
   0.874000E+02   0.485198E+04   0.148607E+04
   0.875000E+02   0.485235E+04   0.148636E+04
   0.876000E+02   0.485271E+04   0.148666E+04
   0.877000E+02   0.485307E+04   0.148695E+04
   0.878000E+02   0.485343E+04   0.148725E+04
   0.879000E+02   0.485379E+04   0.148754E+04
   0.880000E+02   0.485414E+04   0.148783E+04
   0.881000E+02   0.485450E+04   0.148812E+04
   0.882000E+02   0.485485E+04   0.148841E+04
   0.883000E+02   0.485521E+04   0.148870E+04
   0.884000E+02   0.485556E+04   0.148898E+04
   0.885000E+02   0.485591E+04   0.148927E+04
   0.886000E+02   0.485625E+04   0.148955E+04
   0.887000E+02   0.485660E+04   0.148983E+04
   0.888000E+02   0.485695E+04   0.149012E+04
   0.889000E+02   0.485729E+04   0.149040E+04
   0.890000E+02   0.485763E+04   0.149068E+04
   0.891000E+02   0.485798E+04   0.149096E+04
   0.892000E+02   0.485832E+04   0.149124E+04
   0.893000E+02   0.485866E+04   0.149151E+04
   0.894000E+02   0.485899E+04   0.149179E+04
   0.895000E+02   0.485933E+04   0.149206E+04
   0.896000E+02   0.485966E+04   0.149234E+04
   0.897000E+02   0.486000E+04   0.149261E+04
   0.898000E+02   0.486033E+04   0.149288E+04
   0.899000E+02   0.486066E+04   0.149315E+04
   0.900000E+02   0.486099E+04   0.149342E+04
   0.901000E+02   0.486132E+04   0.149369E+04
   0.902000E+02   0.486165E+04   0.149396E+04
   0.903000E+02   0.486197E+04   0.149422E+04
   0.904000E+02   0.486230E+04   0.149449E+04
   0.905000E+02   0.486262E+04   0.149475E+04
   0.906000E+02   0.486295E+04   0.149502E+04
   0.907000E+02   0.486327E+04   0.149528E+04
   0.908000E+02   0.486359E+04   0.149554E+04
   0.909000E+02   0.486390E+04   0.149580E+04
   0.910000E+02   0.486422E+04   0.149606E+04
   0.911000E+02   0.486454E+04   0.149632E+04
   0.912000E+02   0.486485E+04   0.149658E+04
   0.913000E+02   0.486517E+04   0.149684E+04
   0.914000E+02   0.486548E+04   0.149709E+04
   0.915000E+02   0.486579E+04   0.149735E+04
   0.916000E+02   0.486610E+04   0.149760E+04
   0.917000E+02   0.486641E+04   0.149785E+04
   0.918000E+02   0.486672E+04   0.149811E+04
   0.919000E+02   0.486703E+04   0.149836E+04
   0.920000E+02   0.486733E+04   0.149861E+04
   0.921000E+02   0.486763E+04   0.149886E+04
   0.922000E+02   0.486794E+04   0.149910E+04
   0.923000E+02   0.486824E+04   0.149935E+04
   0.924000E+02   0.486854E+04   0.149960E+04
   0.925000E+02   0.486884E+04   0.149984E+04
   0.926000E+02   0.486914E+04   0.150009E+04
   0.927000E+02   0.486944E+04   0.150033E+04
   0.928000E+02   0.486973E+04   0.150057E+04
   0.929000E+02   0.487003E+04   0.150081E+04
   0.930000E+02   0.487032E+04   0.150106E+04
   0.931000E+02   0.487061E+04   0.150130E+04
   0.932000E+02   0.487091E+04   0.150153E+04
   0.933000E+02   0.487120E+04   0.150177E+04
   0.934000E+02   0.487149E+04   0.150201E+04
   0.935000E+02   0.487177E+04   0.150225E+04
   0.936000E+02   0.487206E+04   0.150248E+04
   0.937000E+02   0.487235E+04   0.150272E+04
   0.938000E+02   0.487263E+04   0.150295E+04
   0.939000E+02   0.487292E+04   0.150318E+04
   0.940000E+02   0.487320E+04   0.150341E+04
   0.941000E+02   0.487348E+04   0.150364E+04
   0.942000E+02   0.487376E+04   0.150387E+04
   0.943000E+02   0.487404E+04   0.150410E+04
   0.944000E+02   0.487432E+04   0.150433E+04
   0.945000E+02   0.487460E+04   0.150456E+04
   0.946000E+02   0.487487E+04   0.150479E+04
   0.947000E+02   0.487515E+04   0.150501E+04
   0.948000E+02   0.487542E+04   0.150524E+04
   0.949000E+02   0.487570E+04   0.150546E+04
   0.950000E+02   0.487597E+04   0.150568E+04
   0.951000E+02   0.487624E+04   0.150591E+04
   0.952000E+02   0.487651E+04   0.150613E+04
   0.953000E+02   0.487678E+04   0.150635E+04
   0.954000E+02   0.487705E+04   0.150657E+04
   0.955000E+02   0.487731E+04   0.150679E+04
   0.956000E+02   0.487758E+04   0.150701E+04
   0.957000E+02   0.487784E+04   0.150722E+04
   0.958000E+02   0.487811E+04   0.150744E+04
   0.959000E+02   0.487837E+04   0.150765E+04
   0.960000E+02   0.487863E+04   0.150787E+04
   0.961000E+02   0.487889E+04   0.150808E+04
   0.962000E+02   0.487915E+04   0.150830E+04
   0.963000E+02   0.487941E+04   0.150851E+04
   0.964000E+02   0.487967E+04   0.150872E+04
   0.965000E+02   0.487993E+04   0.150893E+04
   0.966000E+02   0.488018E+04   0.150914E+04
   0.967000E+02   0.488044E+04   0.150935E+04
   0.968000E+02   0.488069E+04   0.150956E+04
   0.969000E+02   0.488094E+04   0.150977E+04
   0.970000E+02   0.488120E+04   0.150997E+04
   0.971000E+02   0.488145E+04   0.151018E+04
   0.972000E+02   0.488170E+04   0.151039E+04
   0.973000E+02   0.488195E+04   0.151059E+04
   0.974000E+02   0.488219E+04   0.151079E+04
   0.975000E+02   0.488244E+04   0.151100E+04
   0.976000E+02   0.488269E+04   0.151120E+04
   0.977000E+02   0.488293E+04   0.151140E+04
   0.978000E+02   0.488318E+04   0.151160E+04
   0.979000E+02   0.488342E+04   0.151180E+04
   0.980000E+02   0.488366E+04   0.151200E+04
   0.981000E+02   0.488390E+04   0.151220E+04
   0.982000E+02   0.488414E+04   0.151240E+04
   0.983000E+02   0.488438E+04   0.151259E+04
   0.984000E+02   0.488462E+04   0.151279E+04
   0.985000E+02   0.488486E+04   0.151299E+04
   0.986000E+02   0.488510E+04   0.151318E+04
   0.987000E+02   0.488533E+04   0.151338E+04
   0.988000E+02   0.488557E+04   0.151357E+04
   0.989000E+02   0.488580E+04   0.151376E+04
   0.990000E+02   0.488604E+04   0.151395E+04
   0.991000E+02   0.488627E+04   0.151414E+04
   0.992000E+02   0.488650E+04   0.151433E+04
   0.993000E+02   0.488673E+04   0.151452E+04
   0.994000E+02   0.488696E+04   0.151471E+04
   0.995000E+02   0.488719E+04   0.151490E+04
   0.996000E+02   0.488742E+04   0.151509E+04
   0.997000E+02   0.488765E+04   0.151528E+04
   0.998000E+02   0.488787E+04   0.151546E+04
   0.999000E+02   0.488810E+04   0.151565E+04
   0.100000E+03   0.488832E+04   0.151583E+04
   0.100100E+03   0.488854E+04   0.151602E+04
   0.100200E+03   0.488877E+04   0.151620E+04
   0.100300E+03   0.488899E+04   0.151638E+04
   0.100400E+03   0.488921E+04   0.151656E+04
   0.100500E+03   0.488943E+04   0.151674E+04
   0.100600E+03   0.488965E+04   0.151692E+04
   0.100700E+03   0.488987E+04   0.151710E+04
   0.100800E+03   0.489009E+04   0.151728E+04
   0.100900E+03   0.489030E+04   0.151746E+04
   0.101000E+03   0.489052E+04   0.151764E+04
   0.101100E+03   0.489073E+04   0.151782E+04
   0.101200E+03   0.489095E+04   0.151799E+04
   0.101300E+03   0.489116E+04   0.151817E+04
   0.101400E+03   0.489138E+04   0.151834E+04
   0.101500E+03   0.489159E+04   0.151852E+04
   0.101600E+03   0.489180E+04   0.151869E+04
   0.101700E+03   0.489201E+04   0.151887E+04
   0.101800E+03   0.489222E+04   0.151904E+04
   0.101900E+03   0.489243E+04   0.151921E+04
   0.102000E+03   0.489264E+04   0.151938E+04
   0.102100E+03   0.489284E+04   0.151955E+04
   0.102200E+03   0.489305E+04   0.151972E+04
   0.102300E+03   0.489325E+04   0.151989E+04
   0.102400E+03   0.489346E+04   0.152006E+04
   0.102500E+03   0.489366E+04   0.152023E+04
   0.102600E+03   0.489387E+04   0.152039E+04
   0.102700E+03   0.489407E+04   0.152056E+04
   0.102800E+03   0.489427E+04   0.152073E+04
   0.102900E+03   0.489447E+04   0.152089E+04
   0.103000E+03   0.489467E+04   0.152106E+04
   0.103100E+03   0.489487E+04   0.152122E+04
   0.103200E+03   0.489507E+04   0.152139E+04
   0.103300E+03   0.489527E+04   0.152155E+04
   0.103400E+03   0.489546E+04   0.152171E+04
   0.103500E+03   0.489566E+04   0.152187E+04
   0.103600E+03   0.489586E+04   0.152203E+04
   0.103700E+03   0.489605E+04   0.152219E+04
   0.103800E+03   0.489624E+04   0.152235E+04
   0.103900E+03   0.489644E+04   0.152251E+04
   0.104000E+03   0.489663E+04   0.152267E+04
   0.104100E+03   0.489682E+04   0.152283E+04
   0.104200E+03   0.489701E+04   0.152299E+04
   0.104300E+03   0.489720E+04   0.152314E+04
   0.104400E+03   0.489739E+04   0.152330E+04
   0.104500E+03   0.489758E+04   0.152346E+04
   0.104600E+03   0.489777E+04   0.152361E+04
   0.104700E+03   0.489796E+04   0.152377E+04
   0.104800E+03   0.489814E+04   0.152392E+04
   0.104900E+03   0.489833E+04   0.152407E+04
   0.105000E+03   0.489852E+04   0.152423E+04
   0.105100E+03   0.489870E+04   0.152438E+04
   0.105200E+03   0.489888E+04   0.152453E+04
   0.105300E+03   0.489907E+04   0.152468E+04
   0.105400E+03   0.489925E+04   0.152483E+04
   0.105500E+03   0.489943E+04   0.152498E+04
   0.105600E+03   0.489961E+04   0.152513E+04
   0.105700E+03   0.489979E+04   0.152528E+04
   0.105800E+03   0.489997E+04   0.152543E+04
   0.105900E+03   0.490015E+04   0.152557E+04
   0.106000E+03   0.490033E+04   0.152572E+04
   0.106100E+03   0.490051E+04   0.152587E+04
   0.106200E+03   0.490068E+04   0.152601E+04
   0.106300E+03   0.490086E+04   0.152616E+04
   0.106400E+03   0.490104E+04   0.152630E+04
   0.106500E+03   0.490121E+04   0.152645E+04
   0.106600E+03   0.490139E+04   0.152659E+04
   0.106700E+03   0.490156E+04   0.152674E+04
   0.106800E+03   0.490173E+04   0.152688E+04
   0.106900E+03   0.490190E+04   0.152702E+04
   0.107000E+03   0.490208E+04   0.152716E+04
   0.107100E+03   0.490225E+04   0.152730E+04
   0.107200E+03   0.490242E+04   0.152744E+04
   0.107300E+03   0.490259E+04   0.152758E+04
   0.107400E+03   0.490276E+04   0.152772E+04
   0.107500E+03   0.490292E+04   0.152786E+04
   0.107600E+03   0.490309E+04   0.152800E+04
   0.107700E+03   0.490326E+04   0.152814E+04
   0.107800E+03   0.490343E+04   0.152827E+04
   0.107900E+03   0.490359E+04   0.152841E+04
   0.108000E+03   0.490376E+04   0.152855E+04
   0.108100E+03   0.490392E+04   0.152868E+04
   0.108200E+03   0.490408E+04   0.152882E+04
   0.108300E+03   0.490425E+04   0.152895E+04
   0.108400E+03   0.490441E+04   0.152909E+04
   0.108500E+03   0.490457E+04   0.152922E+04
   0.108600E+03   0.490473E+04   0.152935E+04
   0.108700E+03   0.490490E+04   0.152949E+04
   0.108800E+03   0.490506E+04   0.152962E+04
   0.108900E+03   0.490521E+04   0.152975E+04
   0.109000E+03   0.490537E+04   0.152988E+04
   0.109100E+03   0.490553E+04   0.153001E+04
   0.109200E+03   0.490569E+04   0.153014E+04
   0.109300E+03   0.490585E+04   0.153027E+04
   0.109400E+03   0.490600E+04   0.153040E+04
   0.109500E+03   0.490616E+04   0.153053E+04
   0.109600E+03   0.490631E+04   0.153066E+04
   0.109700E+03   0.490647E+04   0.153079E+04
   0.109800E+03   0.490662E+04   0.153091E+04
   0.109900E+03   0.490678E+04   0.153104E+04
   0.110000E+03   0.490693E+04   0.153117E+04
   0.110100E+03   0.490708E+04   0.153129E+04
   0.110200E+03   0.490723E+04   0.153142E+04
   0.110300E+03   0.490739E+04   0.153154E+04
   0.110400E+03   0.490754E+04   0.153167E+04
   0.110500E+03   0.490769E+04   0.153179E+04
   0.110600E+03   0.490784E+04   0.153192E+04
   0.110700E+03   0.490799E+04   0.153204E+04
   0.110800E+03   0.490813E+04   0.153216E+04
   0.110900E+03   0.490828E+04   0.153228E+04
   0.111000E+03   0.490843E+04   0.153240E+04
   0.111100E+03   0.490858E+04   0.153253E+04
   0.111200E+03   0.490872E+04   0.153265E+04
   0.111300E+03   0.490887E+04   0.153277E+04
   0.111400E+03   0.490901E+04   0.153289E+04
   0.111500E+03   0.490916E+04   0.153301E+04
   0.111600E+03   0.490930E+04   0.153312E+04
   0.111700E+03   0.490944E+04   0.153324E+04
   0.111800E+03   0.490959E+04   0.153336E+04
   0.111900E+03   0.490973E+04   0.153348E+04
   0.112000E+03   0.490987E+04   0.153360E+04
   0.112100E+03   0.491001E+04   0.153371E+04
   0.112200E+03   0.491015E+04   0.153383E+04
   0.112300E+03   0.491029E+04   0.153394E+04
   0.112400E+03   0.491043E+04   0.153406E+04
   0.112500E+03   0.491057E+04   0.153417E+04
   0.112600E+03   0.491071E+04   0.153429E+04
   0.112700E+03   0.491085E+04   0.153440E+04
   0.112800E+03   0.491098E+04   0.153452E+04
   0.112900E+03   0.491112E+04   0.153463E+04
   0.113000E+03   0.491126E+04   0.153474E+04
   0.113100E+03   0.491139E+04   0.153485E+04
   0.113200E+03   0.491153E+04   0.153497E+04
   0.113300E+03   0.491166E+04   0.153508E+04
   0.113400E+03   0.491180E+04   0.153519E+04
   0.113500E+03   0.491193E+04   0.153530E+04
   0.113600E+03   0.491206E+04   0.153541E+04
   0.113700E+03   0.491220E+04   0.153552E+04
   0.113800E+03   0.491233E+04   0.153563E+04
   0.113900E+03   0.491246E+04   0.153574E+04
   0.114000E+03   0.491259E+04   0.153585E+04
   0.114100E+03   0.491272E+04   0.153595E+04
   0.114200E+03   0.491285E+04   0.153606E+04
   0.114300E+03   0.491298E+04   0.153617E+04
   0.114400E+03   0.491311E+04   0.153627E+04
   0.114500E+03   0.491324E+04   0.153638E+04
   0.114600E+03   0.491337E+04   0.153649E+04
   0.114700E+03   0.491350E+04   0.153659E+04
   0.114800E+03   0.491363E+04   0.153670E+04
   0.114900E+03   0.491375E+04   0.153680E+04
   0.115000E+03   0.491388E+04   0.153691E+04
   0.115100E+03   0.491400E+04   0.153701E+04
   0.115200E+03   0.491413E+04   0.153712E+04
   0.115300E+03   0.491425E+04   0.153722E+04
   0.115400E+03   0.491438E+04   0.153732E+04
   0.115500E+03   0.491450E+04   0.153742E+04
   0.115600E+03   0.491463E+04   0.153753E+04
   0.115700E+03   0.491475E+04   0.153763E+04
   0.115800E+03   0.491487E+04   0.153773E+04
   0.115900E+03   0.491499E+04   0.153783E+04
   0.116000E+03   0.491512E+04   0.153793E+04
   0.116100E+03   0.491524E+04   0.153803E+04
   0.116200E+03   0.491536E+04   0.153813E+04
   0.116300E+03   0.491548E+04   0.153823E+04
   0.116400E+03   0.491560E+04   0.153833E+04
   0.116500E+03   0.491572E+04   0.153843E+04
   0.116600E+03   0.491583E+04   0.153853E+04
   0.116700E+03   0.491595E+04   0.153862E+04
   0.116800E+03   0.491607E+04   0.153872E+04
   0.116900E+03   0.491619E+04   0.153882E+04
   0.117000E+03   0.491631E+04   0.153891E+04
   0.117100E+03   0.491642E+04   0.153901E+04
   0.117200E+03   0.491654E+04   0.153911E+04
   0.117300E+03   0.491665E+04   0.153920E+04
   0.117400E+03   0.491677E+04   0.153930E+04
   0.117500E+03   0.491688E+04   0.153939E+04
   0.117600E+03   0.491700E+04   0.153949E+04
   0.117700E+03   0.491711E+04   0.153958E+04
   0.117800E+03   0.491723E+04   0.153968E+04
   0.117900E+03   0.491734E+04   0.153977E+04
   0.118000E+03   0.491745E+04   0.153986E+04
   0.118100E+03   0.491756E+04   0.153996E+04
   0.118200E+03   0.491768E+04   0.154005E+04
   0.118300E+03   0.491779E+04   0.154014E+04
   0.118400E+03   0.491790E+04   0.154023E+04
   0.118500E+03   0.491801E+04   0.154032E+04
   0.118600E+03   0.491812E+04   0.154041E+04
   0.118700E+03   0.491823E+04   0.154050E+04
   0.118800E+03   0.491834E+04   0.154059E+04
   0.118900E+03   0.491845E+04   0.154068E+04
   0.119000E+03   0.491855E+04   0.154077E+04
   0.119100E+03   0.491866E+04   0.154086E+04
   0.119200E+03   0.491877E+04   0.154095E+04
   0.119300E+03   0.491888E+04   0.154104E+04
   0.119400E+03   0.491898E+04   0.154113E+04
   0.119500E+03   0.491909E+04   0.154122E+04
   0.119600E+03   0.491920E+04   0.154131E+04
   0.119700E+03   0.491930E+04   0.154139E+04
   0.119800E+03   0.491941E+04   0.154148E+04
   0.119900E+03   0.491951E+04   0.154157E+04
   0.120000E+03   0.491962E+04   0.154165E+04
   0.120100E+03   0.491972E+04   0.154174E+04
   0.120200E+03   0.491982E+04   0.154182E+04
   0.120300E+03   0.491993E+04   0.154191E+04
   0.120400E+03   0.492003E+04   0.154199E+04
   0.120500E+03   0.492013E+04   0.154208E+04
   0.120600E+03   0.492023E+04   0.154216E+04
   0.120700E+03   0.492033E+04   0.154225E+04
   0.120800E+03   0.492044E+04   0.154233E+04
   0.120900E+03   0.492054E+04   0.154241E+04
   0.121000E+03   0.492064E+04   0.154250E+04
   0.121100E+03   0.492074E+04   0.154258E+04
   0.121200E+03   0.492084E+04   0.154266E+04
   0.121300E+03   0.492094E+04   0.154275E+04
   0.121400E+03   0.492104E+04   0.154283E+04
   0.121500E+03   0.492113E+04   0.154291E+04
   0.121600E+03   0.492123E+04   0.154299E+04
   0.121700E+03   0.492133E+04   0.154307E+04
   0.121800E+03   0.492143E+04   0.154315E+04
   0.121900E+03   0.492152E+04   0.154323E+04
   0.122000E+03   0.492162E+04   0.154331E+04
   0.122100E+03   0.492172E+04   0.154339E+04
   0.122200E+03   0.492181E+04   0.154347E+04
   0.122300E+03   0.492191E+04   0.154355E+04
   0.122400E+03   0.492200E+04   0.154363E+04
   0.122500E+03   0.492210E+04   0.154371E+04
   0.122600E+03   0.492219E+04   0.154379E+04
   0.122700E+03   0.492229E+04   0.154386E+04
   0.122800E+03   0.492238E+04   0.154394E+04
   0.122900E+03   0.492247E+04   0.154402E+04
   0.123000E+03   0.492257E+04   0.154410E+04
   0.123100E+03   0.492266E+04   0.154417E+04
   0.123200E+03   0.492275E+04   0.154425E+04
   0.123300E+03   0.492284E+04   0.154432E+04
   0.123400E+03   0.492294E+04   0.154440E+04
   0.123500E+03   0.492303E+04   0.154448E+04
   0.123600E+03   0.492312E+04   0.154455E+04
   0.123700E+03   0.492321E+04   0.154463E+04
   0.123800E+03   0.492330E+04   0.154470E+04
   0.123900E+03   0.492339E+04   0.154478E+04
   0.124000E+03   0.492348E+04   0.154485E+04
   0.124100E+03   0.492357E+04   0.154492E+04
   0.124200E+03   0.492366E+04   0.154500E+04
   0.124300E+03   0.492374E+04   0.154507E+04
   0.124400E+03   0.492383E+04   0.154514E+04
   0.124500E+03   0.492392E+04   0.154522E+04
   0.124600E+03   0.492401E+04   0.154529E+04
   0.124700E+03   0.492409E+04   0.154536E+04
   0.124800E+03   0.492418E+04   0.154543E+04
   0.124900E+03   0.492427E+04   0.154550E+04
   0.125000E+03   0.492435E+04   0.154558E+04
   0.125100E+03   0.492444E+04   0.154565E+04
   0.125200E+03   0.492453E+04   0.154572E+04
   0.125300E+03   0.492461E+04   0.154579E+04
   0.125400E+03   0.492470E+04   0.154586E+04
   0.125500E+03   0.492478E+04   0.154593E+04
   0.125600E+03   0.492486E+04   0.154600E+04
   0.125700E+03   0.492495E+04   0.154607E+04
   0.125800E+03   0.492503E+04   0.154614E+04
   0.125900E+03   0.492512E+04   0.154621E+04
   0.126000E+03   0.492520E+04   0.154627E+04
   0.126100E+03   0.492528E+04   0.154634E+04
   0.126200E+03   0.492536E+04   0.154641E+04
   0.126300E+03   0.492544E+04   0.154648E+04
   0.126400E+03   0.492553E+04   0.154655E+04
   0.126500E+03   0.492561E+04   0.154661E+04
   0.126600E+03   0.492569E+04   0.154668E+04
   0.126700E+03   0.492577E+04   0.154675E+04
   0.126800E+03   0.492585E+04   0.154681E+04
   0.126900E+03   0.492593E+04   0.154688E+04
   0.127000E+03   0.492601E+04   0.154695E+04
   0.127100E+03   0.492609E+04   0.154701E+04
   0.127200E+03   0.492617E+04   0.154708E+04
   0.127300E+03   0.492625E+04   0.154714E+04
   0.127400E+03   0.492633E+04   0.154721E+04
   0.127500E+03   0.492640E+04   0.154727E+04
   0.127600E+03   0.492648E+04   0.154734E+04
   0.127700E+03   0.492656E+04   0.154740E+04
   0.127800E+03   0.492664E+04   0.154747E+04
   0.127900E+03   0.492671E+04   0.154753E+04
   0.128000E+03   0.492679E+04   0.154759E+04
   0.128100E+03   0.492687E+04   0.154766E+04
   0.128200E+03   0.492694E+04   0.154772E+04
   0.128300E+03   0.492702E+04   0.154778E+04
   0.128400E+03   0.492710E+04   0.154785E+04
   0.128500E+03   0.492717E+04   0.154791E+04
   0.128600E+03   0.492725E+04   0.154797E+04
   0.128700E+03   0.492732E+04   0.154803E+04
   0.128800E+03   0.492740E+04   0.154809E+04
   0.128900E+03   0.492747E+04   0.154816E+04
   0.129000E+03   0.492754E+04   0.154822E+04
   0.129100E+03   0.492762E+04   0.154828E+04
   0.129200E+03   0.492769E+04   0.154834E+04
   0.129300E+03   0.492776E+04   0.154840E+04
   0.129400E+03   0.492784E+04   0.154846E+04
   0.129500E+03   0.492791E+04   0.154852E+04
   0.129600E+03   0.492798E+04   0.154858E+04
   0.129700E+03   0.492805E+04   0.154864E+04
   0.129800E+03   0.492813E+04   0.154870E+04
   0.129900E+03   0.492820E+04   0.154876E+04
   0.130000E+03   0.492827E+04   0.154882E+04
   0.130100E+03   0.492834E+04   0.154888E+04
   0.130200E+03   0.492841E+04   0.154893E+04
   0.130300E+03   0.492848E+04   0.154899E+04
   0.130400E+03   0.492855E+04   0.154905E+04
   0.130500E+03   0.492862E+04   0.154911E+04
   0.130600E+03   0.492869E+04   0.154917E+04
   0.130700E+03   0.492876E+04   0.154922E+04
   0.130800E+03   0.492883E+04   0.154928E+04
   0.130900E+03   0.492890E+04   0.154934E+04
   0.131000E+03   0.492897E+04   0.154939E+04
   0.131100E+03   0.492903E+04   0.154945E+04
   0.131200E+03   0.492910E+04   0.154951E+04
   0.131300E+03   0.492917E+04   0.154956E+04
   0.131400E+03   0.492924E+04   0.154962E+04
   0.131500E+03   0.492930E+04   0.154968E+04
   0.131600E+03   0.492937E+04   0.154973E+04
   0.131700E+03   0.492944E+04   0.154979E+04
   0.131800E+03   0.492950E+04   0.154984E+04
   0.131900E+03   0.492957E+04   0.154990E+04
   0.132000E+03   0.492964E+04   0.154995E+04
   0.132100E+03   0.492970E+04   0.155000E+04
   0.132200E+03   0.492977E+04   0.155006E+04
   0.132300E+03   0.492983E+04   0.155011E+04
   0.132400E+03   0.492990E+04   0.155017E+04
   0.132500E+03   0.492996E+04   0.155022E+04
   0.132600E+03   0.493003E+04   0.155027E+04
   0.132700E+03   0.493009E+04   0.155033E+04
   0.132800E+03   0.493015E+04   0.155038E+04
   0.132900E+03   0.493022E+04   0.155043E+04
   0.133000E+03   0.493028E+04   0.155049E+04
   0.133100E+03   0.493035E+04   0.155054E+04
   0.133200E+03   0.493041E+04   0.155059E+04
   0.133300E+03   0.493047E+04   0.155064E+04
   0.133400E+03   0.493053E+04   0.155069E+04
   0.133500E+03   0.493060E+04   0.155075E+04
   0.133600E+03   0.493066E+04   0.155080E+04
   0.133700E+03   0.493072E+04   0.155085E+04
   0.133800E+03   0.493078E+04   0.155090E+04
   0.133900E+03   0.493084E+04   0.155095E+04
   0.134000E+03   0.493090E+04   0.155100E+04
   0.134100E+03   0.493096E+04   0.155105E+04
   0.134200E+03   0.493102E+04   0.155110E+04
   0.134300E+03   0.493109E+04   0.155115E+04
   0.134400E+03   0.493115E+04   0.155120E+04
   0.134500E+03   0.493121E+04   0.155125E+04
   0.134600E+03   0.493126E+04   0.155130E+04
   0.134700E+03   0.493132E+04   0.155135E+04
   0.134800E+03   0.493138E+04   0.155140E+04
   0.134900E+03   0.493144E+04   0.155145E+04
   0.135000E+03   0.493150E+04   0.155150E+04
   0.135100E+03   0.493156E+04   0.155155E+04
   0.135200E+03   0.493162E+04   0.155159E+04
   0.135300E+03   0.493168E+04   0.155164E+04
   0.135400E+03   0.493173E+04   0.155169E+04
   0.135500E+03   0.493179E+04   0.155174E+04
   0.135600E+03   0.493185E+04   0.155179E+04
   0.135700E+03   0.493191E+04   0.155183E+04
   0.135800E+03   0.493196E+04   0.155188E+04
   0.135900E+03   0.493202E+04   0.155193E+04
   0.136000E+03   0.493208E+04   0.155197E+04
   0.136100E+03   0.493213E+04   0.155202E+04
   0.136200E+03   0.493219E+04   0.155207E+04
   0.136300E+03   0.493225E+04   0.155211E+04
   0.136400E+03   0.493230E+04   0.155216E+04
   0.136500E+03   0.493236E+04   0.155221E+04
   0.136600E+03   0.493241E+04   0.155225E+04
   0.136700E+03   0.493247E+04   0.155230E+04
   0.136800E+03   0.493252E+04   0.155234E+04
   0.136900E+03   0.493258E+04   0.155239E+04
   0.137000E+03   0.493263E+04   0.155243E+04
   0.137100E+03   0.493269E+04   0.155248E+04
   0.137200E+03   0.493274E+04   0.155252E+04
   0.137300E+03   0.493279E+04   0.155257E+04
   0.137400E+03   0.493285E+04   0.155261E+04
   0.137500E+03   0.493290E+04   0.155266E+04
   0.137600E+03   0.493295E+04   0.155270E+04
   0.137700E+03   0.493301E+04   0.155274E+04
   0.137800E+03   0.493306E+04   0.155279E+04
   0.137900E+03   0.493311E+04   0.155283E+04
   0.138000E+03   0.493316E+04   0.155288E+04
   0.138100E+03   0.493322E+04   0.155292E+04
   0.138200E+03   0.493327E+04   0.155296E+04
   0.138300E+03   0.493332E+04   0.155300E+04
   0.138400E+03   0.493337E+04   0.155305E+04
   0.138500E+03   0.493342E+04   0.155309E+04
   0.138600E+03   0.493348E+04   0.155313E+04
   0.138700E+03   0.493353E+04   0.155318E+04
   0.138800E+03   0.493358E+04   0.155322E+04
   0.138900E+03   0.493363E+04   0.155326E+04
   0.139000E+03   0.493368E+04   0.155330E+04
   0.139100E+03   0.493373E+04   0.155334E+04
   0.139200E+03   0.493378E+04   0.155338E+04
   0.139300E+03   0.493383E+04   0.155343E+04
   0.139400E+03   0.493388E+04   0.155347E+04
   0.139500E+03   0.493393E+04   0.155351E+04
   0.139600E+03   0.493398E+04   0.155355E+04
   0.139700E+03   0.493403E+04   0.155359E+04
   0.139800E+03   0.493408E+04   0.155363E+04
   0.139900E+03   0.493412E+04   0.155367E+04
   0.140000E+03   0.493417E+04   0.155371E+04
   0.140100E+03   0.493422E+04   0.155375E+04
   0.140200E+03   0.493427E+04   0.155379E+04
   0.140300E+03   0.493432E+04   0.155383E+04
   0.140400E+03   0.493436E+04   0.155387E+04
   0.140500E+03   0.493441E+04   0.155391E+04
   0.140600E+03   0.493446E+04   0.155395E+04
   0.140700E+03   0.493451E+04   0.155399E+04
   0.140800E+03   0.493455E+04   0.155403E+04
   0.140900E+03   0.493460E+04   0.155407E+04
   0.141000E+03   0.493465E+04   0.155411E+04
   0.141100E+03   0.493469E+04   0.155414E+04
   0.141200E+03   0.493474E+04   0.155418E+04
   0.141300E+03   0.493479E+04   0.155422E+04
   0.141400E+03   0.493483E+04   0.155426E+04
   0.141500E+03   0.493488E+04   0.155430E+04
   0.141600E+03   0.493492E+04   0.155433E+04
   0.141700E+03   0.493497E+04   0.155437E+04
   0.141800E+03   0.493502E+04   0.155441E+04
   0.141900E+03   0.493506E+04   0.155445E+04
   0.142000E+03   0.493511E+04   0.155448E+04
   0.142100E+03   0.493515E+04   0.155452E+04
   0.142200E+03   0.493520E+04   0.155456E+04
   0.142300E+03   0.493524E+04   0.155460E+04
   0.142400E+03   0.493528E+04   0.155463E+04
   0.142500E+03   0.493533E+04   0.155467E+04
   0.142600E+03   0.493537E+04   0.155471E+04
   0.142700E+03   0.493542E+04   0.155474E+04
   0.142800E+03   0.493546E+04   0.155478E+04
   0.142900E+03   0.493550E+04   0.155481E+04
   0.143000E+03   0.493555E+04   0.155485E+04
   0.143100E+03   0.493559E+04   0.155489E+04
   0.143200E+03   0.493563E+04   0.155492E+04
   0.143300E+03   0.493568E+04   0.155496E+04
   0.143400E+03   0.493572E+04   0.155499E+04
   0.143500E+03   0.493576E+04   0.155503E+04
   0.143600E+03   0.493580E+04   0.155506E+04
   0.143700E+03   0.493585E+04   0.155510E+04
   0.143800E+03   0.493589E+04   0.155513E+04
   0.143900E+03   0.493593E+04   0.155517E+04
   0.144000E+03   0.493597E+04   0.155520E+04
   0.144100E+03   0.493601E+04   0.155524E+04
   0.144200E+03   0.493605E+04   0.155527E+04
   0.144300E+03   0.493609E+04   0.155531E+04
   0.144400E+03   0.493614E+04   0.155534E+04
   0.144500E+03   0.493618E+04   0.155537E+04
   0.144600E+03   0.493622E+04   0.155541E+04
   0.144700E+03   0.493626E+04   0.155544E+04
   0.144800E+03   0.493630E+04   0.155547E+04
   0.144900E+03   0.493634E+04   0.155551E+04
   0.145000E+03   0.493638E+04   0.155554E+04
   0.145100E+03   0.493642E+04   0.155557E+04
   0.145200E+03   0.493646E+04   0.155561E+04
   0.145300E+03   0.493650E+04   0.155564E+04
   0.145400E+03   0.493654E+04   0.155567E+04
   0.145500E+03   0.493658E+04   0.155571E+04
   0.145600E+03   0.493662E+04   0.155574E+04
   0.145700E+03   0.493666E+04   0.155577E+04
   0.145800E+03   0.493669E+04   0.155580E+04
   0.145900E+03   0.493673E+04   0.155583E+04
   0.146000E+03   0.493677E+04   0.155587E+04
   0.146100E+03   0.493681E+04   0.155590E+04
   0.146200E+03   0.493685E+04   0.155593E+04
   0.146300E+03   0.493689E+04   0.155596E+04
   0.146400E+03   0.493693E+04   0.155599E+04
   0.146500E+03   0.493696E+04   0.155603E+04
   0.146600E+03   0.493700E+04   0.155606E+04
   0.146700E+03   0.493704E+04   0.155609E+04
   0.146800E+03   0.493708E+04   0.155612E+04
   0.146900E+03   0.493711E+04   0.155615E+04
   0.147000E+03   0.493715E+04   0.155618E+04
   0.147100E+03   0.493719E+04   0.155621E+04
   0.147200E+03   0.493722E+04   0.155624E+04
   0.147300E+03   0.493726E+04   0.155627E+04
   0.147400E+03   0.493730E+04   0.155630E+04
   0.147500E+03   0.493733E+04   0.155633E+04
   0.147600E+03   0.493737E+04   0.155636E+04
   0.147700E+03   0.493741E+04   0.155639E+04
   0.147800E+03   0.493744E+04   0.155642E+04
   0.147900E+03   0.493748E+04   0.155645E+04
   0.148000E+03   0.493751E+04   0.155648E+04
   0.148100E+03   0.493755E+04   0.155651E+04
   0.148200E+03   0.493759E+04   0.155654E+04
   0.148300E+03   0.493762E+04   0.155657E+04
   0.148400E+03   0.493766E+04   0.155660E+04
   0.148500E+03   0.493769E+04   0.155663E+04
   0.148600E+03   0.493773E+04   0.155666E+04
   0.148700E+03   0.493776E+04   0.155669E+04
   0.148800E+03   0.493780E+04   0.155672E+04
   0.148900E+03   0.493783E+04   0.155674E+04
   0.149000E+03   0.493786E+04   0.155677E+04
   0.149100E+03   0.493790E+04   0.155680E+04
   0.149200E+03   0.493793E+04   0.155683E+04
   0.149300E+03   0.493797E+04   0.155686E+04
   0.149400E+03   0.493800E+04   0.155689E+04
   0.149500E+03   0.493804E+04   0.155691E+04
   0.149600E+03   0.493807E+04   0.155694E+04
   0.149700E+03   0.493810E+04   0.155697E+04
   0.149800E+03   0.493814E+04   0.155700E+04
   0.149900E+03   0.493817E+04   0.155703E+04
   0.150000E+03   0.493820E+04   0.155705E+04
   0.150100E+03   0.493824E+04   0.155708E+04
   0.150200E+03   0.493827E+04   0.155711E+04
   0.150300E+03   0.493830E+04   0.155714E+04
   0.150400E+03   0.493833E+04   0.155716E+04
   0.150500E+03   0.493837E+04   0.155719E+04
   0.150600E+03   0.493840E+04   0.155722E+04
   0.150700E+03   0.493843E+04   0.155724E+04
   0.150800E+03   0.493846E+04   0.155727E+04
   0.150900E+03   0.493849E+04   0.155730E+04
   0.151000E+03   0.493853E+04   0.155732E+04
   0.151100E+03   0.493856E+04   0.155735E+04
   0.151200E+03   0.493859E+04   0.155738E+04
   0.151300E+03   0.493862E+04   0.155740E+04
   0.151400E+03   0.493865E+04   0.155743E+04
   0.151500E+03   0.493868E+04   0.155745E+04
   0.151600E+03   0.493872E+04   0.155748E+04
   0.151700E+03   0.493875E+04   0.155751E+04
   0.151800E+03   0.493878E+04   0.155753E+04
   0.151900E+03   0.493881E+04   0.155756E+04
   0.152000E+03   0.493884E+04   0.155758E+04
   0.152100E+03   0.493887E+04   0.155761E+04
   0.152200E+03   0.493890E+04   0.155763E+04
   0.152300E+03   0.493893E+04   0.155766E+04
   0.152400E+03   0.493896E+04   0.155768E+04
   0.152500E+03   0.493899E+04   0.155771E+04
   0.152600E+03   0.493902E+04   0.155773E+04
   0.152700E+03   0.493905E+04   0.155776E+04
   0.152800E+03   0.493908E+04   0.155778E+04
   0.152900E+03   0.493911E+04   0.155781E+04
   0.153000E+03   0.493914E+04   0.155783E+04
   0.153100E+03   0.493917E+04   0.155786E+04
   0.153200E+03   0.493920E+04   0.155788E+04
   0.153300E+03   0.493923E+04   0.155790E+04
   0.153400E+03   0.493926E+04   0.155793E+04
   0.153500E+03   0.493929E+04   0.155795E+04
   0.153600E+03   0.493932E+04   0.155798E+04
   0.153700E+03   0.493934E+04   0.155800E+04
   0.153800E+03   0.493937E+04   0.155802E+04
   0.153900E+03   0.493940E+04   0.155805E+04
   0.154000E+03   0.493943E+04   0.155807E+04
   0.154100E+03   0.493946E+04   0.155810E+04
   0.154200E+03   0.493949E+04   0.155812E+04
   0.154300E+03   0.493951E+04   0.155814E+04
   0.154400E+03   0.493954E+04   0.155817E+04
   0.154500E+03   0.493957E+04   0.155819E+04
   0.154600E+03   0.493960E+04   0.155821E+04
   0.154700E+03   0.493963E+04   0.155823E+04
   0.154800E+03   0.493965E+04   0.155826E+04
   0.154900E+03   0.493968E+04   0.155828E+04
   0.155000E+03   0.493971E+04   0.155830E+04
   0.155100E+03   0.493974E+04   0.155833E+04
   0.155200E+03   0.493976E+04   0.155835E+04
   0.155300E+03   0.493979E+04   0.155837E+04
   0.155400E+03   0.493982E+04   0.155839E+04
   0.155500E+03   0.493984E+04   0.155842E+04
   0.155600E+03   0.493987E+04   0.155844E+04
   0.155700E+03   0.493990E+04   0.155846E+04
   0.155800E+03   0.493992E+04   0.155848E+04
   0.155900E+03   0.493995E+04   0.155850E+04
   0.156000E+03   0.493998E+04   0.155853E+04
   0.156100E+03   0.494000E+04   0.155855E+04
   0.156200E+03   0.494003E+04   0.155857E+04
   0.156300E+03   0.494006E+04   0.155859E+04
   0.156400E+03   0.494008E+04   0.155861E+04
   0.156500E+03   0.494011E+04   0.155863E+04
   0.156600E+03   0.494013E+04   0.155866E+04
   0.156700E+03   0.494016E+04   0.155868E+04
   0.156800E+03   0.494018E+04   0.155870E+04
   0.156900E+03   0.494021E+04   0.155872E+04
   0.157000E+03   0.494023E+04   0.155874E+04
   0.157100E+03   0.494026E+04   0.155876E+04
   0.157200E+03   0.494029E+04   0.155878E+04
   0.157300E+03   0.494031E+04   0.155880E+04
   0.157400E+03   0.494034E+04   0.155882E+04
   0.157500E+03   0.494036E+04   0.155884E+04
   0.157600E+03   0.494038E+04   0.155886E+04
   0.157700E+03   0.494041E+04   0.155889E+04
   0.157800E+03   0.494043E+04   0.155891E+04
   0.157900E+03   0.494046E+04   0.155893E+04
   0.158000E+03   0.494048E+04   0.155895E+04
   0.158100E+03   0.494051E+04   0.155897E+04
   0.158200E+03   0.494053E+04   0.155899E+04
   0.158300E+03   0.494056E+04   0.155901E+04
   0.158400E+03   0.494058E+04   0.155903E+04
   0.158500E+03   0.494060E+04   0.155905E+04
   0.158600E+03   0.494063E+04   0.155907E+04
   0.158700E+03   0.494065E+04   0.155909E+04
   0.158800E+03   0.494068E+04   0.155911E+04
   0.158900E+03   0.494070E+04   0.155913E+04
   0.159000E+03   0.494072E+04   0.155914E+04
   0.159100E+03   0.494075E+04   0.155916E+04
   0.159200E+03   0.494077E+04   0.155918E+04
   0.159300E+03   0.494079E+04   0.155920E+04
   0.159400E+03   0.494082E+04   0.155922E+04
   0.159500E+03   0.494084E+04   0.155924E+04
   0.159600E+03   0.494086E+04   0.155926E+04
   0.159700E+03   0.494088E+04   0.155928E+04
   0.159800E+03   0.494091E+04   0.155930E+04
   0.159900E+03   0.494093E+04   0.155932E+04
   0.160000E+03   0.494095E+04   0.155934E+04
   0.160100E+03   0.494098E+04   0.155935E+04
   0.160200E+03   0.494100E+04   0.155937E+04
   0.160300E+03   0.494102E+04   0.155939E+04
   0.160400E+03   0.494104E+04   0.155941E+04
   0.160500E+03   0.494106E+04   0.155943E+04
   0.160600E+03   0.494109E+04   0.155945E+04
   0.160700E+03   0.494111E+04   0.155947E+04
   0.160800E+03   0.494113E+04   0.155948E+04
   0.160900E+03   0.494115E+04   0.155950E+04
   0.161000E+03   0.494117E+04   0.155952E+04
   0.161100E+03   0.494120E+04   0.155954E+04
   0.161200E+03   0.494122E+04   0.155956E+04
   0.161300E+03   0.494124E+04   0.155957E+04
   0.161400E+03   0.494126E+04   0.155959E+04
   0.161500E+03   0.494128E+04   0.155961E+04
   0.161600E+03   0.494130E+04   0.155963E+04
   0.161700E+03   0.494132E+04   0.155964E+04
   0.161800E+03   0.494135E+04   0.155966E+04
   0.161900E+03   0.494137E+04   0.155968E+04
   0.162000E+03   0.494139E+04   0.155970E+04
   0.162100E+03   0.494141E+04   0.155971E+04
   0.162200E+03   0.494143E+04   0.155973E+04
   0.162300E+03   0.494145E+04   0.155975E+04
   0.162400E+03   0.494147E+04   0.155977E+04
   0.162500E+03   0.494149E+04   0.155978E+04
   0.162600E+03   0.494151E+04   0.155980E+04
   0.162700E+03   0.494153E+04   0.155982E+04
   0.162800E+03   0.494155E+04   0.155983E+04
   0.162900E+03   0.494157E+04   0.155985E+04
   0.163000E+03   0.494159E+04   0.155987E+04
   0.163100E+03   0.494161E+04   0.155988E+04
   0.163200E+03   0.494163E+04   0.155990E+04
   0.163300E+03   0.494165E+04   0.155992E+04
   0.163400E+03   0.494167E+04   0.155993E+04
   0.163500E+03   0.494169E+04   0.155995E+04
   0.163600E+03   0.494171E+04   0.155997E+04
   0.163700E+03   0.494173E+04   0.155998E+04
   0.163800E+03   0.494175E+04   0.156000E+04
   0.163900E+03   0.494177E+04   0.156002E+04
   0.164000E+03   0.494179E+04   0.156003E+04
   0.164100E+03   0.494181E+04   0.156005E+04
   0.164200E+03   0.494183E+04   0.156006E+04
   0.164300E+03   0.494185E+04   0.156008E+04
   0.164400E+03   0.494187E+04   0.156010E+04
   0.164500E+03   0.494189E+04   0.156011E+04
   0.164600E+03   0.494191E+04   0.156013E+04
   0.164700E+03   0.494192E+04   0.156014E+04
   0.164800E+03   0.494194E+04   0.156016E+04
   0.164900E+03   0.494196E+04   0.156017E+04
   0.165000E+03   0.494198E+04   0.156019E+04
   0.165100E+03   0.494200E+04   0.156020E+04
   0.165200E+03   0.494202E+04   0.156022E+04
   0.165300E+03   0.494204E+04   0.156024E+04
   0.165400E+03   0.494205E+04   0.156025E+04
   0.165500E+03   0.494207E+04   0.156027E+04
   0.165600E+03   0.494209E+04   0.156028E+04
   0.165700E+03   0.494211E+04   0.156030E+04
   0.165800E+03   0.494213E+04   0.156031E+04
   0.165900E+03   0.494215E+04   0.156033E+04
   0.166000E+03   0.494216E+04   0.156034E+04
   0.166100E+03   0.494218E+04   0.156036E+04
   0.166200E+03   0.494220E+04   0.156037E+04
   0.166300E+03   0.494222E+04   0.156039E+04
   0.166400E+03   0.494224E+04   0.156040E+04
   0.166500E+03   0.494225E+04   0.156041E+04
   0.166600E+03   0.494227E+04   0.156043E+04
   0.166700E+03   0.494229E+04   0.156044E+04
   0.166800E+03   0.494231E+04   0.156046E+04
   0.166900E+03   0.494232E+04   0.156047E+04
   0.167000E+03   0.494234E+04   0.156049E+04
   0.167100E+03   0.494236E+04   0.156050E+04
   0.167200E+03   0.494237E+04   0.156052E+04
   0.167300E+03   0.494239E+04   0.156053E+04
   0.167400E+03   0.494241E+04   0.156054E+04
   0.167500E+03   0.494243E+04   0.156056E+04
   0.167600E+03   0.494244E+04   0.156057E+04
   0.167700E+03   0.494246E+04   0.156059E+04
   0.167800E+03   0.494248E+04   0.156060E+04
   0.167900E+03   0.494249E+04   0.156061E+04
   0.168000E+03   0.494251E+04   0.156063E+04
   0.168100E+03   0.494253E+04   0.156064E+04
   0.168200E+03   0.494254E+04   0.156066E+04
   0.168300E+03   0.494256E+04   0.156067E+04
   0.168400E+03   0.494258E+04   0.156068E+04
   0.168500E+03   0.494259E+04   0.156070E+04
   0.168600E+03   0.494261E+04   0.156071E+04
   0.168700E+03   0.494262E+04   0.156072E+04
   0.168800E+03   0.494264E+04   0.156074E+04
   0.168900E+03   0.494266E+04   0.156075E+04
   0.169000E+03   0.494267E+04   0.156076E+04
   0.169100E+03   0.494269E+04   0.156078E+04
   0.169200E+03   0.494271E+04   0.156079E+04
   0.169300E+03   0.494272E+04   0.156080E+04
   0.169400E+03   0.494274E+04   0.156082E+04
   0.169500E+03   0.494275E+04   0.156083E+04
   0.169600E+03   0.494277E+04   0.156084E+04
   0.169700E+03   0.494278E+04   0.156086E+04
   0.169800E+03   0.494280E+04   0.156087E+04
   0.169900E+03   0.494281E+04   0.156088E+04
   0.170000E+03   0.494283E+04   0.156089E+04
   0.170100E+03   0.494285E+04   0.156091E+04
   0.170200E+03   0.494286E+04   0.156092E+04
   0.170300E+03   0.494288E+04   0.156093E+04
   0.170400E+03   0.494289E+04   0.156094E+04
   0.170500E+03   0.494291E+04   0.156096E+04
   0.170600E+03   0.494292E+04   0.156097E+04
   0.170700E+03   0.494294E+04   0.156098E+04
   0.170800E+03   0.494295E+04   0.156099E+04
   0.170900E+03   0.494297E+04   0.156101E+04
   0.171000E+03   0.494298E+04   0.156102E+04
   0.171100E+03   0.494300E+04   0.156103E+04
   0.171200E+03   0.494301E+04   0.156104E+04
   0.171300E+03   0.494303E+04   0.156106E+04
   0.171400E+03   0.494304E+04   0.156107E+04
   0.171500E+03   0.494306E+04   0.156108E+04
   0.171600E+03   0.494307E+04   0.156109E+04
   0.171700E+03   0.494308E+04   0.156110E+04
   0.171800E+03   0.494310E+04   0.156112E+04
   0.171900E+03   0.494311E+04   0.156113E+04
   0.172000E+03   0.494313E+04   0.156114E+04
   0.172100E+03   0.494314E+04   0.156115E+04
   0.172200E+03   0.494316E+04   0.156116E+04
   0.172300E+03   0.494317E+04   0.156118E+04
   0.172400E+03   0.494318E+04   0.156119E+04
   0.172500E+03   0.494320E+04   0.156120E+04
   0.172600E+03   0.494321E+04   0.156121E+04
   0.172700E+03   0.494323E+04   0.156122E+04
   0.172800E+03   0.494324E+04   0.156123E+04
   0.172900E+03   0.494325E+04   0.156125E+04
   0.173000E+03   0.494327E+04   0.156126E+04
   0.173100E+03   0.494328E+04   0.156127E+04
   0.173200E+03   0.494329E+04   0.156128E+04
   0.173300E+03   0.494331E+04   0.156129E+04
   0.173400E+03   0.494332E+04   0.156130E+04
   0.173500E+03   0.494334E+04   0.156131E+04
   0.173600E+03   0.494335E+04   0.156132E+04
   0.173700E+03   0.494336E+04   0.156134E+04
   0.173800E+03   0.494338E+04   0.156135E+04
   0.173900E+03   0.494339E+04   0.156136E+04
   0.174000E+03   0.494340E+04   0.156137E+04
   0.174100E+03   0.494342E+04   0.156138E+04
   0.174200E+03   0.494343E+04   0.156139E+04
   0.174300E+03   0.494344E+04   0.156140E+04
   0.174400E+03   0.494345E+04   0.156141E+04
   0.174500E+03   0.494347E+04   0.156142E+04
   0.174600E+03   0.494348E+04   0.156143E+04
   0.174700E+03   0.494349E+04   0.156144E+04
   0.174800E+03   0.494351E+04   0.156146E+04
   0.174900E+03   0.494352E+04   0.156147E+04
   0.175000E+03   0.494353E+04   0.156148E+04
   0.175100E+03   0.494355E+04   0.156149E+04
   0.175200E+03   0.494356E+04   0.156150E+04
   0.175300E+03   0.494357E+04   0.156151E+04
   0.175400E+03   0.494358E+04   0.156152E+04
   0.175500E+03   0.494360E+04   0.156153E+04
   0.175600E+03   0.494361E+04   0.156154E+04
   0.175700E+03   0.494362E+04   0.156155E+04
   0.175800E+03   0.494363E+04   0.156156E+04
   0.175900E+03   0.494365E+04   0.156157E+04
   0.176000E+03   0.494366E+04   0.156158E+04
   0.176100E+03   0.494367E+04   0.156159E+04
   0.176200E+03   0.494368E+04   0.156160E+04
   0.176300E+03   0.494369E+04   0.156161E+04
   0.176400E+03   0.494371E+04   0.156162E+04
   0.176500E+03   0.494372E+04   0.156163E+04
   0.176600E+03   0.494373E+04   0.156164E+04
   0.176700E+03   0.494374E+04   0.156165E+04
   0.176800E+03   0.494375E+04   0.156166E+04
   0.176900E+03   0.494377E+04   0.156167E+04
   0.177000E+03   0.494378E+04   0.156168E+04
   0.177100E+03   0.494379E+04   0.156169E+04
   0.177200E+03   0.494380E+04   0.156170E+04
   0.177300E+03   0.494381E+04   0.156171E+04
   0.177400E+03   0.494382E+04   0.156172E+04
   0.177500E+03   0.494384E+04   0.156173E+04
   0.177600E+03   0.494385E+04   0.156174E+04
   0.177700E+03   0.494386E+04   0.156175E+04
   0.177800E+03   0.494387E+04   0.156176E+04
   0.177900E+03   0.494388E+04   0.156177E+04
   0.178000E+03   0.494389E+04   0.156178E+04
   0.178100E+03   0.494390E+04   0.156179E+04
   0.178200E+03   0.494392E+04   0.156180E+04
   0.178300E+03   0.494393E+04   0.156180E+04
   0.178400E+03   0.494394E+04   0.156181E+04
   0.178500E+03   0.494395E+04   0.156182E+04
   0.178600E+03   0.494396E+04   0.156183E+04
   0.178700E+03   0.494397E+04   0.156184E+04
   0.178800E+03   0.494398E+04   0.156185E+04
   0.178900E+03   0.494399E+04   0.156186E+04
   0.179000E+03   0.494400E+04   0.156187E+04
   0.179100E+03   0.494402E+04   0.156188E+04
   0.179200E+03   0.494403E+04   0.156189E+04
   0.179300E+03   0.494404E+04   0.156190E+04
   0.179400E+03   0.494405E+04   0.156191E+04
   0.179500E+03   0.494406E+04   0.156191E+04
   0.179600E+03   0.494407E+04   0.156192E+04
   0.179700E+03   0.494408E+04   0.156193E+04
   0.179800E+03   0.494409E+04   0.156194E+04
   0.179900E+03   0.494410E+04   0.156195E+04
   0.180000E+03   0.494411E+04   0.156196E+04
   0.180100E+03   0.494412E+04   0.156197E+04
   0.180200E+03   0.494413E+04   0.156198E+04
   0.180300E+03   0.494414E+04   0.156198E+04
   0.180400E+03   0.494415E+04   0.156199E+04
   0.180500E+03   0.494416E+04   0.156200E+04
   0.180600E+03   0.494417E+04   0.156201E+04
   0.180700E+03   0.494418E+04   0.156202E+04
   0.180800E+03   0.494420E+04   0.156203E+04
   0.180900E+03   0.494421E+04   0.156204E+04
   0.181000E+03   0.494422E+04   0.156204E+04
   0.181100E+03   0.494423E+04   0.156205E+04
   0.181200E+03   0.494424E+04   0.156206E+04
   0.181300E+03   0.494425E+04   0.156207E+04
   0.181400E+03   0.494426E+04   0.156208E+04
   0.181500E+03   0.494427E+04   0.156209E+04
   0.181600E+03   0.494428E+04   0.156209E+04
   0.181700E+03   0.494429E+04   0.156210E+04
   0.181800E+03   0.494430E+04   0.156211E+04
   0.181900E+03   0.494431E+04   0.156212E+04
   0.182000E+03   0.494431E+04   0.156213E+04
   0.182100E+03   0.494432E+04   0.156213E+04
   0.182200E+03   0.494433E+04   0.156214E+04
   0.182300E+03   0.494434E+04   0.156215E+04
   0.182400E+03   0.494435E+04   0.156216E+04
   0.182500E+03   0.494436E+04   0.156217E+04
   0.182600E+03   0.494437E+04   0.156217E+04
   0.182700E+03   0.494438E+04   0.156218E+04
   0.182800E+03   0.494439E+04   0.156219E+04
   0.182900E+03   0.494440E+04   0.156220E+04
   0.183000E+03   0.494441E+04   0.156221E+04
   0.183100E+03   0.494442E+04   0.156221E+04
   0.183200E+03   0.494443E+04   0.156222E+04
   0.183300E+03   0.494444E+04   0.156223E+04
   0.183400E+03   0.494445E+04   0.156224E+04
   0.183500E+03   0.494446E+04   0.156224E+04
   0.183600E+03   0.494447E+04   0.156225E+04
   0.183700E+03   0.494448E+04   0.156226E+04
   0.183800E+03   0.494448E+04   0.156227E+04
   0.183900E+03   0.494449E+04   0.156227E+04
   0.184000E+03   0.494450E+04   0.156228E+04
   0.184100E+03   0.494451E+04   0.156229E+04
   0.184200E+03   0.494452E+04   0.156230E+04
   0.184300E+03   0.494453E+04   0.156230E+04
   0.184400E+03   0.494454E+04   0.156231E+04
   0.184500E+03   0.494455E+04   0.156232E+04
   0.184600E+03   0.494456E+04   0.156233E+04
   0.184700E+03   0.494457E+04   0.156233E+04
   0.184800E+03   0.494457E+04   0.156234E+04
   0.184900E+03   0.494458E+04   0.156235E+04
   0.185000E+03   0.494459E+04   0.156236E+04
   0.185100E+03   0.494460E+04   0.156236E+04
   0.185200E+03   0.494461E+04   0.156237E+04
   0.185300E+03   0.494462E+04   0.156238E+04
   0.185400E+03   0.494463E+04   0.156238E+04
   0.185500E+03   0.494463E+04   0.156239E+04
   0.185600E+03   0.494464E+04   0.156240E+04
   0.185700E+03   0.494465E+04   0.156241E+04
   0.185800E+03   0.494466E+04   0.156241E+04
   0.185900E+03   0.494467E+04   0.156242E+04
   0.186000E+03   0.494468E+04   0.156243E+04
   0.186100E+03   0.494469E+04   0.156243E+04
   0.186200E+03   0.494469E+04   0.156244E+04
   0.186300E+03   0.494470E+04   0.156245E+04
   0.186400E+03   0.494471E+04   0.156245E+04
   0.186500E+03   0.494472E+04   0.156246E+04
   0.186600E+03   0.494473E+04   0.156247E+04
   0.186700E+03   0.494473E+04   0.156247E+04
   0.186800E+03   0.494474E+04   0.156248E+04
   0.186900E+03   0.494475E+04   0.156249E+04
   0.187000E+03   0.494476E+04   0.156250E+04
   0.187100E+03   0.494477E+04   0.156250E+04
   0.187200E+03   0.494477E+04   0.156251E+04
   0.187300E+03   0.494478E+04   0.156252E+04
   0.187400E+03   0.494479E+04   0.156252E+04
   0.187500E+03   0.494480E+04   0.156253E+04
   0.187600E+03   0.494481E+04   0.156253E+04
   0.187700E+03   0.494481E+04   0.156254E+04
   0.187800E+03   0.494482E+04   0.156255E+04
   0.187900E+03   0.494483E+04   0.156255E+04
   0.188000E+03   0.494484E+04   0.156256E+04
   0.188100E+03   0.494485E+04   0.156257E+04
   0.188200E+03   0.494485E+04   0.156257E+04
   0.188300E+03   0.494486E+04   0.156258E+04
   0.188400E+03   0.494487E+04   0.156259E+04
   0.188500E+03   0.494488E+04   0.156259E+04
   0.188600E+03   0.494488E+04   0.156260E+04
   0.188700E+03   0.494489E+04   0.156261E+04
   0.188800E+03   0.494490E+04   0.156261E+04
   0.188900E+03   0.494491E+04   0.156262E+04
   0.189000E+03   0.494491E+04   0.156262E+04
   0.189100E+03   0.494492E+04   0.156263E+04
   0.189200E+03   0.494493E+04   0.156264E+04
   0.189300E+03   0.494494E+04   0.156264E+04
   0.189400E+03   0.494494E+04   0.156265E+04
   0.189500E+03   0.494495E+04   0.156265E+04
   0.189600E+03   0.494496E+04   0.156266E+04
   0.189700E+03   0.494497E+04   0.156267E+04
   0.189800E+03   0.494497E+04   0.156267E+04
   0.189900E+03   0.494498E+04   0.156268E+04
   0.190000E+03   0.494499E+04   0.156268E+04
   0.190100E+03   0.494499E+04   0.156269E+04
   0.190200E+03   0.494500E+04   0.156270E+04
   0.190300E+03   0.494501E+04   0.156270E+04
   0.190400E+03   0.494502E+04   0.156271E+04
   0.190500E+03   0.494502E+04   0.156271E+04
   0.190600E+03   0.494503E+04   0.156272E+04
   0.190700E+03   0.494504E+04   0.156273E+04
   0.190800E+03   0.494504E+04   0.156273E+04
   0.190900E+03   0.494505E+04   0.156274E+04
   0.191000E+03   0.494506E+04   0.156274E+04
   0.191100E+03   0.494506E+04   0.156275E+04
   0.191200E+03   0.494507E+04   0.156275E+04
   0.191300E+03   0.494508E+04   0.156276E+04
   0.191400E+03   0.494509E+04   0.156277E+04
   0.191500E+03   0.494509E+04   0.156277E+04
   0.191600E+03   0.494510E+04   0.156278E+04
   0.191700E+03   0.494511E+04   0.156278E+04
   0.191800E+03   0.494511E+04   0.156279E+04
   0.191900E+03   0.494512E+04   0.156279E+04
   0.192000E+03   0.494513E+04   0.156280E+04
   0.192100E+03   0.494513E+04   0.156281E+04
   0.192200E+03   0.494514E+04   0.156281E+04
   0.192300E+03   0.494515E+04   0.156282E+04
   0.192400E+03   0.494515E+04   0.156282E+04
   0.192500E+03   0.494516E+04   0.156283E+04
   0.192600E+03   0.494517E+04   0.156283E+04
   0.192700E+03   0.494517E+04   0.156284E+04
   0.192800E+03   0.494518E+04   0.156284E+04
   0.192900E+03   0.494518E+04   0.156285E+04
   0.193000E+03   0.494519E+04   0.156285E+04
   0.193100E+03   0.494520E+04   0.156286E+04
   0.193200E+03   0.494520E+04   0.156286E+04
   0.193300E+03   0.494521E+04   0.156287E+04
   0.193400E+03   0.494522E+04   0.156287E+04
   0.193500E+03   0.494522E+04   0.156288E+04
   0.193600E+03   0.494523E+04   0.156289E+04
   0.193700E+03   0.494524E+04   0.156289E+04
   0.193800E+03   0.494524E+04   0.156290E+04
   0.193900E+03   0.494525E+04   0.156290E+04
   0.194000E+03   0.494525E+04   0.156291E+04
   0.194100E+03   0.494526E+04   0.156291E+04
   0.194200E+03   0.494527E+04   0.156292E+04
   0.194300E+03   0.494527E+04   0.156292E+04
   0.194400E+03   0.494528E+04   0.156293E+04
   0.194500E+03   0.494528E+04   0.156293E+04
   0.194600E+03   0.494529E+04   0.156294E+04
   0.194700E+03   0.494530E+04   0.156294E+04
   0.194800E+03   0.494530E+04   0.156295E+04
   0.194900E+03   0.494531E+04   0.156295E+04
   0.195000E+03   0.494531E+04   0.156296E+04
   0.195100E+03   0.494532E+04   0.156296E+04
   0.195200E+03   0.494533E+04   0.156297E+04
   0.195300E+03   0.494533E+04   0.156297E+04
   0.195400E+03   0.494534E+04   0.156298E+04
   0.195500E+03   0.494534E+04   0.156298E+04
   0.195600E+03   0.494535E+04   0.156299E+04
   0.195700E+03   0.494536E+04   0.156299E+04
   0.195800E+03   0.494536E+04   0.156300E+04
   0.195900E+03   0.494537E+04   0.156300E+04
   0.196000E+03   0.494537E+04   0.156300E+04
   0.196100E+03   0.494538E+04   0.156301E+04
   0.196200E+03   0.494538E+04   0.156301E+04
   0.196300E+03   0.494539E+04   0.156302E+04
   0.196400E+03   0.494540E+04   0.156302E+04
   0.196500E+03   0.494540E+04   0.156303E+04
   0.196600E+03   0.494541E+04   0.156303E+04
   0.196700E+03   0.494541E+04   0.156304E+04
   0.196800E+03   0.494542E+04   0.156304E+04
   0.196900E+03   0.494542E+04   0.156305E+04
   0.197000E+03   0.494543E+04   0.156305E+04
   0.197100E+03   0.494543E+04   0.156306E+04
   0.197200E+03   0.494544E+04   0.156306E+04
   0.197300E+03   0.494545E+04   0.156306E+04
   0.197400E+03   0.494545E+04   0.156307E+04
   0.197500E+03   0.494546E+04   0.156307E+04
   0.197600E+03   0.494546E+04   0.156308E+04
   0.197700E+03   0.494547E+04   0.156308E+04
   0.197800E+03   0.494547E+04   0.156309E+04
   0.197900E+03   0.494548E+04   0.156309E+04
   0.198000E+03   0.494548E+04   0.156310E+04
   0.198100E+03   0.494549E+04   0.156310E+04
   0.198200E+03   0.494549E+04   0.156310E+04
   0.198300E+03   0.494550E+04   0.156311E+04
   0.198400E+03   0.494550E+04   0.156311E+04
   0.198500E+03   0.494551E+04   0.156312E+04
   0.198600E+03   0.494551E+04   0.156312E+04
   0.198700E+03   0.494552E+04   0.156313E+04
   0.198800E+03   0.494552E+04   0.156313E+04
   0.198900E+03   0.494553E+04   0.156313E+04
   0.199000E+03   0.494553E+04   0.156314E+04
   0.199100E+03   0.494554E+04   0.156314E+04
   0.199200E+03   0.494554E+04   0.156315E+04
   0.199300E+03   0.494555E+04   0.156315E+04
   0.199400E+03   0.494556E+04   0.156316E+04
   0.199500E+03   0.494556E+04   0.156316E+04
   0.199600E+03   0.494557E+04   0.156316E+04
   0.199700E+03   0.494557E+04   0.156317E+04
   0.199800E+03   0.494557E+04   0.156317E+04
   0.199900E+03   0.494558E+04   0.156318E+04
   0.200000E+03   0.494558E+04   0.156318E+04
   0.200100E+03   0.494559E+04   0.156318E+04
   0.200200E+03   0.494559E+04   0.156319E+04
   0.200300E+03   0.494560E+04   0.156319E+04
   0.200400E+03   0.494560E+04   0.156320E+04
   0.200500E+03   0.494561E+04   0.156320E+04
   0.200600E+03   0.494561E+04   0.156320E+04
   0.200700E+03   0.494562E+04   0.156321E+04
   0.200800E+03   0.494562E+04   0.156321E+04
   0.200900E+03   0.494563E+04   0.156322E+04
   0.201000E+03   0.494563E+04   0.156322E+04
   0.201100E+03   0.494564E+04   0.156322E+04
   0.201200E+03   0.494564E+04   0.156323E+04
   0.201300E+03   0.494565E+04   0.156323E+04
   0.201400E+03   0.494565E+04   0.156324E+04
   0.201500E+03   0.494566E+04   0.156324E+04
   0.201600E+03   0.494566E+04   0.156324E+04
   0.201700E+03   0.494567E+04   0.156325E+04
   0.201800E+03   0.494567E+04   0.156325E+04
   0.201900E+03   0.494567E+04   0.156326E+04
   0.202000E+03   0.494568E+04   0.156326E+04
   0.202100E+03   0.494568E+04   0.156326E+04
   0.202200E+03   0.494569E+04   0.156327E+04
   0.202300E+03   0.494569E+04   0.156327E+04
   0.202400E+03   0.494570E+04   0.156327E+04
   0.202500E+03   0.494570E+04   0.156328E+04
   0.202600E+03   0.494571E+04   0.156328E+04
   0.202700E+03   0.494571E+04   0.156329E+04
   0.202800E+03   0.494572E+04   0.156329E+04
   0.202900E+03   0.494572E+04   0.156329E+04
   0.203000E+03   0.494572E+04   0.156330E+04
   0.203100E+03   0.494573E+04   0.156330E+04
   0.203200E+03   0.494573E+04   0.156330E+04
   0.203300E+03   0.494574E+04   0.156331E+04
   0.203400E+03   0.494574E+04   0.156331E+04
   0.203500E+03   0.494575E+04   0.156331E+04
   0.203600E+03   0.494575E+04   0.156332E+04
   0.203700E+03   0.494575E+04   0.156332E+04
   0.203800E+03   0.494576E+04   0.156332E+04
   0.203900E+03   0.494576E+04   0.156333E+04
   0.204000E+03   0.494577E+04   0.156333E+04
   0.204100E+03   0.494577E+04   0.156334E+04
   0.204200E+03   0.494578E+04   0.156334E+04
   0.204300E+03   0.494578E+04   0.156334E+04
   0.204400E+03   0.494578E+04   0.156335E+04
   0.204500E+03   0.494579E+04   0.156335E+04
   0.204600E+03   0.494579E+04   0.156335E+04
   0.204700E+03   0.494580E+04   0.156336E+04
   0.204800E+03   0.494580E+04   0.156336E+04
   0.204900E+03   0.494580E+04   0.156336E+04
   0.205000E+03   0.494581E+04   0.156337E+04
   0.205100E+03   0.494581E+04   0.156337E+04
   0.205200E+03   0.494582E+04   0.156337E+04
   0.205300E+03   0.494582E+04   0.156338E+04
   0.205400E+03   0.494582E+04   0.156338E+04
   0.205500E+03   0.494583E+04   0.156338E+04
   0.205600E+03   0.494583E+04   0.156339E+04
   0.205700E+03   0.494584E+04   0.156339E+04
   0.205800E+03   0.494584E+04   0.156339E+04
   0.205900E+03   0.494584E+04   0.156340E+04
   0.206000E+03   0.494585E+04   0.156340E+04
   0.206100E+03   0.494585E+04   0.156340E+04
   0.206200E+03   0.494586E+04   0.156341E+04
   0.206300E+03   0.494586E+04   0.156341E+04
   0.206400E+03   0.494586E+04   0.156341E+04
   0.206500E+03   0.494587E+04   0.156342E+04
   0.206600E+03   0.494587E+04   0.156342E+04
   0.206700E+03   0.494587E+04   0.156342E+04
   0.206800E+03   0.494588E+04   0.156342E+04
   0.206900E+03   0.494588E+04   0.156343E+04
   0.207000E+03   0.494589E+04   0.156343E+04
   0.207100E+03   0.494589E+04   0.156343E+04
   0.207200E+03   0.494589E+04   0.156344E+04
   0.207300E+03   0.494590E+04   0.156344E+04
   0.207400E+03   0.494590E+04   0.156344E+04
   0.207500E+03   0.494590E+04   0.156345E+04
   0.207600E+03   0.494591E+04   0.156345E+04
   0.207700E+03   0.494591E+04   0.156345E+04
   0.207800E+03   0.494592E+04   0.156346E+04
   0.207900E+03   0.494592E+04   0.156346E+04
   0.208000E+03   0.494592E+04   0.156346E+04
   0.208100E+03   0.494593E+04   0.156346E+04
   0.208200E+03   0.494593E+04   0.156347E+04
   0.208300E+03   0.494593E+04   0.156347E+04
   0.208400E+03   0.494594E+04   0.156347E+04
   0.208500E+03   0.494594E+04   0.156348E+04
   0.208600E+03   0.494594E+04   0.156348E+04
   0.208700E+03   0.494595E+04   0.156348E+04
   0.208800E+03   0.494595E+04   0.156349E+04
   0.208900E+03   0.494596E+04   0.156349E+04
   0.209000E+03   0.494596E+04   0.156349E+04
   0.209100E+03   0.494596E+04   0.156349E+04
   0.209200E+03   0.494597E+04   0.156350E+04
   0.209300E+03   0.494597E+04   0.156350E+04
   0.209400E+03   0.494597E+04   0.156350E+04
   0.209500E+03   0.494598E+04   0.156351E+04
   0.209600E+03   0.494598E+04   0.156351E+04
   0.209700E+03   0.494598E+04   0.156351E+04
   0.209800E+03   0.494599E+04   0.156351E+04
   0.209900E+03   0.494599E+04   0.156352E+04
   0.210000E+03   0.494599E+04   0.156352E+04
   0.210100E+03   0.494600E+04   0.156352E+04
   0.210200E+03   0.494600E+04   0.156352E+04
   0.210300E+03   0.494600E+04   0.156353E+04
   0.210400E+03   0.494601E+04   0.156353E+04
   0.210500E+03   0.494601E+04   0.156353E+04
   0.210600E+03   0.494601E+04   0.156354E+04
   0.210700E+03   0.494602E+04   0.156354E+04
   0.210800E+03   0.494602E+04   0.156354E+04
   0.210900E+03   0.494602E+04   0.156354E+04
   0.211000E+03   0.494603E+04   0.156355E+04
   0.211100E+03   0.494603E+04   0.156355E+04
   0.211200E+03   0.494603E+04   0.156355E+04
   0.211300E+03   0.494604E+04   0.156355E+04
   0.211400E+03   0.494604E+04   0.156356E+04
   0.211500E+03   0.494604E+04   0.156356E+04
   0.211600E+03   0.494604E+04   0.156356E+04
   0.211700E+03   0.494605E+04   0.156357E+04
   0.211800E+03   0.494605E+04   0.156357E+04
   0.211900E+03   0.494605E+04   0.156357E+04
   0.212000E+03   0.494606E+04   0.156357E+04
   0.212100E+03   0.494606E+04   0.156358E+04
   0.212200E+03   0.494606E+04   0.156358E+04
   0.212300E+03   0.494607E+04   0.156358E+04
   0.212400E+03   0.494607E+04   0.156358E+04
   0.212500E+03   0.494607E+04   0.156359E+04
   0.212600E+03   0.494608E+04   0.156359E+04
   0.212700E+03   0.494608E+04   0.156359E+04
   0.212800E+03   0.494608E+04   0.156359E+04
   0.212900E+03   0.494608E+04   0.156360E+04
   0.213000E+03   0.494609E+04   0.156360E+04
   0.213100E+03   0.494609E+04   0.156360E+04
   0.213200E+03   0.494609E+04   0.156360E+04
   0.213300E+03   0.494610E+04   0.156361E+04
   0.213400E+03   0.494610E+04   0.156361E+04
   0.213500E+03   0.494610E+04   0.156361E+04
   0.213600E+03   0.494611E+04   0.156361E+04
   0.213700E+03   0.494611E+04   0.156362E+04
   0.213800E+03   0.494611E+04   0.156362E+04
   0.213900E+03   0.494611E+04   0.156362E+04
   0.214000E+03   0.494612E+04   0.156362E+04
   0.214100E+03   0.494612E+04   0.156362E+04
   0.214200E+03   0.494612E+04   0.156363E+04
   0.214300E+03   0.494613E+04   0.156363E+04
   0.214400E+03   0.494613E+04   0.156363E+04
   0.214500E+03   0.494613E+04   0.156363E+04
   0.214600E+03   0.494613E+04   0.156364E+04
   0.214700E+03   0.494614E+04   0.156364E+04
   0.214800E+03   0.494614E+04   0.156364E+04
   0.214900E+03   0.494614E+04   0.156364E+04
   0.215000E+03   0.494615E+04   0.156365E+04
   0.215100E+03   0.494615E+04   0.156365E+04
   0.215200E+03   0.494615E+04   0.156365E+04
   0.215300E+03   0.494615E+04   0.156365E+04
   0.215400E+03   0.494616E+04   0.156366E+04
   0.215500E+03   0.494616E+04   0.156366E+04
   0.215600E+03   0.494616E+04   0.156366E+04
   0.215700E+03   0.494616E+04   0.156366E+04
   0.215800E+03   0.494617E+04   0.156366E+04
   0.215900E+03   0.494617E+04   0.156367E+04
   0.216000E+03   0.494617E+04   0.156367E+04
   0.216100E+03   0.494617E+04   0.156367E+04
   0.216200E+03   0.494618E+04   0.156367E+04
   0.216300E+03   0.494618E+04   0.156368E+04
   0.216400E+03   0.494618E+04   0.156368E+04
   0.216500E+03   0.494619E+04   0.156368E+04
   0.216600E+03   0.494619E+04   0.156368E+04
   0.216700E+03   0.494619E+04   0.156368E+04
   0.216800E+03   0.494619E+04   0.156369E+04
   0.216900E+03   0.494620E+04   0.156369E+04
   0.217000E+03   0.494620E+04   0.156369E+04
   0.217100E+03   0.494620E+04   0.156369E+04
   0.217200E+03   0.494620E+04   0.156369E+04
   0.217300E+03   0.494621E+04   0.156370E+04
   0.217400E+03   0.494621E+04   0.156370E+04
   0.217500E+03   0.494621E+04   0.156370E+04
   0.217600E+03   0.494621E+04   0.156370E+04
   0.217700E+03   0.494622E+04   0.156370E+04
   0.217800E+03   0.494622E+04   0.156371E+04
   0.217900E+03   0.494622E+04   0.156371E+04
   0.218000E+03   0.494622E+04   0.156371E+04
   0.218100E+03   0.494623E+04   0.156371E+04
   0.218200E+03   0.494623E+04   0.156372E+04
   0.218300E+03   0.494623E+04   0.156372E+04
   0.218400E+03   0.494623E+04   0.156372E+04
   0.218500E+03   0.494624E+04   0.156372E+04
   0.218600E+03   0.494624E+04   0.156372E+04
   0.218700E+03   0.494624E+04   0.156373E+04
   0.218800E+03   0.494624E+04   0.156373E+04
   0.218900E+03   0.494625E+04   0.156373E+04
   0.219000E+03   0.494625E+04   0.156373E+04
   0.219100E+03   0.494625E+04   0.156373E+04
   0.219200E+03   0.494625E+04   0.156374E+04
   0.219300E+03   0.494625E+04   0.156374E+04
   0.219400E+03   0.494626E+04   0.156374E+04
   0.219500E+03   0.494626E+04   0.156374E+04
   0.219600E+03   0.494626E+04   0.156374E+04
   0.219700E+03   0.494626E+04   0.156374E+04
   0.219800E+03   0.494627E+04   0.156375E+04
   0.219900E+03   0.494627E+04   0.156375E+04
   0.220000E+03   0.494627E+04   0.156375E+04
   0.220100E+03   0.494627E+04   0.156375E+04
   0.220200E+03   0.494628E+04   0.156375E+04
   0.220300E+03   0.494628E+04   0.156376E+04
   0.220400E+03   0.494628E+04   0.156376E+04
   0.220500E+03   0.494628E+04   0.156376E+04
   0.220600E+03   0.494628E+04   0.156376E+04
   0.220700E+03   0.494629E+04   0.156376E+04
   0.220800E+03   0.494629E+04   0.156377E+04
   0.220900E+03   0.494629E+04   0.156377E+04
   0.221000E+03   0.494629E+04   0.156377E+04
   0.221100E+03   0.494630E+04   0.156377E+04
   0.221200E+03   0.494630E+04   0.156377E+04
   0.221300E+03   0.494630E+04   0.156377E+04
   0.221400E+03   0.494630E+04   0.156378E+04
   0.221500E+03   0.494630E+04   0.156378E+04
   0.221600E+03   0.494631E+04   0.156378E+04
   0.221700E+03   0.494631E+04   0.156378E+04
   0.221800E+03   0.494631E+04   0.156378E+04
   0.221900E+03   0.494631E+04   0.156379E+04
   0.222000E+03   0.494632E+04   0.156379E+04
   0.222100E+03   0.494632E+04   0.156379E+04
   0.222200E+03   0.494632E+04   0.156379E+04
   0.222300E+03   0.494632E+04   0.156379E+04
   0.222400E+03   0.494632E+04   0.156379E+04
   0.222500E+03   0.494633E+04   0.156380E+04
   0.222600E+03   0.494633E+04   0.156380E+04
   0.222700E+03   0.494633E+04   0.156380E+04
   0.222800E+03   0.494633E+04   0.156380E+04
   0.222900E+03   0.494633E+04   0.156380E+04
   0.223000E+03   0.494634E+04   0.156380E+04
   0.223100E+03   0.494634E+04   0.156381E+04
   0.223200E+03   0.494634E+04   0.156381E+04
   0.223300E+03   0.494634E+04   0.156381E+04
   0.223400E+03   0.494634E+04   0.156381E+04
   0.223500E+03   0.494635E+04   0.156381E+04
   0.223600E+03   0.494635E+04   0.156381E+04
   0.223700E+03   0.494635E+04   0.156382E+04
   0.223800E+03   0.494635E+04   0.156382E+04
   0.223900E+03   0.494635E+04   0.156382E+04
   0.224000E+03   0.494636E+04   0.156382E+04
   0.224100E+03   0.494636E+04   0.156382E+04
   0.224200E+03   0.494636E+04   0.156382E+04
   0.224300E+03   0.494636E+04   0.156383E+04
   0.224400E+03   0.494636E+04   0.156383E+04
   0.224500E+03   0.494637E+04   0.156383E+04
   0.224600E+03   0.494637E+04   0.156383E+04
   0.224700E+03   0.494637E+04   0.156383E+04
   0.224800E+03   0.494637E+04   0.156383E+04
   0.224900E+03   0.494637E+04   0.156384E+04
   0.225000E+03   0.494638E+04   0.156384E+04
   0.225100E+03   0.494638E+04   0.156384E+04
   0.225200E+03   0.494638E+04   0.156384E+04
   0.225300E+03   0.494638E+04   0.156384E+04
   0.225400E+03   0.494638E+04   0.156384E+04
   0.225500E+03   0.494638E+04   0.156384E+04
   0.225600E+03   0.494639E+04   0.156385E+04
   0.225700E+03   0.494639E+04   0.156385E+04
   0.225800E+03   0.494639E+04   0.156385E+04
   0.225900E+03   0.494639E+04   0.156385E+04
   0.226000E+03   0.494639E+04   0.156385E+04
   0.226100E+03   0.494640E+04   0.156385E+04
   0.226200E+03   0.494640E+04   0.156386E+04
   0.226300E+03   0.494640E+04   0.156386E+04
   0.226400E+03   0.494640E+04   0.156386E+04
   0.226500E+03   0.494640E+04   0.156386E+04
   0.226600E+03   0.494640E+04   0.156386E+04
   0.226700E+03   0.494641E+04   0.156386E+04
   0.226800E+03   0.494641E+04   0.156386E+04
   0.226900E+03   0.494641E+04   0.156387E+04
   0.227000E+03   0.494641E+04   0.156387E+04
   0.227100E+03   0.494641E+04   0.156387E+04
   0.227200E+03   0.494642E+04   0.156387E+04
   0.227300E+03   0.494642E+04   0.156387E+04
   0.227400E+03   0.494642E+04   0.156387E+04
   0.227500E+03   0.494642E+04   0.156387E+04
   0.227600E+03   0.494642E+04   0.156388E+04
   0.227700E+03   0.494642E+04   0.156388E+04
   0.227800E+03   0.494643E+04   0.156388E+04
   0.227900E+03   0.494643E+04   0.156388E+04
   0.228000E+03   0.494643E+04   0.156388E+04
   0.228100E+03   0.494643E+04   0.156388E+04
   0.228200E+03   0.494643E+04   0.156388E+04
   0.228300E+03   0.494643E+04   0.156389E+04
   0.228400E+03   0.494644E+04   0.156389E+04
   0.228500E+03   0.494644E+04   0.156389E+04
   0.228600E+03   0.494644E+04   0.156389E+04
   0.228700E+03   0.494644E+04   0.156389E+04
   0.228800E+03   0.494644E+04   0.156389E+04
   0.228900E+03   0.494644E+04   0.156389E+04
   0.229000E+03   0.494645E+04   0.156390E+04
   0.229100E+03   0.494645E+04   0.156390E+04
   0.229200E+03   0.494645E+04   0.156390E+04
   0.229300E+03   0.494645E+04   0.156390E+04
   0.229400E+03   0.494645E+04   0.156390E+04
   0.229500E+03   0.494645E+04   0.156390E+04
   0.229600E+03   0.494645E+04   0.156390E+04
   0.229700E+03   0.494646E+04   0.156390E+04
   0.229800E+03   0.494646E+04   0.156391E+04
   0.229900E+03   0.494646E+04   0.156391E+04
   0.230000E+03   0.494646E+04   0.156391E+04
   0.230100E+03   0.494646E+04   0.156391E+04
   0.230200E+03   0.494646E+04   0.156391E+04
   0.230300E+03   0.494647E+04   0.156391E+04
   0.230400E+03   0.494647E+04   0.156391E+04
   0.230500E+03   0.494647E+04   0.156391E+04
   0.230600E+03   0.494647E+04   0.156392E+04
   0.230700E+03   0.494647E+04   0.156392E+04
   0.230800E+03   0.494647E+04   0.156392E+04
   0.230900E+03   0.494648E+04   0.156392E+04
   0.231000E+03   0.494648E+04   0.156392E+04
   0.231100E+03   0.494648E+04   0.156392E+04
   0.231200E+03   0.494648E+04   0.156392E+04
   0.231300E+03   0.494648E+04   0.156392E+04
   0.231400E+03   0.494648E+04   0.156393E+04
   0.231500E+03   0.494648E+04   0.156393E+04
   0.231600E+03   0.494649E+04   0.156393E+04
   0.231700E+03   0.494649E+04   0.156393E+04
   0.231800E+03   0.494649E+04   0.156393E+04
   0.231900E+03   0.494649E+04   0.156393E+04
   0.232000E+03   0.494649E+04   0.156393E+04
   0.232100E+03   0.494649E+04   0.156393E+04
   0.232200E+03   0.494649E+04   0.156394E+04
   0.232300E+03   0.494650E+04   0.156394E+04
   0.232400E+03   0.494650E+04   0.156394E+04
   0.232500E+03   0.494650E+04   0.156394E+04
   0.232600E+03   0.494650E+04   0.156394E+04
   0.232700E+03   0.494650E+04   0.156394E+04
   0.232800E+03   0.494650E+04   0.156394E+04
   0.232900E+03   0.494650E+04   0.156394E+04
   0.233000E+03   0.494651E+04   0.156395E+04
   0.233100E+03   0.494651E+04   0.156395E+04
   0.233200E+03   0.494651E+04   0.156395E+04
   0.233300E+03   0.494651E+04   0.156395E+04
   0.233400E+03   0.494651E+04   0.156395E+04
   0.233500E+03   0.494651E+04   0.156395E+04
   0.233600E+03   0.494651E+04   0.156395E+04
   0.233700E+03   0.494652E+04   0.156395E+04
   0.233800E+03   0.494652E+04   0.156395E+04
   0.233900E+03   0.494652E+04   0.156396E+04
   0.234000E+03   0.494652E+04   0.156396E+04
   0.234100E+03   0.494652E+04   0.156396E+04
   0.234200E+03   0.494652E+04   0.156396E+04
   0.234300E+03   0.494652E+04   0.156396E+04
   0.234400E+03   0.494652E+04   0.156396E+04
   0.234500E+03   0.494653E+04   0.156396E+04
   0.234600E+03   0.494653E+04   0.156396E+04
   0.234700E+03   0.494653E+04   0.156396E+04
   0.234800E+03   0.494653E+04   0.156397E+04
   0.234900E+03   0.494653E+04   0.156397E+04
   0.235000E+03   0.494653E+04   0.156397E+04
   0.235100E+03   0.494653E+04   0.156397E+04
   0.235200E+03   0.494653E+04   0.156397E+04
   0.235300E+03   0.494654E+04   0.156397E+04
   0.235400E+03   0.494654E+04   0.156397E+04
   0.235500E+03   0.494654E+04   0.156397E+04
   0.235600E+03   0.494654E+04   0.156397E+04
   0.235700E+03   0.494654E+04   0.156397E+04
   0.235800E+03   0.494654E+04   0.156398E+04
   0.235900E+03   0.494654E+04   0.156398E+04
   0.236000E+03   0.494654E+04   0.156398E+04
   0.236100E+03   0.494655E+04   0.156398E+04
   0.236200E+03   0.494655E+04   0.156398E+04
   0.236300E+03   0.494655E+04   0.156398E+04
   0.236400E+03   0.494655E+04   0.156398E+04
   0.236500E+03   0.494655E+04   0.156398E+04
   0.236600E+03   0.494655E+04   0.156398E+04
   0.236700E+03   0.494655E+04   0.156399E+04
   0.236800E+03   0.494655E+04   0.156399E+04
   0.236900E+03   0.494656E+04   0.156399E+04
   0.237000E+03   0.494656E+04   0.156399E+04
   0.237100E+03   0.494656E+04   0.156399E+04
   0.237200E+03   0.494656E+04   0.156399E+04
   0.237300E+03   0.494656E+04   0.156399E+04
   0.237400E+03   0.494656E+04   0.156399E+04
   0.237500E+03   0.494656E+04   0.156399E+04
   0.237600E+03   0.494656E+04   0.156399E+04
   0.237700E+03   0.494657E+04   0.156399E+04
   0.237800E+03   0.494657E+04   0.156400E+04
   0.237900E+03   0.494657E+04   0.156400E+04
   0.238000E+03   0.494657E+04   0.156400E+04
   0.238100E+03   0.494657E+04   0.156400E+04
   0.238200E+03   0.494657E+04   0.156400E+04
   0.238300E+03   0.494657E+04   0.156400E+04
   0.238400E+03   0.494657E+04   0.156400E+04
   0.238500E+03   0.494657E+04   0.156400E+04
   0.238600E+03   0.494658E+04   0.156400E+04
   0.238700E+03   0.494658E+04   0.156400E+04
   0.238800E+03   0.494658E+04   0.156401E+04
   0.238900E+03   0.494658E+04   0.156401E+04
   0.239000E+03   0.494658E+04   0.156401E+04
   0.239100E+03   0.494658E+04   0.156401E+04
   0.239200E+03   0.494658E+04   0.156401E+04
   0.239300E+03   0.494658E+04   0.156401E+04
   0.239400E+03   0.494658E+04   0.156401E+04
   0.239500E+03   0.494659E+04   0.156401E+04
   0.239600E+03   0.494659E+04   0.156401E+04
   0.239700E+03   0.494659E+04   0.156401E+04
   0.239800E+03   0.494659E+04   0.156401E+04
   0.239900E+03   0.494659E+04   0.156402E+04
   0.240000E+03   0.494659E+04   0.156402E+04
   0.240100E+03   0.494659E+04   0.156402E+04
   0.240200E+03   0.494659E+04   0.156402E+04
   0.240300E+03   0.494659E+04   0.156402E+04
   0.240400E+03   0.494660E+04   0.156402E+04
   0.240500E+03   0.494660E+04   0.156402E+04
   0.240600E+03   0.494660E+04   0.156402E+04
   0.240700E+03   0.494660E+04   0.156402E+04
   0.240800E+03   0.494660E+04   0.156402E+04
   0.240900E+03   0.494660E+04   0.156402E+04
   0.241000E+03   0.494660E+04   0.156402E+04
   0.241100E+03   0.494660E+04   0.156403E+04
   0.241200E+03   0.494660E+04   0.156403E+04
   0.241300E+03   0.494660E+04   0.156403E+04
   0.241400E+03   0.494661E+04   0.156403E+04
   0.241500E+03   0.494661E+04   0.156403E+04
   0.241600E+03   0.494661E+04   0.156403E+04
   0.241700E+03   0.494661E+04   0.156403E+04
   0.241800E+03   0.494661E+04   0.156403E+04
   0.241900E+03   0.494661E+04   0.156403E+04
   0.242000E+03   0.494661E+04   0.156403E+04
   0.242100E+03   0.494661E+04   0.156403E+04
   0.242200E+03   0.494661E+04   0.156403E+04
   0.242300E+03   0.494661E+04   0.156404E+04
   0.242400E+03   0.494662E+04   0.156404E+04
   0.242500E+03   0.494662E+04   0.156404E+04
   0.242600E+03   0.494662E+04   0.156404E+04
   0.242700E+03   0.494662E+04   0.156404E+04
   0.242800E+03   0.494662E+04   0.156404E+04
   0.242900E+03   0.494662E+04   0.156404E+04
   0.243000E+03   0.494662E+04   0.156404E+04
   0.243100E+03   0.494662E+04   0.156404E+04
   0.243200E+03   0.494662E+04   0.156404E+04
   0.243300E+03   0.494662E+04   0.156404E+04
   0.243400E+03   0.494663E+04   0.156404E+04
   0.243500E+03   0.494663E+04   0.156405E+04
   0.243600E+03   0.494663E+04   0.156405E+04
   0.243700E+03   0.494663E+04   0.156405E+04
   0.243800E+03   0.494663E+04   0.156405E+04
   0.243900E+03   0.494663E+04   0.156405E+04
   0.244000E+03   0.494663E+04   0.156405E+04
   0.244100E+03   0.494663E+04   0.156405E+04
   0.244200E+03   0.494663E+04   0.156405E+04
   0.244300E+03   0.494663E+04   0.156405E+04
   0.244400E+03   0.494663E+04   0.156405E+04
   0.244500E+03   0.494664E+04   0.156405E+04
   0.244600E+03   0.494664E+04   0.156405E+04
   0.244700E+03   0.494664E+04   0.156405E+04
   0.244800E+03   0.494664E+04   0.156406E+04
   0.244900E+03   0.494664E+04   0.156406E+04
   0.245000E+03   0.494664E+04   0.156406E+04
   0.245100E+03   0.494664E+04   0.156406E+04
   0.245200E+03   0.494664E+04   0.156406E+04
   0.245300E+03   0.494664E+04   0.156406E+04
   0.245400E+03   0.494664E+04   0.156406E+04
   0.245500E+03   0.494664E+04   0.156406E+04
   0.245600E+03   0.494664E+04   0.156406E+04
   0.245700E+03   0.494665E+04   0.156406E+04
   0.245800E+03   0.494665E+04   0.156406E+04
   0.245900E+03   0.494665E+04   0.156406E+04
   0.246000E+03   0.494665E+04   0.156406E+04
   0.246100E+03   0.494665E+04   0.156406E+04
   0.246200E+03   0.494665E+04   0.156407E+04
   0.246300E+03   0.494665E+04   0.156407E+04
   0.246400E+03   0.494665E+04   0.156407E+04
   0.246500E+03   0.494665E+04   0.156407E+04
   0.246600E+03   0.494665E+04   0.156407E+04
   0.246700E+03   0.494665E+04   0.156407E+04
   0.246800E+03   0.494665E+04   0.156407E+04
   0.246900E+03   0.494666E+04   0.156407E+04
   0.247000E+03   0.494666E+04   0.156407E+04
   0.247100E+03   0.494666E+04   0.156407E+04
   0.247200E+03   0.494666E+04   0.156407E+04
   0.247300E+03   0.494666E+04   0.156407E+04
   0.247400E+03   0.494666E+04   0.156407E+04
   0.247500E+03   0.494666E+04   0.156407E+04
   0.247600E+03   0.494666E+04   0.156407E+04
   0.247700E+03   0.494666E+04   0.156408E+04
   0.247800E+03   0.494666E+04   0.156408E+04
   0.247900E+03   0.494666E+04   0.156408E+04
   0.248000E+03   0.494666E+04   0.156408E+04
   0.248100E+03   0.494667E+04   0.156408E+04
   0.248200E+03   0.494667E+04   0.156408E+04
   0.248300E+03   0.494667E+04   0.156408E+04
   0.248400E+03   0.494667E+04   0.156408E+04
   0.248500E+03   0.494667E+04   0.156408E+04
   0.248600E+03   0.494667E+04   0.156408E+04
   0.248700E+03   0.494667E+04   0.156408E+04
   0.248800E+03   0.494667E+04   0.156408E+04
   0.248900E+03   0.494667E+04   0.156408E+04
   0.249000E+03   0.494667E+04   0.156408E+04
   0.249100E+03   0.494667E+04   0.156408E+04
   0.249200E+03   0.494667E+04   0.156408E+04
   0.249300E+03   0.494667E+04   0.156409E+04
   0.249400E+03   0.494668E+04   0.156409E+04
   0.249500E+03   0.494668E+04   0.156409E+04
   0.249600E+03   0.494668E+04   0.156409E+04
   0.249700E+03   0.494668E+04   0.156409E+04
   0.249800E+03   0.494668E+04   0.156409E+04
   0.249900E+03   0.494668E+04   0.156409E+04
