#    time(ps)       <R(t,x=0)>       rms         <J(t,x=L)>         rms  
   0.000000E+00   0.922948E+02   0.268906E+02   0.645792E-04   0.728492E-09
   0.100000E+00   0.232090E+03   0.585237E+02   0.645743E-04   0.204049E-08
   0.200000E+00   0.393743E+03   0.871778E+02   0.645673E-04   0.385448E-08
   0.300000E+00   0.561564E+03   0.110647E+03   0.645591E-04   0.616508E-08
   0.400000E+00   0.727450E+03   0.128830E+03   0.645519E-04   0.885453E-08
   0.500000E+00   0.887626E+03   0.142440E+03   0.645537E-04   0.124944E-07
   0.600000E+00   0.104050E+04   0.152353E+03   0.645969E-04   0.211193E-07
   0.700000E+00   0.118553E+04   0.159340E+03   0.648130E-04   0.581835E-07
   0.800000E+00   0.132267E+04   0.163997E+03   0.656660E-04   0.202778E-06
   0.900000E+00   0.145215E+04   0.166777E+03   0.686277E-04   0.690457E-06
   0.100000E+01   0.157432E+04   0.168038E+03   0.779662E-04   0.221187E-05
   0.110000E+01   0.168959E+04   0.168074E+03   0.105098E-03   0.666966E-05
   0.120000E+01   0.179844E+04   0.167149E+03   0.178456E-03   0.189570E-04
   0.130000E+01   0.190130E+04   0.165486E+03   0.364307E-03   0.507469E-04
   0.140000E+01   0.199863E+04   0.163280E+03   0.808288E-03   0.128141E-03
   0.150000E+01   0.209085E+04   0.160691E+03   0.181365E-02   0.305549E-03
   0.160000E+01   0.217834E+04   0.157852E+03   0.397936E-02   0.689261E-03
   0.170000E+01   0.226147E+04   0.154865E+03   0.843247E-02   0.147420E-02
   0.180000E+01   0.234054E+04   0.151807E+03   0.171985E-01   0.299881E-02
   0.190000E+01   0.241585E+04   0.148737E+03   0.337584E-01   0.581397E-02
   0.200000E+01   0.248765E+04   0.145692E+03   0.638418E-01   0.107696E-01
   0.210000E+01   0.255617E+04   0.142706E+03   0.116454E+00   0.191016E-01
   0.220000E+01   0.262162E+04   0.139796E+03   0.205071E+00   0.325061E-01
   0.230000E+01   0.268420E+04   0.136975E+03   0.348715E+00   0.531392E-01
   0.240000E+01   0.274407E+04   0.134250E+03   0.572417E+00   0.835386E-01
   0.250000E+01   0.280141E+04   0.131621E+03   0.906416E+00   0.126429E+00
   0.260000E+01   0.285637E+04   0.129087E+03   0.138418E+01   0.184564E+00
   0.270000E+01   0.290909E+04   0.126645E+03   0.204035E+01   0.260534E+00
   0.280000E+01   0.295970E+04   0.124288E+03   0.290929E+01   0.356527E+00
   0.290000E+01   0.300834E+04   0.122011E+03   0.402411E+01   0.474096E+00
   0.300000E+01   0.305511E+04   0.119809E+03   0.541548E+01   0.614003E+00
   0.310000E+01   0.310014E+04   0.117674E+03   0.711020E+01   0.776054E+00
   0.320000E+01   0.314352E+04   0.115602E+03   0.912981E+01   0.958954E+00
   0.330000E+01   0.318534E+04   0.113588E+03   0.114899E+02   0.116052E+01
   0.340000E+01   0.322570E+04   0.111630E+03   0.141997E+02   0.137794E+01
   0.350000E+01   0.326467E+04   0.109723E+03   0.172624E+02   0.160790E+01
   0.360000E+01   0.330233E+04   0.107866E+03   0.206757E+02   0.184685E+01
   0.370000E+01   0.333875E+04   0.106056E+03   0.244330E+02   0.209128E+01
   0.380000E+01   0.337400E+04   0.104293E+03   0.285240E+02   0.233792E+01
   0.390000E+01   0.340812E+04   0.102576E+03   0.329365E+02   0.258377E+01
   0.400000E+01   0.344119E+04   0.100903E+03   0.376568E+02   0.282644E+01
   0.410000E+01   0.347325E+04   0.992747E+02   0.426707E+02   0.306412E+01
   0.420000E+01   0.350434E+04   0.976895E+02   0.479640E+02   0.329557E+01
   0.430000E+01   0.353452E+04   0.961473E+02   0.535228E+02   0.352003E+01
   0.440000E+01   0.356382E+04   0.946467E+02   0.593335E+02   0.373682E+01
   0.450000E+01   0.359229E+04   0.931867E+02   0.653830E+02   0.394578E+01
   0.460000E+01   0.361997E+04   0.917671E+02   0.716585E+02   0.414704E+01
   0.470000E+01   0.364688E+04   0.903861E+02   0.781474E+02   0.434077E+01
   0.480000E+01   0.367306E+04   0.890431E+02   0.848376E+02   0.452731E+01
   0.490000E+01   0.369854E+04   0.877368E+02   0.917172E+02   0.470710E+01
   0.500000E+01   0.372336E+04   0.864649E+02   0.987747E+02   0.488071E+01
   0.510000E+01   0.374753E+04   0.852275E+02   0.105999E+03   0.504879E+01
   0.520000E+01   0.377109E+04   0.840238E+02   0.113378E+03   0.521190E+01
   0.530000E+01   0.379406E+04   0.828510E+02   0.120901E+03   0.537088E+01
   0.540000E+01   0.381647E+04   0.817076E+02   0.128559E+03   0.552599E+01
   0.550000E+01   0.383833E+04   0.805936E+02   0.136341E+03   0.567787E+01
   0.560000E+01   0.385966E+04   0.795076E+02   0.144237E+03   0.582688E+01
   0.570000E+01   0.388050E+04   0.784478E+02   0.152237E+03   0.597340E+01
   0.580000E+01   0.390085E+04   0.774143E+02   0.160333E+03   0.611771E+01
   0.590000E+01   0.392073E+04   0.764050E+02   0.168515E+03   0.626008E+01
   0.600000E+01   0.394016E+04   0.754193E+02   0.176775E+03   0.640067E+01
   0.610000E+01   0.395917E+04   0.744560E+02   0.185104E+03   0.653968E+01
   0.620000E+01   0.397775E+04   0.735149E+02   0.193495E+03   0.667717E+01
   0.630000E+01   0.399593E+04   0.725940E+02   0.201940E+03   0.681339E+01
   0.640000E+01   0.401373E+04   0.716934E+02   0.210432E+03   0.694836E+01
   0.650000E+01   0.403114E+04   0.708117E+02   0.218964E+03   0.708215E+01
   0.660000E+01   0.404820E+04   0.699488E+02   0.227530E+03   0.721486E+01
   0.670000E+01   0.406490E+04   0.691028E+02   0.236123E+03   0.734657E+01
   0.680000E+01   0.408127E+04   0.682756E+02   0.244739E+03   0.747731E+01
   0.690000E+01   0.409731E+04   0.674635E+02   0.253373E+03   0.760705E+01
   0.700000E+01   0.411303E+04   0.666685E+02   0.262018E+03   0.773592E+01
   0.710000E+01   0.412844E+04   0.658884E+02   0.270671E+03   0.786386E+01
   0.720000E+01   0.414356E+04   0.651221E+02   0.279326E+03   0.799092E+01
   0.730000E+01   0.415839E+04   0.643708E+02   0.287981E+03   0.811713E+01
   0.740000E+01   0.417294E+04   0.636341E+02   0.296630E+03   0.824255E+01
   0.750000E+01   0.418721E+04   0.629096E+02   0.305270E+03   0.836706E+01
   0.760000E+01   0.420123E+04   0.621983E+02   0.313897E+03   0.849058E+01
   0.770000E+01   0.421499E+04   0.615000E+02   0.322509E+03   0.861314E+01
   0.780000E+01   0.422850E+04   0.608134E+02   0.331101E+03   0.873483E+01
   0.790000E+01   0.424177E+04   0.601381E+02   0.339671E+03   0.885555E+01
   0.800000E+01   0.425480E+04   0.594749E+02   0.348215E+03   0.897533E+01
   0.810000E+01   0.426761E+04   0.588218E+02   0.356731E+03   0.909419E+01
   0.820000E+01   0.428020E+04   0.581793E+02   0.365216E+03   0.921208E+01
   0.830000E+01   0.429257E+04   0.575480E+02   0.373668E+03   0.932898E+01
   0.840000E+01   0.430473E+04   0.569263E+02   0.382084E+03   0.944477E+01
   0.850000E+01   0.431669E+04   0.563138E+02   0.390463E+03   0.955957E+01
   0.860000E+01   0.432845E+04   0.557124E+02   0.398801E+03   0.967326E+01
   0.870000E+01   0.434002E+04   0.551187E+02   0.407098E+03   0.978585E+01
   0.880000E+01   0.435140E+04   0.545344E+02   0.415350E+03   0.989736E+01
   0.890000E+01   0.436259E+04   0.539593E+02   0.423558E+03   0.100076E+02
   0.900000E+01   0.437361E+04   0.533923E+02   0.431718E+03   0.101166E+02
   0.910000E+01   0.438445E+04   0.528335E+02   0.439829E+03   0.102244E+02
   0.920000E+01   0.439512E+04   0.522831E+02   0.447890E+03   0.103310E+02
   0.930000E+01   0.440562E+04   0.517409E+02   0.455900E+03   0.104363E+02
   0.940000E+01   0.441597E+04   0.512059E+02   0.463858E+03   0.105402E+02
   0.950000E+01   0.442615E+04   0.506794E+02   0.471761E+03   0.106427E+02
   0.960000E+01   0.443618E+04   0.501594E+02   0.479610E+03   0.107439E+02
   0.970000E+01   0.444606E+04   0.496476E+02   0.487403E+03   0.108436E+02
   0.980000E+01   0.445578E+04   0.491421E+02   0.495140E+03   0.109419E+02
   0.990000E+01   0.446537E+04   0.486442E+02   0.502819E+03   0.110388E+02
   0.100000E+02   0.447481E+04   0.481522E+02   0.510441E+03   0.111341E+02
   0.101000E+02   0.448411E+04   0.476677E+02   0.518003E+03   0.112278E+02
   0.102000E+02   0.449328E+04   0.471899E+02   0.525506E+03   0.113201E+02
   0.103000E+02   0.450232E+04   0.467176E+02   0.532950E+03   0.114108E+02
   0.104000E+02   0.451122E+04   0.462521E+02   0.540333E+03   0.114999E+02
   0.105000E+02   0.452000E+04   0.457930E+02   0.547656E+03   0.115874E+02
   0.106000E+02   0.452866E+04   0.453393E+02   0.554918E+03   0.116734E+02
   0.107000E+02   0.453719E+04   0.448932E+02   0.562118E+03   0.117577E+02
   0.108000E+02   0.454560E+04   0.444512E+02   0.569258E+03   0.118404E+02
   0.109000E+02   0.455390E+04   0.440159E+02   0.576335E+03   0.119215E+02
   0.110000E+02   0.456208E+04   0.435857E+02   0.583351E+03   0.120012E+02
   0.111000E+02   0.457014E+04   0.431613E+02   0.590306E+03   0.120791E+02
   0.112000E+02   0.457810E+04   0.427422E+02   0.597198E+03   0.121555E+02
   0.113000E+02   0.458595E+04   0.423281E+02   0.604029E+03   0.122302E+02
   0.114000E+02   0.459369E+04   0.419198E+02   0.610798E+03   0.123034E+02
   0.115000E+02   0.460133E+04   0.415170E+02   0.617505E+03   0.123750E+02
   0.116000E+02   0.460886E+04   0.411182E+02   0.624150E+03   0.124451E+02
   0.117000E+02   0.461630E+04   0.407247E+02   0.630734E+03   0.125136E+02
   0.118000E+02   0.462363E+04   0.403369E+02   0.637256E+03   0.125805E+02
   0.119000E+02   0.463087E+04   0.399531E+02   0.643717E+03   0.126459E+02
   0.120000E+02   0.463801E+04   0.395740E+02   0.650116E+03   0.127098E+02
   0.121000E+02   0.464506E+04   0.392003E+02   0.656455E+03   0.127721E+02
   0.122000E+02   0.465201E+04   0.388309E+02   0.662733E+03   0.128330E+02
   0.123000E+02   0.465888E+04   0.384659E+02   0.668950E+03   0.128923E+02
   0.124000E+02   0.466565E+04   0.381051E+02   0.675107E+03   0.129502E+02
   0.125000E+02   0.467234E+04   0.377489E+02   0.681204E+03   0.130066E+02
   0.126000E+02   0.467895E+04   0.373973E+02   0.687241E+03   0.130615E+02
   0.127000E+02   0.468546E+04   0.370505E+02   0.693219E+03   0.131151E+02
   0.128000E+02   0.469190E+04   0.367070E+02   0.699137E+03   0.131670E+02
   0.129000E+02   0.469825E+04   0.363680E+02   0.704996E+03   0.132177E+02
   0.130000E+02   0.470452E+04   0.360322E+02   0.710797E+03   0.132669E+02
   0.131000E+02   0.471072E+04   0.357013E+02   0.716539E+03   0.133146E+02
   0.132000E+02   0.471683E+04   0.353748E+02   0.722224E+03   0.133611E+02
   0.133000E+02   0.472287E+04   0.350516E+02   0.727851E+03   0.134061E+02
   0.134000E+02   0.472883E+04   0.347325E+02   0.733420E+03   0.134497E+02
   0.135000E+02   0.473472E+04   0.344166E+02   0.738933E+03   0.134920E+02
   0.136000E+02   0.474053E+04   0.341050E+02   0.744389E+03   0.135330E+02
   0.137000E+02   0.474627E+04   0.337966E+02   0.749789E+03   0.135727E+02
   0.138000E+02   0.475194E+04   0.334924E+02   0.755134E+03   0.136110E+02
   0.139000E+02   0.475754E+04   0.331918E+02   0.760423E+03   0.136481E+02
   0.140000E+02   0.476307E+04   0.328946E+02   0.765657E+03   0.136839E+02
   0.141000E+02   0.476854E+04   0.326011E+02   0.770837E+03   0.137183E+02
   0.142000E+02   0.477393E+04   0.323113E+02   0.775962E+03   0.137517E+02
   0.143000E+02   0.477926E+04   0.320236E+02   0.781034E+03   0.137837E+02
   0.144000E+02   0.478453E+04   0.317411E+02   0.786052E+03   0.138146E+02
   0.145000E+02   0.478973E+04   0.314620E+02   0.791018E+03   0.138442E+02
   0.146000E+02   0.479487E+04   0.311840E+02   0.795931E+03   0.138726E+02
   0.147000E+02   0.479994E+04   0.309111E+02   0.800792E+03   0.139000E+02
   0.148000E+02   0.480495E+04   0.306408E+02   0.805602E+03   0.139261E+02
   0.149000E+02   0.480991E+04   0.303737E+02   0.810360E+03   0.139511E+02
   0.150000E+02   0.481480E+04   0.301100E+02   0.815068E+03   0.139750E+02
   0.151000E+02   0.481963E+04   0.298488E+02   0.819725E+03   0.139979E+02
   0.152000E+02   0.482441E+04   0.295912E+02   0.824332E+03   0.140195E+02
   0.153000E+02   0.482913E+04   0.293367E+02   0.828890E+03   0.140402E+02
   0.154000E+02   0.483379E+04   0.290839E+02   0.833399E+03   0.140598E+02
   0.155000E+02   0.483840E+04   0.288356E+02   0.837860E+03   0.140784E+02
   0.156000E+02   0.484295E+04   0.285901E+02   0.842272E+03   0.140959E+02
   0.157000E+02   0.484744E+04   0.283470E+02   0.846637E+03   0.141125E+02
   0.158000E+02   0.485189E+04   0.281069E+02   0.850954E+03   0.141280E+02
   0.159000E+02   0.485628E+04   0.278689E+02   0.855224E+03   0.141427E+02
   0.160000E+02   0.486062E+04   0.276347E+02   0.859448E+03   0.141563E+02
   0.161000E+02   0.486490E+04   0.274030E+02   0.863627E+03   0.141690E+02
   0.162000E+02   0.486914E+04   0.271741E+02   0.867759E+03   0.141808E+02
   0.163000E+02   0.487332E+04   0.269472E+02   0.871847E+03   0.141918E+02
   0.164000E+02   0.487746E+04   0.267235E+02   0.875890E+03   0.142017E+02
   0.165000E+02   0.488155E+04   0.265022E+02   0.879888E+03   0.142108E+02
   0.166000E+02   0.488559E+04   0.262844E+02   0.883843E+03   0.142192E+02
   0.167000E+02   0.488958E+04   0.260680E+02   0.887754E+03   0.142266E+02
   0.168000E+02   0.489352E+04   0.258541E+02   0.891623E+03   0.142333E+02
   0.169000E+02   0.489742E+04   0.256433E+02   0.895449E+03   0.142391E+02
   0.170000E+02   0.490128E+04   0.254344E+02   0.899233E+03   0.142442E+02
   0.171000E+02   0.490508E+04   0.252283E+02   0.902975E+03   0.142484E+02
   0.172000E+02   0.490885E+04   0.250249E+02   0.906676E+03   0.142519E+02
   0.173000E+02   0.491256E+04   0.248238E+02   0.910336E+03   0.142547E+02
   0.174000E+02   0.491624E+04   0.246247E+02   0.913955E+03   0.142567E+02
   0.175000E+02   0.491987E+04   0.244282E+02   0.917535E+03   0.142581E+02
   0.176000E+02   0.492346E+04   0.242336E+02   0.921075E+03   0.142587E+02
   0.177000E+02   0.492701E+04   0.240411E+02   0.924575E+03   0.142587E+02
   0.178000E+02   0.493052E+04   0.238520E+02   0.928037E+03   0.142579E+02
   0.179000E+02   0.493398E+04   0.236644E+02   0.931461E+03   0.142565E+02
   0.180000E+02   0.493741E+04   0.234788E+02   0.934846E+03   0.142546E+02
   0.181000E+02   0.494079E+04   0.232964E+02   0.938194E+03   0.142519E+02
   0.182000E+02   0.494414E+04   0.231148E+02   0.941504E+03   0.142487E+02
   0.183000E+02   0.494745E+04   0.229358E+02   0.944778E+03   0.142448E+02
   0.184000E+02   0.495072E+04   0.227592E+02   0.948015E+03   0.142404E+02
   0.185000E+02   0.495395E+04   0.225846E+02   0.951216E+03   0.142354E+02
   0.186000E+02   0.495714E+04   0.224126E+02   0.954381E+03   0.142299E+02
   0.187000E+02   0.496030E+04   0.222412E+02   0.957511E+03   0.142238E+02
   0.188000E+02   0.496342E+04   0.220732E+02   0.960606E+03   0.142171E+02
   0.189000E+02   0.496650E+04   0.219062E+02   0.963666E+03   0.142099E+02
   0.190000E+02   0.496955E+04   0.217419E+02   0.966692E+03   0.142025E+02
   0.191000E+02   0.497256E+04   0.215788E+02   0.969684E+03   0.141943E+02
   0.192000E+02   0.497554E+04   0.214189E+02   0.972643E+03   0.141858E+02
   0.193000E+02   0.497849E+04   0.212601E+02   0.975569E+03   0.141766E+02
   0.194000E+02   0.498140E+04   0.211031E+02   0.978461E+03   0.141671E+02
   0.195000E+02   0.498427E+04   0.209479E+02   0.981322E+03   0.141571E+02
   0.196000E+02   0.498712E+04   0.207950E+02   0.984150E+03   0.141467E+02
   0.197000E+02   0.498993E+04   0.206437E+02   0.986946E+03   0.141357E+02
   0.198000E+02   0.499270E+04   0.204942E+02   0.989712E+03   0.141247E+02
   0.199000E+02   0.499545E+04   0.203465E+02   0.992445E+03   0.141127E+02
   0.200000E+02   0.499817E+04   0.202007E+02   0.995149E+03   0.141010E+02
   0.201000E+02   0.500085E+04   0.200568E+02   0.997821E+03   0.140884E+02
   0.202000E+02   0.500350E+04   0.199145E+02   0.100046E+04   0.140758E+02
   0.203000E+02   0.500612E+04   0.197735E+02   0.100308E+04   0.140625E+02
   0.204000E+02   0.500872E+04   0.196343E+02   0.100566E+04   0.140494E+02
   0.205000E+02   0.501128E+04   0.194973E+02   0.100822E+04   0.140359E+02
   0.206000E+02   0.501381E+04   0.193621E+02   0.101074E+04   0.140213E+02
   0.207000E+02   0.501631E+04   0.192283E+02   0.101324E+04   0.140073E+02
   0.208000E+02   0.501879E+04   0.190959E+02   0.101571E+04   0.139925E+02
   0.209000E+02   0.502123E+04   0.189657E+02   0.101815E+04   0.139777E+02
   0.210000E+02   0.502365E+04   0.188357E+02   0.102056E+04   0.139625E+02
   0.211000E+02   0.502604E+04   0.187090E+02   0.102295E+04   0.139463E+02
   0.212000E+02   0.502841E+04   0.185834E+02   0.102531E+04   0.139310E+02
   0.213000E+02   0.503074E+04   0.184585E+02   0.102764E+04   0.139153E+02
   0.214000E+02   0.503305E+04   0.183355E+02   0.102995E+04   0.138983E+02
   0.215000E+02   0.503533E+04   0.182145E+02   0.103223E+04   0.138816E+02
   0.216000E+02   0.503759E+04   0.180949E+02   0.103448E+04   0.138653E+02
   0.217000E+02   0.503982E+04   0.179770E+02   0.103671E+04   0.138486E+02
   0.218000E+02   0.504203E+04   0.178597E+02   0.103892E+04   0.138309E+02
   0.219000E+02   0.504421E+04   0.177442E+02   0.104110E+04   0.138135E+02
   0.220000E+02   0.504636E+04   0.176310E+02   0.104325E+04   0.137959E+02
   0.221000E+02   0.504849E+04   0.175187E+02   0.104538E+04   0.137782E+02
   0.222000E+02   0.505060E+04   0.174070E+02   0.104749E+04   0.137607E+02
   0.223000E+02   0.505268E+04   0.172980E+02   0.104957E+04   0.137422E+02
   0.224000E+02   0.505474E+04   0.171896E+02   0.105163E+04   0.137243E+02
   0.225000E+02   0.505677E+04   0.170826E+02   0.105366E+04   0.137060E+02
   0.226000E+02   0.505878E+04   0.169772E+02   0.105568E+04   0.136879E+02
   0.227000E+02   0.506077E+04   0.168736E+02   0.105766E+04   0.136683E+02
   0.228000E+02   0.506274E+04   0.167709E+02   0.105963E+04   0.136498E+02
   0.229000E+02   0.506468E+04   0.166689E+02   0.106158E+04   0.136313E+02
   0.230000E+02   0.506660E+04   0.165683E+02   0.106350E+04   0.136120E+02
   0.231000E+02   0.506850E+04   0.164698E+02   0.106540E+04   0.135927E+02
   0.232000E+02   0.507038E+04   0.163727E+02   0.106728E+04   0.135739E+02
   0.233000E+02   0.507224E+04   0.162763E+02   0.106914E+04   0.135542E+02
   0.234000E+02   0.507407E+04   0.161814E+02   0.107097E+04   0.135347E+02
   0.235000E+02   0.507588E+04   0.160878E+02   0.107279E+04   0.135153E+02
   0.236000E+02   0.507768E+04   0.159950E+02   0.107459E+04   0.134957E+02
   0.237000E+02   0.507945E+04   0.159034E+02   0.107636E+04   0.134759E+02
   0.238000E+02   0.508120E+04   0.158134E+02   0.107812E+04   0.134563E+02
   0.239000E+02   0.508293E+04   0.157245E+02   0.107985E+04   0.134365E+02
   0.240000E+02   0.508465E+04   0.156365E+02   0.108157E+04   0.134162E+02
   0.241000E+02   0.508634E+04   0.155507E+02   0.108326E+04   0.133964E+02
   0.242000E+02   0.508801E+04   0.154646E+02   0.108494E+04   0.133764E+02
   0.243000E+02   0.508967E+04   0.153804E+02   0.108660E+04   0.133561E+02
   0.244000E+02   0.509131E+04   0.152975E+02   0.108824E+04   0.133361E+02
   0.245000E+02   0.509292E+04   0.152153E+02   0.108986E+04   0.133165E+02
   0.246000E+02   0.509452E+04   0.151349E+02   0.109146E+04   0.132963E+02
   0.247000E+02   0.509610E+04   0.150543E+02   0.109304E+04   0.132766E+02
   0.248000E+02   0.509766E+04   0.149761E+02   0.109461E+04   0.132562E+02
   0.249000E+02   0.509921E+04   0.148988E+02   0.109616E+04   0.132368E+02
   0.250000E+02   0.510074E+04   0.148220E+02   0.109769E+04   0.132158E+02
   0.251000E+02   0.510225E+04   0.147460E+02   0.109920E+04   0.131959E+02
   0.252000E+02   0.510374E+04   0.146720E+02   0.110070E+04   0.131755E+02
   0.253000E+02   0.510521E+04   0.145989E+02   0.110218E+04   0.131554E+02
   0.254000E+02   0.510667E+04   0.145263E+02   0.110364E+04   0.131359E+02
   0.255000E+02   0.510811E+04   0.144553E+02   0.110508E+04   0.131152E+02
   0.256000E+02   0.510954E+04   0.143846E+02   0.110651E+04   0.130952E+02
   0.257000E+02   0.511095E+04   0.143151E+02   0.110793E+04   0.130760E+02
   0.258000E+02   0.511234E+04   0.142465E+02   0.110932E+04   0.130555E+02
   0.259000E+02   0.511372E+04   0.141794E+02   0.111070E+04   0.130352E+02
   0.260000E+02   0.511508E+04   0.141131E+02   0.111207E+04   0.130150E+02
   0.261000E+02   0.511643E+04   0.140472E+02   0.111342E+04   0.129951E+02
   0.262000E+02   0.511776E+04   0.139826E+02   0.111475E+04   0.129752E+02
   0.263000E+02   0.511907E+04   0.139187E+02   0.111607E+04   0.129554E+02
   0.264000E+02   0.512038E+04   0.138564E+02   0.111738E+04   0.129357E+02
   0.265000E+02   0.512166E+04   0.137938E+02   0.111867E+04   0.129152E+02
   0.266000E+02   0.512293E+04   0.137336E+02   0.111994E+04   0.128960E+02
   0.267000E+02   0.512419E+04   0.136735E+02   0.112120E+04   0.128764E+02
   0.268000E+02   0.512543E+04   0.136140E+02   0.112245E+04   0.128565E+02
   0.269000E+02   0.512666E+04   0.135558E+02   0.112368E+04   0.128369E+02
   0.270000E+02   0.512787E+04   0.134982E+02   0.112490E+04   0.128173E+02
   0.271000E+02   0.512908E+04   0.134413E+02   0.112610E+04   0.127983E+02
   0.272000E+02   0.513026E+04   0.133859E+02   0.112729E+04   0.127788E+02
   0.273000E+02   0.513144E+04   0.133311E+02   0.112847E+04   0.127597E+02
   0.274000E+02   0.513260E+04   0.132768E+02   0.112963E+04   0.127405E+02
   0.275000E+02   0.513374E+04   0.132238E+02   0.113078E+04   0.127214E+02
   0.276000E+02   0.513488E+04   0.131710E+02   0.113192E+04   0.127019E+02
   0.277000E+02   0.513600E+04   0.131192E+02   0.113305E+04   0.126830E+02
   0.278000E+02   0.513711E+04   0.130681E+02   0.113416E+04   0.126637E+02
   0.279000E+02   0.513820E+04   0.130180E+02   0.113526E+04   0.126451E+02
   0.280000E+02   0.513928E+04   0.129694E+02   0.113634E+04   0.126261E+02
   0.281000E+02   0.514035E+04   0.129202E+02   0.113742E+04   0.126078E+02
   0.282000E+02   0.514141E+04   0.128728E+02   0.113848E+04   0.125889E+02
   0.283000E+02   0.514246E+04   0.128251E+02   0.113953E+04   0.125703E+02
   0.284000E+02   0.514350E+04   0.127789E+02   0.114057E+04   0.125523E+02
   0.285000E+02   0.514452E+04   0.127331E+02   0.114159E+04   0.125341E+02
   0.286000E+02   0.514553E+04   0.126881E+02   0.114261E+04   0.125152E+02
   0.287000E+02   0.514653E+04   0.126436E+02   0.114361E+04   0.124972E+02
   0.288000E+02   0.514752E+04   0.126001E+02   0.114460E+04   0.124793E+02
   0.289000E+02   0.514849E+04   0.125577E+02   0.114558E+04   0.124613E+02
   0.290000E+02   0.514946E+04   0.125149E+02   0.114655E+04   0.124435E+02
   0.291000E+02   0.515042E+04   0.124732E+02   0.114751E+04   0.124257E+02
   0.292000E+02   0.515136E+04   0.124331E+02   0.114846E+04   0.124080E+02
   0.293000E+02   0.515229E+04   0.123927E+02   0.114939E+04   0.123903E+02
   0.294000E+02   0.515322E+04   0.123531E+02   0.115032E+04   0.123733E+02
   0.295000E+02   0.515413E+04   0.123142E+02   0.115123E+04   0.123553E+02
   0.296000E+02   0.515503E+04   0.122756E+02   0.115214E+04   0.123380E+02
   0.297000E+02   0.515592E+04   0.122382E+02   0.115303E+04   0.123212E+02
   0.298000E+02   0.515680E+04   0.122013E+02   0.115392E+04   0.123044E+02
   0.299000E+02   0.515767E+04   0.121653E+02   0.115479E+04   0.122872E+02
   0.300000E+02   0.515854E+04   0.121292E+02   0.115566E+04   0.122696E+02
   0.301000E+02   0.515939E+04   0.120936E+02   0.115651E+04   0.122533E+02
   0.302000E+02   0.516023E+04   0.120590E+02   0.115736E+04   0.122366E+02
   0.303000E+02   0.516106E+04   0.120246E+02   0.115819E+04   0.122198E+02
   0.304000E+02   0.516189E+04   0.119914E+02   0.115902E+04   0.122038E+02
   0.305000E+02   0.516270E+04   0.119581E+02   0.115983E+04   0.121875E+02
   0.306000E+02   0.516350E+04   0.119258E+02   0.116064E+04   0.121712E+02
   0.307000E+02   0.516430E+04   0.118941E+02   0.116144E+04   0.121553E+02
   0.308000E+02   0.516509E+04   0.118627E+02   0.116223E+04   0.121393E+02
   0.309000E+02   0.516586E+04   0.118315E+02   0.116301E+04   0.121236E+02
   0.310000E+02   0.516663E+04   0.118012E+02   0.116378E+04   0.121074E+02
   0.311000E+02   0.516739E+04   0.117717E+02   0.116454E+04   0.120920E+02
   0.312000E+02   0.516814E+04   0.117430E+02   0.116529E+04   0.120762E+02
   0.313000E+02   0.516888E+04   0.117135E+02   0.116604E+04   0.120610E+02
   0.314000E+02   0.516962E+04   0.116853E+02   0.116678E+04   0.120458E+02
   0.315000E+02   0.517034E+04   0.116579E+02   0.116750E+04   0.120304E+02
   0.316000E+02   0.517106E+04   0.116311E+02   0.116822E+04   0.120156E+02
   0.317000E+02   0.517177E+04   0.116038E+02   0.116894E+04   0.120006E+02
   0.318000E+02   0.517247E+04   0.115775E+02   0.116964E+04   0.119855E+02
   0.319000E+02   0.517317E+04   0.115516E+02   0.117034E+04   0.119710E+02
   0.320000E+02   0.517385E+04   0.115262E+02   0.117102E+04   0.119565E+02
   0.321000E+02   0.517453E+04   0.115011E+02   0.117170E+04   0.119415E+02
   0.322000E+02   0.517520E+04   0.114761E+02   0.117238E+04   0.119272E+02
   0.323000E+02   0.517586E+04   0.114525E+02   0.117304E+04   0.119127E+02
   0.324000E+02   0.517652E+04   0.114288E+02   0.117370E+04   0.118992E+02
   0.325000E+02   0.517716E+04   0.114060E+02   0.117435E+04   0.118845E+02
   0.326000E+02   0.517780E+04   0.113832E+02   0.117499E+04   0.118709E+02
   0.327000E+02   0.517844E+04   0.113603E+02   0.117562E+04   0.118566E+02
   0.328000E+02   0.517906E+04   0.113386E+02   0.117625E+04   0.118432E+02
   0.329000E+02   0.517968E+04   0.113174E+02   0.117687E+04   0.118293E+02
   0.330000E+02   0.518029E+04   0.112958E+02   0.117748E+04   0.118165E+02
   0.331000E+02   0.518090E+04   0.112749E+02   0.117809E+04   0.118022E+02
   0.332000E+02   0.518149E+04   0.112551E+02   0.117869E+04   0.117893E+02
   0.333000E+02   0.518208E+04   0.112347E+02   0.117928E+04   0.117766E+02
   0.334000E+02   0.518267E+04   0.112152E+02   0.117987E+04   0.117633E+02
   0.335000E+02   0.518325E+04   0.111957E+02   0.118045E+04   0.117504E+02
   0.336000E+02   0.518382E+04   0.111770E+02   0.118102E+04   0.117373E+02
   0.337000E+02   0.518438E+04   0.111579E+02   0.118159E+04   0.117248E+02
   0.338000E+02   0.518494E+04   0.111395E+02   0.118215E+04   0.117123E+02
   0.339000E+02   0.518549E+04   0.111221E+02   0.118270E+04   0.116988E+02
   0.340000E+02   0.518604E+04   0.111047E+02   0.118325E+04   0.116866E+02
   0.341000E+02   0.518657E+04   0.110869E+02   0.118379E+04   0.116745E+02
   0.342000E+02   0.518711E+04   0.110695E+02   0.118433E+04   0.116629E+02
   0.343000E+02   0.518763E+04   0.110541E+02   0.118485E+04   0.116502E+02
   0.344000E+02   0.518816E+04   0.110375E+02   0.118538E+04   0.116385E+02
   0.345000E+02   0.518867E+04   0.110213E+02   0.118589E+04   0.116267E+02
   0.346000E+02   0.518918E+04   0.110057E+02   0.118640E+04   0.116149E+02
   0.347000E+02   0.518968E+04   0.109903E+02   0.118691E+04   0.116027E+02
   0.348000E+02   0.519018E+04   0.109759E+02   0.118741E+04   0.115921E+02
   0.349000E+02   0.519067E+04   0.109607E+02   0.118790E+04   0.115807E+02
   0.350000E+02   0.519116E+04   0.109467E+02   0.118839E+04   0.115688E+02
   0.351000E+02   0.519164E+04   0.109325E+02   0.118887E+04   0.115574E+02
   0.352000E+02   0.519212E+04   0.109181E+02   0.118935E+04   0.115460E+02
   0.353000E+02   0.519259E+04   0.109050E+02   0.118982E+04   0.115353E+02
   0.354000E+02   0.519305E+04   0.108913E+02   0.119029E+04   0.115242E+02
   0.355000E+02   0.519351E+04   0.108785E+02   0.119075E+04   0.115139E+02
   0.356000E+02   0.519396E+04   0.108663E+02   0.119120E+04   0.115026E+02
   0.357000E+02   0.519441E+04   0.108529E+02   0.119166E+04   0.114924E+02
   0.358000E+02   0.519486E+04   0.108408E+02   0.119210E+04   0.114816E+02
   0.359000E+02   0.519530E+04   0.108290E+02   0.119254E+04   0.114714E+02
   0.360000E+02   0.519573E+04   0.108170E+02   0.119298E+04   0.114612E+02
   0.361000E+02   0.519616E+04   0.108049E+02   0.119341E+04   0.114504E+02
   0.362000E+02   0.519658E+04   0.107939E+02   0.119383E+04   0.114406E+02
   0.363000E+02   0.519700E+04   0.107828E+02   0.119425E+04   0.114304E+02
   0.364000E+02   0.519742E+04   0.107720E+02   0.119467E+04   0.114210E+02
   0.365000E+02   0.519783E+04   0.107616E+02   0.119508E+04   0.114106E+02
   0.366000E+02   0.519823E+04   0.107511E+02   0.119549E+04   0.114015E+02
   0.367000E+02   0.519863E+04   0.107414E+02   0.119589E+04   0.113914E+02
   0.368000E+02   0.519903E+04   0.107309E+02   0.119629E+04   0.113816E+02
   0.369000E+02   0.519942E+04   0.107211E+02   0.119668E+04   0.113723E+02
   0.370000E+02   0.519981E+04   0.107121E+02   0.119707E+04   0.113630E+02
   0.371000E+02   0.520019E+04   0.107026E+02   0.119745E+04   0.113533E+02
   0.372000E+02   0.520057E+04   0.106928E+02   0.119783E+04   0.113446E+02
   0.373000E+02   0.520094E+04   0.106842E+02   0.119821E+04   0.113357E+02
   0.374000E+02   0.520131E+04   0.106752E+02   0.119858E+04   0.113263E+02
   0.375000E+02   0.520168E+04   0.106670E+02   0.119894E+04   0.113169E+02
   0.376000E+02   0.520204E+04   0.106586E+02   0.119931E+04   0.113085E+02
   0.377000E+02   0.520240E+04   0.106506E+02   0.119967E+04   0.112995E+02
   0.378000E+02   0.520275E+04   0.106424E+02   0.120002E+04   0.112912E+02
   0.379000E+02   0.520310E+04   0.106346E+02   0.120037E+04   0.112824E+02
   0.380000E+02   0.520344E+04   0.106275E+02   0.120072E+04   0.112736E+02
   0.381000E+02   0.520378E+04   0.106195E+02   0.120106E+04   0.112655E+02
   0.382000E+02   0.520412E+04   0.106123E+02   0.120140E+04   0.112575E+02
   0.383000E+02   0.520446E+04   0.106048E+02   0.120173E+04   0.112494E+02
   0.384000E+02   0.520479E+04   0.105979E+02   0.120206E+04   0.112405E+02
   0.385000E+02   0.520511E+04   0.105912E+02   0.120239E+04   0.112326E+02
   0.386000E+02   0.520543E+04   0.105842E+02   0.120271E+04   0.112250E+02
   0.387000E+02   0.520575E+04   0.105780E+02   0.120303E+04   0.112172E+02
   0.388000E+02   0.520607E+04   0.105717E+02   0.120335E+04   0.112089E+02
   0.389000E+02   0.520638E+04   0.105657E+02   0.120366E+04   0.112018E+02
   0.390000E+02   0.520669E+04   0.105585E+02   0.120397E+04   0.111935E+02
   0.391000E+02   0.520699E+04   0.105534E+02   0.120428E+04   0.111858E+02
   0.392000E+02   0.520729E+04   0.105473E+02   0.120458E+04   0.111784E+02
   0.393000E+02   0.520759E+04   0.105416E+02   0.120488E+04   0.111705E+02
   0.394000E+02   0.520788E+04   0.105360E+02   0.120517E+04   0.111641E+02
   0.395000E+02   0.520818E+04   0.105312E+02   0.120546E+04   0.111563E+02
   0.396000E+02   0.520846E+04   0.105257E+02   0.120575E+04   0.111491E+02
   0.397000E+02   0.520875E+04   0.105206E+02   0.120604E+04   0.111419E+02
   0.398000E+02   0.520903E+04   0.105154E+02   0.120632E+04   0.111347E+02
   0.399000E+02   0.520931E+04   0.105107E+02   0.120660E+04   0.111276E+02
   0.400000E+02   0.520958E+04   0.105054E+02   0.120688E+04   0.111208E+02
   0.401000E+02   0.520985E+04   0.105010E+02   0.120715E+04   0.111143E+02
   0.402000E+02   0.521012E+04   0.104969E+02   0.120742E+04   0.111077E+02
   0.403000E+02   0.521039E+04   0.104922E+02   0.120768E+04   0.111006E+02
   0.404000E+02   0.521065E+04   0.104881E+02   0.120795E+04   0.110938E+02
   0.405000E+02   0.521091E+04   0.104832E+02   0.120821E+04   0.110875E+02
   0.406000E+02   0.521117E+04   0.104792E+02   0.120846E+04   0.110809E+02
   0.407000E+02   0.521142E+04   0.104761E+02   0.120872E+04   0.110737E+02
   0.408000E+02   0.521167E+04   0.104721E+02   0.120897E+04   0.110682E+02
   0.409000E+02   0.521192E+04   0.104678E+02   0.120922E+04   0.110614E+02
   0.410000E+02   0.521216E+04   0.104645E+02   0.120947E+04   0.110556E+02
   0.411000E+02   0.521241E+04   0.104606E+02   0.120971E+04   0.110491E+02
   0.412000E+02   0.521264E+04   0.104569E+02   0.120995E+04   0.110431E+02
   0.413000E+02   0.521288E+04   0.104536E+02   0.121019E+04   0.110371E+02
   0.414000E+02   0.521311E+04   0.104506E+02   0.121042E+04   0.110314E+02
   0.415000E+02   0.521335E+04   0.104474E+02   0.121065E+04   0.110249E+02
   0.416000E+02   0.521358E+04   0.104440E+02   0.121088E+04   0.110202E+02
   0.417000E+02   0.521380E+04   0.104411E+02   0.121111E+04   0.110137E+02
   0.418000E+02   0.521403E+04   0.104381E+02   0.121133E+04   0.110076E+02
   0.419000E+02   0.521425E+04   0.104355E+02   0.121156E+04   0.110017E+02
   0.420000E+02   0.521447E+04   0.104318E+02   0.121178E+04   0.109961E+02
   0.421000E+02   0.521468E+04   0.104297E+02   0.121199E+04   0.109911E+02
   0.422000E+02   0.521489E+04   0.104278E+02   0.121221E+04   0.109859E+02
   0.423000E+02   0.521511E+04   0.104243E+02   0.121242E+04   0.109804E+02
   0.424000E+02   0.521532E+04   0.104221E+02   0.121263E+04   0.109750E+02
   0.425000E+02   0.521552E+04   0.104197E+02   0.121284E+04   0.109698E+02
   0.426000E+02   0.521573E+04   0.104173E+02   0.121304E+04   0.109640E+02
   0.427000E+02   0.521593E+04   0.104149E+02   0.121324E+04   0.109591E+02
   0.428000E+02   0.521613E+04   0.104132E+02   0.121344E+04   0.109535E+02
   0.429000E+02   0.521632E+04   0.104108E+02   0.121364E+04   0.109493E+02
   0.430000E+02   0.521652E+04   0.104086E+02   0.121384E+04   0.109439E+02
   0.431000E+02   0.521671E+04   0.104061E+02   0.121403E+04   0.109382E+02
   0.432000E+02   0.521690E+04   0.104042E+02   0.121422E+04   0.109332E+02
   0.433000E+02   0.521709E+04   0.104030E+02   0.121441E+04   0.109289E+02
   0.434000E+02   0.521728E+04   0.104006E+02   0.121460E+04   0.109242E+02
   0.435000E+02   0.521746E+04   0.103994E+02   0.121478E+04   0.109191E+02
   0.436000E+02   0.521764E+04   0.103975E+02   0.121496E+04   0.109146E+02
   0.437000E+02   0.521782E+04   0.103951E+02   0.121514E+04   0.109096E+02
   0.438000E+02   0.521800E+04   0.103944E+02   0.121532E+04   0.109053E+02
   0.439000E+02   0.521818E+04   0.103929E+02   0.121550E+04   0.109014E+02
   0.440000E+02   0.521835E+04   0.103918E+02   0.121568E+04   0.108964E+02
   0.441000E+02   0.521852E+04   0.103902E+02   0.121585E+04   0.108919E+02
   0.442000E+02   0.521869E+04   0.103883E+02   0.121602E+04   0.108874E+02
   0.443000E+02   0.521886E+04   0.103869E+02   0.121619E+04   0.108828E+02
   0.444000E+02   0.521903E+04   0.103862E+02   0.121635E+04   0.108782E+02
   0.445000E+02   0.521919E+04   0.103848E+02   0.121652E+04   0.108738E+02
   0.446000E+02   0.521935E+04   0.103835E+02   0.121668E+04   0.108696E+02
   0.447000E+02   0.521952E+04   0.103824E+02   0.121684E+04   0.108659E+02
   0.448000E+02   0.521967E+04   0.103817E+02   0.121700E+04   0.108618E+02
   0.449000E+02   0.521983E+04   0.103803E+02   0.121716E+04   0.108575E+02
   0.450000E+02   0.521999E+04   0.103795E+02   0.121732E+04   0.108537E+02
   0.451000E+02   0.522014E+04   0.103780E+02   0.121747E+04   0.108495E+02
   0.452000E+02   0.522029E+04   0.103775E+02   0.121762E+04   0.108454E+02
   0.453000E+02   0.522044E+04   0.103768E+02   0.121777E+04   0.108414E+02
   0.454000E+02   0.522059E+04   0.103760E+02   0.121792E+04   0.108375E+02
   0.455000E+02   0.522074E+04   0.103748E+02   0.121807E+04   0.108333E+02
   0.456000E+02   0.522088E+04   0.103742E+02   0.121821E+04   0.108302E+02
   0.457000E+02   0.522102E+04   0.103729E+02   0.121836E+04   0.108262E+02
   0.458000E+02   0.522117E+04   0.103721E+02   0.121850E+04   0.108225E+02
   0.459000E+02   0.522131E+04   0.103720E+02   0.121864E+04   0.108185E+02
   0.460000E+02   0.522144E+04   0.103710E+02   0.121878E+04   0.108149E+02
   0.461000E+02   0.522158E+04   0.103709E+02   0.121892E+04   0.108117E+02
   0.462000E+02   0.522172E+04   0.103699E+02   0.121905E+04   0.108083E+02
   0.463000E+02   0.522185E+04   0.103693E+02   0.121919E+04   0.108042E+02
   0.464000E+02   0.522198E+04   0.103691E+02   0.121932E+04   0.108007E+02
   0.465000E+02   0.522211E+04   0.103692E+02   0.121945E+04   0.107978E+02
   0.466000E+02   0.522224E+04   0.103680E+02   0.121958E+04   0.107939E+02
   0.467000E+02   0.522237E+04   0.103678E+02   0.121971E+04   0.107909E+02
   0.468000E+02   0.522250E+04   0.103672E+02   0.121983E+04   0.107871E+02
   0.469000E+02   0.522262E+04   0.103672E+02   0.121996E+04   0.107841E+02
   0.470000E+02   0.522275E+04   0.103666E+02   0.122008E+04   0.107805E+02
   0.471000E+02   0.522287E+04   0.103669E+02   0.122021E+04   0.107774E+02
   0.472000E+02   0.522299E+04   0.103664E+02   0.122033E+04   0.107743E+02
   0.473000E+02   0.522311E+04   0.103658E+02   0.122045E+04   0.107713E+02
   0.474000E+02   0.522323E+04   0.103656E+02   0.122057E+04   0.107676E+02
   0.475000E+02   0.522334E+04   0.103655E+02   0.122068E+04   0.107649E+02
   0.476000E+02   0.522346E+04   0.103652E+02   0.122080E+04   0.107610E+02
   0.477000E+02   0.522357E+04   0.103657E+02   0.122091E+04   0.107587E+02
   0.478000E+02   0.522369E+04   0.103650E+02   0.122103E+04   0.107559E+02
   0.479000E+02   0.522380E+04   0.103646E+02   0.122114E+04   0.107530E+02
   0.480000E+02   0.522391E+04   0.103652E+02   0.122125E+04   0.107500E+02
   0.481000E+02   0.522402E+04   0.103645E+02   0.122136E+04   0.107466E+02
   0.482000E+02   0.522412E+04   0.103653E+02   0.122146E+04   0.107440E+02
   0.483000E+02   0.522423E+04   0.103648E+02   0.122157E+04   0.107409E+02
   0.484000E+02   0.522433E+04   0.103650E+02   0.122168E+04   0.107387E+02
   0.485000E+02   0.522444E+04   0.103648E+02   0.122178E+04   0.107356E+02
   0.486000E+02   0.522454E+04   0.103647E+02   0.122189E+04   0.107324E+02
   0.487000E+02   0.522464E+04   0.103651E+02   0.122199E+04   0.107303E+02
   0.488000E+02   0.522474E+04   0.103649E+02   0.122209E+04   0.107277E+02
   0.489000E+02   0.522484E+04   0.103651E+02   0.122219E+04   0.107249E+02
   0.490000E+02   0.522494E+04   0.103649E+02   0.122229E+04   0.107223E+02
   0.491000E+02   0.522504E+04   0.103655E+02   0.122238E+04   0.107192E+02
   0.492000E+02   0.522513E+04   0.103652E+02   0.122248E+04   0.107164E+02
   0.493000E+02   0.522523E+04   0.103655E+02   0.122258E+04   0.107142E+02
   0.494000E+02   0.522532E+04   0.103659E+02   0.122267E+04   0.107118E+02
   0.495000E+02   0.522542E+04   0.103660E+02   0.122276E+04   0.107096E+02
   0.496000E+02   0.522551E+04   0.103664E+02   0.122286E+04   0.107067E+02
   0.497000E+02   0.522560E+04   0.103664E+02   0.122295E+04   0.107043E+02
   0.498000E+02   0.522569E+04   0.103661E+02   0.122304E+04   0.107019E+02
   0.499000E+02   0.522578E+04   0.103667E+02   0.122312E+04   0.106993E+02
   0.500000E+02   0.522587E+04   0.103670E+02   0.122321E+04   0.106970E+02
   0.501000E+02   0.522595E+04   0.103673E+02   0.122330E+04   0.106949E+02
   0.502000E+02   0.522604E+04   0.103678E+02   0.122339E+04   0.106927E+02
   0.503000E+02   0.522612E+04   0.103678E+02   0.122347E+04   0.106903E+02
   0.504000E+02   0.522621E+04   0.103680E+02   0.122356E+04   0.106880E+02
   0.505000E+02   0.522629E+04   0.103683E+02   0.122364E+04   0.106860E+02
   0.506000E+02   0.522637E+04   0.103686E+02   0.122372E+04   0.106834E+02
   0.507000E+02   0.522645E+04   0.103691E+02   0.122380E+04   0.106814E+02
   0.508000E+02   0.522653E+04   0.103696E+02   0.122388E+04   0.106789E+02
   0.509000E+02   0.522661E+04   0.103698E+02   0.122396E+04   0.106772E+02
   0.510000E+02   0.522669E+04   0.103701E+02   0.122404E+04   0.106754E+02
   0.511000E+02   0.522677E+04   0.103703E+02   0.122412E+04   0.106728E+02
   0.512000E+02   0.522684E+04   0.103709E+02   0.122419E+04   0.106702E+02
   0.513000E+02   0.522692E+04   0.103712E+02   0.122427E+04   0.106687E+02
   0.514000E+02   0.522699E+04   0.103717E+02   0.122434E+04   0.106662E+02
   0.515000E+02   0.522707E+04   0.103710E+02   0.122442E+04   0.106645E+02
   0.516000E+02   0.522714E+04   0.103719E+02   0.122449E+04   0.106624E+02
   0.517000E+02   0.522721E+04   0.103727E+02   0.122456E+04   0.106611E+02
   0.518000E+02   0.522728E+04   0.103734E+02   0.122464E+04   0.106582E+02
   0.519000E+02   0.522735E+04   0.103731E+02   0.122471E+04   0.106562E+02
   0.520000E+02   0.522742E+04   0.103741E+02   0.122478E+04   0.106545E+02
   0.521000E+02   0.522749E+04   0.103743E+02   0.122485E+04   0.106532E+02
   0.522000E+02   0.522756E+04   0.103745E+02   0.122491E+04   0.106512E+02
   0.523000E+02   0.522763E+04   0.103751E+02   0.122498E+04   0.106487E+02
   0.524000E+02   0.522770E+04   0.103764E+02   0.122505E+04   0.106477E+02
   0.525000E+02   0.522776E+04   0.103762E+02   0.122512E+04   0.106450E+02
   0.526000E+02   0.522783E+04   0.103763E+02   0.122518E+04   0.106441E+02
   0.527000E+02   0.522789E+04   0.103765E+02   0.122525E+04   0.106421E+02
   0.528000E+02   0.522796E+04   0.103771E+02   0.122531E+04   0.106403E+02
   0.529000E+02   0.522802E+04   0.103780E+02   0.122537E+04   0.106383E+02
   0.530000E+02   0.522808E+04   0.103785E+02   0.122544E+04   0.106372E+02
   0.531000E+02   0.522814E+04   0.103780E+02   0.122550E+04   0.106348E+02
   0.532000E+02   0.522820E+04   0.103787E+02   0.122556E+04   0.106331E+02
   0.533000E+02   0.522826E+04   0.103796E+02   0.122562E+04   0.106313E+02
   0.534000E+02   0.522832E+04   0.103806E+02   0.122568E+04   0.106296E+02
   0.535000E+02   0.522838E+04   0.103806E+02   0.122574E+04   0.106283E+02
   0.536000E+02   0.522844E+04   0.103811E+02   0.122579E+04   0.106266E+02
   0.537000E+02   0.522850E+04   0.103816E+02   0.122585E+04   0.106250E+02
   0.538000E+02   0.522855E+04   0.103820E+02   0.122591E+04   0.106236E+02
   0.539000E+02   0.522861E+04   0.103826E+02   0.122597E+04   0.106217E+02
   0.540000E+02   0.522867E+04   0.103829E+02   0.122602E+04   0.106204E+02
   0.541000E+02   0.522872E+04   0.103834E+02   0.122608E+04   0.106190E+02
   0.542000E+02   0.522878E+04   0.103844E+02   0.122613E+04   0.106174E+02
   0.543000E+02   0.522883E+04   0.103849E+02   0.122619E+04   0.106159E+02
   0.544000E+02   0.522888E+04   0.103853E+02   0.122624E+04   0.106142E+02
   0.545000E+02   0.522893E+04   0.103857E+02   0.122629E+04   0.106128E+02
   0.546000E+02   0.522899E+04   0.103862E+02   0.122634E+04   0.106114E+02
   0.547000E+02   0.522904E+04   0.103864E+02   0.122640E+04   0.106100E+02
   0.548000E+02   0.522909E+04   0.103871E+02   0.122644E+04   0.106084E+02
   0.549000E+02   0.522914E+04   0.103878E+02   0.122650E+04   0.106069E+02
   0.550000E+02   0.522919E+04   0.103880E+02   0.122655E+04   0.106057E+02
   0.551000E+02   0.522924E+04   0.103890E+02   0.122659E+04   0.106043E+02
   0.552000E+02   0.522929E+04   0.103891E+02   0.122664E+04   0.106030E+02
   0.553000E+02   0.522933E+04   0.103896E+02   0.122669E+04   0.106016E+02
   0.554000E+02   0.522938E+04   0.103899E+02   0.122674E+04   0.106006E+02
   0.555000E+02   0.522943E+04   0.103907E+02   0.122679E+04   0.105992E+02
   0.556000E+02   0.522947E+04   0.103907E+02   0.122683E+04   0.105979E+02
   0.557000E+02   0.522952E+04   0.103920E+02   0.122688E+04   0.105966E+02
   0.558000E+02   0.522956E+04   0.103925E+02   0.122692E+04   0.105950E+02
   0.559000E+02   0.522961E+04   0.103930E+02   0.122697E+04   0.105940E+02
   0.560000E+02   0.522965E+04   0.103938E+02   0.122701E+04   0.105926E+02
   0.561000E+02   0.522970E+04   0.103940E+02   0.122706E+04   0.105919E+02
   0.562000E+02   0.522974E+04   0.103938E+02   0.122710E+04   0.105900E+02
   0.563000E+02   0.522978E+04   0.103950E+02   0.122714E+04   0.105891E+02
   0.564000E+02   0.522982E+04   0.103960E+02   0.122718E+04   0.105875E+02
   0.565000E+02   0.522987E+04   0.103958E+02   0.122723E+04   0.105867E+02
   0.566000E+02   0.522991E+04   0.103966E+02   0.122727E+04   0.105854E+02
   0.567000E+02   0.522995E+04   0.103967E+02   0.122731E+04   0.105840E+02
   0.568000E+02   0.522999E+04   0.103974E+02   0.122735E+04   0.105831E+02
   0.569000E+02   0.523003E+04   0.103979E+02   0.122739E+04   0.105822E+02
   0.570000E+02   0.523007E+04   0.103984E+02   0.122743E+04   0.105809E+02
   0.571000E+02   0.523011E+04   0.103994E+02   0.122747E+04   0.105797E+02
   0.572000E+02   0.523015E+04   0.103995E+02   0.122751E+04   0.105788E+02
   0.573000E+02   0.523018E+04   0.103999E+02   0.122755E+04   0.105775E+02
   0.574000E+02   0.523022E+04   0.104007E+02   0.122758E+04   0.105759E+02
   0.575000E+02   0.523026E+04   0.104016E+02   0.122762E+04   0.105750E+02
   0.576000E+02   0.523030E+04   0.104015E+02   0.122766E+04   0.105744E+02
   0.577000E+02   0.523033E+04   0.104023E+02   0.122769E+04   0.105734E+02
   0.578000E+02   0.523037E+04   0.104026E+02   0.122773E+04   0.105719E+02
   0.579000E+02   0.523040E+04   0.104037E+02   0.122777E+04   0.105718E+02
   0.580000E+02   0.523044E+04   0.104032E+02   0.122780E+04   0.105697E+02
   0.581000E+02   0.523047E+04   0.104039E+02   0.122784E+04   0.105689E+02
   0.582000E+02   0.523051E+04   0.104047E+02   0.122787E+04   0.105680E+02
   0.583000E+02   0.523054E+04   0.104052E+02   0.122790E+04   0.105670E+02
   0.584000E+02   0.523058E+04   0.104054E+02   0.122794E+04   0.105662E+02
   0.585000E+02   0.523061E+04   0.104053E+02   0.122797E+04   0.105650E+02
   0.586000E+02   0.523064E+04   0.104064E+02   0.122800E+04   0.105643E+02
   0.587000E+02   0.523067E+04   0.104073E+02   0.122804E+04   0.105637E+02
   0.588000E+02   0.523071E+04   0.104070E+02   0.122807E+04   0.105619E+02
   0.589000E+02   0.523074E+04   0.104076E+02   0.122810E+04   0.105616E+02
   0.590000E+02   0.523077E+04   0.104086E+02   0.122813E+04   0.105600E+02
   0.591000E+02   0.523080E+04   0.104093E+02   0.122816E+04   0.105596E+02
   0.592000E+02   0.523083E+04   0.104095E+02   0.122819E+04   0.105586E+02
   0.593000E+02   0.523086E+04   0.104101E+02   0.122823E+04   0.105575E+02
   0.594000E+02   0.523089E+04   0.104108E+02   0.122825E+04   0.105570E+02
   0.595000E+02   0.523092E+04   0.104111E+02   0.122829E+04   0.105555E+02
   0.596000E+02   0.523095E+04   0.104112E+02   0.122831E+04   0.105547E+02
   0.597000E+02   0.523098E+04   0.104117E+02   0.122834E+04   0.105543E+02
   0.598000E+02   0.523101E+04   0.104124E+02   0.122837E+04   0.105530E+02
   0.599000E+02   0.523104E+04   0.104134E+02   0.122840E+04   0.105526E+02
   0.600000E+02   0.523107E+04   0.104139E+02   0.122843E+04   0.105512E+02
   0.601000E+02   0.523109E+04   0.104138E+02   0.122846E+04   0.105511E+02
   0.602000E+02   0.523112E+04   0.104147E+02   0.122848E+04   0.105499E+02
   0.603000E+02   0.523115E+04   0.104146E+02   0.122851E+04   0.105496E+02
   0.604000E+02   0.523117E+04   0.104152E+02   0.122854E+04   0.105487E+02
   0.605000E+02   0.523120E+04   0.104159E+02   0.122857E+04   0.105476E+02
   0.606000E+02   0.523123E+04   0.104159E+02   0.122859E+04   0.105473E+02
   0.607000E+02   0.523125E+04   0.104170E+02   0.122862E+04   0.105461E+02
   0.608000E+02   0.523128E+04   0.104176E+02   0.122864E+04   0.105455E+02
   0.609000E+02   0.523130E+04   0.104177E+02   0.122867E+04   0.105448E+02
   0.610000E+02   0.523133E+04   0.104177E+02   0.122869E+04   0.105439E+02
   0.611000E+02   0.523135E+04   0.104185E+02   0.122872E+04   0.105430E+02
   0.612000E+02   0.523138E+04   0.104191E+02   0.122874E+04   0.105422E+02
   0.613000E+02   0.523140E+04   0.104196E+02   0.122877E+04   0.105417E+02
   0.614000E+02   0.523143E+04   0.104196E+02   0.122879E+04   0.105407E+02
   0.615000E+02   0.523145E+04   0.104204E+02   0.122881E+04   0.105399E+02
   0.616000E+02   0.523147E+04   0.104203E+02   0.122884E+04   0.105392E+02
   0.617000E+02   0.523150E+04   0.104208E+02   0.122886E+04   0.105390E+02
   0.618000E+02   0.523152E+04   0.104213E+02   0.122888E+04   0.105379E+02
   0.619000E+02   0.523154E+04   0.104217E+02   0.122891E+04   0.105369E+02
   0.620000E+02   0.523156E+04   0.104231E+02   0.122893E+04   0.105365E+02
   0.621000E+02   0.523159E+04   0.104227E+02   0.122895E+04   0.105362E+02
   0.622000E+02   0.523161E+04   0.104230E+02   0.122897E+04   0.105353E+02
   0.623000E+02   0.523163E+04   0.104237E+02   0.122899E+04   0.105344E+02
   0.624000E+02   0.523165E+04   0.104235E+02   0.122901E+04   0.105340E+02
   0.625000E+02   0.523167E+04   0.104248E+02   0.122904E+04   0.105336E+02
   0.626000E+02   0.523169E+04   0.104252E+02   0.122906E+04   0.105326E+02
   0.627000E+02   0.523171E+04   0.104254E+02   0.122908E+04   0.105321E+02
   0.628000E+02   0.523173E+04   0.104259E+02   0.122910E+04   0.105319E+02
   0.629000E+02   0.523175E+04   0.104262E+02   0.122912E+04   0.105304E+02
   0.630000E+02   0.523177E+04   0.104266E+02   0.122914E+04   0.105304E+02
   0.631000E+02   0.523179E+04   0.104273E+02   0.122916E+04   0.105299E+02
   0.632000E+02   0.523181E+04   0.104277E+02   0.122918E+04   0.105290E+02
   0.633000E+02   0.523183E+04   0.104277E+02   0.122920E+04   0.105283E+02
   0.634000E+02   0.523185E+04   0.104282E+02   0.122922E+04   0.105279E+02
   0.635000E+02   0.523187E+04   0.104283E+02   0.122924E+04   0.105268E+02
   0.636000E+02   0.523189E+04   0.104289E+02   0.122925E+04   0.105267E+02
   0.637000E+02   0.523191E+04   0.104293E+02   0.122927E+04   0.105263E+02
   0.638000E+02   0.523192E+04   0.104293E+02   0.122929E+04   0.105255E+02
   0.639000E+02   0.523194E+04   0.104299E+02   0.122931E+04   0.105251E+02
   0.640000E+02   0.523196E+04   0.104302E+02   0.122933E+04   0.105244E+02
   0.641000E+02   0.523198E+04   0.104309E+02   0.122934E+04   0.105236E+02
   0.642000E+02   0.523199E+04   0.104315E+02   0.122936E+04   0.105231E+02
   0.643000E+02   0.523201E+04   0.104316E+02   0.122938E+04   0.105232E+02
   0.644000E+02   0.523203E+04   0.104317E+02   0.122939E+04   0.105223E+02
   0.645000E+02   0.523205E+04   0.104323E+02   0.122941E+04   0.105217E+02
   0.646000E+02   0.523206E+04   0.104332E+02   0.122943E+04   0.105213E+02
   0.647000E+02   0.523208E+04   0.104334E+02   0.122944E+04   0.105210E+02
   0.648000E+02   0.523210E+04   0.104333E+02   0.122946E+04   0.105198E+02
   0.649000E+02   0.523211E+04   0.104339E+02   0.122948E+04   0.105193E+02
   0.650000E+02   0.523213E+04   0.104340E+02   0.122949E+04   0.105197E+02
   0.651000E+02   0.523214E+04   0.104347E+02   0.122951E+04   0.105191E+02
   0.652000E+02   0.523216E+04   0.104350E+02   0.122952E+04   0.105182E+02
   0.653000E+02   0.523217E+04   0.104353E+02   0.122954E+04   0.105177E+02
   0.654000E+02   0.523219E+04   0.104353E+02   0.122956E+04   0.105171E+02
   0.655000E+02   0.523220E+04   0.104355E+02   0.122957E+04   0.105168E+02
   0.656000E+02   0.523222E+04   0.104363E+02   0.122958E+04   0.105163E+02
   0.657000E+02   0.523223E+04   0.104366E+02   0.122960E+04   0.105162E+02
   0.658000E+02   0.523225E+04   0.104368E+02   0.122961E+04   0.105152E+02
   0.659000E+02   0.523226E+04   0.104368E+02   0.122963E+04   0.105147E+02
   0.660000E+02   0.523228E+04   0.104376E+02   0.122964E+04   0.105144E+02
   0.661000E+02   0.523229E+04   0.104377E+02   0.122966E+04   0.105144E+02
   0.662000E+02   0.523230E+04   0.104378E+02   0.122967E+04   0.105139E+02
   0.663000E+02   0.523232E+04   0.104393E+02   0.122968E+04   0.105133E+02
   0.664000E+02   0.523233E+04   0.104389E+02   0.122970E+04   0.105125E+02
   0.665000E+02   0.523234E+04   0.104389E+02   0.122971E+04   0.105121E+02
   0.666000E+02   0.523236E+04   0.104395E+02   0.122972E+04   0.105117E+02
   0.667000E+02   0.523237E+04   0.104397E+02   0.122974E+04   0.105117E+02
   0.668000E+02   0.523238E+04   0.104394E+02   0.122975E+04   0.105111E+02
   0.669000E+02   0.523240E+04   0.104401E+02   0.122976E+04   0.105105E+02
   0.670000E+02   0.523241E+04   0.104409E+02   0.122978E+04   0.105102E+02
   0.671000E+02   0.523242E+04   0.104411E+02   0.122979E+04   0.105102E+02
   0.672000E+02   0.523243E+04   0.104420E+02   0.122980E+04   0.105094E+02
   0.673000E+02   0.523245E+04   0.104417E+02   0.122981E+04   0.105094E+02
   0.674000E+02   0.523246E+04   0.104417E+02   0.122982E+04   0.105085E+02
   0.675000E+02   0.523247E+04   0.104422E+02   0.122984E+04   0.105080E+02
   0.676000E+02   0.523248E+04   0.104426E+02   0.122985E+04   0.105081E+02
   0.677000E+02   0.523249E+04   0.104427E+02   0.122986E+04   0.105074E+02
   0.678000E+02   0.523250E+04   0.104436E+02   0.122987E+04   0.105070E+02
   0.679000E+02   0.523252E+04   0.104432E+02   0.122988E+04   0.105066E+02
   0.680000E+02   0.523253E+04   0.104434E+02   0.122989E+04   0.105062E+02
   0.681000E+02   0.523254E+04   0.104441E+02   0.122991E+04   0.105056E+02
   0.682000E+02   0.523255E+04   0.104442E+02   0.122992E+04   0.105056E+02
   0.683000E+02   0.523256E+04   0.104448E+02   0.122993E+04   0.105056E+02
   0.684000E+02   0.523257E+04   0.104449E+02   0.122994E+04   0.105053E+02
   0.685000E+02   0.523258E+04   0.104455E+02   0.122995E+04   0.105045E+02
   0.686000E+02   0.523259E+04   0.104456E+02   0.122996E+04   0.105043E+02
   0.687000E+02   0.523260E+04   0.104457E+02   0.122997E+04   0.105038E+02
   0.688000E+02   0.523261E+04   0.104461E+02   0.122998E+04   0.105036E+02
   0.689000E+02   0.523262E+04   0.104467E+02   0.122999E+04   0.105029E+02
   0.690000E+02   0.523263E+04   0.104468E+02   0.123000E+04   0.105023E+02
   0.691000E+02   0.523264E+04   0.104473E+02   0.123001E+04   0.105020E+02
   0.692000E+02   0.523265E+04   0.104472E+02   0.123002E+04   0.105020E+02
   0.693000E+02   0.523266E+04   0.104472E+02   0.123003E+04   0.105020E+02
   0.694000E+02   0.523267E+04   0.104475E+02   0.123004E+04   0.105016E+02
   0.695000E+02   0.523268E+04   0.104474E+02   0.123005E+04   0.105010E+02
   0.696000E+02   0.523269E+04   0.104480E+02   0.123006E+04   0.105008E+02
   0.697000E+02   0.523270E+04   0.104485E+02   0.123007E+04   0.105008E+02
   0.698000E+02   0.523271E+04   0.104482E+02   0.123008E+04   0.105006E+02
   0.699000E+02   0.523272E+04   0.104487E+02   0.123009E+04   0.105001E+02
   0.700000E+02   0.523273E+04   0.104491E+02   0.123010E+04   0.104995E+02
   0.701000E+02   0.523274E+04   0.104496E+02   0.123010E+04   0.104990E+02
   0.702000E+02   0.523274E+04   0.104493E+02   0.123011E+04   0.104992E+02
   0.703000E+02   0.523275E+04   0.104500E+02   0.123012E+04   0.104986E+02
   0.704000E+02   0.523276E+04   0.104501E+02   0.123013E+04   0.104978E+02
   0.705000E+02   0.523277E+04   0.104503E+02   0.123014E+04   0.104979E+02
   0.706000E+02   0.523278E+04   0.104509E+02   0.123015E+04   0.104980E+02
   0.707000E+02   0.523279E+04   0.104508E+02   0.123016E+04   0.104971E+02
   0.708000E+02   0.523280E+04   0.104505E+02   0.123016E+04   0.104975E+02
   0.709000E+02   0.523280E+04   0.104510E+02   0.123017E+04   0.104970E+02
   0.710000E+02   0.523281E+04   0.104513E+02   0.123018E+04   0.104962E+02
   0.711000E+02   0.523282E+04   0.104520E+02   0.123019E+04   0.104963E+02
   0.712000E+02   0.523283E+04   0.104519E+02   0.123020E+04   0.104965E+02
   0.713000E+02   0.523283E+04   0.104516E+02   0.123020E+04   0.104956E+02
   0.714000E+02   0.523284E+04   0.104522E+02   0.123021E+04   0.104958E+02
   0.715000E+02   0.523285E+04   0.104530E+02   0.123022E+04   0.104954E+02
   0.716000E+02   0.523286E+04   0.104529E+02   0.123023E+04   0.104951E+02
   0.717000E+02   0.523286E+04   0.104524E+02   0.123023E+04   0.104951E+02
   0.718000E+02   0.523287E+04   0.104535E+02   0.123024E+04   0.104948E+02
   0.719000E+02   0.523288E+04   0.104535E+02   0.123025E+04   0.104946E+02
   0.720000E+02   0.523289E+04   0.104534E+02   0.123026E+04   0.104943E+02
   0.721000E+02   0.523289E+04   0.104543E+02   0.123026E+04   0.104935E+02
   0.722000E+02   0.523290E+04   0.104535E+02   0.123027E+04   0.104936E+02
   0.723000E+02   0.523291E+04   0.104539E+02   0.123028E+04   0.104935E+02
   0.724000E+02   0.523291E+04   0.104548E+02   0.123028E+04   0.104933E+02
   0.725000E+02   0.523292E+04   0.104541E+02   0.123029E+04   0.104931E+02
   0.726000E+02   0.523293E+04   0.104549E+02   0.123030E+04   0.104930E+02
   0.727000E+02   0.523293E+04   0.104548E+02   0.123030E+04   0.104927E+02
   0.728000E+02   0.523294E+04   0.104555E+02   0.123031E+04   0.104924E+02
   0.729000E+02   0.523295E+04   0.104557E+02   0.123032E+04   0.104921E+02
   0.730000E+02   0.523295E+04   0.104560E+02   0.123032E+04   0.104922E+02
   0.731000E+02   0.523296E+04   0.104552E+02   0.123033E+04   0.104912E+02
   0.732000E+02   0.523297E+04   0.104565E+02   0.123033E+04   0.104917E+02
   0.733000E+02   0.523297E+04   0.104558E+02   0.123034E+04   0.104912E+02
   0.734000E+02   0.523298E+04   0.104570E+02   0.123035E+04   0.104912E+02
   0.735000E+02   0.523298E+04   0.104566E+02   0.123035E+04   0.104910E+02
   0.736000E+02   0.523299E+04   0.104569E+02   0.123036E+04   0.104908E+02
   0.737000E+02   0.523300E+04   0.104570E+02   0.123037E+04   0.104903E+02
   0.738000E+02   0.523300E+04   0.104575E+02   0.123037E+04   0.104906E+02
   0.739000E+02   0.523301E+04   0.104574E+02   0.123038E+04   0.104897E+02
   0.740000E+02   0.523301E+04   0.104574E+02   0.123038E+04   0.104898E+02
   0.741000E+02   0.523302E+04   0.104578E+02   0.123039E+04   0.104892E+02
   0.742000E+02   0.523302E+04   0.104574E+02   0.123039E+04   0.104895E+02
   0.743000E+02   0.523303E+04   0.104584E+02   0.123040E+04   0.104887E+02
   0.744000E+02   0.523304E+04   0.104580E+02   0.123040E+04   0.104885E+02
   0.745000E+02   0.523304E+04   0.104586E+02   0.123041E+04   0.104888E+02
   0.746000E+02   0.523305E+04   0.104583E+02   0.123042E+04   0.104879E+02
   0.747000E+02   0.523305E+04   0.104590E+02   0.123042E+04   0.104880E+02
   0.748000E+02   0.523306E+04   0.104591E+02   0.123043E+04   0.104881E+02
   0.749000E+02   0.523306E+04   0.104593E+02   0.123043E+04   0.104880E+02
   0.750000E+02   0.523307E+04   0.104591E+02   0.123044E+04   0.104879E+02
   0.751000E+02   0.523307E+04   0.104594E+02   0.123044E+04   0.104871E+02
   0.752000E+02   0.523308E+04   0.104597E+02   0.123045E+04   0.104874E+02
   0.753000E+02   0.523308E+04   0.104596E+02   0.123045E+04   0.104869E+02
   0.754000E+02   0.523309E+04   0.104601E+02   0.123046E+04   0.104872E+02
   0.755000E+02   0.523309E+04   0.104595E+02   0.123046E+04   0.104865E+02
   0.756000E+02   0.523310E+04   0.104600E+02   0.123046E+04   0.104864E+02
   0.757000E+02   0.523310E+04   0.104607E+02   0.123047E+04   0.104865E+02
   0.758000E+02   0.523310E+04   0.104607E+02   0.123047E+04   0.104858E+02
   0.759000E+02   0.523311E+04   0.104606E+02   0.123048E+04   0.104867E+02
   0.760000E+02   0.523311E+04   0.104610E+02   0.123048E+04   0.104854E+02
   0.761000E+02   0.523312E+04   0.104600E+02   0.123049E+04   0.104858E+02
   0.762000E+02   0.523312E+04   0.104612E+02   0.123049E+04   0.104852E+02
   0.763000E+02   0.523313E+04   0.104612E+02   0.123050E+04   0.104853E+02
   0.764000E+02   0.523313E+04   0.104611E+02   0.123050E+04   0.104851E+02
   0.765000E+02   0.523314E+04   0.104623E+02   0.123051E+04   0.104852E+02
   0.766000E+02   0.523314E+04   0.104611E+02   0.123051E+04   0.104846E+02
   0.767000E+02   0.523314E+04   0.104621E+02   0.123051E+04   0.104848E+02
   0.768000E+02   0.523315E+04   0.104615E+02   0.123052E+04   0.104848E+02
   0.769000E+02   0.523315E+04   0.104624E+02   0.123052E+04   0.104846E+02
   0.770000E+02   0.523316E+04   0.104623E+02   0.123053E+04   0.104839E+02
   0.771000E+02   0.523316E+04   0.104622E+02   0.123053E+04   0.104845E+02
   0.772000E+02   0.523316E+04   0.104625E+02   0.123053E+04   0.104841E+02
   0.773000E+02   0.523317E+04   0.104622E+02   0.123054E+04   0.104837E+02
   0.774000E+02   0.523317E+04   0.104629E+02   0.123054E+04   0.104840E+02
   0.775000E+02   0.523318E+04   0.104628E+02   0.123055E+04   0.104833E+02
   0.776000E+02   0.523318E+04   0.104625E+02   0.123055E+04   0.104831E+02
   0.777000E+02   0.523318E+04   0.104630E+02   0.123055E+04   0.104838E+02
   0.778000E+02   0.523319E+04   0.104630E+02   0.123056E+04   0.104830E+02
   0.779000E+02   0.523319E+04   0.104633E+02   0.123056E+04   0.104827E+02
   0.780000E+02   0.523319E+04   0.104634E+02   0.123056E+04   0.104831E+02
   0.781000E+02   0.523320E+04   0.104636E+02   0.123057E+04   0.104830E+02
   0.782000E+02   0.523320E+04   0.104633E+02   0.123057E+04   0.104829E+02
   0.783000E+02   0.523321E+04   0.104642E+02   0.123057E+04   0.104824E+02
   0.784000E+02   0.523321E+04   0.104640E+02   0.123058E+04   0.104829E+02
   0.785000E+02   0.523321E+04   0.104638E+02   0.123058E+04   0.104823E+02
   0.786000E+02   0.523322E+04   0.104642E+02   0.123058E+04   0.104819E+02
   0.787000E+02   0.523322E+04   0.104644E+02   0.123059E+04   0.104822E+02
   0.788000E+02   0.523322E+04   0.104647E+02   0.123059E+04   0.104821E+02
   0.789000E+02   0.523323E+04   0.104642E+02   0.123059E+04   0.104817E+02
   0.790000E+02   0.523323E+04   0.104642E+02   0.123060E+04   0.104815E+02
   0.791000E+02   0.523323E+04   0.104655E+02   0.123060E+04   0.104821E+02
   0.792000E+02   0.523323E+04   0.104646E+02   0.123060E+04   0.104814E+02
   0.793000E+02   0.523324E+04   0.104648E+02   0.123061E+04   0.104807E+02
   0.794000E+02   0.523324E+04   0.104654E+02   0.123061E+04   0.104811E+02
   0.795000E+02   0.523324E+04   0.104651E+02   0.123061E+04   0.104814E+02
   0.796000E+02   0.523325E+04   0.104649E+02   0.123062E+04   0.104808E+02
   0.797000E+02   0.523325E+04   0.104658E+02   0.123062E+04   0.104801E+02
   0.798000E+02   0.523325E+04   0.104659E+02   0.123062E+04   0.104811E+02
   0.799000E+02   0.523326E+04   0.104651E+02   0.123063E+04   0.104807E+02
   0.800000E+02   0.523326E+04   0.104658E+02   0.123063E+04   0.104801E+02
   0.801000E+02   0.523326E+04   0.104659E+02   0.123063E+04   0.104805E+02
   0.802000E+02   0.523326E+04   0.104664E+02   0.123063E+04   0.104800E+02
   0.803000E+02   0.523327E+04   0.104656E+02   0.123064E+04   0.104800E+02
   0.804000E+02   0.523327E+04   0.104660E+02   0.123064E+04   0.104802E+02
   0.805000E+02   0.523327E+04   0.104664E+02   0.123064E+04   0.104799E+02
   0.806000E+02   0.523327E+04   0.104665E+02   0.123064E+04   0.104789E+02
   0.807000E+02   0.523328E+04   0.104663E+02   0.123065E+04   0.104798E+02
   0.808000E+02   0.523328E+04   0.104667E+02   0.123065E+04   0.104797E+02
   0.809000E+02   0.523328E+04   0.104667E+02   0.123065E+04   0.104793E+02
   0.810000E+02   0.523329E+04   0.104669E+02   0.123065E+04   0.104791E+02
   0.811000E+02   0.523329E+04   0.104666E+02   0.123066E+04   0.104792E+02
   0.812000E+02   0.523329E+04   0.104671E+02   0.123066E+04   0.104795E+02
   0.813000E+02   0.523329E+04   0.104675E+02   0.123066E+04   0.104795E+02
   0.814000E+02   0.523330E+04   0.104672E+02   0.123067E+04   0.104788E+02
   0.815000E+02   0.523330E+04   0.104668E+02   0.123067E+04   0.104784E+02
   0.816000E+02   0.523330E+04   0.104673E+02   0.123067E+04   0.104788E+02
   0.817000E+02   0.523330E+04   0.104675E+02   0.123067E+04   0.104790E+02
   0.818000E+02   0.523331E+04   0.104674E+02   0.123067E+04   0.104785E+02
   0.819000E+02   0.523331E+04   0.104675E+02   0.123068E+04   0.104785E+02
   0.820000E+02   0.523331E+04   0.104679E+02   0.123068E+04   0.104780E+02
   0.821000E+02   0.523331E+04   0.104681E+02   0.123068E+04   0.104783E+02
   0.822000E+02   0.523331E+04   0.104682E+02   0.123068E+04   0.104786E+02
   0.823000E+02   0.523332E+04   0.104679E+02   0.123069E+04   0.104780E+02
   0.824000E+02   0.523332E+04   0.104679E+02   0.123069E+04   0.104781E+02
   0.825000E+02   0.523332E+04   0.104679E+02   0.123069E+04   0.104779E+02
   0.826000E+02   0.523332E+04   0.104680E+02   0.123069E+04   0.104779E+02
   0.827000E+02   0.523332E+04   0.104687E+02   0.123069E+04   0.104775E+02
   0.828000E+02   0.523333E+04   0.104685E+02   0.123070E+04   0.104775E+02
   0.829000E+02   0.523333E+04   0.104687E+02   0.123070E+04   0.104774E+02
   0.830000E+02   0.523333E+04   0.104683E+02   0.123070E+04   0.104778E+02
   0.831000E+02   0.523333E+04   0.104684E+02   0.123070E+04   0.104776E+02
   0.832000E+02   0.523334E+04   0.104689E+02   0.123070E+04   0.104773E+02
   0.833000E+02   0.523334E+04   0.104690E+02   0.123071E+04   0.104766E+02
   0.834000E+02   0.523334E+04   0.104687E+02   0.123071E+04   0.104770E+02
   0.835000E+02   0.523334E+04   0.104694E+02   0.123071E+04   0.104774E+02
   0.836000E+02   0.523334E+04   0.104686E+02   0.123071E+04   0.104775E+02
   0.837000E+02   0.523334E+04   0.104686E+02   0.123071E+04   0.104771E+02
   0.838000E+02   0.523335E+04   0.104690E+02   0.123072E+04   0.104765E+02
   0.839000E+02   0.523335E+04   0.104695E+02   0.123072E+04   0.104767E+02
   0.840000E+02   0.523335E+04   0.104690E+02   0.123072E+04   0.104766E+02
   0.841000E+02   0.523335E+04   0.104694E+02   0.123072E+04   0.104769E+02
   0.842000E+02   0.523335E+04   0.104693E+02   0.123072E+04   0.104764E+02
   0.843000E+02   0.523336E+04   0.104692E+02   0.123073E+04   0.104767E+02
   0.844000E+02   0.523336E+04   0.104696E+02   0.123073E+04   0.104760E+02
   0.845000E+02   0.523336E+04   0.104694E+02   0.123073E+04   0.104765E+02
   0.846000E+02   0.523336E+04   0.104696E+02   0.123073E+04   0.104765E+02
   0.847000E+02   0.523336E+04   0.104696E+02   0.123073E+04   0.104762E+02
   0.848000E+02   0.523336E+04   0.104697E+02   0.123073E+04   0.104759E+02
   0.849000E+02   0.523337E+04   0.104701E+02   0.123073E+04   0.104762E+02
   0.850000E+02   0.523337E+04   0.104701E+02   0.123074E+04   0.104760E+02
   0.851000E+02   0.523337E+04   0.104701E+02   0.123074E+04   0.104759E+02
   0.852000E+02   0.523337E+04   0.104695E+02   0.123074E+04   0.104761E+02
   0.853000E+02   0.523337E+04   0.104702E+02   0.123074E+04   0.104760E+02
   0.854000E+02   0.523337E+04   0.104704E+02   0.123074E+04   0.104754E+02
   0.855000E+02   0.523338E+04   0.104703E+02   0.123074E+04   0.104754E+02
   0.856000E+02   0.523338E+04   0.104706E+02   0.123075E+04   0.104753E+02
   0.857000E+02   0.523338E+04   0.104700E+02   0.123075E+04   0.104757E+02
   0.858000E+02   0.523338E+04   0.104706E+02   0.123075E+04   0.104757E+02
   0.859000E+02   0.523338E+04   0.104702E+02   0.123075E+04   0.104756E+02
   0.860000E+02   0.523338E+04   0.104706E+02   0.123075E+04   0.104752E+02
   0.861000E+02   0.523338E+04   0.104708E+02   0.123075E+04   0.104753E+02
   0.862000E+02   0.523339E+04   0.104708E+02   0.123075E+04   0.104751E+02
   0.863000E+02   0.523339E+04   0.104706E+02   0.123076E+04   0.104750E+02
   0.864000E+02   0.523339E+04   0.104707E+02   0.123076E+04   0.104748E+02
   0.865000E+02   0.523339E+04   0.104708E+02   0.123076E+04   0.104752E+02
   0.866000E+02   0.523339E+04   0.104710E+02   0.123076E+04   0.104755E+02
   0.867000E+02   0.523339E+04   0.104714E+02   0.123076E+04   0.104752E+02
   0.868000E+02   0.523339E+04   0.104716E+02   0.123076E+04   0.104750E+02
   0.869000E+02   0.523340E+04   0.104707E+02   0.123076E+04   0.104748E+02
   0.870000E+02   0.523340E+04   0.104709E+02   0.123077E+04   0.104743E+02
   0.871000E+02   0.523340E+04   0.104709E+02   0.123077E+04   0.104741E+02
   0.872000E+02   0.523340E+04   0.104711E+02   0.123077E+04   0.104741E+02
   0.873000E+02   0.523340E+04   0.104711E+02   0.123077E+04   0.104744E+02
   0.874000E+02   0.523340E+04   0.104715E+02   0.123077E+04   0.104750E+02
   0.875000E+02   0.523340E+04   0.104716E+02   0.123077E+04   0.104752E+02
   0.876000E+02   0.523340E+04   0.104717E+02   0.123077E+04   0.104747E+02
   0.877000E+02   0.523340E+04   0.104715E+02   0.123077E+04   0.104742E+02
   0.878000E+02   0.523341E+04   0.104717E+02   0.123078E+04   0.104739E+02
   0.879000E+02   0.523341E+04   0.104714E+02   0.123078E+04   0.104739E+02
   0.880000E+02   0.523341E+04   0.104717E+02   0.123078E+04   0.104739E+02
   0.881000E+02   0.523341E+04   0.104716E+02   0.123078E+04   0.104742E+02
   0.882000E+02   0.523341E+04   0.104719E+02   0.123078E+04   0.104740E+02
   0.883000E+02   0.523341E+04   0.104716E+02   0.123078E+04   0.104742E+02
   0.884000E+02   0.523341E+04   0.104717E+02   0.123078E+04   0.104744E+02
   0.885000E+02   0.523341E+04   0.104721E+02   0.123078E+04   0.104739E+02
   0.886000E+02   0.523342E+04   0.104718E+02   0.123078E+04   0.104737E+02
   0.887000E+02   0.523342E+04   0.104719E+02   0.123079E+04   0.104736E+02
   0.888000E+02   0.523342E+04   0.104718E+02   0.123079E+04   0.104735E+02
   0.889000E+02   0.523342E+04   0.104725E+02   0.123079E+04   0.104741E+02
   0.890000E+02   0.523342E+04   0.104725E+02   0.123079E+04   0.104738E+02
   0.891000E+02   0.523342E+04   0.104717E+02   0.123079E+04   0.104736E+02
   0.892000E+02   0.523342E+04   0.104721E+02   0.123079E+04   0.104737E+02
   0.893000E+02   0.523342E+04   0.104723E+02   0.123079E+04   0.104735E+02
   0.894000E+02   0.523342E+04   0.104722E+02   0.123079E+04   0.104733E+02
   0.895000E+02   0.523342E+04   0.104725E+02   0.123079E+04   0.104734E+02
   0.896000E+02   0.523343E+04   0.104727E+02   0.123080E+04   0.104735E+02
   0.897000E+02   0.523343E+04   0.104728E+02   0.123080E+04   0.104731E+02
   0.898000E+02   0.523343E+04   0.104725E+02   0.123080E+04   0.104737E+02
   0.899000E+02   0.523343E+04   0.104722E+02   0.123080E+04   0.104737E+02
   0.900000E+02   0.523343E+04   0.104723E+02   0.123080E+04   0.104733E+02
   0.901000E+02   0.523343E+04   0.104725E+02   0.123080E+04   0.104729E+02
   0.902000E+02   0.523343E+04   0.104730E+02   0.123080E+04   0.104734E+02
   0.903000E+02   0.523343E+04   0.104730E+02   0.123080E+04   0.104733E+02
   0.904000E+02   0.523343E+04   0.104729E+02   0.123080E+04   0.104731E+02
   0.905000E+02   0.523343E+04   0.104726E+02   0.123080E+04   0.104729E+02
   0.906000E+02   0.523343E+04   0.104732E+02   0.123080E+04   0.104729E+02
   0.907000E+02   0.523343E+04   0.104727E+02   0.123080E+04   0.104727E+02
   0.908000E+02   0.523344E+04   0.104732E+02   0.123081E+04   0.104727E+02
   0.909000E+02   0.523344E+04   0.104728E+02   0.123081E+04   0.104731E+02
   0.910000E+02   0.523344E+04   0.104728E+02   0.123081E+04   0.104729E+02
   0.911000E+02   0.523344E+04   0.104732E+02   0.123081E+04   0.104728E+02
   0.912000E+02   0.523344E+04   0.104725E+02   0.123081E+04   0.104726E+02
   0.913000E+02   0.523344E+04   0.104725E+02   0.123081E+04   0.104726E+02
   0.914000E+02   0.523344E+04   0.104730E+02   0.123081E+04   0.104729E+02
   0.915000E+02   0.523344E+04   0.104733E+02   0.123081E+04   0.104728E+02
   0.916000E+02   0.523344E+04   0.104734E+02   0.123081E+04   0.104729E+02
   0.917000E+02   0.523344E+04   0.104736E+02   0.123081E+04   0.104728E+02
   0.918000E+02   0.523344E+04   0.104736E+02   0.123081E+04   0.104726E+02
   0.919000E+02   0.523344E+04   0.104738E+02   0.123081E+04   0.104727E+02
   0.920000E+02   0.523345E+04   0.104736E+02   0.123082E+04   0.104727E+02
   0.921000E+02   0.523345E+04   0.104732E+02   0.123082E+04   0.104723E+02
   0.922000E+02   0.523345E+04   0.104731E+02   0.123082E+04   0.104720E+02
   0.923000E+02   0.523345E+04   0.104731E+02   0.123082E+04   0.104725E+02
   0.924000E+02   0.523345E+04   0.104732E+02   0.123082E+04   0.104723E+02
   0.925000E+02   0.523345E+04   0.104735E+02   0.123082E+04   0.104718E+02
   0.926000E+02   0.523345E+04   0.104735E+02   0.123082E+04   0.104718E+02
   0.927000E+02   0.523345E+04   0.104733E+02   0.123082E+04   0.104720E+02
   0.928000E+02   0.523345E+04   0.104736E+02   0.123082E+04   0.104720E+02
   0.929000E+02   0.523345E+04   0.104737E+02   0.123082E+04   0.104722E+02
   0.930000E+02   0.523345E+04   0.104741E+02   0.123082E+04   0.104721E+02
   0.931000E+02   0.523345E+04   0.104742E+02   0.123082E+04   0.104722E+02
   0.932000E+02   0.523345E+04   0.104738E+02   0.123082E+04   0.104723E+02
   0.933000E+02   0.523345E+04   0.104735E+02   0.123082E+04   0.104722E+02
   0.934000E+02   0.523345E+04   0.104736E+02   0.123083E+04   0.104723E+02
   0.935000E+02   0.523346E+04   0.104737E+02   0.123083E+04   0.104721E+02
   0.936000E+02   0.523346E+04   0.104737E+02   0.123083E+04   0.104720E+02
   0.937000E+02   0.523346E+04   0.104739E+02   0.123083E+04   0.104719E+02
   0.938000E+02   0.523346E+04   0.104739E+02   0.123083E+04   0.104720E+02
   0.939000E+02   0.523346E+04   0.104742E+02   0.123083E+04   0.104721E+02
   0.940000E+02   0.523346E+04   0.104742E+02   0.123083E+04   0.104721E+02
   0.941000E+02   0.523346E+04   0.104743E+02   0.123083E+04   0.104719E+02
   0.942000E+02   0.523346E+04   0.104741E+02   0.123083E+04   0.104718E+02
   0.943000E+02   0.523346E+04   0.104744E+02   0.123083E+04   0.104718E+02
   0.944000E+02   0.523346E+04   0.104742E+02   0.123083E+04   0.104717E+02
   0.945000E+02   0.523346E+04   0.104739E+02   0.123083E+04   0.104713E+02
   0.946000E+02   0.523346E+04   0.104738E+02   0.123083E+04   0.104715E+02
   0.947000E+02   0.523346E+04   0.104740E+02   0.123083E+04   0.104713E+02
   0.948000E+02   0.523346E+04   0.104740E+02   0.123083E+04   0.104715E+02
   0.949000E+02   0.523346E+04   0.104742E+02   0.123083E+04   0.104714E+02
   0.950000E+02   0.523346E+04   0.104739E+02   0.123083E+04   0.104715E+02
   0.951000E+02   0.523346E+04   0.104740E+02   0.123083E+04   0.104714E+02
   0.952000E+02   0.523346E+04   0.104741E+02   0.123083E+04   0.104714E+02
   0.953000E+02   0.523346E+04   0.104742E+02   0.123084E+04   0.104715E+02
   0.954000E+02   0.523347E+04   0.104743E+02   0.123084E+04   0.104714E+02
   0.955000E+02   0.523347E+04   0.104744E+02   0.123084E+04   0.104717E+02
   0.956000E+02   0.523347E+04   0.104742E+02   0.123084E+04   0.104715E+02
   0.957000E+02   0.523347E+04   0.104746E+02   0.123084E+04   0.104720E+02
   0.958000E+02   0.523347E+04   0.104745E+02   0.123084E+04   0.104719E+02
   0.959000E+02   0.523347E+04   0.104747E+02   0.123084E+04   0.104714E+02
   0.960000E+02   0.523347E+04   0.104747E+02   0.123084E+04   0.104713E+02
   0.961000E+02   0.523347E+04   0.104747E+02   0.123084E+04   0.104713E+02
   0.962000E+02   0.523347E+04   0.104745E+02   0.123084E+04   0.104709E+02
   0.963000E+02   0.523347E+04   0.104747E+02   0.123084E+04   0.104708E+02
   0.964000E+02   0.523347E+04   0.104749E+02   0.123084E+04   0.104714E+02
   0.965000E+02   0.523347E+04   0.104747E+02   0.123084E+04   0.104715E+02
   0.966000E+02   0.523347E+04   0.104747E+02   0.123084E+04   0.104714E+02
   0.967000E+02   0.523347E+04   0.104748E+02   0.123084E+04   0.104713E+02
   0.968000E+02   0.523347E+04   0.104748E+02   0.123084E+04   0.104711E+02
   0.969000E+02   0.523347E+04   0.104745E+02   0.123084E+04   0.104712E+02
   0.970000E+02   0.523347E+04   0.104746E+02   0.123084E+04   0.104709E+02
   0.971000E+02   0.523347E+04   0.104746E+02   0.123084E+04   0.104706E+02
   0.972000E+02   0.523347E+04   0.104745E+02   0.123084E+04   0.104704E+02
   0.973000E+02   0.523347E+04   0.104743E+02   0.123084E+04   0.104709E+02
   0.974000E+02   0.523348E+04   0.104746E+02   0.123084E+04   0.104711E+02
   0.975000E+02   0.523348E+04   0.104747E+02   0.123085E+04   0.104712E+02
   0.976000E+02   0.523348E+04   0.104750E+02   0.123085E+04   0.104711E+02
   0.977000E+02   0.523348E+04   0.104750E+02   0.123085E+04   0.104711E+02
   0.978000E+02   0.523348E+04   0.104752E+02   0.123085E+04   0.104710E+02
   0.979000E+02   0.523348E+04   0.104750E+02   0.123085E+04   0.104709E+02
   0.980000E+02   0.523348E+04   0.104749E+02   0.123085E+04   0.104712E+02
   0.981000E+02   0.523348E+04   0.104747E+02   0.123085E+04   0.104711E+02
   0.982000E+02   0.523348E+04   0.104749E+02   0.123085E+04   0.104708E+02
   0.983000E+02   0.523348E+04   0.104747E+02   0.123085E+04   0.104708E+02
   0.984000E+02   0.523348E+04   0.104747E+02   0.123085E+04   0.104710E+02
   0.985000E+02   0.523348E+04   0.104746E+02   0.123085E+04   0.104711E+02
   0.986000E+02   0.523348E+04   0.104749E+02   0.123085E+04   0.104710E+02
   0.987000E+02   0.523348E+04   0.104748E+02   0.123085E+04   0.104710E+02
   0.988000E+02   0.523348E+04   0.104751E+02   0.123085E+04   0.104709E+02
   0.989000E+02   0.523348E+04   0.104750E+02   0.123085E+04   0.104706E+02
   0.990000E+02   0.523348E+04   0.104749E+02   0.123085E+04   0.104708E+02
   0.991000E+02   0.523348E+04   0.104749E+02   0.123085E+04   0.104706E+02
   0.992000E+02   0.523348E+04   0.104753E+02   0.123085E+04   0.104704E+02
   0.993000E+02   0.523348E+04   0.104753E+02   0.123085E+04   0.104704E+02
   0.994000E+02   0.523348E+04   0.104752E+02   0.123085E+04   0.104704E+02
   0.995000E+02   0.523348E+04   0.104753E+02   0.123085E+04   0.104701E+02
   0.996000E+02   0.523348E+04   0.104754E+02   0.123085E+04   0.104708E+02
   0.997000E+02   0.523348E+04   0.104755E+02   0.123085E+04   0.104706E+02
   0.998000E+02   0.523348E+04   0.104758E+02   0.123085E+04   0.104705E+02
   0.999000E+02   0.523348E+04   0.104757E+02   0.123085E+04   0.104706E+02
   0.100000E+03   0.523348E+04   0.104756E+02   0.123085E+04   0.104705E+02
   0.100100E+03   0.523348E+04   0.104754E+02   0.123085E+04   0.104705E+02
   0.100200E+03   0.523348E+04   0.104753E+02   0.123085E+04   0.104706E+02
   0.100300E+03   0.523348E+04   0.104754E+02   0.123085E+04   0.104706E+02
   0.100400E+03   0.523348E+04   0.104754E+02   0.123085E+04   0.104708E+02
   0.100500E+03   0.523348E+04   0.104753E+02   0.123086E+04   0.104704E+02
   0.100600E+03   0.523349E+04   0.104751E+02   0.123086E+04   0.104704E+02
   0.100700E+03   0.523349E+04   0.104752E+02   0.123086E+04   0.104704E+02
   0.100800E+03   0.523349E+04   0.104754E+02   0.123086E+04   0.104703E+02
   0.100900E+03   0.523349E+04   0.104750E+02   0.123086E+04   0.104704E+02
   0.101000E+03   0.523349E+04   0.104751E+02   0.123086E+04   0.104703E+02
   0.101100E+03   0.523349E+04   0.104752E+02   0.123086E+04   0.104703E+02
   0.101200E+03   0.523349E+04   0.104754E+02   0.123086E+04   0.104705E+02
   0.101300E+03   0.523349E+04   0.104752E+02   0.123086E+04   0.104705E+02
   0.101400E+03   0.523349E+04   0.104754E+02   0.123086E+04   0.104706E+02
   0.101500E+03   0.523349E+04   0.104756E+02   0.123086E+04   0.104704E+02
   0.101600E+03   0.523349E+04   0.104756E+02   0.123086E+04   0.104704E+02
   0.101700E+03   0.523349E+04   0.104756E+02   0.123086E+04   0.104704E+02
   0.101800E+03   0.523349E+04   0.104757E+02   0.123086E+04   0.104704E+02
   0.101900E+03   0.523349E+04   0.104756E+02   0.123086E+04   0.104702E+02
   0.102000E+03   0.523349E+04   0.104756E+02   0.123086E+04   0.104701E+02
   0.102100E+03   0.523349E+04   0.104755E+02   0.123086E+04   0.104702E+02
   0.102200E+03   0.523349E+04   0.104756E+02   0.123086E+04   0.104701E+02
   0.102300E+03   0.523349E+04   0.104757E+02   0.123086E+04   0.104700E+02
   0.102400E+03   0.523349E+04   0.104757E+02   0.123086E+04   0.104700E+02
   0.102500E+03   0.523349E+04   0.104757E+02   0.123086E+04   0.104699E+02
   0.102600E+03   0.523349E+04   0.104756E+02   0.123086E+04   0.104701E+02
   0.102700E+03   0.523349E+04   0.104757E+02   0.123086E+04   0.104703E+02
   0.102800E+03   0.523349E+04   0.104757E+02   0.123086E+04   0.104704E+02
   0.102900E+03   0.523349E+04   0.104757E+02   0.123086E+04   0.104703E+02
   0.103000E+03   0.523349E+04   0.104756E+02   0.123086E+04   0.104702E+02
   0.103100E+03   0.523349E+04   0.104756E+02   0.123086E+04   0.104701E+02
   0.103200E+03   0.523349E+04   0.104756E+02   0.123086E+04   0.104703E+02
   0.103300E+03   0.523349E+04   0.104756E+02   0.123086E+04   0.104705E+02
   0.103400E+03   0.523349E+04   0.104758E+02   0.123086E+04   0.104706E+02
   0.103500E+03   0.523349E+04   0.104759E+02   0.123086E+04   0.104707E+02
   0.103600E+03   0.523349E+04   0.104758E+02   0.123086E+04   0.104706E+02
   0.103700E+03   0.523349E+04   0.104758E+02   0.123086E+04   0.104705E+02
   0.103800E+03   0.523349E+04   0.104757E+02   0.123086E+04   0.104703E+02
   0.103900E+03   0.523349E+04   0.104757E+02   0.123086E+04   0.104703E+02
   0.104000E+03   0.523349E+04   0.104757E+02   0.123086E+04   0.104702E+02
   0.104100E+03   0.523349E+04   0.104756E+02   0.123086E+04   0.104702E+02
   0.104200E+03   0.523349E+04   0.104754E+02   0.123086E+04   0.104701E+02
   0.104300E+03   0.523349E+04   0.104755E+02   0.123086E+04   0.104700E+02
   0.104400E+03   0.523349E+04   0.104756E+02   0.123086E+04   0.104699E+02
   0.104500E+03   0.523349E+04   0.104757E+02   0.123086E+04   0.104698E+02
   0.104600E+03   0.523349E+04   0.104755E+02   0.123086E+04   0.104701E+02
   0.104700E+03   0.523349E+04   0.104755E+02   0.123086E+04   0.104702E+02
   0.104800E+03   0.523349E+04   0.104755E+02   0.123086E+04   0.104702E+02
   0.104900E+03   0.523349E+04   0.104756E+02   0.123086E+04   0.104702E+02
   0.105000E+03   0.523349E+04   0.104757E+02   0.123087E+04   0.104698E+02
   0.105100E+03   0.523349E+04   0.104756E+02   0.123087E+04   0.104699E+02
   0.105200E+03   0.523349E+04   0.104758E+02   0.123087E+04   0.104699E+02
   0.105300E+03   0.523350E+04   0.104759E+02   0.123087E+04   0.104699E+02
   0.105400E+03   0.523350E+04   0.104756E+02   0.123087E+04   0.104699E+02
   0.105500E+03   0.523350E+04   0.104755E+02   0.123087E+04   0.104699E+02
   0.105600E+03   0.523350E+04   0.104754E+02   0.123087E+04   0.104696E+02
   0.105700E+03   0.523350E+04   0.104754E+02   0.123087E+04   0.104697E+02
   0.105800E+03   0.523350E+04   0.104754E+02   0.123087E+04   0.104696E+02
   0.105900E+03   0.523350E+04   0.104756E+02   0.123087E+04   0.104696E+02
   0.106000E+03   0.523350E+04   0.104756E+02   0.123087E+04   0.104695E+02
   0.106100E+03   0.523350E+04   0.104758E+02   0.123087E+04   0.104695E+02
   0.106200E+03   0.523350E+04   0.104758E+02   0.123087E+04   0.104693E+02
   0.106300E+03   0.523350E+04   0.104758E+02   0.123087E+04   0.104693E+02
   0.106400E+03   0.523350E+04   0.104759E+02   0.123087E+04   0.104693E+02
   0.106500E+03   0.523350E+04   0.104760E+02   0.123087E+04   0.104695E+02
   0.106600E+03   0.523350E+04   0.104760E+02   0.123087E+04   0.104695E+02
   0.106700E+03   0.523350E+04   0.104760E+02   0.123087E+04   0.104694E+02
   0.106800E+03   0.523350E+04   0.104762E+02   0.123087E+04   0.104698E+02
   0.106900E+03   0.523350E+04   0.104762E+02   0.123087E+04   0.104698E+02
   0.107000E+03   0.523350E+04   0.104764E+02   0.123087E+04   0.104698E+02
   0.107100E+03   0.523350E+04   0.104764E+02   0.123087E+04   0.104698E+02
   0.107200E+03   0.523350E+04   0.104764E+02   0.123087E+04   0.104697E+02
   0.107300E+03   0.523350E+04   0.104765E+02   0.123087E+04   0.104700E+02
   0.107400E+03   0.523350E+04   0.104765E+02   0.123087E+04   0.104700E+02
   0.107500E+03   0.523350E+04   0.104765E+02   0.123087E+04   0.104699E+02
   0.107600E+03   0.523350E+04   0.104765E+02   0.123087E+04   0.104699E+02
   0.107700E+03   0.523350E+04   0.104764E+02   0.123087E+04   0.104700E+02
   0.107800E+03   0.523350E+04   0.104764E+02   0.123087E+04   0.104699E+02
   0.107900E+03   0.523350E+04   0.104764E+02   0.123087E+04   0.104699E+02
   0.108000E+03   0.523350E+04   0.104765E+02   0.123087E+04   0.104699E+02
   0.108100E+03   0.523350E+04   0.104765E+02   0.123087E+04   0.104699E+02
   0.108200E+03   0.523350E+04   0.104764E+02   0.123087E+04   0.104699E+02
   0.108300E+03   0.523350E+04   0.104763E+02   0.123087E+04   0.104699E+02
   0.108400E+03   0.523350E+04   0.104763E+02   0.123087E+04   0.104699E+02
   0.108500E+03   0.523350E+04   0.104764E+02   0.123087E+04   0.104699E+02
   0.108600E+03   0.523350E+04   0.104761E+02   0.123087E+04   0.104699E+02
   0.108700E+03   0.523350E+04   0.104760E+02   0.123087E+04   0.104698E+02
   0.108800E+03   0.523350E+04   0.104759E+02   0.123087E+04   0.104697E+02
   0.108900E+03   0.523350E+04   0.104761E+02   0.123087E+04   0.104696E+02
   0.109000E+03   0.523350E+04   0.104762E+02   0.123087E+04   0.104695E+02
   0.109100E+03   0.523350E+04   0.104763E+02   0.123087E+04   0.104695E+02
   0.109200E+03   0.523350E+04   0.104764E+02   0.123087E+04   0.104694E+02
   0.109300E+03   0.523350E+04   0.104764E+02   0.123087E+04   0.104694E+02
   0.109400E+03   0.523350E+04   0.104765E+02   0.123087E+04   0.104697E+02
   0.109500E+03   0.523350E+04   0.104767E+02   0.123087E+04   0.104697E+02
   0.109600E+03   0.523350E+04   0.104767E+02   0.123087E+04   0.104697E+02
   0.109700E+03   0.523350E+04   0.104767E+02   0.123087E+04   0.104698E+02
   0.109800E+03   0.523350E+04   0.104767E+02   0.123087E+04   0.104698E+02
   0.109900E+03   0.523350E+04   0.104767E+02   0.123087E+04   0.104697E+02
   0.110000E+03   0.523350E+04   0.104767E+02   0.123087E+04   0.104697E+02
   0.110100E+03   0.523350E+04   0.104767E+02   0.123087E+04   0.104697E+02
   0.110200E+03   0.523350E+04   0.104767E+02   0.123087E+04   0.104697E+02
   0.110300E+03   0.523350E+04   0.104767E+02   0.123087E+04   0.104696E+02
   0.110400E+03   0.523350E+04   0.104767E+02   0.123087E+04   0.104696E+02
   0.110500E+03   0.523350E+04   0.104767E+02   0.123087E+04   0.104696E+02
   0.110600E+03   0.523350E+04   0.104766E+02   0.123087E+04   0.104695E+02
   0.110700E+03   0.523350E+04   0.104766E+02   0.123087E+04   0.104695E+02
   0.110800E+03   0.523350E+04   0.104766E+02   0.123087E+04   0.104694E+02
   0.110900E+03   0.523350E+04   0.104766E+02   0.123087E+04   0.104692E+02
   0.111000E+03   0.523350E+04   0.104763E+02   0.123087E+04   0.104692E+02
   0.111100E+03   0.523350E+04   0.104764E+02   0.123087E+04   0.104692E+02
   0.111200E+03   0.523350E+04   0.104763E+02   0.123087E+04   0.104693E+02
   0.111300E+03   0.523350E+04   0.104763E+02   0.123087E+04   0.104695E+02
   0.111400E+03   0.523350E+04   0.104764E+02   0.123087E+04   0.104695E+02
   0.111500E+03   0.523350E+04   0.104764E+02   0.123087E+04   0.104695E+02
   0.111600E+03   0.523350E+04   0.104764E+02   0.123087E+04   0.104695E+02
   0.111700E+03   0.523350E+04   0.104765E+02   0.123087E+04   0.104695E+02
   0.111800E+03   0.523350E+04   0.104765E+02   0.123087E+04   0.104694E+02
   0.111900E+03   0.523350E+04   0.104765E+02   0.123087E+04   0.104694E+02
   0.112000E+03   0.523350E+04   0.104766E+02   0.123087E+04   0.104694E+02
   0.112100E+03   0.523350E+04   0.104767E+02   0.123087E+04   0.104695E+02
   0.112200E+03   0.523350E+04   0.104765E+02   0.123087E+04   0.104695E+02
   0.112300E+03   0.523350E+04   0.104765E+02   0.123087E+04   0.104695E+02
   0.112400E+03   0.523350E+04   0.104765E+02   0.123087E+04   0.104695E+02
   0.112500E+03   0.523350E+04   0.104765E+02   0.123087E+04   0.104695E+02
   0.112600E+03   0.523350E+04   0.104766E+02   0.123087E+04   0.104695E+02
   0.112700E+03   0.523350E+04   0.104766E+02   0.123087E+04   0.104695E+02
   0.112800E+03   0.523350E+04   0.104765E+02   0.123087E+04   0.104695E+02
   0.112900E+03   0.523350E+04   0.104765E+02   0.123087E+04   0.104694E+02
   0.113000E+03   0.523350E+04   0.104764E+02   0.123087E+04   0.104694E+02
   0.113100E+03   0.523350E+04   0.104764E+02   0.123087E+04   0.104694E+02
   0.113200E+03   0.523350E+04   0.104764E+02   0.123087E+04   0.104693E+02
   0.113300E+03   0.523350E+04   0.104764E+02   0.123087E+04   0.104693E+02
   0.113400E+03   0.523350E+04   0.104764E+02   0.123087E+04   0.104693E+02
   0.113500E+03   0.523350E+04   0.104763E+02   0.123087E+04   0.104693E+02
   0.113600E+03   0.523350E+04   0.104763E+02   0.123087E+04   0.104694E+02
   0.113700E+03   0.523350E+04   0.104764E+02   0.123087E+04   0.104692E+02
   0.113800E+03   0.523350E+04   0.104764E+02   0.123087E+04   0.104692E+02
   0.113900E+03   0.523350E+04   0.104764E+02   0.123087E+04   0.104692E+02
   0.114000E+03   0.523350E+04   0.104761E+02   0.123087E+04   0.104692E+02
   0.114100E+03   0.523350E+04   0.104761E+02   0.123087E+04   0.104691E+02
   0.114200E+03   0.523350E+04   0.104761E+02   0.123087E+04   0.104691E+02
   0.114300E+03   0.523350E+04   0.104761E+02   0.123087E+04   0.104691E+02
   0.114400E+03   0.523350E+04   0.104761E+02   0.123087E+04   0.104691E+02
   0.114500E+03   0.523350E+04   0.104761E+02   0.123087E+04   0.104691E+02
   0.114600E+03   0.523350E+04   0.104761E+02   0.123087E+04   0.104691E+02
   0.114700E+03   0.523350E+04   0.104761E+02   0.123087E+04   0.104692E+02
   0.114800E+03   0.523350E+04   0.104760E+02   0.123087E+04   0.104692E+02
   0.114900E+03   0.523350E+04   0.104759E+02   0.123087E+04   0.104692E+02
   0.115000E+03   0.523350E+04   0.104760E+02   0.123087E+04   0.104692E+02
   0.115100E+03   0.523350E+04   0.104760E+02   0.123087E+04   0.104692E+02
   0.115200E+03   0.523350E+04   0.104760E+02   0.123087E+04   0.104693E+02
   0.115300E+03   0.523350E+04   0.104761E+02   0.123087E+04   0.104693E+02
   0.115400E+03   0.523350E+04   0.104761E+02   0.123087E+04   0.104692E+02
   0.115500E+03   0.523350E+04   0.104761E+02   0.123087E+04   0.104694E+02
   0.115600E+03   0.523350E+04   0.104761E+02   0.123087E+04   0.104694E+02
   0.115700E+03   0.523350E+04   0.104761E+02   0.123087E+04   0.104694E+02
   0.115800E+03   0.523350E+04   0.104761E+02   0.123087E+04   0.104694E+02
   0.115900E+03   0.523350E+04   0.104761E+02   0.123088E+04   0.104694E+02
   0.116000E+03   0.523350E+04   0.104761E+02   0.123088E+04   0.104693E+02
   0.116100E+03   0.523350E+04   0.104761E+02   0.123088E+04   0.104693E+02
   0.116200E+03   0.523350E+04   0.104761E+02   0.123088E+04   0.104694E+02
   0.116300E+03   0.523350E+04   0.104761E+02   0.123088E+04   0.104694E+02
   0.116400E+03   0.523350E+04   0.104761E+02   0.123088E+04   0.104694E+02
   0.116500E+03   0.523350E+04   0.104761E+02   0.123088E+04   0.104694E+02
   0.116600E+03   0.523350E+04   0.104761E+02   0.123088E+04   0.104694E+02
   0.116700E+03   0.523350E+04   0.104761E+02   0.123088E+04   0.104695E+02
   0.116800E+03   0.523350E+04   0.104760E+02   0.123088E+04   0.104694E+02
   0.116900E+03   0.523350E+04   0.104759E+02   0.123088E+04   0.104694E+02
   0.117000E+03   0.523350E+04   0.104759E+02   0.123088E+04   0.104693E+02
   0.117100E+03   0.523350E+04   0.104759E+02   0.123088E+04   0.104692E+02
   0.117200E+03   0.523350E+04   0.104759E+02   0.123088E+04   0.104692E+02
   0.117300E+03   0.523350E+04   0.104759E+02   0.123088E+04   0.104691E+02
   0.117400E+03   0.523350E+04   0.104759E+02   0.123088E+04   0.104691E+02
   0.117500E+03   0.523350E+04   0.104759E+02   0.123088E+04   0.104694E+02
   0.117600E+03   0.523350E+04   0.104759E+02   0.123088E+04   0.104693E+02
   0.117700E+03   0.523350E+04   0.104759E+02   0.123088E+04   0.104693E+02
   0.117800E+03   0.523351E+04   0.104760E+02   0.123088E+04   0.104693E+02
   0.117900E+03   0.523351E+04   0.104760E+02   0.123088E+04   0.104693E+02
   0.118000E+03   0.523351E+04   0.104760E+02   0.123088E+04   0.104693E+02
   0.118100E+03   0.523351E+04   0.104760E+02   0.123088E+04   0.104693E+02
   0.118200E+03   0.523351E+04   0.104761E+02   0.123088E+04   0.104695E+02
   0.118300E+03   0.523351E+04   0.104762E+02   0.123088E+04   0.104695E+02
   0.118400E+03   0.523351E+04   0.104762E+02   0.123088E+04   0.104695E+02
   0.118500E+03   0.523351E+04   0.104763E+02   0.123088E+04   0.104693E+02
   0.118600E+03   0.523351E+04   0.104763E+02   0.123088E+04   0.104693E+02
   0.118700E+03   0.523351E+04   0.104763E+02   0.123088E+04   0.104693E+02
   0.118800E+03   0.523351E+04   0.104763E+02   0.123088E+04   0.104693E+02
   0.118900E+03   0.523351E+04   0.104762E+02   0.123088E+04   0.104693E+02
   0.119000E+03   0.523351E+04   0.104762E+02   0.123088E+04   0.104693E+02
   0.119100E+03   0.523351E+04   0.104762E+02   0.123088E+04   0.104693E+02
   0.119200E+03   0.523351E+04   0.104762E+02   0.123088E+04   0.104693E+02
   0.119300E+03   0.523351E+04   0.104762E+02   0.123088E+04   0.104693E+02
   0.119400E+03   0.523351E+04   0.104764E+02   0.123088E+04   0.104693E+02
   0.119500E+03   0.523351E+04   0.104762E+02   0.123088E+04   0.104693E+02
   0.119600E+03   0.523351E+04   0.104764E+02   0.123088E+04   0.104693E+02
   0.119700E+03   0.523351E+04   0.104764E+02   0.123088E+04   0.104693E+02
   0.119800E+03   0.523351E+04   0.104764E+02   0.123088E+04   0.104693E+02
   0.119900E+03   0.523351E+04   0.104764E+02   0.123088E+04   0.104693E+02
   0.120000E+03   0.523351E+04   0.104765E+02   0.123088E+04   0.104693E+02
   0.120100E+03   0.523351E+04   0.104765E+02   0.123088E+04   0.104694E+02
   0.120200E+03   0.523351E+04   0.104765E+02   0.123088E+04   0.104697E+02
   0.120300E+03   0.523351E+04   0.104765E+02   0.123088E+04   0.104697E+02
   0.120400E+03   0.523351E+04   0.104766E+02   0.123088E+04   0.104697E+02
   0.120500E+03   0.523351E+04   0.104766E+02   0.123088E+04   0.104697E+02
   0.120600E+03   0.523351E+04   0.104766E+02   0.123088E+04   0.104697E+02
   0.120700E+03   0.523351E+04   0.104766E+02   0.123088E+04   0.104697E+02
   0.120800E+03   0.523351E+04   0.104766E+02   0.123088E+04   0.104697E+02
   0.120900E+03   0.523351E+04   0.104766E+02   0.123088E+04   0.104697E+02
   0.121000E+03   0.523351E+04   0.104766E+02   0.123088E+04   0.104697E+02
   0.121100E+03   0.523351E+04   0.104766E+02   0.123088E+04   0.104697E+02
   0.121200E+03   0.523351E+04   0.104766E+02   0.123088E+04   0.104697E+02
   0.121300E+03   0.523351E+04   0.104766E+02   0.123088E+04   0.104697E+02
   0.121400E+03   0.523351E+04   0.104765E+02   0.123088E+04   0.104697E+02
   0.121500E+03   0.523351E+04   0.104765E+02   0.123088E+04   0.104697E+02
   0.121600E+03   0.523351E+04   0.104765E+02   0.123088E+04   0.104697E+02
   0.121700E+03   0.523351E+04   0.104765E+02   0.123088E+04   0.104697E+02
   0.121800E+03   0.523351E+04   0.104765E+02   0.123088E+04   0.104697E+02
   0.121900E+03   0.523351E+04   0.104765E+02   0.123088E+04   0.104695E+02
   0.122000E+03   0.523351E+04   0.104765E+02   0.123088E+04   0.104695E+02
   0.122100E+03   0.523351E+04   0.104765E+02   0.123088E+04   0.104695E+02
   0.122200E+03   0.523351E+04   0.104765E+02   0.123088E+04   0.104695E+02
   0.122300E+03   0.523351E+04   0.104765E+02   0.123088E+04   0.104695E+02
   0.122400E+03   0.523351E+04   0.104765E+02   0.123088E+04   0.104696E+02
   0.122500E+03   0.523351E+04   0.104765E+02   0.123088E+04   0.104696E+02
   0.122600E+03   0.523351E+04   0.104765E+02   0.123088E+04   0.104696E+02
   0.122700E+03   0.523351E+04   0.104767E+02   0.123088E+04   0.104696E+02
   0.122800E+03   0.523351E+04   0.104764E+02   0.123088E+04   0.104696E+02
   0.122900E+03   0.523351E+04   0.104764E+02   0.123088E+04   0.104696E+02
   0.123000E+03   0.523351E+04   0.104764E+02   0.123088E+04   0.104696E+02
   0.123100E+03   0.523351E+04   0.104764E+02   0.123088E+04   0.104696E+02
   0.123200E+03   0.523351E+04   0.104764E+02   0.123088E+04   0.104696E+02
   0.123300E+03   0.523351E+04   0.104764E+02   0.123088E+04   0.104696E+02
   0.123400E+03   0.523351E+04   0.104764E+02   0.123088E+04   0.104698E+02
   0.123500E+03   0.523351E+04   0.104764E+02   0.123088E+04   0.104698E+02
   0.123600E+03   0.523351E+04   0.104765E+02   0.123088E+04   0.104698E+02
   0.123700E+03   0.523351E+04   0.104765E+02   0.123088E+04   0.104698E+02
   0.123800E+03   0.523351E+04   0.104765E+02   0.123088E+04   0.104698E+02
   0.123900E+03   0.523351E+04   0.104765E+02   0.123088E+04   0.104698E+02
   0.124000E+03   0.523351E+04   0.104765E+02   0.123088E+04   0.104697E+02
   0.124100E+03   0.523351E+04   0.104765E+02   0.123088E+04   0.104697E+02
   0.124200E+03   0.523351E+04   0.104765E+02   0.123088E+04   0.104697E+02
   0.124300E+03   0.523351E+04   0.104765E+02   0.123088E+04   0.104695E+02
   0.124400E+03   0.523351E+04   0.104765E+02   0.123088E+04   0.104695E+02
   0.124500E+03   0.523351E+04   0.104765E+02   0.123088E+04   0.104695E+02
   0.124600E+03   0.523351E+04   0.104765E+02   0.123088E+04   0.104695E+02
   0.124700E+03   0.523351E+04   0.104765E+02   0.123088E+04   0.104695E+02
   0.124800E+03   0.523351E+04   0.104765E+02   0.123088E+04   0.104695E+02
   0.124900E+03   0.523351E+04   0.104765E+02   0.123088E+04   0.104695E+02
   0.125000E+03   0.523351E+04   0.104765E+02   0.123088E+04   0.104695E+02
   0.125100E+03   0.523351E+04   0.104765E+02   0.123088E+04   0.104695E+02
   0.125200E+03   0.523351E+04   0.104765E+02   0.123088E+04   0.104693E+02
   0.125300E+03   0.523351E+04   0.104765E+02   0.123088E+04   0.104693E+02
   0.125400E+03   0.523351E+04   0.104765E+02   0.123088E+04   0.104693E+02
   0.125500E+03   0.523351E+04   0.104765E+02   0.123088E+04   0.104693E+02
   0.125600E+03   0.523351E+04   0.104765E+02   0.123088E+04   0.104693E+02
   0.125700E+03   0.523351E+04   0.104765E+02   0.123088E+04   0.104693E+02
   0.125800E+03   0.523351E+04   0.104764E+02   0.123088E+04   0.104693E+02
   0.125900E+03   0.523351E+04   0.104764E+02   0.123088E+04   0.104694E+02
   0.126000E+03   0.523351E+04   0.104764E+02   0.123088E+04   0.104694E+02
   0.126100E+03   0.523351E+04   0.104764E+02   0.123088E+04   0.104694E+02
   0.126200E+03   0.523351E+04   0.104764E+02   0.123088E+04   0.104694E+02
   0.126300E+03   0.523351E+04   0.104764E+02   0.123088E+04   0.104694E+02
   0.126400E+03   0.523351E+04   0.104764E+02   0.123088E+04   0.104694E+02
   0.126500E+03   0.523351E+04   0.104764E+02   0.123088E+04   0.104694E+02
   0.126600E+03   0.523351E+04   0.104764E+02   0.123088E+04   0.104694E+02
   0.126700E+03   0.523351E+04   0.104764E+02   0.123088E+04   0.104694E+02
   0.126800E+03   0.523351E+04   0.104764E+02   0.123088E+04   0.104694E+02
   0.126900E+03   0.523351E+04   0.104764E+02   0.123088E+04   0.104694E+02
   0.127000E+03   0.523351E+04   0.104764E+02   0.123088E+04   0.104694E+02
   0.127100E+03   0.523351E+04   0.104764E+02   0.123088E+04   0.104694E+02
   0.127200E+03   0.523351E+04   0.104764E+02   0.123088E+04   0.104694E+02
   0.127300E+03   0.523351E+04   0.104764E+02   0.123088E+04   0.104694E+02
   0.127400E+03   0.523351E+04   0.104764E+02   0.123088E+04   0.104694E+02
   0.127500E+03   0.523351E+04   0.104764E+02   0.123088E+04   0.104694E+02
   0.127600E+03   0.523351E+04   0.104763E+02   0.123088E+04   0.104694E+02
   0.127700E+03   0.523351E+04   0.104763E+02   0.123088E+04   0.104694E+02
   0.127800E+03   0.523351E+04   0.104764E+02   0.123088E+04   0.104694E+02
   0.127900E+03   0.523351E+04   0.104764E+02   0.123088E+04   0.104694E+02
   0.128000E+03   0.523351E+04   0.104764E+02   0.123088E+04   0.104694E+02
   0.128100E+03   0.523351E+04   0.104764E+02   0.123088E+04   0.104694E+02
   0.128200E+03   0.523351E+04   0.104764E+02   0.123088E+04   0.104694E+02
   0.128300E+03   0.523351E+04   0.104764E+02   0.123088E+04   0.104694E+02
   0.128400E+03   0.523351E+04   0.104764E+02   0.123088E+04   0.104694E+02
   0.128500E+03   0.523351E+04   0.104764E+02   0.123088E+04   0.104694E+02
   0.128600E+03   0.523351E+04   0.104765E+02   0.123088E+04   0.104694E+02
   0.128700E+03   0.523351E+04   0.104765E+02   0.123088E+04   0.104695E+02
   0.128800E+03   0.523351E+04   0.104766E+02   0.123088E+04   0.104695E+02
   0.128900E+03   0.523351E+04   0.104766E+02   0.123088E+04   0.104694E+02
   0.129000E+03   0.523351E+04   0.104766E+02   0.123088E+04   0.104694E+02
   0.129100E+03   0.523351E+04   0.104766E+02   0.123088E+04   0.104694E+02
   0.129200E+03   0.523351E+04   0.104766E+02   0.123088E+04   0.104693E+02
   0.129300E+03   0.523351E+04   0.104766E+02   0.123088E+04   0.104693E+02
   0.129400E+03   0.523351E+04   0.104766E+02   0.123088E+04   0.104693E+02
   0.129500E+03   0.523351E+04   0.104766E+02   0.123088E+04   0.104693E+02
   0.129600E+03   0.523351E+04   0.104766E+02   0.123088E+04   0.104693E+02
   0.129700E+03   0.523351E+04   0.104766E+02   0.123088E+04   0.104693E+02
   0.129800E+03   0.523351E+04   0.104766E+02   0.123088E+04   0.104693E+02
   0.129900E+03   0.523351E+04   0.104766E+02   0.123088E+04   0.104693E+02
   0.130000E+03   0.523351E+04   0.104766E+02   0.123088E+04   0.104693E+02
   0.130100E+03   0.523351E+04   0.104766E+02   0.123088E+04   0.104693E+02
   0.130200E+03   0.523351E+04   0.104766E+02   0.123088E+04   0.104693E+02
   0.130300E+03   0.523351E+04   0.104766E+02   0.123088E+04   0.104693E+02
   0.130400E+03   0.523351E+04   0.104766E+02   0.123088E+04   0.104693E+02
   0.130500E+03   0.523351E+04   0.104766E+02   0.123088E+04   0.104693E+02
   0.130600E+03   0.523351E+04   0.104766E+02   0.123088E+04   0.104693E+02
   0.130700E+03   0.523351E+04   0.104766E+02   0.123088E+04   0.104693E+02
   0.130800E+03   0.523351E+04   0.104766E+02   0.123088E+04   0.104693E+02
   0.130900E+03   0.523351E+04   0.104767E+02   0.123088E+04   0.104693E+02
   0.131000E+03   0.523351E+04   0.104767E+02   0.123088E+04   0.104693E+02
   0.131100E+03   0.523351E+04   0.104767E+02   0.123088E+04   0.104693E+02
   0.131200E+03   0.523351E+04   0.104767E+02   0.123088E+04   0.104693E+02
   0.131300E+03   0.523351E+04   0.104767E+02   0.123088E+04   0.104693E+02
   0.131400E+03   0.523351E+04   0.104767E+02   0.123088E+04   0.104693E+02
   0.131500E+03   0.523351E+04   0.104767E+02   0.123088E+04   0.104693E+02
   0.131600E+03   0.523351E+04   0.104767E+02   0.123088E+04   0.104693E+02
   0.131700E+03   0.523351E+04   0.104767E+02   0.123088E+04   0.104693E+02
   0.131800E+03   0.523351E+04   0.104767E+02   0.123088E+04   0.104693E+02
   0.131900E+03   0.523351E+04   0.104767E+02   0.123088E+04   0.104693E+02
   0.132000E+03   0.523351E+04   0.104767E+02   0.123088E+04   0.104693E+02
   0.132100E+03   0.523351E+04   0.104767E+02   0.123088E+04   0.104693E+02
   0.132200E+03   0.523351E+04   0.104767E+02   0.123088E+04   0.104693E+02
   0.132300E+03   0.523351E+04   0.104767E+02   0.123088E+04   0.104693E+02
   0.132400E+03   0.523351E+04   0.104767E+02   0.123088E+04   0.104692E+02
   0.132500E+03   0.523351E+04   0.104767E+02   0.123088E+04   0.104692E+02
   0.132600E+03   0.523351E+04   0.104767E+02   0.123088E+04   0.104692E+02
   0.132700E+03   0.523351E+04   0.104767E+02   0.123088E+04   0.104692E+02
   0.132800E+03   0.523351E+04   0.104767E+02   0.123088E+04   0.104692E+02
   0.132900E+03   0.523351E+04   0.104767E+02   0.123088E+04   0.104692E+02
   0.133000E+03   0.523351E+04   0.104767E+02   0.123088E+04   0.104692E+02
   0.133100E+03   0.523351E+04   0.104767E+02   0.123088E+04   0.104692E+02
   0.133200E+03   0.523351E+04   0.104767E+02   0.123088E+04   0.104692E+02
   0.133300E+03   0.523351E+04   0.104767E+02   0.123088E+04   0.104692E+02
   0.133400E+03   0.523351E+04   0.104767E+02   0.123088E+04   0.104692E+02
   0.133500E+03   0.523351E+04   0.104767E+02   0.123088E+04   0.104692E+02
   0.133600E+03   0.523351E+04   0.104767E+02   0.123088E+04   0.104692E+02
   0.133700E+03   0.523351E+04   0.104767E+02   0.123088E+04   0.104692E+02
   0.133800E+03   0.523351E+04   0.104767E+02   0.123088E+04   0.104692E+02
   0.133900E+03   0.523351E+04   0.104767E+02   0.123088E+04   0.104692E+02
   0.134000E+03   0.523351E+04   0.104767E+02   0.123088E+04   0.104692E+02
   0.134100E+03   0.523351E+04   0.104767E+02   0.123088E+04   0.104692E+02
   0.134200E+03   0.523351E+04   0.104767E+02   0.123088E+04   0.104692E+02
   0.134300E+03   0.523351E+04   0.104769E+02   0.123088E+04   0.104692E+02
   0.134400E+03   0.523351E+04   0.104769E+02   0.123088E+04   0.104692E+02
   0.134500E+03   0.523351E+04   0.104769E+02   0.123088E+04   0.104692E+02
   0.134600E+03   0.523351E+04   0.104769E+02   0.123088E+04   0.104692E+02
   0.134700E+03   0.523351E+04   0.104769E+02   0.123088E+04   0.104692E+02
   0.134800E+03   0.523351E+04   0.104769E+02   0.123088E+04   0.104692E+02
   0.134900E+03   0.523351E+04   0.104769E+02   0.123088E+04   0.104692E+02
   0.135000E+03   0.523351E+04   0.104769E+02   0.123088E+04   0.104692E+02
   0.135100E+03   0.523351E+04   0.104769E+02   0.123088E+04   0.104692E+02
   0.135200E+03   0.523351E+04   0.104769E+02   0.123088E+04   0.104692E+02
   0.135300E+03   0.523351E+04   0.104769E+02   0.123088E+04   0.104692E+02
   0.135400E+03   0.523351E+04   0.104769E+02   0.123088E+04   0.104692E+02
   0.135500E+03   0.523351E+04   0.104769E+02   0.123088E+04   0.104692E+02
   0.135600E+03   0.523351E+04   0.104769E+02   0.123088E+04   0.104692E+02
   0.135700E+03   0.523351E+04   0.104769E+02   0.123088E+04   0.104692E+02
   0.135800E+03   0.523351E+04   0.104769E+02   0.123088E+04   0.104692E+02
   0.135900E+03   0.523351E+04   0.104769E+02   0.123088E+04   0.104692E+02
   0.136000E+03   0.523351E+04   0.104769E+02   0.123088E+04   0.104692E+02
   0.136100E+03   0.523351E+04   0.104769E+02   0.123088E+04   0.104692E+02
   0.136200E+03   0.523351E+04   0.104769E+02   0.123088E+04   0.104692E+02
   0.136300E+03   0.523351E+04   0.104769E+02   0.123088E+04   0.104692E+02
   0.136400E+03   0.523351E+04   0.104769E+02   0.123088E+04   0.104692E+02
   0.136500E+03   0.523351E+04   0.104769E+02   0.123088E+04   0.104692E+02
   0.136600E+03   0.523351E+04   0.104769E+02   0.123088E+04   0.104692E+02
   0.136700E+03   0.523351E+04   0.104769E+02   0.123088E+04   0.104692E+02
   0.136800E+03   0.523351E+04   0.104769E+02   0.123088E+04   0.104692E+02
   0.136900E+03   0.523351E+04   0.104769E+02   0.123088E+04   0.104692E+02
   0.137000E+03   0.523351E+04   0.104769E+02   0.123088E+04   0.104692E+02
   0.137100E+03   0.523351E+04   0.104769E+02   0.123088E+04   0.104692E+02
   0.137200E+03   0.523351E+04   0.104769E+02   0.123088E+04   0.104692E+02
   0.137300E+03   0.523351E+04   0.104769E+02   0.123088E+04   0.104692E+02
   0.137400E+03   0.523351E+04   0.104769E+02   0.123088E+04   0.104692E+02
   0.137500E+03   0.523351E+04   0.104769E+02   0.123088E+04   0.104692E+02
   0.137600E+03   0.523351E+04   0.104769E+02   0.123088E+04   0.104692E+02
   0.137700E+03   0.523351E+04   0.104769E+02   0.123088E+04   0.104692E+02
   0.137800E+03   0.523351E+04   0.104769E+02   0.123088E+04   0.104692E+02
   0.137900E+03   0.523351E+04   0.104769E+02   0.123088E+04   0.104692E+02
   0.138000E+03   0.523351E+04   0.104769E+02   0.123088E+04   0.104692E+02
   0.138100E+03   0.523351E+04   0.104769E+02   0.123088E+04   0.104692E+02
   0.138200E+03   0.523351E+04   0.104769E+02   0.123088E+04   0.104692E+02
   0.138300E+03   0.523351E+04   0.104769E+02   0.123088E+04   0.104692E+02
   0.138400E+03   0.523351E+04   0.104769E+02   0.123088E+04   0.104692E+02
   0.138500E+03   0.523351E+04   0.104769E+02   0.123088E+04   0.104692E+02
   0.138600E+03   0.523351E+04   0.104769E+02   0.123088E+04   0.104692E+02
   0.138700E+03   0.523351E+04   0.104769E+02   0.123088E+04   0.104691E+02
   0.138800E+03   0.523351E+04   0.104769E+02   0.123088E+04   0.104691E+02
   0.138900E+03   0.523351E+04   0.104769E+02   0.123088E+04   0.104691E+02
   0.139000E+03   0.523351E+04   0.104769E+02   0.123088E+04   0.104691E+02
   0.139100E+03   0.523351E+04   0.104769E+02   0.123088E+04   0.104691E+02
   0.139200E+03   0.523351E+04   0.104769E+02   0.123088E+04   0.104691E+02
   0.139300E+03   0.523351E+04   0.104769E+02   0.123088E+04   0.104691E+02
   0.139400E+03   0.523351E+04   0.104769E+02   0.123088E+04   0.104691E+02
   0.139500E+03   0.523351E+04   0.104769E+02   0.123088E+04   0.104691E+02
   0.139600E+03   0.523351E+04   0.104769E+02   0.123088E+04   0.104691E+02
   0.139700E+03   0.523351E+04   0.104769E+02   0.123088E+04   0.104691E+02
   0.139800E+03   0.523351E+04   0.104769E+02   0.123088E+04   0.104691E+02
   0.139900E+03   0.523351E+04   0.104769E+02   0.123088E+04   0.104691E+02
   0.140000E+03   0.523351E+04   0.104769E+02   0.123088E+04   0.104690E+02
   0.140100E+03   0.523351E+04   0.104769E+02   0.123088E+04   0.104690E+02
   0.140200E+03   0.523351E+04   0.104769E+02   0.123088E+04   0.104690E+02
   0.140300E+03   0.523351E+04   0.104769E+02   0.123088E+04   0.104690E+02
   0.140400E+03   0.523351E+04   0.104769E+02   0.123088E+04   0.104690E+02
   0.140500E+03   0.523351E+04   0.104769E+02   0.123088E+04   0.104690E+02
   0.140600E+03   0.523351E+04   0.104769E+02   0.123088E+04   0.104690E+02
   0.140700E+03   0.523351E+04   0.104769E+02   0.123088E+04   0.104690E+02
   0.140800E+03   0.523351E+04   0.104769E+02   0.123088E+04   0.104690E+02
   0.140900E+03   0.523351E+04   0.104769E+02   0.123088E+04   0.104690E+02
   0.141000E+03   0.523351E+04   0.104769E+02   0.123088E+04   0.104690E+02
   0.141100E+03   0.523351E+04   0.104769E+02   0.123088E+04   0.104690E+02
   0.141200E+03   0.523351E+04   0.104769E+02   0.123088E+04   0.104690E+02
   0.141300E+03   0.523351E+04   0.104769E+02   0.123088E+04   0.104690E+02
   0.141400E+03   0.523351E+04   0.104769E+02   0.123088E+04   0.104690E+02
   0.141500E+03   0.523351E+04   0.104769E+02   0.123088E+04   0.104690E+02
   0.141600E+03   0.523351E+04   0.104769E+02   0.123088E+04   0.104690E+02
   0.141700E+03   0.523351E+04   0.104769E+02   0.123088E+04   0.104690E+02
   0.141800E+03   0.523351E+04   0.104769E+02   0.123088E+04   0.104690E+02
   0.141900E+03   0.523351E+04   0.104769E+02   0.123088E+04   0.104690E+02
   0.142000E+03   0.523351E+04   0.104769E+02   0.123088E+04   0.104690E+02
   0.142100E+03   0.523351E+04   0.104769E+02   0.123088E+04   0.104690E+02
   0.142200E+03   0.523351E+04   0.104769E+02   0.123088E+04   0.104690E+02
   0.142300E+03   0.523351E+04   0.104769E+02   0.123088E+04   0.104690E+02
   0.142400E+03   0.523351E+04   0.104769E+02   0.123088E+04   0.104690E+02
   0.142500E+03   0.523351E+04   0.104769E+02   0.123088E+04   0.104690E+02
   0.142600E+03   0.523351E+04   0.104769E+02   0.123088E+04   0.104690E+02
   0.142700E+03   0.523351E+04   0.104769E+02   0.123088E+04   0.104690E+02
   0.142800E+03   0.523351E+04   0.104769E+02   0.123088E+04   0.104690E+02
   0.142900E+03   0.523351E+04   0.104769E+02   0.123088E+04   0.104690E+02
   0.143000E+03   0.523351E+04   0.104769E+02   0.123088E+04   0.104690E+02
   0.143100E+03   0.523351E+04   0.104769E+02   0.123088E+04   0.104690E+02
   0.143200E+03   0.523351E+04   0.104769E+02   0.123088E+04   0.104690E+02
   0.143300E+03   0.523351E+04   0.104769E+02   0.123088E+04   0.104690E+02
   0.143400E+03   0.523351E+04   0.104769E+02   0.123088E+04   0.104690E+02
   0.143500E+03   0.523351E+04   0.104769E+02   0.123088E+04   0.104690E+02
   0.143600E+03   0.523351E+04   0.104769E+02   0.123088E+04   0.104690E+02
   0.143700E+03   0.523351E+04   0.104769E+02   0.123088E+04   0.104690E+02
   0.143800E+03   0.523351E+04   0.104769E+02   0.123088E+04   0.104690E+02
   0.143900E+03   0.523351E+04   0.104769E+02   0.123088E+04   0.104690E+02
   0.144000E+03   0.523351E+04   0.104769E+02   0.123088E+04   0.104690E+02
   0.144100E+03   0.523351E+04   0.104769E+02   0.123088E+04   0.104690E+02
   0.144200E+03   0.523351E+04   0.104769E+02   0.123088E+04   0.104690E+02
   0.144300E+03   0.523351E+04   0.104769E+02   0.123088E+04   0.104690E+02
   0.144400E+03   0.523351E+04   0.104769E+02   0.123088E+04   0.104690E+02
   0.144500E+03   0.523351E+04   0.104769E+02   0.123088E+04   0.104690E+02
   0.144600E+03   0.523351E+04   0.104769E+02   0.123088E+04   0.104690E+02
   0.144700E+03   0.523351E+04   0.104769E+02   0.123088E+04   0.104690E+02
   0.144800E+03   0.523351E+04   0.104769E+02   0.123088E+04   0.104690E+02
   0.144900E+03   0.523351E+04   0.104769E+02   0.123088E+04   0.104690E+02
   0.145000E+03   0.523351E+04   0.104769E+02   0.123088E+04   0.104690E+02
   0.145100E+03   0.523351E+04   0.104769E+02   0.123088E+04   0.104690E+02
   0.145200E+03   0.523351E+04   0.104769E+02   0.123088E+04   0.104690E+02
   0.145300E+03   0.523351E+04   0.104769E+02   0.123088E+04   0.104690E+02
   0.145400E+03   0.523351E+04   0.104769E+02   0.123088E+04   0.104690E+02
   0.145500E+03   0.523351E+04   0.104769E+02   0.123088E+04   0.104690E+02
   0.145600E+03   0.523351E+04   0.104769E+02   0.123088E+04   0.104690E+02
   0.145700E+03   0.523351E+04   0.104769E+02   0.123088E+04   0.104690E+02
   0.145800E+03   0.523351E+04   0.104769E+02   0.123088E+04   0.104690E+02
   0.145900E+03   0.523351E+04   0.104769E+02   0.123088E+04   0.104690E+02
   0.146000E+03   0.523351E+04   0.104769E+02   0.123088E+04   0.104690E+02
   0.146100E+03   0.523351E+04   0.104769E+02   0.123088E+04   0.104690E+02
   0.146200E+03   0.523351E+04   0.104769E+02   0.123088E+04   0.104690E+02
   0.146300E+03   0.523351E+04   0.104769E+02   0.123088E+04   0.104690E+02
   0.146400E+03   0.523351E+04   0.104769E+02   0.123088E+04   0.104690E+02
   0.146500E+03   0.523351E+04   0.104769E+02   0.123088E+04   0.104690E+02
   0.146600E+03   0.523351E+04   0.104769E+02   0.123088E+04   0.104690E+02
   0.146700E+03   0.523351E+04   0.104769E+02   0.123088E+04   0.104690E+02
   0.146800E+03   0.523351E+04   0.104769E+02   0.123088E+04   0.104690E+02
   0.146900E+03   0.523351E+04   0.104769E+02   0.123088E+04   0.104690E+02
   0.147000E+03   0.523351E+04   0.104769E+02   0.123088E+04   0.104690E+02
   0.147100E+03   0.523351E+04   0.104769E+02   0.123088E+04   0.104690E+02
   0.147200E+03   0.523351E+04   0.104769E+02   0.123088E+04   0.104690E+02
   0.147300E+03   0.523351E+04   0.104769E+02   0.123088E+04   0.104690E+02
   0.147400E+03   0.523351E+04   0.104769E+02   0.123088E+04   0.104690E+02
   0.147500E+03   0.523351E+04   0.104769E+02   0.123088E+04   0.104690E+02
   0.147600E+03   0.523351E+04   0.104769E+02   0.123088E+04   0.104690E+02
   0.147700E+03   0.523351E+04   0.104769E+02   0.123088E+04   0.104690E+02
   0.147800E+03   0.523351E+04   0.104769E+02   0.123088E+04   0.104690E+02
   0.147900E+03   0.523351E+04   0.104769E+02   0.123088E+04   0.104690E+02
   0.148000E+03   0.523351E+04   0.104769E+02   0.123088E+04   0.104690E+02
   0.148100E+03   0.523351E+04   0.104769E+02   0.123088E+04   0.104690E+02
   0.148200E+03   0.523351E+04   0.104769E+02   0.123088E+04   0.104690E+02
   0.148300E+03   0.523351E+04   0.104769E+02   0.123088E+04   0.104690E+02
   0.148400E+03   0.523351E+04   0.104769E+02   0.123088E+04   0.104690E+02
   0.148500E+03   0.523351E+04   0.104769E+02   0.123088E+04   0.104690E+02
   0.148600E+03   0.523351E+04   0.104769E+02   0.123088E+04   0.104690E+02
   0.148700E+03   0.523351E+04   0.104769E+02   0.123088E+04   0.104690E+02
   0.148800E+03   0.523351E+04   0.104769E+02   0.123088E+04   0.104690E+02
   0.148900E+03   0.523351E+04   0.104769E+02   0.123088E+04   0.104690E+02
   0.149000E+03   0.523351E+04   0.104769E+02   0.123088E+04   0.104690E+02
   0.149100E+03   0.523351E+04   0.104769E+02   0.123088E+04   0.104690E+02
   0.149200E+03   0.523351E+04   0.104769E+02   0.123088E+04   0.104690E+02
   0.149300E+03   0.523351E+04   0.104769E+02   0.123088E+04   0.104690E+02
   0.149400E+03   0.523351E+04   0.104769E+02   0.123088E+04   0.104690E+02
   0.149500E+03   0.523351E+04   0.104769E+02   0.123088E+04   0.104690E+02
   0.149600E+03   0.523351E+04   0.104769E+02   0.123088E+04   0.104690E+02
   0.149700E+03   0.523351E+04   0.104769E+02   0.123088E+04   0.104690E+02
   0.149800E+03   0.523351E+04   0.104769E+02   0.123088E+04   0.104690E+02
   0.149900E+03   0.523351E+04   0.104769E+02   0.123088E+04   0.104690E+02
   0.150000E+03   0.523351E+04   0.104769E+02   0.123088E+04   0.104690E+02
   0.150100E+03   0.523351E+04   0.104769E+02   0.123088E+04   0.104690E+02
   0.150200E+03   0.523351E+04   0.104769E+02   0.123088E+04   0.104690E+02
   0.150300E+03   0.523351E+04   0.104769E+02   0.123088E+04   0.104690E+02
   0.150400E+03   0.523351E+04   0.104769E+02   0.123088E+04   0.104690E+02
   0.150500E+03   0.523351E+04   0.104769E+02   0.123088E+04   0.104690E+02
   0.150600E+03   0.523351E+04   0.104769E+02   0.123088E+04   0.104690E+02
   0.150700E+03   0.523351E+04   0.104769E+02   0.123088E+04   0.104690E+02
   0.150800E+03   0.523351E+04   0.104769E+02   0.123088E+04   0.104690E+02
   0.150900E+03   0.523351E+04   0.104769E+02   0.123088E+04   0.104690E+02
   0.151000E+03   0.523351E+04   0.104769E+02   0.123088E+04   0.104690E+02
   0.151100E+03   0.523351E+04   0.104769E+02   0.123088E+04   0.104690E+02
   0.151200E+03   0.523351E+04   0.104769E+02   0.123088E+04   0.104690E+02
   0.151300E+03   0.523351E+04   0.104769E+02   0.123088E+04   0.104690E+02
   0.151400E+03   0.523351E+04   0.104769E+02   0.123088E+04   0.104690E+02
   0.151500E+03   0.523351E+04   0.104769E+02   0.123088E+04   0.104690E+02
   0.151600E+03   0.523351E+04   0.104769E+02   0.123088E+04   0.104690E+02
   0.151700E+03   0.523351E+04   0.104769E+02   0.123088E+04   0.104690E+02
   0.151800E+03   0.523351E+04   0.104769E+02   0.123088E+04   0.104690E+02
   0.151900E+03   0.523351E+04   0.104769E+02   0.123088E+04   0.104690E+02
   0.152000E+03   0.523351E+04   0.104769E+02   0.123088E+04   0.104690E+02
   0.152100E+03   0.523351E+04   0.104769E+02   0.123088E+04   0.104690E+02
   0.152200E+03   0.523351E+04   0.104769E+02   0.123088E+04   0.104690E+02
   0.152300E+03   0.523351E+04   0.104769E+02   0.123088E+04   0.104690E+02
   0.152400E+03   0.523351E+04   0.104769E+02   0.123088E+04   0.104690E+02
   0.152500E+03   0.523351E+04   0.104769E+02   0.123088E+04   0.104690E+02
   0.152600E+03   0.523351E+04   0.104769E+02   0.123088E+04   0.104690E+02
   0.152700E+03   0.523351E+04   0.104769E+02   0.123088E+04   0.104690E+02
   0.152800E+03   0.523351E+04   0.104769E+02   0.123088E+04   0.104690E+02
   0.152900E+03   0.523351E+04   0.104769E+02   0.123088E+04   0.104690E+02
   0.153000E+03   0.523351E+04   0.104769E+02   0.123088E+04   0.104690E+02
   0.153100E+03   0.523351E+04   0.104769E+02   0.123088E+04   0.104690E+02
   0.153200E+03   0.523351E+04   0.104769E+02   0.123088E+04   0.104690E+02
   0.153300E+03   0.523351E+04   0.104769E+02   0.123088E+04   0.104690E+02
   0.153400E+03   0.523351E+04   0.104769E+02   0.123088E+04   0.104690E+02
   0.153500E+03   0.523351E+04   0.104769E+02   0.123088E+04   0.104690E+02
   0.153600E+03   0.523351E+04   0.104769E+02   0.123088E+04   0.104690E+02
   0.153700E+03   0.523351E+04   0.104769E+02   0.123088E+04   0.104690E+02
   0.153800E+03   0.523351E+04   0.104769E+02   0.123088E+04   0.104690E+02
   0.153900E+03   0.523351E+04   0.104769E+02   0.123088E+04   0.104690E+02
   0.154000E+03   0.523351E+04   0.104769E+02   0.123088E+04   0.104690E+02
   0.154100E+03   0.523351E+04   0.104769E+02   0.123088E+04   0.104690E+02
   0.154200E+03   0.523351E+04   0.104769E+02   0.123088E+04   0.104690E+02
   0.154300E+03   0.523351E+04   0.104769E+02   0.123088E+04   0.104690E+02
   0.154400E+03   0.523351E+04   0.104769E+02   0.123088E+04   0.104690E+02
   0.154500E+03   0.523351E+04   0.104769E+02   0.123088E+04   0.104690E+02
   0.154600E+03   0.523351E+04   0.104769E+02   0.123088E+04   0.104690E+02
   0.154700E+03   0.523351E+04   0.104769E+02   0.123088E+04   0.104690E+02
   0.154800E+03   0.523351E+04   0.104769E+02   0.123088E+04   0.104690E+02
   0.154900E+03   0.523351E+04   0.104769E+02   0.123088E+04   0.104690E+02
   0.155000E+03   0.523351E+04   0.104769E+02   0.123088E+04   0.104690E+02
   0.155100E+03   0.523351E+04   0.104769E+02   0.123088E+04   0.104690E+02
   0.155200E+03   0.523351E+04   0.104769E+02   0.123088E+04   0.104690E+02
   0.155300E+03   0.523351E+04   0.104769E+02   0.123088E+04   0.104690E+02
   0.155400E+03   0.523351E+04   0.104769E+02   0.123088E+04   0.104690E+02
   0.155500E+03   0.523351E+04   0.104769E+02   0.123088E+04   0.104690E+02
   0.155600E+03   0.523351E+04   0.104769E+02   0.123088E+04   0.104690E+02
   0.155700E+03   0.523351E+04   0.104769E+02   0.123088E+04   0.104690E+02
   0.155800E+03   0.523351E+04   0.104769E+02   0.123088E+04   0.104690E+02
   0.155900E+03   0.523351E+04   0.104769E+02   0.123088E+04   0.104690E+02
   0.156000E+03   0.523351E+04   0.104769E+02   0.123088E+04   0.104690E+02
   0.156100E+03   0.523351E+04   0.104769E+02   0.123088E+04   0.104690E+02
   0.156200E+03   0.523351E+04   0.104769E+02   0.123088E+04   0.104690E+02
   0.156300E+03   0.523351E+04   0.104769E+02   0.123088E+04   0.104690E+02
   0.156400E+03   0.523351E+04   0.104769E+02   0.123088E+04   0.104690E+02
   0.156500E+03   0.523351E+04   0.104769E+02   0.123088E+04   0.104690E+02
   0.156600E+03   0.523351E+04   0.104769E+02   0.123088E+04   0.104690E+02
   0.156700E+03   0.523351E+04   0.104769E+02   0.123088E+04   0.104690E+02
   0.156800E+03   0.523351E+04   0.104769E+02   0.123088E+04   0.104690E+02
   0.156900E+03   0.523351E+04   0.104769E+02   0.123088E+04   0.104690E+02
   0.157000E+03   0.523351E+04   0.104769E+02   0.123088E+04   0.104690E+02
   0.157100E+03   0.523351E+04   0.104769E+02   0.123088E+04   0.104690E+02
   0.157200E+03   0.523351E+04   0.104769E+02   0.123088E+04   0.104690E+02
   0.157300E+03   0.523351E+04   0.104769E+02   0.123088E+04   0.104690E+02
   0.157400E+03   0.523351E+04   0.104769E+02   0.123088E+04   0.104690E+02
   0.157500E+03   0.523351E+04   0.104769E+02   0.123088E+04   0.104690E+02
   0.157600E+03   0.523351E+04   0.104769E+02   0.123088E+04   0.104690E+02
   0.157700E+03   0.523351E+04   0.104769E+02   0.123088E+04   0.104690E+02
   0.157800E+03   0.523351E+04   0.104769E+02   0.123088E+04   0.104690E+02
   0.157900E+03   0.523351E+04   0.104769E+02   0.123088E+04   0.104690E+02
   0.158000E+03   0.523351E+04   0.104769E+02   0.123088E+04   0.104690E+02
   0.158100E+03   0.523351E+04   0.104769E+02   0.123088E+04   0.104690E+02
   0.158200E+03   0.523351E+04   0.104769E+02   0.123088E+04   0.104690E+02
   0.158300E+03   0.523351E+04   0.104769E+02   0.123088E+04   0.104690E+02
   0.158400E+03   0.523351E+04   0.104769E+02   0.123088E+04   0.104690E+02
   0.158500E+03   0.523351E+04   0.104769E+02   0.123088E+04   0.104690E+02
   0.158600E+03   0.523351E+04   0.104769E+02   0.123088E+04   0.104690E+02
   0.158700E+03   0.523351E+04   0.104769E+02   0.123088E+04   0.104690E+02
   0.158800E+03   0.523351E+04   0.104769E+02   0.123088E+04   0.104690E+02
   0.158900E+03   0.523351E+04   0.104769E+02   0.123088E+04   0.104690E+02
   0.159000E+03   0.523351E+04   0.104769E+02   0.123088E+04   0.104690E+02
   0.159100E+03   0.523351E+04   0.104769E+02   0.123088E+04   0.104690E+02
   0.159200E+03   0.523351E+04   0.104769E+02   0.123088E+04   0.104690E+02
   0.159300E+03   0.523351E+04   0.104769E+02   0.123088E+04   0.104690E+02
   0.159400E+03   0.523351E+04   0.104769E+02   0.123088E+04   0.104690E+02
   0.159500E+03   0.523351E+04   0.104769E+02   0.123088E+04   0.104690E+02
   0.159600E+03   0.523351E+04   0.104769E+02   0.123088E+04   0.104690E+02
   0.159700E+03   0.523351E+04   0.104769E+02   0.123088E+04   0.104690E+02
   0.159800E+03   0.523351E+04   0.104769E+02   0.123088E+04   0.104690E+02
   0.159900E+03   0.523351E+04   0.104769E+02   0.123088E+04   0.104690E+02
   0.160000E+03   0.523351E+04   0.104769E+02   0.123088E+04   0.104690E+02
   0.160100E+03   0.523351E+04   0.104769E+02   0.123088E+04   0.104690E+02
   0.160200E+03   0.523351E+04   0.104769E+02   0.123088E+04   0.104690E+02
   0.160300E+03   0.523351E+04   0.104769E+02   0.123088E+04   0.104690E+02
   0.160400E+03   0.523351E+04   0.104769E+02   0.123088E+04   0.104690E+02
   0.160500E+03   0.523351E+04   0.104769E+02   0.123088E+04   0.104690E+02
   0.160600E+03   0.523351E+04   0.104769E+02   0.123088E+04   0.104690E+02
   0.160700E+03   0.523351E+04   0.104769E+02   0.123088E+04   0.104690E+02
   0.160800E+03   0.523351E+04   0.104769E+02   0.123088E+04   0.104690E+02
   0.160900E+03   0.523351E+04   0.104769E+02   0.123088E+04   0.104690E+02
   0.161000E+03   0.523351E+04   0.104769E+02   0.123088E+04   0.104690E+02
   0.161100E+03   0.523351E+04   0.104769E+02   0.123088E+04   0.104690E+02
   0.161200E+03   0.523351E+04   0.104769E+02   0.123088E+04   0.104690E+02
   0.161300E+03   0.523351E+04   0.104769E+02   0.123088E+04   0.104690E+02
   0.161400E+03   0.523351E+04   0.104769E+02   0.123088E+04   0.104690E+02
   0.161500E+03   0.523351E+04   0.104769E+02   0.123088E+04   0.104690E+02
   0.161600E+03   0.523351E+04   0.104769E+02   0.123088E+04   0.104690E+02
   0.161700E+03   0.523351E+04   0.104769E+02   0.123088E+04   0.104690E+02
   0.161800E+03   0.523351E+04   0.104769E+02   0.123088E+04   0.104690E+02
   0.161900E+03   0.523351E+04   0.104769E+02   0.123088E+04   0.104690E+02
   0.162000E+03   0.523351E+04   0.104769E+02   0.123088E+04   0.104690E+02
   0.162100E+03   0.523351E+04   0.104769E+02   0.123088E+04   0.104690E+02
   0.162200E+03   0.523351E+04   0.104769E+02   0.123088E+04   0.104690E+02
   0.162300E+03   0.523351E+04   0.104769E+02   0.123088E+04   0.104690E+02
   0.162400E+03   0.523351E+04   0.104769E+02   0.123088E+04   0.104690E+02
   0.162500E+03   0.523351E+04   0.104769E+02   0.123088E+04   0.104690E+02
   0.162600E+03   0.523351E+04   0.104769E+02   0.123088E+04   0.104690E+02
   0.162700E+03   0.523351E+04   0.104769E+02   0.123088E+04   0.104690E+02
   0.162800E+03   0.523351E+04   0.104769E+02   0.123088E+04   0.104690E+02
   0.162900E+03   0.523351E+04   0.104769E+02   0.123088E+04   0.104690E+02
   0.163000E+03   0.523351E+04   0.104769E+02   0.123088E+04   0.104690E+02
   0.163100E+03   0.523351E+04   0.104769E+02   0.123088E+04   0.104690E+02
   0.163200E+03   0.523351E+04   0.104769E+02   0.123088E+04   0.104690E+02
   0.163300E+03   0.523351E+04   0.104769E+02   0.123088E+04   0.104690E+02
   0.163400E+03   0.523351E+04   0.104769E+02   0.123088E+04   0.104690E+02
   0.163500E+03   0.523351E+04   0.104769E+02   0.123088E+04   0.104690E+02
   0.163600E+03   0.523351E+04   0.104769E+02   0.123088E+04   0.104690E+02
   0.163700E+03   0.523351E+04   0.104769E+02   0.123088E+04   0.104690E+02
   0.163800E+03   0.523351E+04   0.104769E+02   0.123088E+04   0.104690E+02
   0.163900E+03   0.523351E+04   0.104769E+02   0.123088E+04   0.104690E+02
   0.164000E+03   0.523351E+04   0.104769E+02   0.123088E+04   0.104690E+02
   0.164100E+03   0.523351E+04   0.104769E+02   0.123088E+04   0.104690E+02
   0.164200E+03   0.523351E+04   0.104769E+02   0.123088E+04   0.104690E+02
   0.164300E+03   0.523351E+04   0.104769E+02   0.123088E+04   0.104690E+02
   0.164400E+03   0.523351E+04   0.104769E+02   0.123088E+04   0.104690E+02
   0.164500E+03   0.523351E+04   0.104769E+02   0.123088E+04   0.104690E+02
   0.164600E+03   0.523351E+04   0.104769E+02   0.123088E+04   0.104690E+02
   0.164700E+03   0.523351E+04   0.104769E+02   0.123088E+04   0.104690E+02
   0.164800E+03   0.523351E+04   0.104769E+02   0.123088E+04   0.104690E+02
   0.164900E+03   0.523351E+04   0.104769E+02   0.123088E+04   0.104690E+02
   0.165000E+03   0.523351E+04   0.104769E+02   0.123088E+04   0.104690E+02
   0.165100E+03   0.523351E+04   0.104769E+02   0.123088E+04   0.104690E+02
   0.165200E+03   0.523351E+04   0.104769E+02   0.123088E+04   0.104690E+02
   0.165300E+03   0.523351E+04   0.104769E+02   0.123088E+04   0.104690E+02
   0.165400E+03   0.523351E+04   0.104769E+02   0.123088E+04   0.104690E+02
   0.165500E+03   0.523351E+04   0.104769E+02   0.123088E+04   0.104690E+02
   0.165600E+03   0.523351E+04   0.104769E+02   0.123088E+04   0.104690E+02
   0.165700E+03   0.523351E+04   0.104769E+02   0.123088E+04   0.104690E+02
   0.165800E+03   0.523351E+04   0.104769E+02   0.123088E+04   0.104690E+02
   0.165900E+03   0.523351E+04   0.104769E+02   0.123088E+04   0.104690E+02
   0.166000E+03   0.523351E+04   0.104769E+02   0.123088E+04   0.104690E+02
   0.166100E+03   0.523351E+04   0.104769E+02   0.123088E+04   0.104690E+02
   0.166200E+03   0.523351E+04   0.104769E+02   0.123088E+04   0.104690E+02
   0.166300E+03   0.523351E+04   0.104769E+02   0.123088E+04   0.104690E+02
   0.166400E+03   0.523351E+04   0.104769E+02   0.123088E+04   0.104690E+02
   0.166500E+03   0.523351E+04   0.104769E+02   0.123088E+04   0.104690E+02
   0.166600E+03   0.523351E+04   0.104769E+02   0.123088E+04   0.104690E+02
   0.166700E+03   0.523351E+04   0.104769E+02   0.123088E+04   0.104690E+02
   0.166800E+03   0.523351E+04   0.104769E+02   0.123088E+04   0.104690E+02
   0.166900E+03   0.523351E+04   0.104769E+02   0.123088E+04   0.104690E+02
   0.167000E+03   0.523351E+04   0.104769E+02   0.123088E+04   0.104690E+02
   0.167100E+03   0.523351E+04   0.104769E+02   0.123088E+04   0.104690E+02
   0.167200E+03   0.523351E+04   0.104769E+02   0.123088E+04   0.104690E+02
   0.167300E+03   0.523351E+04   0.104769E+02   0.123088E+04   0.104690E+02
   0.167400E+03   0.523351E+04   0.104769E+02   0.123088E+04   0.104690E+02
   0.167500E+03   0.523351E+04   0.104769E+02   0.123088E+04   0.104690E+02
   0.167600E+03   0.523351E+04   0.104769E+02   0.123088E+04   0.104690E+02
   0.167700E+03   0.523351E+04   0.104769E+02   0.123088E+04   0.104690E+02
   0.167800E+03   0.523351E+04   0.104769E+02   0.123088E+04   0.104690E+02
   0.167900E+03   0.523351E+04   0.104769E+02   0.123088E+04   0.104690E+02
   0.168000E+03   0.523351E+04   0.104769E+02   0.123088E+04   0.104690E+02
   0.168100E+03   0.523351E+04   0.104769E+02   0.123088E+04   0.104690E+02
   0.168200E+03   0.523351E+04   0.104769E+02   0.123088E+04   0.104690E+02
   0.168300E+03   0.523351E+04   0.104769E+02   0.123088E+04   0.104690E+02
   0.168400E+03   0.523351E+04   0.104769E+02   0.123088E+04   0.104690E+02
   0.168500E+03   0.523351E+04   0.104769E+02   0.123088E+04   0.104690E+02
   0.168600E+03   0.523351E+04   0.104769E+02   0.123088E+04   0.104690E+02
   0.168700E+03   0.523351E+04   0.104769E+02   0.123088E+04   0.104690E+02
   0.168800E+03   0.523351E+04   0.104769E+02   0.123088E+04   0.104690E+02
   0.168900E+03   0.523351E+04   0.104769E+02   0.123088E+04   0.104690E+02
   0.169000E+03   0.523351E+04   0.104769E+02   0.123088E+04   0.104690E+02
   0.169100E+03   0.523351E+04   0.104769E+02   0.123088E+04   0.104690E+02
   0.169200E+03   0.523351E+04   0.104769E+02   0.123088E+04   0.104690E+02
   0.169300E+03   0.523351E+04   0.104769E+02   0.123088E+04   0.104690E+02
   0.169400E+03   0.523351E+04   0.104769E+02   0.123088E+04   0.104690E+02
   0.169500E+03   0.523351E+04   0.104769E+02   0.123088E+04   0.104690E+02
   0.169600E+03   0.523351E+04   0.104769E+02   0.123088E+04   0.104690E+02
   0.169700E+03   0.523351E+04   0.104769E+02   0.123088E+04   0.104690E+02
   0.169800E+03   0.523351E+04   0.104769E+02   0.123088E+04   0.104690E+02
   0.169900E+03   0.523351E+04   0.104769E+02   0.123088E+04   0.104690E+02
   0.170000E+03   0.523351E+04   0.104769E+02   0.123088E+04   0.104690E+02
   0.170100E+03   0.523351E+04   0.104769E+02   0.123088E+04   0.104690E+02
   0.170200E+03   0.523351E+04   0.104769E+02   0.123088E+04   0.104690E+02
   0.170300E+03   0.523351E+04   0.104769E+02   0.123088E+04   0.104690E+02
   0.170400E+03   0.523351E+04   0.104769E+02   0.123088E+04   0.104690E+02
   0.170500E+03   0.523351E+04   0.104769E+02   0.123088E+04   0.104690E+02
   0.170600E+03   0.523351E+04   0.104769E+02   0.123088E+04   0.104690E+02
   0.170700E+03   0.523351E+04   0.104769E+02   0.123088E+04   0.104690E+02
   0.170800E+03   0.523351E+04   0.104769E+02   0.123088E+04   0.104690E+02
   0.170900E+03   0.523351E+04   0.104769E+02   0.123088E+04   0.104690E+02
   0.171000E+03   0.523351E+04   0.104769E+02   0.123088E+04   0.104690E+02
   0.171100E+03   0.523351E+04   0.104769E+02   0.123088E+04   0.104690E+02
   0.171200E+03   0.523351E+04   0.104769E+02   0.123088E+04   0.104690E+02
   0.171300E+03   0.523351E+04   0.104769E+02   0.123088E+04   0.104690E+02
   0.171400E+03   0.523351E+04   0.104769E+02   0.123088E+04   0.104690E+02
   0.171500E+03   0.523351E+04   0.104769E+02   0.123088E+04   0.104690E+02
   0.171600E+03   0.523351E+04   0.104769E+02   0.123088E+04   0.104690E+02
   0.171700E+03   0.523351E+04   0.104769E+02   0.123088E+04   0.104690E+02
   0.171800E+03   0.523351E+04   0.104769E+02   0.123088E+04   0.104690E+02
   0.171900E+03   0.523351E+04   0.104769E+02   0.123088E+04   0.104690E+02
   0.172000E+03   0.523351E+04   0.104769E+02   0.123088E+04   0.104690E+02
   0.172100E+03   0.523351E+04   0.104769E+02   0.123088E+04   0.104690E+02
   0.172200E+03   0.523351E+04   0.104769E+02   0.123088E+04   0.104690E+02
   0.172300E+03   0.523351E+04   0.104769E+02   0.123088E+04   0.104690E+02
   0.172400E+03   0.523351E+04   0.104769E+02   0.123088E+04   0.104690E+02
   0.172500E+03   0.523351E+04   0.104769E+02   0.123088E+04   0.104690E+02
   0.172600E+03   0.523351E+04   0.104769E+02   0.123088E+04   0.104690E+02
   0.172700E+03   0.523351E+04   0.104769E+02   0.123088E+04   0.104690E+02
   0.172800E+03   0.523351E+04   0.104769E+02   0.123088E+04   0.104690E+02
   0.172900E+03   0.523351E+04   0.104769E+02   0.123088E+04   0.104690E+02
   0.173000E+03   0.523351E+04   0.104769E+02   0.123088E+04   0.104690E+02
   0.173100E+03   0.523351E+04   0.104769E+02   0.123088E+04   0.104690E+02
   0.173200E+03   0.523351E+04   0.104769E+02   0.123088E+04   0.104690E+02
   0.173300E+03   0.523351E+04   0.104769E+02   0.123088E+04   0.104690E+02
   0.173400E+03   0.523351E+04   0.104769E+02   0.123088E+04   0.104690E+02
   0.173500E+03   0.523351E+04   0.104769E+02   0.123088E+04   0.104690E+02
   0.173600E+03   0.523351E+04   0.104769E+02   0.123088E+04   0.104690E+02
   0.173700E+03   0.523351E+04   0.104769E+02   0.123088E+04   0.104690E+02
   0.173800E+03   0.523351E+04   0.104769E+02   0.123088E+04   0.104690E+02
   0.173900E+03   0.523351E+04   0.104769E+02   0.123088E+04   0.104690E+02
   0.174000E+03   0.523351E+04   0.104769E+02   0.123088E+04   0.104690E+02
   0.174100E+03   0.523351E+04   0.104769E+02   0.123088E+04   0.104690E+02
   0.174200E+03   0.523351E+04   0.104769E+02   0.123088E+04   0.104690E+02
   0.174300E+03   0.523351E+04   0.104769E+02   0.123088E+04   0.104690E+02
   0.174400E+03   0.523351E+04   0.104769E+02   0.123088E+04   0.104690E+02
   0.174500E+03   0.523351E+04   0.104769E+02   0.123088E+04   0.104690E+02
   0.174600E+03   0.523351E+04   0.104769E+02   0.123088E+04   0.104690E+02
   0.174700E+03   0.523351E+04   0.104769E+02   0.123088E+04   0.104690E+02
   0.174800E+03   0.523351E+04   0.104769E+02   0.123088E+04   0.104690E+02
   0.174900E+03   0.523351E+04   0.104769E+02   0.123088E+04   0.104690E+02
   0.175000E+03   0.523351E+04   0.104769E+02   0.123088E+04   0.104690E+02
   0.175100E+03   0.523351E+04   0.104769E+02   0.123088E+04   0.104690E+02
   0.175200E+03   0.523351E+04   0.104769E+02   0.123088E+04   0.104690E+02
   0.175300E+03   0.523351E+04   0.104769E+02   0.123088E+04   0.104690E+02
   0.175400E+03   0.523351E+04   0.104769E+02   0.123088E+04   0.104690E+02
   0.175500E+03   0.523351E+04   0.104769E+02   0.123088E+04   0.104690E+02
   0.175600E+03   0.523351E+04   0.104769E+02   0.123088E+04   0.104690E+02
   0.175700E+03   0.523351E+04   0.104769E+02   0.123088E+04   0.104690E+02
   0.175800E+03   0.523351E+04   0.104769E+02   0.123088E+04   0.104690E+02
   0.175900E+03   0.523351E+04   0.104769E+02   0.123088E+04   0.104690E+02
   0.176000E+03   0.523351E+04   0.104769E+02   0.123088E+04   0.104690E+02
   0.176100E+03   0.523351E+04   0.104769E+02   0.123088E+04   0.104690E+02
   0.176200E+03   0.523351E+04   0.104769E+02   0.123088E+04   0.104690E+02
   0.176300E+03   0.523351E+04   0.104769E+02   0.123088E+04   0.104690E+02
   0.176400E+03   0.523351E+04   0.104769E+02   0.123088E+04   0.104690E+02
   0.176500E+03   0.523351E+04   0.104769E+02   0.123088E+04   0.104690E+02
   0.176600E+03   0.523351E+04   0.104769E+02   0.123088E+04   0.104690E+02
   0.176700E+03   0.523351E+04   0.104769E+02   0.123088E+04   0.104690E+02
   0.176800E+03   0.523351E+04   0.104769E+02   0.123088E+04   0.104690E+02
   0.176900E+03   0.523351E+04   0.104769E+02   0.123088E+04   0.104690E+02
   0.177000E+03   0.523351E+04   0.104769E+02   0.123088E+04   0.104690E+02
   0.177100E+03   0.523351E+04   0.104769E+02   0.123088E+04   0.104690E+02
   0.177200E+03   0.523351E+04   0.104769E+02   0.123088E+04   0.104690E+02
   0.177300E+03   0.523351E+04   0.104769E+02   0.123088E+04   0.104690E+02
   0.177400E+03   0.523351E+04   0.104769E+02   0.123088E+04   0.104690E+02
   0.177500E+03   0.523351E+04   0.104769E+02   0.123088E+04   0.104690E+02
   0.177600E+03   0.523351E+04   0.104769E+02   0.123088E+04   0.104690E+02
   0.177700E+03   0.523351E+04   0.104769E+02   0.123088E+04   0.104690E+02
   0.177800E+03   0.523351E+04   0.104769E+02   0.123088E+04   0.104690E+02
   0.177900E+03   0.523351E+04   0.104769E+02   0.123088E+04   0.104690E+02
   0.178000E+03   0.523351E+04   0.104769E+02   0.123088E+04   0.104690E+02
   0.178100E+03   0.523351E+04   0.104769E+02   0.123088E+04   0.104690E+02
   0.178200E+03   0.523351E+04   0.104769E+02   0.123088E+04   0.104690E+02
   0.178300E+03   0.523351E+04   0.104769E+02   0.123088E+04   0.104690E+02
   0.178400E+03   0.523351E+04   0.104769E+02   0.123088E+04   0.104690E+02
   0.178500E+03   0.523351E+04   0.104769E+02   0.123088E+04   0.104690E+02
   0.178600E+03   0.523351E+04   0.104769E+02   0.123088E+04   0.104690E+02
   0.178700E+03   0.523351E+04   0.104769E+02   0.123088E+04   0.104690E+02
   0.178800E+03   0.523351E+04   0.104769E+02   0.123088E+04   0.104690E+02
   0.178900E+03   0.523351E+04   0.104769E+02   0.123088E+04   0.104690E+02
   0.179000E+03   0.523351E+04   0.104769E+02   0.123088E+04   0.104690E+02
   0.179100E+03   0.523351E+04   0.104769E+02   0.123088E+04   0.104690E+02
   0.179200E+03   0.523351E+04   0.104769E+02   0.123088E+04   0.104690E+02
   0.179300E+03   0.523351E+04   0.104769E+02   0.123088E+04   0.104690E+02
   0.179400E+03   0.523351E+04   0.104769E+02   0.123088E+04   0.104690E+02
   0.179500E+03   0.523351E+04   0.104769E+02   0.123088E+04   0.104690E+02
   0.179600E+03   0.523351E+04   0.104769E+02   0.123088E+04   0.104690E+02
   0.179700E+03   0.523351E+04   0.104769E+02   0.123088E+04   0.104690E+02
   0.179800E+03   0.523351E+04   0.104769E+02   0.123088E+04   0.104690E+02
   0.179900E+03   0.523351E+04   0.104769E+02   0.123088E+04   0.104690E+02
   0.180000E+03   0.523351E+04   0.104769E+02   0.123088E+04   0.104690E+02
   0.180100E+03   0.523351E+04   0.104769E+02   0.123088E+04   0.104690E+02
   0.180200E+03   0.523351E+04   0.104769E+02   0.123088E+04   0.104690E+02
   0.180300E+03   0.523351E+04   0.104769E+02   0.123088E+04   0.104690E+02
   0.180400E+03   0.523351E+04   0.104769E+02   0.123088E+04   0.104690E+02
   0.180500E+03   0.523351E+04   0.104769E+02   0.123088E+04   0.104690E+02
   0.180600E+03   0.523351E+04   0.104769E+02   0.123088E+04   0.104690E+02
   0.180700E+03   0.523351E+04   0.104769E+02   0.123088E+04   0.104690E+02
   0.180800E+03   0.523351E+04   0.104769E+02   0.123088E+04   0.104690E+02
   0.180900E+03   0.523351E+04   0.104769E+02   0.123088E+04   0.104690E+02
   0.181000E+03   0.523351E+04   0.104769E+02   0.123088E+04   0.104690E+02
   0.181100E+03   0.523351E+04   0.104769E+02   0.123088E+04   0.104690E+02
   0.181200E+03   0.523351E+04   0.104769E+02   0.123088E+04   0.104690E+02
   0.181300E+03   0.523351E+04   0.104769E+02   0.123088E+04   0.104690E+02
   0.181400E+03   0.523351E+04   0.104769E+02   0.123088E+04   0.104690E+02
   0.181500E+03   0.523351E+04   0.104769E+02   0.123088E+04   0.104690E+02
   0.181600E+03   0.523351E+04   0.104769E+02   0.123088E+04   0.104690E+02
   0.181700E+03   0.523351E+04   0.104769E+02   0.123088E+04   0.104690E+02
   0.181800E+03   0.523351E+04   0.104769E+02   0.123088E+04   0.104690E+02
   0.181900E+03   0.523351E+04   0.104769E+02   0.123088E+04   0.104690E+02
   0.182000E+03   0.523351E+04   0.104769E+02   0.123088E+04   0.104690E+02
   0.182100E+03   0.523351E+04   0.104769E+02   0.123088E+04   0.104690E+02
   0.182200E+03   0.523351E+04   0.104769E+02   0.123088E+04   0.104690E+02
   0.182300E+03   0.523351E+04   0.104769E+02   0.123088E+04   0.104690E+02
   0.182400E+03   0.523351E+04   0.104769E+02   0.123088E+04   0.104690E+02
   0.182500E+03   0.523351E+04   0.104769E+02   0.123088E+04   0.104690E+02
   0.182600E+03   0.523351E+04   0.104769E+02   0.123088E+04   0.104690E+02
   0.182700E+03   0.523351E+04   0.104769E+02   0.123088E+04   0.104690E+02
   0.182800E+03   0.523351E+04   0.104769E+02   0.123088E+04   0.104690E+02
   0.182900E+03   0.523351E+04   0.104769E+02   0.123088E+04   0.104690E+02
   0.183000E+03   0.523351E+04   0.104769E+02   0.123088E+04   0.104690E+02
   0.183100E+03   0.523351E+04   0.104769E+02   0.123088E+04   0.104690E+02
   0.183200E+03   0.523351E+04   0.104769E+02   0.123088E+04   0.104690E+02
   0.183300E+03   0.523351E+04   0.104769E+02   0.123088E+04   0.104690E+02
   0.183400E+03   0.523351E+04   0.104769E+02   0.123088E+04   0.104690E+02
   0.183500E+03   0.523351E+04   0.104769E+02   0.123088E+04   0.104690E+02
   0.183600E+03   0.523351E+04   0.104769E+02   0.123088E+04   0.104690E+02
   0.183700E+03   0.523351E+04   0.104769E+02   0.123088E+04   0.104690E+02
   0.183800E+03   0.523351E+04   0.104769E+02   0.123088E+04   0.104690E+02
   0.183900E+03   0.523351E+04   0.104769E+02   0.123088E+04   0.104690E+02
   0.184000E+03   0.523351E+04   0.104769E+02   0.123088E+04   0.104690E+02
   0.184100E+03   0.523351E+04   0.104769E+02   0.123088E+04   0.104690E+02
   0.184200E+03   0.523351E+04   0.104769E+02   0.123088E+04   0.104690E+02
   0.184300E+03   0.523351E+04   0.104769E+02   0.123088E+04   0.104690E+02
   0.184400E+03   0.523351E+04   0.104769E+02   0.123088E+04   0.104690E+02
   0.184500E+03   0.523351E+04   0.104769E+02   0.123088E+04   0.104690E+02
   0.184600E+03   0.523351E+04   0.104769E+02   0.123088E+04   0.104690E+02
   0.184700E+03   0.523351E+04   0.104769E+02   0.123088E+04   0.104690E+02
   0.184800E+03   0.523351E+04   0.104769E+02   0.123088E+04   0.104690E+02
   0.184900E+03   0.523351E+04   0.104769E+02   0.123088E+04   0.104690E+02
   0.185000E+03   0.523351E+04   0.104769E+02   0.123088E+04   0.104690E+02
   0.185100E+03   0.523351E+04   0.104769E+02   0.123088E+04   0.104690E+02
   0.185200E+03   0.523351E+04   0.104769E+02   0.123088E+04   0.104690E+02
   0.185300E+03   0.523351E+04   0.104769E+02   0.123088E+04   0.104690E+02
   0.185400E+03   0.523351E+04   0.104769E+02   0.123088E+04   0.104690E+02
   0.185500E+03   0.523351E+04   0.104769E+02   0.123088E+04   0.104690E+02
   0.185600E+03   0.523351E+04   0.104769E+02   0.123088E+04   0.104690E+02
   0.185700E+03   0.523351E+04   0.104769E+02   0.123088E+04   0.104690E+02
   0.185800E+03   0.523351E+04   0.104769E+02   0.123088E+04   0.104690E+02
   0.185900E+03   0.523351E+04   0.104769E+02   0.123088E+04   0.104690E+02
   0.186000E+03   0.523351E+04   0.104769E+02   0.123088E+04   0.104690E+02
   0.186100E+03   0.523351E+04   0.104769E+02   0.123088E+04   0.104690E+02
   0.186200E+03   0.523351E+04   0.104769E+02   0.123088E+04   0.104690E+02
   0.186300E+03   0.523351E+04   0.104769E+02   0.123088E+04   0.104690E+02
   0.186400E+03   0.523351E+04   0.104769E+02   0.123088E+04   0.104690E+02
   0.186500E+03   0.523351E+04   0.104769E+02   0.123088E+04   0.104690E+02
   0.186600E+03   0.523351E+04   0.104769E+02   0.123088E+04   0.104690E+02
   0.186700E+03   0.523351E+04   0.104769E+02   0.123088E+04   0.104690E+02
   0.186800E+03   0.523351E+04   0.104769E+02   0.123088E+04   0.104690E+02
   0.186900E+03   0.523351E+04   0.104769E+02   0.123088E+04   0.104690E+02
   0.187000E+03   0.523351E+04   0.104769E+02   0.123088E+04   0.104690E+02
   0.187100E+03   0.523351E+04   0.104769E+02   0.123088E+04   0.104690E+02
   0.187200E+03   0.523351E+04   0.104769E+02   0.123088E+04   0.104690E+02
   0.187300E+03   0.523351E+04   0.104769E+02   0.123088E+04   0.104690E+02
   0.187400E+03   0.523351E+04   0.104769E+02   0.123088E+04   0.104690E+02
   0.187500E+03   0.523351E+04   0.104769E+02   0.123088E+04   0.104690E+02
   0.187600E+03   0.523351E+04   0.104769E+02   0.123088E+04   0.104690E+02
   0.187700E+03   0.523351E+04   0.104769E+02   0.123088E+04   0.104690E+02
   0.187800E+03   0.523351E+04   0.104769E+02   0.123088E+04   0.104690E+02
   0.187900E+03   0.523351E+04   0.104769E+02   0.123088E+04   0.104690E+02
   0.188000E+03   0.523351E+04   0.104769E+02   0.123088E+04   0.104690E+02
   0.188100E+03   0.523351E+04   0.104769E+02   0.123088E+04   0.104690E+02
   0.188200E+03   0.523351E+04   0.104769E+02   0.123088E+04   0.104690E+02
   0.188300E+03   0.523351E+04   0.104769E+02   0.123088E+04   0.104690E+02
   0.188400E+03   0.523351E+04   0.104769E+02   0.123088E+04   0.104690E+02
   0.188500E+03   0.523351E+04   0.104769E+02   0.123088E+04   0.104690E+02
   0.188600E+03   0.523351E+04   0.104769E+02   0.123088E+04   0.104690E+02
   0.188700E+03   0.523351E+04   0.104769E+02   0.123088E+04   0.104690E+02
   0.188800E+03   0.523351E+04   0.104769E+02   0.123088E+04   0.104690E+02
   0.188900E+03   0.523351E+04   0.104769E+02   0.123088E+04   0.104690E+02
   0.189000E+03   0.523351E+04   0.104769E+02   0.123088E+04   0.104690E+02
   0.189100E+03   0.523351E+04   0.104769E+02   0.123088E+04   0.104690E+02
   0.189200E+03   0.523351E+04   0.104769E+02   0.123088E+04   0.104690E+02
   0.189300E+03   0.523351E+04   0.104769E+02   0.123088E+04   0.104690E+02
   0.189400E+03   0.523351E+04   0.104769E+02   0.123088E+04   0.104690E+02
   0.189500E+03   0.523351E+04   0.104769E+02   0.123088E+04   0.104690E+02
   0.189600E+03   0.523351E+04   0.104769E+02   0.123088E+04   0.104690E+02
   0.189700E+03   0.523351E+04   0.104769E+02   0.123088E+04   0.104690E+02
   0.189800E+03   0.523351E+04   0.104769E+02   0.123088E+04   0.104690E+02
   0.189900E+03   0.523351E+04   0.104769E+02   0.123088E+04   0.104690E+02
   0.190000E+03   0.523351E+04   0.104769E+02   0.123088E+04   0.104690E+02
   0.190100E+03   0.523351E+04   0.104769E+02   0.123088E+04   0.104690E+02
   0.190200E+03   0.523351E+04   0.104769E+02   0.123088E+04   0.104690E+02
   0.190300E+03   0.523351E+04   0.104769E+02   0.123088E+04   0.104690E+02
   0.190400E+03   0.523351E+04   0.104769E+02   0.123088E+04   0.104690E+02
   0.190500E+03   0.523351E+04   0.104769E+02   0.123088E+04   0.104690E+02
   0.190600E+03   0.523351E+04   0.104769E+02   0.123088E+04   0.104690E+02
   0.190700E+03   0.523351E+04   0.104769E+02   0.123088E+04   0.104690E+02
   0.190800E+03   0.523351E+04   0.104769E+02   0.123088E+04   0.104690E+02
   0.190900E+03   0.523351E+04   0.104769E+02   0.123088E+04   0.104690E+02
   0.191000E+03   0.523351E+04   0.104769E+02   0.123088E+04   0.104690E+02
   0.191100E+03   0.523351E+04   0.104769E+02   0.123088E+04   0.104690E+02
   0.191200E+03   0.523351E+04   0.104769E+02   0.123088E+04   0.104690E+02
   0.191300E+03   0.523351E+04   0.104769E+02   0.123088E+04   0.104690E+02
   0.191400E+03   0.523351E+04   0.104769E+02   0.123088E+04   0.104690E+02
   0.191500E+03   0.523351E+04   0.104769E+02   0.123088E+04   0.104690E+02
   0.191600E+03   0.523351E+04   0.104769E+02   0.123088E+04   0.104690E+02
   0.191700E+03   0.523351E+04   0.104769E+02   0.123088E+04   0.104690E+02
   0.191800E+03   0.523351E+04   0.104769E+02   0.123088E+04   0.104690E+02
   0.191900E+03   0.523351E+04   0.104769E+02   0.123088E+04   0.104690E+02
   0.192000E+03   0.523351E+04   0.104769E+02   0.123088E+04   0.104690E+02
   0.192100E+03   0.523351E+04   0.104769E+02   0.123088E+04   0.104690E+02
   0.192200E+03   0.523351E+04   0.104769E+02   0.123088E+04   0.104690E+02
   0.192300E+03   0.523351E+04   0.104769E+02   0.123088E+04   0.104690E+02
   0.192400E+03   0.523351E+04   0.104769E+02   0.123088E+04   0.104690E+02
   0.192500E+03   0.523351E+04   0.104769E+02   0.123088E+04   0.104690E+02
   0.192600E+03   0.523351E+04   0.104769E+02   0.123088E+04   0.104690E+02
   0.192700E+03   0.523351E+04   0.104769E+02   0.123088E+04   0.104690E+02
   0.192800E+03   0.523351E+04   0.104769E+02   0.123088E+04   0.104690E+02
   0.192900E+03   0.523351E+04   0.104769E+02   0.123088E+04   0.104690E+02
   0.193000E+03   0.523351E+04   0.104769E+02   0.123088E+04   0.104690E+02
   0.193100E+03   0.523351E+04   0.104769E+02   0.123088E+04   0.104690E+02
   0.193200E+03   0.523351E+04   0.104769E+02   0.123088E+04   0.104690E+02
   0.193300E+03   0.523351E+04   0.104769E+02   0.123088E+04   0.104690E+02
   0.193400E+03   0.523351E+04   0.104769E+02   0.123088E+04   0.104690E+02
   0.193500E+03   0.523351E+04   0.104769E+02   0.123088E+04   0.104690E+02
   0.193600E+03   0.523351E+04   0.104769E+02   0.123088E+04   0.104690E+02
   0.193700E+03   0.523351E+04   0.104769E+02   0.123088E+04   0.104690E+02
   0.193800E+03   0.523351E+04   0.104769E+02   0.123088E+04   0.104690E+02
   0.193900E+03   0.523351E+04   0.104769E+02   0.123088E+04   0.104690E+02
   0.194000E+03   0.523351E+04   0.104769E+02   0.123088E+04   0.104690E+02
   0.194100E+03   0.523351E+04   0.104769E+02   0.123088E+04   0.104690E+02
   0.194200E+03   0.523351E+04   0.104769E+02   0.123088E+04   0.104690E+02
   0.194300E+03   0.523351E+04   0.104769E+02   0.123088E+04   0.104690E+02
   0.194400E+03   0.523351E+04   0.104769E+02   0.123088E+04   0.104690E+02
   0.194500E+03   0.523351E+04   0.104769E+02   0.123088E+04   0.104690E+02
   0.194600E+03   0.523351E+04   0.104769E+02   0.123088E+04   0.104690E+02
   0.194700E+03   0.523351E+04   0.104769E+02   0.123088E+04   0.104690E+02
   0.194800E+03   0.523351E+04   0.104769E+02   0.123088E+04   0.104690E+02
   0.194900E+03   0.523351E+04   0.104769E+02   0.123088E+04   0.104690E+02
   0.195000E+03   0.523351E+04   0.104769E+02   0.123088E+04   0.104690E+02
   0.195100E+03   0.523351E+04   0.104769E+02   0.123088E+04   0.104690E+02
   0.195200E+03   0.523351E+04   0.104769E+02   0.123088E+04   0.104690E+02
   0.195300E+03   0.523351E+04   0.104769E+02   0.123088E+04   0.104690E+02
   0.195400E+03   0.523351E+04   0.104769E+02   0.123088E+04   0.104690E+02
   0.195500E+03   0.523351E+04   0.104769E+02   0.123088E+04   0.104690E+02
   0.195600E+03   0.523351E+04   0.104769E+02   0.123088E+04   0.104690E+02
   0.195700E+03   0.523351E+04   0.104769E+02   0.123088E+04   0.104690E+02
   0.195800E+03   0.523351E+04   0.104769E+02   0.123088E+04   0.104690E+02
   0.195900E+03   0.523351E+04   0.104769E+02   0.123088E+04   0.104690E+02
   0.196000E+03   0.523351E+04   0.104769E+02   0.123088E+04   0.104690E+02
   0.196100E+03   0.523351E+04   0.104769E+02   0.123088E+04   0.104690E+02
   0.196200E+03   0.523351E+04   0.104769E+02   0.123088E+04   0.104690E+02
   0.196300E+03   0.523351E+04   0.104769E+02   0.123088E+04   0.104690E+02
   0.196400E+03   0.523351E+04   0.104769E+02   0.123088E+04   0.104690E+02
   0.196500E+03   0.523351E+04   0.104769E+02   0.123088E+04   0.104690E+02
   0.196600E+03   0.523351E+04   0.104769E+02   0.123088E+04   0.104690E+02
   0.196700E+03   0.523351E+04   0.104769E+02   0.123088E+04   0.104690E+02
   0.196800E+03   0.523351E+04   0.104769E+02   0.123088E+04   0.104690E+02
   0.196900E+03   0.523351E+04   0.104769E+02   0.123088E+04   0.104690E+02
   0.197000E+03   0.523351E+04   0.104769E+02   0.123088E+04   0.104690E+02
   0.197100E+03   0.523351E+04   0.104769E+02   0.123088E+04   0.104690E+02
   0.197200E+03   0.523351E+04   0.104769E+02   0.123088E+04   0.104690E+02
   0.197300E+03   0.523351E+04   0.104769E+02   0.123088E+04   0.104690E+02
   0.197400E+03   0.523351E+04   0.104769E+02   0.123088E+04   0.104690E+02
   0.197500E+03   0.523351E+04   0.104769E+02   0.123088E+04   0.104690E+02
   0.197600E+03   0.523351E+04   0.104769E+02   0.123088E+04   0.104690E+02
   0.197700E+03   0.523351E+04   0.104769E+02   0.123088E+04   0.104690E+02
   0.197800E+03   0.523351E+04   0.104769E+02   0.123088E+04   0.104690E+02
   0.197900E+03   0.523351E+04   0.104769E+02   0.123088E+04   0.104690E+02
   0.198000E+03   0.523351E+04   0.104769E+02   0.123088E+04   0.104690E+02
   0.198100E+03   0.523351E+04   0.104769E+02   0.123088E+04   0.104690E+02
   0.198200E+03   0.523351E+04   0.104769E+02   0.123088E+04   0.104690E+02
   0.198300E+03   0.523351E+04   0.104769E+02   0.123088E+04   0.104690E+02
   0.198400E+03   0.523351E+04   0.104769E+02   0.123088E+04   0.104690E+02
   0.198500E+03   0.523351E+04   0.104769E+02   0.123088E+04   0.104690E+02
   0.198600E+03   0.523351E+04   0.104769E+02   0.123088E+04   0.104690E+02
   0.198700E+03   0.523351E+04   0.104769E+02   0.123088E+04   0.104690E+02
   0.198800E+03   0.523351E+04   0.104769E+02   0.123088E+04   0.104690E+02
   0.198900E+03   0.523351E+04   0.104769E+02   0.123088E+04   0.104690E+02
   0.199000E+03   0.523351E+04   0.104769E+02   0.123088E+04   0.104690E+02
   0.199100E+03   0.523351E+04   0.104769E+02   0.123088E+04   0.104690E+02
   0.199200E+03   0.523351E+04   0.104769E+02   0.123088E+04   0.104690E+02
   0.199300E+03   0.523351E+04   0.104769E+02   0.123088E+04   0.104690E+02
   0.199400E+03   0.523351E+04   0.104769E+02   0.123088E+04   0.104690E+02
   0.199500E+03   0.523351E+04   0.104769E+02   0.123088E+04   0.104690E+02
   0.199600E+03   0.523351E+04   0.104769E+02   0.123088E+04   0.104690E+02
   0.199700E+03   0.523351E+04   0.104769E+02   0.123088E+04   0.104690E+02
   0.199800E+03   0.523351E+04   0.104769E+02   0.123088E+04   0.104690E+02
   0.199900E+03   0.523351E+04   0.104769E+02   0.123088E+04   0.104690E+02
